# File produced by Open Asset Import Library (http://www.assimp.sf.net)
# (assimp v5.3.0)

mtllib 4Story_Mat.mtl

# 4884 vertex positions
v -0.219323 1.091653 0.987296
v -0.219323 0.903155 0.987296
v -0.152954 0.933310 0.987296
v -0.152954 1.026289 0.987296
v -0.219323 0.542873 0.987296
v -0.219323 0.174728 0.987296
v -0.152954 0.232581 0.987296
v -0.152954 0.485020 0.987296
v 0.166179 0.542873 0.987296
v 0.094146 0.578902 0.987296
v -0.152954 0.578902 0.987296
v -0.219323 0.723014 0.987296
v -0.152954 0.759043 0.987296
v -0.152954 0.867127 0.987296
v -0.152954 0.759043 0.979458
v -0.152954 0.867127 0.979458
v 0.166179 0.903155 0.987296
v 0.094146 0.933310 0.987296
v 0.094146 0.232581 0.987296
v 0.094146 0.232581 0.979458
v -0.152954 0.232581 0.979458
v -0.152954 0.686986 0.987296
v -0.152954 0.578902 0.979458
v -0.152954 0.686986 0.979458
v 0.094146 0.686986 0.987296
v 0.166179 0.723014 0.987296
v 0.094146 0.578902 0.979458
v 0.094146 0.759043 0.987296
v 0.094146 0.759043 0.979458
v 0.094146 0.485020 0.987296
v 0.094146 0.867127 0.987296
v -0.152954 1.026289 0.979458
v 0.094146 1.026289 0.979458
v 0.094146 1.026289 0.987296
v -0.137647 0.677378 0.979458
v 0.078839 0.677378 0.979458
v 0.094146 0.686986 0.979458
v 0.094146 0.933310 0.979458
v 0.078839 0.941351 0.979458
v -0.137647 0.941351 0.979458
v -0.152954 0.933310 0.979458
v -0.137647 1.018247 0.979458
v -0.137647 0.588509 0.979458
v -0.152954 0.485020 0.979458
v 0.166179 1.091653 0.987296
v 0.094146 0.485020 0.979458
v 0.094146 0.867127 0.979458
v 0.078839 0.588509 0.979458
v 0.078839 0.248009 0.979458
v 0.078839 0.248009 0.974855
v -0.137647 0.248009 0.974855
v -0.137647 0.248009 0.979458
v -0.137647 0.677378 0.974855
v 0.078839 0.677378 0.974855
v 0.078839 0.941351 0.974855
v -0.137647 0.941351 0.974855
v -0.137647 1.018247 0.974855
v -0.137647 0.768650 0.979458
v -0.137647 0.857519 0.979458
v 0.078839 0.768650 0.979458
v 0.078839 0.857519 0.979458
v -0.137647 0.469592 0.979458
v 0.078839 1.018247 0.979458
v 0.078839 0.469592 0.979458
v 0.078839 0.588509 0.974855
v -0.137647 0.588509 0.974855
v -0.137647 0.768650 0.974855
v -0.137647 0.857519 0.974855
v 0.078839 0.768650 0.974855
v 0.078839 0.857519 0.974855
v -0.137647 0.469592 0.974855
v 0.078839 1.018247 0.974855
v 0.078839 0.469592 0.974855
v 0.166179 1.091653 0.944358
v -0.219323 1.091653 0.944358
v -0.219323 0.542873 0.944359
v -0.219323 0.174728 0.944359
v -0.219323 0.723014 0.944358
v -0.219323 0.903155 0.944358
v 0.166179 0.174728 0.944359
v 0.166179 0.174728 0.987296
v 0.166179 0.542873 0.944359
v 0.166179 0.723014 0.944358
v 0.166179 0.903155 0.944358
v 0.172303 1.091653 0.987296
v 0.172303 0.903155 0.987296
v 0.244336 0.933310 0.987296
v 0.244336 1.026289 0.987296
v 0.172303 0.542873 0.987296
v 0.172303 0.174728 0.987296
v 0.244336 0.232581 0.987296
v 0.244336 0.485020 0.987296
v 0.557805 0.542873 0.987296
v 0.491436 0.578902 0.987296
v 0.244336 0.578902 0.987296
v 0.172303 0.723014 0.987296
v 0.244336 0.759043 0.987296
v 0.244336 0.867127 0.987296
v 0.244336 0.759043 0.979458
v 0.244336 0.867127 0.979458
v 0.557805 0.903155 0.987296
v 0.491436 0.933310 0.987296
v 0.491435 0.232581 0.987296
v 0.491435 0.232581 0.979458
v 0.244336 0.232581 0.979458
v 0.244336 0.686986 0.987296
v 0.244336 0.578902 0.979458
v 0.244336 0.686986 0.979458
v 0.491436 0.686986 0.987296
v 0.557805 0.723014 0.987296
v 0.491436 0.578902 0.979458
v 0.491436 0.759043 0.987296
v 0.491436 0.759043 0.979458
v 0.491435 0.485020 0.987296
v 0.491436 0.867127 0.987296
v 0.244336 1.026289 0.979458
v 0.491435 1.026289 0.979458
v 0.491435 1.026289 0.987296
v 0.259643 0.677378 0.979458
v 0.476129 0.677378 0.979458
v 0.491436 0.686986 0.979458
v 0.491436 0.933310 0.979458
v 0.476129 0.941351 0.979458
v 0.259643 0.941351 0.979458
v 0.244336 0.933310 0.979458
v 0.259643 1.018247 0.979458
v 0.259643 0.588509 0.979458
v 0.244336 0.485020 0.979458
v 0.557805 1.091653 0.987296
v 0.491435 0.485020 0.979458
v 0.491436 0.867127 0.979458
v 0.476129 0.588509 0.979458
v 0.476129 0.248009 0.979458
v 0.476129 0.248009 0.974855
v 0.259643 0.248009 0.974855
v 0.259643 0.248009 0.979458
v 0.259643 0.677378 0.974855
v 0.476129 0.677378 0.974855
v 0.476129 0.941351 0.974855
v 0.259643 0.941351 0.974855
v 0.259643 1.018247 0.974855
v 0.259643 0.768650 0.979458
v 0.259643 0.857519 0.979458
v 0.476129 0.768650 0.979458
v 0.476129 0.857519 0.979458
v 0.259642 0.469592 0.979458
v 0.476129 1.018247 0.979458
v 0.476129 0.469592 0.979458
v 0.476129 0.588509 0.974855
v 0.259643 0.588509 0.974855
v 0.259643 0.768650 0.974855
v 0.259643 0.857519 0.974855
v 0.476129 0.768650 0.974855
v 0.476129 0.857519 0.974855
v 0.259642 0.469592 0.974855
v 0.476129 1.018247 0.974855
v 0.476129 0.469592 0.974855
v 0.557805 1.091653 0.944358
v 0.172303 1.091653 0.944358
v 0.172303 0.542873 0.944359
v 0.172303 0.174728 0.944359
v 0.172303 0.723014 0.944358
v 0.172303 0.903155 0.944358
v 0.557805 0.174728 0.944359
v 0.557805 0.174728 0.987296
v 0.557805 0.542873 0.944359
v 0.557805 0.723014 0.944358
v 0.557805 0.903155 0.944358
v -0.156548 1.118938 0.906934
v -0.220440 1.118938 0.906934
v -0.226644 1.118938 1.026923
v -0.166309 1.118938 1.026923
v 0.513907 1.118938 0.906934
v 0.523668 1.118938 1.026923
v 0.584003 1.118938 1.026923
v 0.577799 1.118938 0.906934
v -0.551732 0.726373 1.018398
v -0.551732 0.741853 1.018398
v -0.667480 0.741853 1.018398
v -0.667480 0.726373 1.018398
v -0.551732 0.741853 1.003754
v -0.667480 0.741853 1.003754
v -0.538912 0.741853 1.018398
v -0.538912 0.848183 1.018398
v -0.551732 0.846842 1.018398
v -0.667480 0.726373 1.003754
v -0.551732 0.726373 1.003754
v -0.526092 0.542058 1.003754
v -0.526092 0.726373 1.003754
v -0.526092 0.726373 1.018398
v -0.526092 0.542058 1.018398
v -0.538912 0.726373 1.018398
v -0.551732 0.542058 1.018398
v -0.551732 0.542058 1.003754
v -0.538912 0.542058 1.018398
v -0.551732 0.846842 1.003754
v -0.410345 0.726373 1.018398
v -0.410345 0.741853 1.018398
v -0.526092 0.741853 1.018398
v -0.410345 0.741853 1.003754
v -0.526092 0.741853 1.003754
v -0.526092 0.846842 1.018398
v -0.410345 0.726373 1.003754
v -0.526092 0.846842 1.003754
v -0.662700 0.834092 1.023237
v -0.690279 0.854043 1.023237
v -0.690279 0.753371 1.023237
v -0.662700 0.742533 1.023237
v -0.551256 0.548613 1.023237
v -0.662700 0.548613 1.023237
v -0.690279 0.520028 1.023237
v -0.567744 0.520028 1.023237
v -0.551256 0.846029 1.023237
v -0.567744 0.867167 1.023237
v -0.662700 0.727272 1.023237
v -0.690279 0.736591 1.023237
v -0.538912 0.548613 1.023237
v -0.538912 0.520028 1.023237
v -0.538912 0.847351 1.023237
v -0.538912 0.868621 1.023237
v -0.567744 0.867167 0.966803
v -0.690279 0.854043 0.966803
v -0.690279 0.736591 0.966803
v -0.690279 0.520028 0.966803
v -0.690279 0.753371 0.966803
v -0.567744 0.520028 0.966803
v -0.538912 0.520028 0.966803
v -0.538912 0.868621 0.966803
v -0.662700 0.742533 1.004073
v -0.662700 0.834092 1.004073
v -0.551256 0.548613 1.004074
v -0.662700 0.548613 1.004074
v -0.551256 0.846029 1.004073
v -0.662700 0.727272 1.004073
v -0.538912 0.548613 1.004074
v -0.538912 0.847351 1.004073
v -0.415125 0.834092 1.023237
v -0.415125 0.742533 1.023237
v -0.387546 0.753371 1.023237
v -0.387546 0.854043 1.023237
v -0.526569 0.548613 1.023237
v -0.510081 0.520028 1.023237
v -0.387546 0.520028 1.023237
v -0.415125 0.548613 1.023237
v -0.510081 0.867167 1.023237
v -0.526569 0.846029 1.023237
v -0.415125 0.727272 1.023237
v -0.387546 0.736591 1.023237
v -0.387546 0.854043 0.966803
v -0.510081 0.867167 0.966803
v -0.387546 0.520028 0.966803
v -0.387546 0.736591 0.966803
v -0.387546 0.753371 0.966803
v -0.510081 0.520028 0.966803
v -0.415125 0.834092 1.004073
v -0.415125 0.742533 1.004073
v -0.415125 0.548613 1.004074
v -0.526569 0.548613 1.004074
v -0.526569 0.846029 1.004073
v -0.415125 0.727272 1.004073
v -0.662700 4.366454 1.023237
v -0.690279 4.386404 1.023237
v -0.690279 4.285732 1.023237
v -0.662700 4.274893 1.023237
v -0.551256 3.970815 1.023237
v -0.662700 3.970815 1.023237
v -0.690279 3.936146 1.023237
v -0.567744 3.936146 1.023237
v -0.551256 4.378391 1.023237
v -0.567744 4.399528 1.023237
v -0.662700 4.091368 1.023237
v -0.690279 4.083941 1.023237
v -0.690279 4.066693 1.023237
v -0.662700 4.075681 1.023237
v -0.690279 4.268952 1.023237
v -0.662700 4.259633 1.023237
v -0.538912 3.970815 1.023237
v -0.538912 3.936146 1.023237
v -0.538912 4.379713 1.023237
v -0.538912 4.400982 1.023237
v -0.567744 4.399528 0.966802
v -0.690279 4.386404 0.966802
v -0.690279 4.083941 0.966802
v -0.690279 4.066693 0.966802
v -0.690279 4.285732 0.966802
v -0.690279 4.268952 0.966802
v -0.567744 3.936146 0.966802
v -0.538912 3.936146 0.966802
v -0.690279 3.936146 0.966802
v -0.538912 4.400982 0.966802
v -0.662700 4.274893 1.004073
v -0.662700 4.366454 1.004073
v -0.551256 3.970815 1.004073
v -0.662700 3.970815 1.004073
v -0.551256 4.378391 1.004073
v -0.662700 4.075681 1.004073
v -0.662700 4.091368 1.004073
v -0.662700 4.259633 1.004073
v -0.538912 3.970815 1.004073
v -0.538912 4.379713 1.004073
v -0.415125 4.366454 1.023237
v -0.415125 4.274893 1.023237
v -0.387546 4.285732 1.023237
v -0.387546 4.386404 1.023237
v -0.526569 3.970815 1.023237
v -0.510081 3.936146 1.023237
v -0.387546 3.936146 1.023237
v -0.415125 3.970815 1.023237
v -0.510081 4.399528 1.023237
v -0.526569 4.378391 1.023237
v -0.415125 4.091368 1.023237
v -0.415125 4.075681 1.023237
v -0.387546 4.066693 1.023237
v -0.387546 4.083941 1.023237
v -0.415125 4.259633 1.023237
v -0.387546 4.268952 1.023237
v -0.387546 4.386404 0.966802
v -0.510081 4.399528 0.966802
v -0.387546 4.066693 0.966802
v -0.387546 4.083941 0.966802
v -0.387546 4.268952 0.966802
v -0.387546 4.285732 0.966802
v -0.510081 3.936146 0.966802
v -0.387546 3.936146 0.966802
v -0.415125 4.366454 1.004073
v -0.415125 4.274893 1.004073
v -0.415125 3.970815 1.004073
v -0.526569 3.970815 1.004073
v -0.526569 4.378391 1.004073
v -0.415125 4.091368 1.004073
v -0.415125 4.075681 1.004073
v -0.415125 4.259633 1.004073
v -0.551732 4.260474 1.018342
v -0.551732 4.275955 1.018342
v -0.667480 4.275955 1.018342
v -0.667480 4.260474 1.018342
v -0.551732 3.953293 1.018342
v -0.551732 4.073870 1.018342
v -0.551732 4.073870 1.003699
v -0.551732 3.953293 1.003699
v -0.551732 4.275955 1.003699
v -0.667480 4.275955 1.003699
v -0.538912 4.275955 1.018342
v -0.538912 4.382285 1.018342
v -0.551732 4.380943 1.018342
v -0.667480 4.260474 1.003699
v -0.551732 4.260474 1.003699
v -0.667480 4.073870 1.018342
v -0.667480 4.073870 1.003699
v -0.538912 4.089782 1.018342
v -0.538912 4.260474 1.018342
v -0.551732 4.089782 1.018342
v -0.667480 4.089782 1.018342
v -0.551732 4.089782 1.003699
v -0.667480 4.089782 1.003699
v -0.538912 4.073870 1.018342
v -0.551732 4.380943 1.003699
v -0.538912 3.953293 1.018342
v -0.526092 4.260474 1.018342
v -0.410345 4.260474 1.018342
v -0.410345 4.275955 1.018342
v -0.526092 4.275955 1.018342
v -0.526092 3.953293 1.018342
v -0.526092 3.953293 1.003699
v -0.526092 4.073870 1.003699
v -0.526092 4.073870 1.018342
v -0.410345 4.275955 1.003699
v -0.526092 4.275955 1.003699
v -0.526092 4.380943 1.018342
v -0.526092 4.260474 1.003699
v -0.410345 4.260474 1.003699
v -0.410345 4.073870 1.003699
v -0.410345 4.073870 1.018342
v -0.526092 4.089782 1.018342
v -0.410345 4.089782 1.018342
v -0.410345 4.089782 1.003699
v -0.526092 4.089782 1.003699
v -0.526092 4.380943 1.003699
v 0.909091 0.726372 1.018398
v 1.024839 0.726372 1.018398
v 1.024839 0.741853 1.018398
v 0.909091 0.741853 1.018398
v 1.024839 0.741853 1.003754
v 0.909091 0.741853 1.003754
v 0.896271 0.741853 1.018398
v 0.909091 0.846842 1.018398
v 0.896271 0.848183 1.018398
v 0.909091 0.726372 1.003754
v 1.024839 0.726372 1.003754
v 0.883451 0.542058 1.003754
v 0.883451 0.542058 1.018398
v 0.883451 0.726372 1.018398
v 0.883451 0.726372 1.003754
v 0.896271 0.726372 1.018398
v 0.909091 0.542058 1.018398
v 0.909091 0.542058 1.003754
v 0.896271 0.542058 1.018398
v 0.909091 0.846842 1.003754
v 0.883451 0.741853 1.018398
v 0.767704 0.741853 1.018398
v 0.767704 0.726372 1.018398
v 0.883451 0.741853 1.003754
v 0.767704 0.741853 1.003754
v 0.883451 0.846842 1.018398
v 0.767704 0.726372 1.003754
v 0.883451 0.846842 1.003754
v 1.020059 0.834092 1.023237
v 1.020059 0.742533 1.023237
v 1.047638 0.753371 1.023237
v 1.047638 0.854043 1.023237
v 0.908615 0.548613 1.023237
v 0.925102 0.520028 1.023237
v 1.047638 0.520028 1.023237
v 1.020059 0.548613 1.023237
v 0.925103 0.867167 1.023237
v 0.908615 0.846029 1.023237
v 1.020059 0.727272 1.023237
v 1.047638 0.736591 1.023237
v 0.896271 0.548613 1.023237
v 0.896271 0.520028 1.023237
v 0.896271 0.868621 1.023237
v 0.896271 0.847351 1.023237
v 1.047638 0.854043 0.966803
v 0.925103 0.867167 0.966803
v 1.047638 0.520028 0.966803
v 1.047638 0.736591 0.966803
v 1.047638 0.753371 0.966803
v 0.896271 0.520028 0.966803
v 0.925102 0.520028 0.966803
v 0.896271 0.868621 0.966803
v 1.020059 0.834092 1.004073
v 1.020059 0.742533 1.004073
v 1.020059 0.548613 1.004074
v 0.908615 0.548613 1.004074
v 0.908615 0.846029 1.004073
v 1.020059 0.727272 1.004073
v 0.896271 0.548613 1.004074
v 0.896271 0.847351 1.004073
v 0.772484 0.834092 1.023237
v 0.744905 0.854043 1.023237
v 0.744905 0.753371 1.023237
v 0.772484 0.742533 1.023237
v 0.883928 0.548613 1.023237
v 0.772484 0.548613 1.023237
v 0.744905 0.520028 1.023237
v 0.867440 0.520028 1.023237
v 0.883928 0.846029 1.023237
v 0.867440 0.867167 1.023237
v 0.772484 0.727272 1.023237
v 0.744905 0.736591 1.023237
v 0.867440 0.867167 0.966803
v 0.744905 0.854043 0.966803
v 0.744905 0.736591 0.966803
v 0.744905 0.520028 0.966803
v 0.744905 0.753371 0.966803
v 0.867440 0.520028 0.966803
v 0.772484 0.742533 1.004073
v 0.772484 0.834092 1.004073
v 0.883928 0.548613 1.004074
v 0.772484 0.548613 1.004074
v 0.883928 0.846029 1.004073
v 0.772484 0.727272 1.004073
v 1.020059 4.366454 1.023237
v 1.020059 4.274893 1.023237
v 1.047638 4.285732 1.023237
v 1.047638 4.386404 1.023237
v 0.908615 3.970815 1.023237
v 0.925103 3.936146 1.023237
v 1.047638 3.936146 1.023237
v 1.020059 3.970815 1.023237
v 0.925103 4.399528 1.023237
v 0.908615 4.378391 1.023237
v 1.020059 4.091368 1.023237
v 1.020059 4.075681 1.023237
v 1.047638 4.066693 1.023237
v 1.047638 4.083941 1.023237
v 1.020059 4.259633 1.023237
v 1.047638 4.268952 1.023237
v 0.896271 3.970815 1.023237
v 0.896271 3.936146 1.023237
v 0.896271 4.400982 1.023237
v 0.896271 4.379713 1.023237
v 1.047638 4.386404 0.966802
v 0.925103 4.399528 0.966802
v 1.047638 4.066693 0.966802
v 1.047638 4.083941 0.966802
v 1.047638 4.268952 0.966802
v 1.047638 4.285732 0.966802
v 0.896271 3.936146 0.966802
v 0.925103 3.936146 0.966802
v 1.047638 3.936146 0.966802
v 0.896271 4.400982 0.966802
v 1.020059 4.366454 1.004073
v 1.020059 4.274893 1.004073
v 1.020059 3.970815 1.004073
v 0.908615 3.970815 1.004073
v 0.908615 4.378391 1.004073
v 1.020059 4.091368 1.004073
v 1.020059 4.075681 1.004073
v 1.020059 4.259633 1.004073
v 0.896271 3.970815 1.004073
v 0.896271 4.379713 1.004073
v 0.772484 4.366454 1.023237
v 0.744905 4.386404 1.023237
v 0.744905 4.285732 1.023237
v 0.772484 4.274893 1.023237
v 0.883928 3.970815 1.023237
v 0.772484 3.970815 1.023237
v 0.744905 3.936146 1.023237
v 0.867440 3.936146 1.023237
v 0.883928 4.378391 1.023237
v 0.867440 4.399528 1.023237
v 0.772484 4.091368 1.023237
v 0.744905 4.083941 1.023237
v 0.744905 4.066693 1.023237
v 0.772484 4.075681 1.023237
v 0.744905 4.268952 1.023237
v 0.772484 4.259633 1.023237
v 0.867440 4.399528 0.966802
v 0.744905 4.386404 0.966802
v 0.744905 4.083941 0.966802
v 0.744905 4.066693 0.966802
v 0.744905 4.285732 0.966802
v 0.744905 4.268952 0.966802
v 0.867440 3.936146 0.966802
v 0.744905 3.936146 0.966802
v 0.772484 4.274893 1.004073
v 0.772484 4.366454 1.004073
v 0.883928 3.970815 1.004073
v 0.772484 3.970815 1.004073
v 0.883928 4.378391 1.004073
v 0.772484 4.075681 1.004073
v 0.772484 4.091368 1.004073
v 0.772484 4.259633 1.004073
v 0.909091 4.260474 1.018342
v 1.024839 4.260474 1.018342
v 1.024839 4.275955 1.018342
v 0.909091 4.275955 1.018342
v 0.909091 3.953293 1.018342
v 0.909091 3.953293 1.003699
v 0.909091 4.073870 1.003699
v 0.909091 4.073870 1.018342
v 1.024839 4.275955 1.003699
v 0.909091 4.275955 1.003699
v 0.896271 4.275955 1.018342
v 0.909091 4.380943 1.018342
v 0.896271 4.382285 1.018342
v 0.909091 4.260474 1.003699
v 1.024839 4.260474 1.003699
v 1.024839 4.073870 1.003699
v 1.024839 4.073870 1.018342
v 0.896271 4.089782 1.018342
v 0.909091 4.089782 1.018342
v 0.896271 4.260474 1.018342
v 1.024839 4.089782 1.018342
v 1.024839 4.089782 1.003699
v 0.909091 4.089782 1.003699
v 0.896271 4.073870 1.018342
v 0.909091 4.380943 1.003699
v 0.896271 3.953293 1.018342
v 0.883451 4.260474 1.018342
v 0.883451 4.275955 1.018342
v 0.767704 4.275955 1.018342
v 0.767704 4.260474 1.018342
v 0.883451 3.953293 1.018342
v 0.883451 4.073870 1.018342
v 0.883451 4.073870 1.003699
v 0.883451 3.953293 1.003699
v 0.883451 4.275955 1.003699
v 0.767704 4.275955 1.003699
v 0.883451 4.380943 1.018342
v 0.767704 4.260474 1.003699
v 0.883451 4.260474 1.003699
v 0.767704 4.073870 1.018342
v 0.767704 4.073870 1.003699
v 0.883451 4.089782 1.018342
v 0.767704 4.089782 1.018342
v 0.883451 4.089782 1.003699
v 0.767704 4.089782 1.003699
v 0.883451 4.380943 1.003699
v 0.054799 4.366454 1.023237
v 0.027220 4.386404 1.023237
v 0.027220 4.285732 1.023237
v 0.054799 4.274893 1.023237
v 0.166243 3.970815 1.023237
v 0.054799 3.970815 1.023237
v 0.027220 3.936146 1.023237
v 0.149755 3.936146 1.023237
v 0.166243 4.378391 1.023237
v 0.149755 4.399528 1.023237
v 0.054799 4.091368 1.023237
v 0.027220 4.083941 1.023237
v 0.027220 4.066693 1.023237
v 0.054799 4.075681 1.023237
v 0.027220 4.268952 1.023237
v 0.054799 4.259633 1.023237
v 0.178586 3.970815 1.023237
v 0.178586 3.936146 1.023237
v 0.178586 4.379713 1.023237
v 0.178586 4.400982 1.023237
v 0.149755 4.399528 0.966802
v 0.027220 4.386404 0.966802
v 0.027220 4.083941 0.966802
v 0.027220 4.066693 0.966802
v 0.027220 4.285732 0.966802
v 0.027220 4.268952 0.966802
v 0.149755 3.936146 0.966802
v 0.178586 3.936146 0.966802
v 0.027220 3.936146 0.966802
v 0.178586 4.400982 0.966802
v 0.054799 4.274893 1.004073
v 0.054799 4.366454 1.004073
v 0.166243 3.970815 1.004073
v 0.054799 3.970815 1.004073
v 0.166243 4.378391 1.004073
v 0.054799 4.075681 1.004073
v 0.054799 4.091368 1.004073
v 0.054799 4.259633 1.004073
v 0.178586 3.970815 1.004073
v 0.178586 4.379713 1.004073
v 0.302374 4.366454 1.023237
v 0.302374 4.274893 1.023237
v 0.329953 4.285732 1.023237
v 0.329953 4.386404 1.023237
v 0.190930 3.970815 1.023237
v 0.207418 3.936146 1.023237
v 0.329953 3.936146 1.023237
v 0.302374 3.970815 1.023237
v 0.207418 4.399528 1.023237
v 0.190930 4.378391 1.023237
v 0.302374 4.091368 1.023237
v 0.302374 4.075681 1.023237
v 0.329953 4.066693 1.023237
v 0.329953 4.083941 1.023237
v 0.302374 4.259633 1.023237
v 0.329953 4.268952 1.023237
v 0.329953 4.386404 0.966802
v 0.207418 4.399528 0.966802
v 0.329953 4.066693 0.966802
v 0.329953 4.083941 0.966802
v 0.329953 4.268952 0.966802
v 0.329953 4.285732 0.966802
v 0.207418 3.936146 0.966802
v 0.329953 3.936146 0.966802
v 0.302374 4.366454 1.004073
v 0.302374 4.274893 1.004073
v 0.302374 3.970815 1.004073
v 0.190930 3.970815 1.004073
v 0.190930 4.378391 1.004073
v 0.302374 4.091368 1.004073
v 0.302374 4.075681 1.004073
v 0.302374 4.259633 1.004073
v 0.165767 4.260474 1.018342
v 0.165767 4.275955 1.018342
v 0.050019 4.275955 1.018342
v 0.050019 4.260474 1.018342
v 0.165767 3.953293 1.018342
v 0.165767 4.073870 1.018342
v 0.165767 4.073870 1.003699
v 0.165767 3.953293 1.003699
v 0.165767 4.275955 1.003699
v 0.050019 4.275955 1.003699
v 0.178586 4.275955 1.018342
v 0.178586 4.382285 1.018342
v 0.165767 4.380943 1.018342
v 0.050019 4.260474 1.003699
v 0.165767 4.260474 1.003699
v 0.050019 4.073870 1.018342
v 0.050019 4.073870 1.003699
v 0.178586 4.089782 1.018342
v 0.178586 4.260474 1.018342
v 0.165767 4.089782 1.018342
v 0.050019 4.089782 1.018342
v 0.165767 4.089782 1.003699
v 0.050019 4.089782 1.003699
v 0.178586 4.073870 1.018342
v 0.165767 4.380943 1.003699
v 0.178586 3.953293 1.018342
v 0.191406 4.260474 1.018342
v 0.307154 4.260474 1.018342
v 0.307154 4.275955 1.018342
v 0.191406 4.275955 1.018342
v 0.191406 3.953293 1.018342
v 0.191406 3.953293 1.003699
v 0.191406 4.073870 1.003699
v 0.191406 4.073870 1.018342
v 0.307154 4.275955 1.003699
v 0.191406 4.275955 1.003699
v 0.191406 4.380943 1.018342
v 0.191406 4.260474 1.003699
v 0.307154 4.260474 1.003699
v 0.307154 4.073870 1.003699
v 0.307154 4.073870 1.018342
v 0.191406 4.089782 1.018342
v 0.307154 4.089782 1.018342
v 0.307154 4.089782 1.003699
v 0.191406 4.089782 1.003699
v 0.191406 4.380943 1.003699
v 1.021289 3.188825 1.023237
v 1.021289 3.097265 1.023237
v 1.048868 3.108104 1.023237
v 1.048868 3.208775 1.023237
v 0.909844 2.793186 1.023237
v 0.926332 2.758517 1.023237
v 1.048868 2.758517 1.023237
v 1.021289 2.793186 1.023237
v 0.926332 3.221899 1.023237
v 0.909844 3.200762 1.023237
v 1.021289 2.913740 1.023237
v 1.021289 2.898053 1.023237
v 1.048868 2.889065 1.023237
v 1.048868 2.906312 1.023237
v 1.021289 3.082005 1.023237
v 1.048868 3.091324 1.023237
v 0.897501 2.793186 1.023237
v 0.897501 2.758517 1.023237
v 0.897501 3.223353 1.023237
v 0.897501 3.202084 1.023237
v 1.048868 3.208775 0.966802
v 0.926332 3.221899 0.966802
v 1.048868 2.889065 0.966802
v 1.048868 2.906312 0.966802
v 1.048868 3.091324 0.966802
v 1.048868 3.108104 0.966802
v 0.897501 2.758517 0.966802
v 0.926332 2.758517 0.966802
v 1.048868 2.758517 0.966802
v 0.897501 3.223353 0.966802
v 1.021289 3.188825 1.004073
v 1.021289 3.097265 1.004073
v 1.021289 2.793186 1.004073
v 0.909844 2.793186 1.004073
v 0.909844 3.200762 1.004073
v 1.021289 2.913740 1.004073
v 1.021289 2.898053 1.004073
v 1.021289 3.082005 1.004073
v 0.897501 2.793186 1.004073
v 0.897501 3.202084 1.004073
v 0.773714 3.188825 1.023237
v 0.746134 3.208775 1.023237
v 0.746134 3.108104 1.023237
v 0.773714 3.097265 1.023237
v 0.885158 2.793186 1.023237
v 0.773714 2.793186 1.023237
v 0.746134 2.758517 1.023237
v 0.868670 2.758517 1.023237
v 0.885158 3.200762 1.023237
v 0.868670 3.221899 1.023237
v 0.773714 2.913740 1.023237
v 0.746134 2.906312 1.023237
v 0.746134 2.889065 1.023237
v 0.773714 2.898053 1.023237
v 0.746134 3.091324 1.023237
v 0.773714 3.082005 1.023237
v 0.868670 3.221899 0.966802
v 0.746134 3.208775 0.966802
v 0.746134 2.906312 0.966802
v 0.746134 2.889065 0.966802
v 0.746134 3.108104 0.966802
v 0.746134 3.091324 0.966802
v 0.868670 2.758517 0.966802
v 0.746134 2.758517 0.966802
v 0.773714 3.097265 1.004073
v 0.773714 3.188825 1.004073
v 0.885158 2.793186 1.004073
v 0.773714 2.793186 1.004073
v 0.885158 3.200762 1.004073
v 0.773714 2.898053 1.004073
v 0.773714 2.913740 1.004073
v 0.773714 3.082005 1.004073
v 0.910321 3.082845 1.018342
v 1.026069 3.082845 1.018342
v 1.026069 3.098326 1.018342
v 0.910321 3.098326 1.018342
v 0.910321 2.775664 1.018343
v 0.910321 2.775664 1.003699
v 0.910321 2.896241 1.003699
v 0.910321 2.896241 1.018343
v 1.026069 3.098326 1.003699
v 0.910321 3.098326 1.003699
v 0.897501 3.098326 1.018342
v 0.910321 3.203315 1.018342
v 0.897501 3.204656 1.018342
v 0.910321 3.082845 1.003699
v 1.026069 3.082845 1.003699
v 1.026069 2.896241 1.003699
v 1.026069 2.896241 1.018343
v 0.897501 2.912154 1.018343
v 0.910321 2.912154 1.018343
v 0.897501 3.082845 1.018342
v 1.026069 2.912154 1.018343
v 1.026069 2.912154 1.003699
v 0.910321 2.912154 1.003699
v 0.897501 2.896241 1.018343
v 0.910321 3.203315 1.003699
v 0.897501 2.775664 1.018343
v 0.884681 3.082845 1.018342
v 0.884681 3.098326 1.018342
v 0.768933 3.098326 1.018342
v 0.768933 3.082845 1.018342
v 0.884681 2.775664 1.018343
v 0.884681 2.896241 1.018343
v 0.884681 2.896241 1.003699
v 0.884681 2.775664 1.003699
v 0.884681 3.098326 1.003699
v 0.768933 3.098326 1.003699
v 0.884681 3.203315 1.018342
v 0.768933 3.082845 1.003699
v 0.884681 3.082845 1.003699
v 0.768933 2.896241 1.018343
v 0.768933 2.896241 1.003699
v 0.884681 2.912154 1.018343
v 0.768933 2.912154 1.018343
v 0.884681 2.912154 1.003699
v 0.768933 2.912154 1.003699
v 0.884681 3.203315 1.003699
v -0.661470 3.188825 1.023237
v -0.689049 3.208775 1.023237
v -0.689049 3.108104 1.023237
v -0.661470 3.097265 1.023237
v -0.550026 2.793186 1.023237
v -0.661470 2.793186 1.023237
v -0.689049 2.758517 1.023237
v -0.566514 2.758517 1.023237
v -0.550026 3.200762 1.023237
v -0.566514 3.221899 1.023237
v -0.661470 2.913740 1.023237
v -0.689049 2.906312 1.023237
v -0.689049 2.889065 1.023237
v -0.661470 2.898053 1.023237
v -0.689049 3.091324 1.023237
v -0.661470 3.082005 1.023237
v -0.537683 2.793186 1.023237
v -0.537683 2.758517 1.023237
v -0.537683 3.202084 1.023237
v -0.537683 3.223353 1.023237
v -0.566514 3.221899 0.966802
v -0.689049 3.208775 0.966802
v -0.689049 2.906312 0.966802
v -0.689049 2.889065 0.966802
v -0.689049 3.108104 0.966802
v -0.689049 3.091324 0.966802
v -0.566514 2.758517 0.966802
v -0.537683 2.758517 0.966802
v -0.689049 2.758517 0.966802
v -0.537683 3.223353 0.966802
v -0.661470 3.097265 1.004073
v -0.661470 3.188825 1.004073
v -0.550026 2.793186 1.004073
v -0.661470 2.793186 1.004073
v -0.550026 3.200762 1.004073
v -0.661470 2.898053 1.004073
v -0.661470 2.913740 1.004073
v -0.661470 3.082005 1.004073
v -0.537683 2.793186 1.004073
v -0.537683 3.202084 1.004073
v -0.413895 3.188825 1.023237
v -0.413895 3.097265 1.023237
v -0.386316 3.108104 1.023237
v -0.386316 3.208775 1.023237
v -0.525339 2.793186 1.023237
v -0.508852 2.758517 1.023237
v -0.386316 2.758517 1.023237
v -0.413895 2.793186 1.023237
v -0.508851 3.221899 1.023237
v -0.525339 3.200762 1.023237
v -0.413895 2.913740 1.023237
v -0.413895 2.898053 1.023237
v -0.386316 2.889065 1.023237
v -0.386316 2.906312 1.023237
v -0.413895 3.082005 1.023237
v -0.386316 3.091324 1.023237
v -0.386316 3.208775 0.966802
v -0.508851 3.221899 0.966802
v -0.386316 2.889065 0.966802
v -0.386316 2.906312 0.966802
v -0.386316 3.091324 0.966802
v -0.386316 3.108104 0.966802
v -0.508852 2.758517 0.966802
v -0.386316 2.758517 0.966802
v -0.413895 3.188825 1.004073
v -0.413895 3.097265 1.004073
v -0.413895 2.793186 1.004073
v -0.525339 2.793186 1.004073
v -0.525339 3.200762 1.004073
v -0.413895 2.913740 1.004073
v -0.413895 2.898053 1.004073
v -0.413895 3.082005 1.004073
v -0.550503 3.082845 1.018342
v -0.550503 3.098326 1.018342
v -0.666250 3.098326 1.018342
v -0.666250 3.082845 1.018342
v -0.550503 2.775664 1.018343
v -0.550503 2.896241 1.018343
v -0.550503 2.896241 1.003699
v -0.550503 2.775664 1.003699
v -0.550503 3.098326 1.003699
v -0.666250 3.098326 1.003699
v -0.537683 3.098326 1.018342
v -0.537683 3.204656 1.018342
v -0.550503 3.203315 1.018342
v -0.666250 3.082845 1.003699
v -0.550503 3.082845 1.003699
v -0.666250 2.896241 1.018343
v -0.666250 2.896241 1.003699
v -0.537683 2.912154 1.018343
v -0.537683 3.082845 1.018342
v -0.550503 2.912154 1.018343
v -0.666250 2.912154 1.018343
v -0.550503 2.912154 1.003699
v -0.666250 2.912154 1.003699
v -0.537683 2.896241 1.018343
v -0.550503 3.203315 1.003699
v -0.537683 2.775664 1.018343
v -0.524863 3.082845 1.018342
v -0.409115 3.082845 1.018342
v -0.409115 3.098326 1.018342
v -0.524863 3.098326 1.018342
v -0.524863 2.775664 1.018343
v -0.524863 2.775664 1.003699
v -0.524863 2.896241 1.003699
v -0.524863 2.896241 1.018343
v -0.409115 3.098326 1.003699
v -0.524863 3.098326 1.003699
v -0.524863 3.203315 1.018342
v -0.524863 3.082845 1.003699
v -0.409115 3.082845 1.003699
v -0.409115 2.896241 1.003699
v -0.409115 2.896241 1.018343
v -0.524863 2.912154 1.018343
v -0.409115 2.912154 1.018343
v -0.409115 2.912154 1.003699
v -0.524863 2.912154 1.003699
v -0.524863 3.203315 1.003699
v 0.303790 3.188825 1.023237
v 0.303790 3.097265 1.023237
v 0.331369 3.108104 1.023237
v 0.331369 3.208775 1.023237
v 0.192346 2.793186 1.023237
v 0.208834 2.758517 1.023237
v 0.331369 2.758517 1.023237
v 0.303790 2.793186 1.023237
v 0.208834 3.221899 1.023237
v 0.192346 3.200762 1.023237
v 0.303790 2.913740 1.023237
v 0.303790 2.898053 1.023237
v 0.331369 2.889065 1.023237
v 0.331369 2.906312 1.023237
v 0.303790 3.082005 1.023237
v 0.331369 3.091324 1.023237
v 0.180002 2.793186 1.023237
v 0.180002 2.758517 1.023237
v 0.180002 3.223353 1.023237
v 0.180002 3.202084 1.023237
v 0.331369 3.208775 0.966802
v 0.208834 3.221899 0.966802
v 0.331369 2.889065 0.966802
v 0.331369 2.906312 0.966802
v 0.331369 3.091324 0.966802
v 0.331369 3.108104 0.966802
v 0.180002 2.758517 0.966802
v 0.208834 2.758517 0.966802
v 0.331369 2.758517 0.966802
v 0.180002 3.223353 0.966802
v 0.303790 3.188825 1.004073
v 0.303790 3.097265 1.004073
v 0.303790 2.793186 1.004073
v 0.192346 2.793186 1.004073
v 0.192346 3.200762 1.004073
v 0.303790 2.913740 1.004073
v 0.303790 2.898053 1.004073
v 0.303790 3.082005 1.004073
v 0.180002 2.793186 1.004073
v 0.180002 3.202084 1.004073
v 0.056215 3.188825 1.023237
v 0.028636 3.208775 1.023237
v 0.028636 3.108104 1.023237
v 0.056215 3.097265 1.023237
v 0.167659 2.793186 1.023237
v 0.056215 2.793186 1.023237
v 0.028636 2.758517 1.023237
v 0.151171 2.758517 1.023237
v 0.167659 3.200762 1.023237
v 0.151171 3.221899 1.023237
v 0.056215 2.913740 1.023237
v 0.028636 2.906312 1.023237
v 0.028636 2.889065 1.023237
v 0.056215 2.898053 1.023237
v 0.028636 3.091324 1.023237
v 0.056215 3.082005 1.023237
v 0.151171 3.221899 0.966802
v 0.028636 3.208775 0.966802
v 0.028636 2.906312 0.966802
v 0.028636 2.889065 0.966802
v 0.028636 3.108104 0.966802
v 0.028636 3.091324 0.966802
v 0.151171 2.758517 0.966802
v 0.028636 2.758517 0.966802
v 0.056215 3.097265 1.004073
v 0.056215 3.188825 1.004073
v 0.167659 2.793186 1.004073
v 0.056215 2.793186 1.004073
v 0.167659 3.200762 1.004073
v 0.056215 2.898053 1.004073
v 0.056215 2.913740 1.004073
v 0.056215 3.082005 1.004073
v 0.192822 3.082845 1.018342
v 0.308570 3.082845 1.018342
v 0.308570 3.098326 1.018342
v 0.192822 3.098326 1.018342
v 0.192822 2.775664 1.018343
v 0.192822 2.775664 1.003699
v 0.192822 2.896241 1.003699
v 0.192822 2.896241 1.018343
v 0.308570 3.098326 1.003699
v 0.192822 3.098326 1.003699
v 0.180002 3.098326 1.018342
v 0.192822 3.203315 1.018342
v 0.180002 3.204656 1.018342
v 0.192822 3.082845 1.003699
v 0.308570 3.082845 1.003699
v 0.308570 2.896241 1.003699
v 0.308570 2.896241 1.018343
v 0.180002 2.912154 1.018343
v 0.192822 2.912154 1.018343
v 0.180002 3.082845 1.018342
v 0.308570 2.912154 1.018343
v 0.308570 2.912154 1.003699
v 0.192822 2.912154 1.003699
v 0.180002 2.896241 1.018343
v 0.192822 3.203315 1.003699
v 0.180002 2.775664 1.018343
v 0.167182 3.082845 1.018342
v 0.167182 3.098326 1.018342
v 0.051435 3.098326 1.018342
v 0.051435 3.082845 1.018342
v 0.167182 2.775664 1.018343
v 0.167182 2.896241 1.018343
v 0.167182 2.896241 1.003699
v 0.167182 2.775664 1.003699
v 0.167182 3.098326 1.003699
v 0.051435 3.098326 1.003699
v 0.167182 3.203315 1.018342
v 0.051435 3.082845 1.003699
v 0.167182 3.082845 1.003699
v 0.051435 2.896241 1.018343
v 0.051435 2.896241 1.003699
v 0.167182 2.912154 1.018343
v 0.051435 2.912154 1.018343
v 0.167182 2.912154 1.003699
v 0.051435 2.912154 1.003699
v 0.167182 3.203315 1.003699
v 1.021289 2.014998 1.023237
v 1.021289 1.923438 1.023237
v 1.048868 1.934276 1.023237
v 1.048868 2.034948 1.023237
v 0.909844 1.619359 1.023237
v 0.926332 1.584690 1.023237
v 1.048868 1.584690 1.023237
v 1.021289 1.619359 1.023237
v 0.926332 2.048072 1.023237
v 0.909844 2.026935 1.023237
v 1.021289 1.739912 1.023237
v 1.021289 1.724226 1.023237
v 1.048868 1.715237 1.023237
v 1.048868 1.732485 1.023237
v 1.021289 1.908177 1.023237
v 1.048868 1.917496 1.023237
v 0.897501 1.619359 1.023237
v 0.897501 1.584690 1.023237
v 0.897501 2.049526 1.023237
v 0.897501 2.028257 1.023237
v 1.048868 2.034948 0.966803
v 0.926332 2.048072 0.966803
v 1.048868 1.715237 0.966803
v 1.048868 1.732485 0.966803
v 1.048868 1.917496 0.966803
v 1.048868 1.934276 0.966803
v 0.897501 1.584690 0.966803
v 0.926332 1.584690 0.966803
v 1.048868 1.584690 0.966803
v 0.897501 2.049526 0.966803
v 1.021289 2.014998 1.004073
v 1.021289 1.923438 1.004073
v 1.021289 1.619359 1.004073
v 0.909844 1.619359 1.004073
v 0.909844 2.026935 1.004073
v 1.021289 1.739912 1.004073
v 1.021289 1.724226 1.004073
v 1.021289 1.908177 1.004073
v 0.897501 1.619359 1.004073
v 0.897501 2.028257 1.004073
v 0.773714 2.014998 1.023237
v 0.746134 2.034948 1.023237
v 0.746134 1.934276 1.023237
v 0.773714 1.923438 1.023237
v 0.885158 1.619359 1.023237
v 0.773714 1.619359 1.023237
v 0.746134 1.584690 1.023237
v 0.868670 1.584690 1.023237
v 0.885158 2.026935 1.023237
v 0.868670 2.048072 1.023237
v 0.773714 1.739912 1.023237
v 0.746134 1.732485 1.023237
v 0.746134 1.715237 1.023237
v 0.773714 1.724226 1.023237
v 0.746134 1.917496 1.023237
v 0.773714 1.908177 1.023237
v 0.868670 2.048072 0.966803
v 0.746134 2.034948 0.966803
v 0.746134 1.732485 0.966803
v 0.746134 1.715237 0.966803
v 0.746134 1.934276 0.966803
v 0.746134 1.917496 0.966803
v 0.868670 1.584690 0.966803
v 0.746134 1.584690 0.966803
v 0.773714 1.923438 1.004073
v 0.773714 2.014998 1.004073
v 0.885158 1.619359 1.004073
v 0.773714 1.619359 1.004073
v 0.885158 2.026935 1.004073
v 0.773714 1.724226 1.004073
v 0.773714 1.739912 1.004073
v 0.773714 1.908177 1.004073
v 0.910321 1.909018 1.018343
v 1.026069 1.909018 1.018343
v 1.026069 1.924499 1.018343
v 0.910321 1.924499 1.018343
v 0.910321 1.601837 1.018343
v 0.910321 1.601837 1.003699
v 0.910321 1.722414 1.003699
v 0.910321 1.722414 1.018343
v 1.026069 1.924499 1.003699
v 0.910321 1.924499 1.003699
v 0.897501 1.924499 1.018343
v 0.910321 2.029487 1.018343
v 0.897501 2.030829 1.018343
v 0.910321 1.909018 1.003699
v 1.026069 1.909018 1.003699
v 1.026069 1.722414 1.003699
v 1.026069 1.722414 1.018343
v 0.897501 1.738326 1.018343
v 0.910321 1.738326 1.018343
v 0.897501 1.909018 1.018343
v 1.026069 1.738326 1.018343
v 1.026069 1.738326 1.003699
v 0.910321 1.738326 1.003699
v 0.897501 1.722414 1.018343
v 0.910321 2.029487 1.003699
v 0.897501 1.601837 1.018343
v 0.884681 1.909018 1.018343
v 0.884681 1.924499 1.018343
v 0.768933 1.924499 1.018343
v 0.768933 1.909018 1.018343
v 0.884681 1.601837 1.018343
v 0.884681 1.722414 1.018343
v 0.884681 1.722414 1.003699
v 0.884681 1.601837 1.003699
v 0.884681 1.924499 1.003699
v 0.768933 1.924499 1.003699
v 0.884681 2.029487 1.018343
v 0.768933 1.909018 1.003699
v 0.884681 1.909018 1.003699
v 0.768933 1.722414 1.018343
v 0.768933 1.722414 1.003699
v 0.884681 1.738326 1.018343
v 0.768933 1.738326 1.018343
v 0.884681 1.738326 1.003699
v 0.768933 1.738326 1.003699
v 0.884681 2.029487 1.003699
v -0.661470 2.014998 1.023237
v -0.689049 2.034948 1.023237
v -0.689049 1.934276 1.023237
v -0.661470 1.923438 1.023237
v -0.550026 1.619359 1.023237
v -0.661470 1.619359 1.023237
v -0.689049 1.584690 1.023237
v -0.566514 1.584690 1.023237
v -0.550026 2.026935 1.023237
v -0.566514 2.048072 1.023237
v -0.661470 1.739912 1.023237
v -0.689049 1.732485 1.023237
v -0.689049 1.715237 1.023237
v -0.661470 1.724226 1.023237
v -0.689049 1.917496 1.023237
v -0.661470 1.908177 1.023237
v -0.537683 1.619359 1.023237
v -0.537683 1.584690 1.023237
v -0.537683 2.028257 1.023237
v -0.537683 2.049526 1.023237
v -0.566514 2.048072 0.966803
v -0.689049 2.034948 0.966803
v -0.689049 1.732485 0.966803
v -0.689049 1.715237 0.966803
v -0.689049 1.934276 0.966803
v -0.689049 1.917496 0.966803
v -0.566514 1.584690 0.966803
v -0.537683 1.584690 0.966803
v -0.689049 1.584690 0.966803
v -0.537683 2.049526 0.966803
v -0.661470 1.923438 1.004073
v -0.661470 2.014998 1.004073
v -0.550026 1.619359 1.004073
v -0.661470 1.619359 1.004073
v -0.550026 2.026935 1.004073
v -0.661470 1.724226 1.004073
v -0.661470 1.739912 1.004073
v -0.661470 1.908177 1.004073
v -0.537683 1.619359 1.004073
v -0.537683 2.028257 1.004073
v -0.413895 2.014998 1.023237
v -0.413895 1.923438 1.023237
v -0.386316 1.934276 1.023237
v -0.386316 2.034948 1.023237
v -0.525339 1.619359 1.023237
v -0.508851 1.584690 1.023237
v -0.386316 1.584690 1.023237
v -0.413895 1.619359 1.023237
v -0.508851 2.048072 1.023237
v -0.525339 2.026935 1.023237
v -0.413895 1.739912 1.023237
v -0.413895 1.724226 1.023237
v -0.386316 1.715237 1.023237
v -0.386316 1.732485 1.023237
v -0.413895 1.908177 1.023237
v -0.386316 1.917496 1.023237
v -0.386316 2.034948 0.966803
v -0.508851 2.048072 0.966803
v -0.386316 1.715237 0.966803
v -0.386316 1.732485 0.966803
v -0.386316 1.917496 0.966803
v -0.386316 1.934276 0.966803
v -0.508851 1.584690 0.966803
v -0.386316 1.584690 0.966803
v -0.413895 2.014998 1.004073
v -0.413895 1.923438 1.004073
v -0.413895 1.619359 1.004073
v -0.525339 1.619359 1.004073
v -0.525339 2.026935 1.004073
v -0.413895 1.739912 1.004073
v -0.413895 1.724226 1.004073
v -0.413895 1.908177 1.004073
v -0.550503 1.909018 1.018343
v -0.550503 1.924499 1.018343
v -0.666250 1.924499 1.018343
v -0.666250 1.909018 1.018343
v -0.550503 1.601837 1.018343
v -0.550503 1.722414 1.018343
v -0.550503 1.722414 1.003699
v -0.550503 1.601837 1.003699
v -0.550503 1.924499 1.003699
v -0.666250 1.924499 1.003699
v -0.537683 1.924499 1.018343
v -0.537683 2.030829 1.018343
v -0.550503 2.029487 1.018343
v -0.666250 1.909018 1.003699
v -0.550503 1.909018 1.003699
v -0.666250 1.722414 1.018343
v -0.666250 1.722414 1.003699
v -0.537683 1.738326 1.018343
v -0.537683 1.909018 1.018343
v -0.550503 1.738326 1.018343
v -0.666250 1.738326 1.018343
v -0.550503 1.738326 1.003699
v -0.666250 1.738326 1.003699
v -0.537683 1.722414 1.018343
v -0.550503 2.029487 1.003699
v -0.537683 1.601837 1.018343
v -0.524863 1.909018 1.018343
v -0.409115 1.909018 1.018343
v -0.409115 1.924499 1.018343
v -0.524863 1.924499 1.018343
v -0.524863 1.601837 1.018343
v -0.524863 1.601837 1.003699
v -0.524863 1.722414 1.003699
v -0.524863 1.722414 1.018343
v -0.409115 1.924499 1.003699
v -0.524863 1.924499 1.003699
v -0.524863 2.029487 1.018343
v -0.524863 1.909018 1.003699
v -0.409115 1.909018 1.003699
v -0.409115 1.722414 1.003699
v -0.409115 1.722414 1.018343
v -0.524863 1.738326 1.018343
v -0.409115 1.738326 1.018343
v -0.409115 1.738326 1.003699
v -0.524863 1.738326 1.003699
v -0.524863 2.029487 1.003699
v 0.303790 2.014998 1.023237
v 0.303790 1.923438 1.023237
v 0.331369 1.934276 1.023237
v 0.331369 2.034948 1.023237
v 0.192346 1.619359 1.023237
v 0.208834 1.584690 1.023237
v 0.331369 1.584690 1.023237
v 0.303790 1.619359 1.023237
v 0.208834 2.048072 1.023237
v 0.192346 2.026935 1.023237
v 0.303790 1.739912 1.023237
v 0.303790 1.724226 1.023237
v 0.331369 1.715237 1.023237
v 0.331369 1.732485 1.023237
v 0.303790 1.908177 1.023237
v 0.331369 1.917496 1.023237
v 0.180002 1.619359 1.023237
v 0.180002 1.584690 1.023237
v 0.180002 2.049526 1.023237
v 0.180002 2.028257 1.023237
v 0.331369 2.034948 0.966803
v 0.208834 2.048072 0.966803
v 0.331369 1.715237 0.966803
v 0.331369 1.732485 0.966803
v 0.331369 1.917496 0.966803
v 0.331369 1.934276 0.966803
v 0.180002 1.584690 0.966803
v 0.208834 1.584690 0.966803
v 0.331369 1.584690 0.966803
v 0.180002 2.049526 0.966803
v 0.303790 2.014998 1.004073
v 0.303790 1.923438 1.004073
v 0.303790 1.619359 1.004073
v 0.192346 1.619359 1.004073
v 0.192346 2.026935 1.004073
v 0.303790 1.739912 1.004073
v 0.303790 1.724226 1.004073
v 0.303790 1.908177 1.004073
v 0.180002 1.619359 1.004073
v 0.180002 2.028257 1.004073
v 0.056215 2.014998 1.023237
v 0.028636 2.034948 1.023237
v 0.028636 1.934276 1.023237
v 0.056215 1.923438 1.023237
v 0.167659 1.619359 1.023237
v 0.056215 1.619359 1.023237
v 0.028636 1.584690 1.023237
v 0.151171 1.584690 1.023237
v 0.167659 2.026935 1.023237
v 0.151171 2.048072 1.023237
v 0.056215 1.739912 1.023237
v 0.028636 1.732485 1.023237
v 0.028636 1.715237 1.023237
v 0.056215 1.724226 1.023237
v 0.028636 1.917496 1.023237
v 0.056215 1.908177 1.023237
v 0.151171 2.048072 0.966803
v 0.028636 2.034948 0.966803
v 0.028636 1.732485 0.966803
v 0.028636 1.715237 0.966803
v 0.028636 1.934276 0.966803
v 0.028636 1.917496 0.966803
v 0.151171 1.584690 0.966803
v 0.028636 1.584690 0.966803
v 0.056215 1.923438 1.004073
v 0.056215 2.014998 1.004073
v 0.167659 1.619359 1.004073
v 0.056215 1.619359 1.004073
v 0.167659 2.026935 1.004073
v 0.056215 1.724226 1.004073
v 0.056215 1.739912 1.004073
v 0.056215 1.908177 1.004073
v 0.192822 1.909018 1.018343
v 0.308570 1.909018 1.018343
v 0.308570 1.924499 1.018343
v 0.192822 1.924499 1.018343
v 0.192822 1.601837 1.018343
v 0.192822 1.601837 1.003699
v 0.192822 1.722414 1.003699
v 0.192822 1.722414 1.018343
v 0.308570 1.924499 1.003699
v 0.192822 1.924499 1.003699
v 0.180002 1.924499 1.018343
v 0.192822 2.029487 1.018343
v 0.180002 2.030829 1.018343
v 0.192822 1.909018 1.003699
v 0.308570 1.909018 1.003699
v 0.308570 1.722414 1.003699
v 0.308570 1.722414 1.018343
v 0.180002 1.738326 1.018343
v 0.192822 1.738326 1.018343
v 0.180002 1.909018 1.018343
v 0.308570 1.738326 1.018343
v 0.308570 1.738326 1.003699
v 0.192822 1.738326 1.003699
v 0.180002 1.722414 1.018343
v 0.192822 2.029487 1.003699
v 0.180002 1.601837 1.018343
v 0.167182 1.909018 1.018343
v 0.167182 1.924499 1.018343
v 0.051435 1.924499 1.018343
v 0.051435 1.909018 1.018343
v 0.167182 1.601837 1.018343
v 0.167182 1.722414 1.018343
v 0.167182 1.722414 1.003699
v 0.167182 1.601837 1.003699
v 0.167182 1.924499 1.003699
v 0.051435 1.924499 1.003699
v 0.167182 2.029487 1.018343
v 0.051435 1.909018 1.003699
v 0.167182 1.909018 1.003699
v 0.051435 1.722414 1.018343
v 0.051435 1.722414 1.003699
v 0.167182 1.738326 1.018343
v 0.051435 1.738326 1.018343
v 0.167182 1.738326 1.003699
v 0.051435 1.738326 1.003699
v 0.167182 2.029487 1.003699
v -0.410345 0.542058 1.003754
v -0.667480 0.834733 1.003754
v -0.667480 0.542058 1.003754
v -0.410345 0.834733 1.003754
v -0.667480 3.953293 1.003699
v -0.667480 4.368834 1.003699
v -0.410345 3.953293 1.003699
v -0.410345 4.368834 1.003699
v 0.767704 0.542058 1.003754
v 1.024839 0.834733 1.003754
v 1.024839 0.542058 1.003754
v 0.767704 0.834733 1.003754
v 1.024839 3.953293 1.003699
v 1.024839 4.368834 1.003699
v 0.767704 3.953293 1.003699
v 0.767704 4.368834 1.003699
v 0.050019 3.953293 1.003699
v 0.050019 4.368834 1.003699
v 0.307154 3.953293 1.003699
v 0.307154 4.368834 1.003699
v 1.026069 2.775664 1.003699
v 1.026069 3.191206 1.003699
v 0.768933 2.775664 1.003699
v 0.768933 3.191206 1.003699
v -0.666250 2.775664 1.003699
v -0.666250 3.191206 1.003699
v -0.409115 2.775664 1.003699
v -0.409115 3.191206 1.003699
v 0.308570 2.775664 1.003699
v 0.308570 3.191206 1.003699
v 0.051435 2.775664 1.003699
v 0.051435 3.191206 1.003699
v 1.026069 1.601837 1.003699
v 1.026069 2.017379 1.003699
v 0.768933 1.601837 1.003699
v 0.768933 2.017379 1.003699
v -0.666250 1.601837 1.003699
v -0.666250 2.017379 1.003699
v -0.409115 1.601837 1.003699
v -0.409115 2.017379 1.003699
v 0.308570 1.601837 1.003699
v 0.308570 2.017379 1.003699
v 0.051435 1.601837 1.003699
v 0.051435 2.017379 1.003699
v -0.209735 0.956754 1.138779
v -0.209735 1.114044 1.025493
v -0.232477 1.114044 1.025493
v -0.232477 0.956754 1.138779
v -0.232477 1.114044 0.993433
v -0.232477 0.956754 0.993433
v -0.209735 1.114044 0.993433
v -0.158271 1.114044 0.993433
v -0.158271 1.114044 1.025493
v -0.106806 1.114044 1.025493
v -0.106806 1.114044 0.993433
v -0.055342 1.114044 0.993433
v -0.055342 1.114044 1.025493
v -0.003878 1.114044 1.025493
v -0.003878 1.114044 0.993433
v 0.101225 1.114044 0.993433
v 0.047587 1.114044 0.993433
v 0.047587 1.114044 1.025493
v 0.101225 1.114044 1.025493
v -0.003878 0.956754 1.138779
v -0.055342 0.956754 1.138779
v -0.106806 0.956754 1.138779
v -0.158271 0.956754 1.138779
v 0.358546 0.956754 1.138779
v 0.410548 0.956754 1.138779
v 0.410548 1.114044 1.025493
v 0.358546 1.114044 1.025493
v 0.047587 0.956754 1.138779
v 0.101225 0.956754 1.138779
v 0.410548 1.114044 0.993433
v 0.358546 1.114044 0.993433
v 0.307082 1.114044 0.993433
v 0.255618 1.114044 0.993433
v 0.255618 1.114044 1.025493
v 0.307082 1.114044 1.025493
v 0.204153 1.114044 0.993433
v 0.152689 1.114044 0.993433
v 0.152689 1.114044 1.025493
v 0.204153 1.114044 1.025493
v 0.152689 0.956754 1.138779
v 0.204153 0.956754 1.138779
v 0.255618 0.956754 1.138779
v 0.307082 0.956754 1.138779
v 0.565478 0.956754 1.138779
v 0.588220 0.956754 1.138779
v 0.588220 1.114044 1.025493
v 0.565478 1.114044 1.025493
v 0.588220 0.956754 0.993433
v 0.588220 1.114044 0.993433
v 0.565478 1.114044 0.993433
v 0.514014 1.114044 0.993433
v 0.462550 1.114044 0.993433
v 0.462550 1.114044 1.025493
v 0.514014 1.114044 1.025493
v 0.462550 0.956754 1.138779
v 0.514014 0.956754 1.138779
v -0.982254 4.923316 -0.985435
v -0.982254 4.923316 0.985434
v -0.938006 4.923316 1.029681
v 1.295365 4.923316 1.029681
v 1.339613 4.923316 0.985434
v 1.339613 4.923316 -0.985435
v 1.295365 4.923316 -1.029683
v -0.938006 4.923316 -1.029683
v 1.337320 -0.003246 -1.024176
v 1.337320 0.126212 -1.024176
v 1.337320 0.126212 -0.966601
v 1.337320 -0.003246 -0.966601
v 1.098559 -0.003246 -0.966602
v 1.098559 0.126212 -0.966602
v 1.098559 0.126212 -1.024176
v 1.098559 -0.003246 -1.024176
v 1.219198 0.137814 -1.051325
v 1.219198 0.274894 -1.051325
v 1.219198 0.282010 -0.887751
v 1.219198 0.140461 -0.887751
v 0.980437 0.133946 -0.887751
v 0.980437 0.282446 -0.887751
v 0.980437 0.270372 -1.051325
v 0.980437 0.135392 -1.051325
v 1.337320 0.273858 -1.024176
v 1.337320 0.415954 -1.024176
v 1.337320 0.413242 -0.966602
v 1.337320 0.281671 -0.966602
v 1.098559 0.290556 -0.966602
v 1.098559 0.410559 -0.966602
v 1.098559 0.410284 -1.024176
v 1.098559 0.282827 -1.024176
v 1.087502 -0.003246 -1.033535
v 1.087502 0.126212 -1.033535
v 1.087502 0.126728 -0.887751
v 1.087502 -0.003246 -0.887751
v 0.848742 -0.003246 -0.887751
v 0.848742 0.126212 -0.887751
v 0.848742 0.126212 -1.033535
v 0.848742 -0.003246 -1.033535
v 0.969380 0.137271 -1.024176
v 0.969380 0.270372 -1.024176
v 0.969380 0.270372 -0.887751
v 0.969380 0.136085 -0.887751
v 0.730620 0.150421 -0.887751
v 0.730620 0.270372 -0.887751
v 0.730620 0.275938 -1.024176
v 0.730620 0.135935 -1.024176
v 1.087502 0.273858 -1.024176
v 1.087502 0.417489 -1.024176
v 1.087502 0.411950 -0.887751
v 1.087502 0.279869 -0.887751
v 0.848742 0.273858 -0.887751
v 0.848742 0.421593 -0.887751
v 0.848742 0.413630 -1.024176
v 0.848742 0.273858 -1.024176
v 0.837684 -0.003246 -1.024176
v 0.837684 0.130534 -1.024176
v 0.837684 0.128924 -0.887751
v 0.837684 -0.003246 -0.887751
v 0.598924 -0.003246 -0.887751
v 0.598924 0.137604 -0.887751
v 0.598924 0.126212 -1.024176
v 0.598924 -0.003246 -1.024176
v 0.719562 0.133946 -1.051325
v 0.719562 0.272660 -1.051325
v 0.719562 0.276262 -0.887751
v 0.719562 0.133946 -0.887751
v 0.480802 0.143941 -0.887751
v 0.480802 0.270372 -0.887751
v 0.480802 0.270372 -1.051325
v 0.480802 0.133946 -1.051325
v 0.837684 0.273858 -1.024176
v 0.837684 0.416137 -1.024176
v 0.837684 0.410284 -0.887751
v 0.837684 0.282320 -0.887751
v 0.598924 0.273858 -0.887751
v 0.598924 0.417087 -0.887751
v 0.598924 0.410284 -1.024176
v 0.598924 0.273858 -1.024176
v 0.587867 -0.003246 -1.033535
v 0.587867 0.133028 -1.033535
v 0.587867 0.126212 -0.887751
v 0.587867 -0.003246 -0.887751
v 0.349106 -0.003246 -0.887751
v 0.349106 0.126212 -0.887751
v 0.349106 0.132925 -1.033535
v 0.349106 -0.003246 -1.033535
v 0.469745 0.133946 -1.024176
v 0.469745 0.270372 -1.024177
v 0.469744 0.270372 -0.887751
v 0.469745 0.136131 -0.887751
v -0.031519 0.144411 -0.887751
v -0.031519 0.283457 -0.887751
v -0.031519 0.272182 -1.024177
v -0.031519 0.133946 -1.024176
v 0.587867 0.273858 -1.033535
v 0.587867 0.410284 -1.033535
v 0.587867 0.410284 -0.887751
v 0.587867 0.273858 -0.887751
v 0.349106 0.273858 -0.887751
v 0.349106 0.410284 -0.887751
v 0.349106 0.415743 -1.033535
v 0.349106 0.281415 -1.033535
v 0.338049 -0.003246 -1.024176
v 0.338049 0.132056 -1.024176
v 0.338049 0.135746 -0.887751
v 0.338049 -0.003246 -0.887751
v -0.163215 -0.003246 -0.887751
v -0.163215 0.126212 -0.887751
v -0.163215 0.126212 -1.024177
v -0.163215 -0.003246 -1.024177
v -0.042576 0.146542 -1.024176
v -0.042576 0.270372 -1.024177
v -0.042576 0.282038 -0.887751
v -0.042576 0.142764 -0.887751
v -0.281337 0.133946 -0.887751
v -0.281337 0.279741 -0.887751
v -0.281337 0.270372 -1.024177
v -0.281337 0.138234 -1.024177
v 0.338049 0.273858 -1.051325
v 0.338049 0.412416 -1.051325
v 0.338049 0.418846 -0.887751
v 0.338049 0.273858 -0.887751
v -0.163215 0.287172 -0.887751
v -0.163215 0.414834 -0.887751
v -0.163215 0.410284 -1.051325
v -0.163215 0.273858 -1.051325
v -0.174272 -0.003246 -1.051325
v -0.174272 0.126393 -1.051325
v -0.174272 0.144377 -0.887751
v -0.174272 -0.003246 -0.887751
v -0.413033 -0.003246 -0.887751
v -0.413033 0.133827 -0.887751
v -0.413033 0.126212 -1.051325
v -0.413033 -0.003246 -1.051325
v -0.292394 0.133946 -1.033535
v -0.292394 0.270372 -1.033535
v -0.292394 0.270372 -0.887751
v -0.292394 0.137288 -0.887751
v -0.531155 0.133946 -0.887751
v -0.531155 0.270372 -0.887751
v -0.531154 0.270372 -1.033536
v -0.531154 0.136690 -1.033535
v -0.174272 0.283678 -1.024177
v -0.174272 0.410284 -1.024177
v -0.174272 0.410284 -0.887751
v -0.174272 0.273858 -0.887751
v -0.413033 0.273858 -0.887751
v -0.413033 0.410284 -0.887751
v -0.413033 0.410284 -1.024177
v -0.413033 0.273858 -1.024177
v -0.424090 -0.003246 -1.024177
v -0.424090 0.134835 -1.024177
v -0.424090 0.126212 -0.887751
v -0.424090 -0.003246 -0.887751
v -0.662850 -0.003246 -0.887751
v -0.662850 0.126212 -0.887751
v -0.662850 0.129287 -1.024177
v -0.662850 -0.003246 -1.024177
v -0.542212 0.133946 -1.024177
v -0.542212 0.270372 -1.024177
v -0.542212 0.284380 -0.887751
v -0.542212 0.133946 -0.887751
v -0.780972 0.139835 -0.887751
v -0.780972 0.273477 -0.887751
v -0.780972 0.270920 -1.024177
v -0.780972 0.143358 -1.024177
v -0.424090 0.276366 -1.024177
v -0.424090 0.416114 -1.024177
v -0.424090 0.414363 -0.887751
v -0.424090 0.281991 -0.887751
v -0.662850 0.281772 -0.887751
v -0.662850 0.410284 -0.887751
v -0.662850 0.410284 -1.024177
v -0.662850 0.285745 -1.024177
v -0.673908 -0.003246 -1.024177
v -0.673908 0.131842 -1.024177
v -0.673908 0.130355 -0.887751
v -0.673908 -0.003246 -0.887751
v -0.912668 -0.003246 -0.887751
v -0.912668 0.132411 -0.887751
v -0.912668 0.130618 -1.024177
v -0.912668 -0.003246 -1.024177
v -0.792030 0.133946 -1.024177
v -0.792030 0.270372 -1.024177
v -0.792030 0.270372 -0.926153
v -0.792030 0.133946 -0.926153
v -0.976594 0.135063 -0.926153
v -0.976594 0.272305 -0.926153
v -0.976594 0.270372 -1.024177
v -0.976594 0.135332 -1.024177
v -0.673908 0.273858 -1.024177
v -0.673908 0.410284 -1.024177
v -0.673908 0.415936 -0.887751
v -0.673908 0.279508 -0.887751
v -0.912668 0.273858 -0.887751
v -0.912668 0.413318 -0.887751
v -0.912668 0.410284 -1.024177
v -0.912668 0.273858 -1.024177
v -0.976748 -0.003246 -1.027389
v -0.976748 0.126212 -1.027389
v -0.920876 0.126212 -1.027389
v -0.920876 -0.003246 -1.027389
v -0.920876 -0.003245 -0.788628
v -0.920876 0.126212 -0.788628
v -0.976748 0.126212 -0.788628
v -0.976748 -0.003245 -0.788628
v -0.998500 0.137814 -0.909267
v -0.998500 0.274894 -0.909267
v -0.840323 0.282010 -0.909267
v -0.840323 0.140461 -0.909267
v -0.840323 0.133946 -0.670506
v -0.840323 0.282446 -0.670507
v -0.998500 0.270372 -0.670506
v -0.998500 0.135392 -0.670506
v -0.976748 0.273858 -1.027389
v -0.976748 0.415954 -1.027389
v -0.920876 0.413242 -1.027389
v -0.920876 0.281671 -1.027389
v -0.920876 0.290556 -0.788628
v -0.920876 0.410559 -0.788628
v -0.976748 0.410284 -0.788628
v -0.976748 0.282827 -0.788628
v -0.976748 -0.003245 -0.777571
v -0.976748 0.126212 -0.777571
v -0.840323 0.126728 -0.777571
v -0.840323 -0.003245 -0.777571
v -0.840323 -0.003245 -0.538811
v -0.840323 0.126212 -0.538811
v -0.976748 0.126212 -0.538811
v -0.976748 -0.003245 -0.538811
v -0.976748 0.137271 -0.659449
v -0.976748 0.270372 -0.659449
v -0.840323 0.270372 -0.659449
v -0.840323 0.136085 -0.659449
v -0.840323 0.150421 -0.420689
v -0.840323 0.270372 -0.420689
v -0.976748 0.275938 -0.420689
v -0.976748 0.135935 -0.420689
v -0.980923 0.273858 -0.777571
v -0.980923 0.417489 -0.777571
v -0.840323 0.411950 -0.777571
v -0.840323 0.279869 -0.777571
v -0.840323 0.273858 -0.538811
v -0.840323 0.421593 -0.538811
v -0.980923 0.413630 -0.538811
v -0.980923 0.273858 -0.538811
v -0.980923 -0.003245 -0.527753
v -0.980923 0.130534 -0.527753
v -0.840323 0.128924 -0.527753
v -0.840323 -0.003245 -0.527753
v -0.840323 -0.003245 -0.288993
v -0.840323 0.137605 -0.288993
v -0.980923 0.126212 -0.288993
v -0.980923 -0.003245 -0.288993
v -0.976748 0.133946 -0.409631
v -0.976748 0.272660 -0.409631
v -0.840323 0.276263 -0.409631
v -0.840323 0.133946 -0.409631
v -0.840323 0.143941 -0.170871
v -0.840323 0.270372 -0.170871
v -0.976748 0.270372 -0.170871
v -0.976748 0.133946 -0.170871
v -0.976748 0.273858 -0.527753
v -0.976748 0.416137 -0.527753
v -0.840323 0.410284 -0.527753
v -0.840323 0.282320 -0.527753
v -0.840323 0.273858 -0.288993
v -0.840323 0.417088 -0.288993
v -0.976748 0.410284 -0.288993
v -0.976748 0.273858 -0.288993
v -0.976748 -0.003245 -0.277936
v -0.976748 0.133028 -0.277936
v -0.840323 0.126212 -0.277935
v -0.840323 -0.003245 -0.277935
v -0.840323 -0.003245 -0.039175
v -0.840323 0.126212 -0.039175
v -0.976748 0.132925 -0.039175
v -0.976748 -0.003245 -0.039175
v -0.976748 0.133946 -0.159814
v -0.976748 0.270372 -0.159814
v -0.840323 0.270372 -0.159814
v -0.840323 0.136132 -0.159814
v -0.840323 0.144411 0.078947
v -0.840323 0.283457 0.078947
v -0.976748 0.272182 0.078947
v -0.976748 0.133946 0.078947
v -0.998500 0.273858 -0.277936
v -0.998500 0.410284 -0.277936
v -0.840323 0.410284 -0.277936
v -0.840323 0.273858 -0.277936
v -0.840323 0.273858 -0.039175
v -0.840323 0.410284 -0.039175
v -0.998500 0.415743 -0.039175
v -0.998500 0.281415 -0.039175
v -0.976748 -0.003245 -0.028118
v -0.976748 0.132056 -0.028118
v -0.840323 0.135746 -0.028118
v -0.840323 -0.003245 -0.028118
v -0.840323 -0.003245 0.210643
v -0.840323 0.126212 0.210643
v -0.976748 0.126212 0.210643
v -0.976748 -0.003245 0.210643
v -0.976748 0.146542 0.090004
v -0.976748 0.270372 0.090004
v -0.840323 0.282038 0.090004
v -0.840323 0.142764 0.090004
v -0.840323 0.133947 0.328765
v -0.840323 0.279741 0.328765
v -0.976748 0.270372 0.328765
v -0.976748 0.138234 0.328765
v -0.976748 0.273858 -0.028118
v -0.976748 0.412416 -0.028118
v -0.840323 0.418846 -0.028118
v -0.840323 0.273858 -0.028118
v -0.840323 0.287172 0.210643
v -0.840323 0.414834 0.210643
v -0.976748 0.410284 0.210643
v -0.976748 0.273858 0.210643
v -0.998500 -0.003245 0.221700
v -0.998500 0.126394 0.221700
v -0.840323 0.144377 0.221700
v -0.840323 -0.003245 0.221700
v -0.840323 -0.003245 0.460461
v -0.840323 0.133827 0.460461
v -0.998500 0.126212 0.460461
v -0.998500 -0.003245 0.460461
v -0.980923 0.133947 0.339822
v -0.980923 0.270372 0.339822
v -0.840323 0.270372 0.339822
v -0.840323 0.137288 0.339822
v -0.840323 0.133947 0.578583
v -0.840323 0.270372 0.578583
v -0.980923 0.270372 0.578583
v -0.980923 0.136690 0.578583
v -0.976748 0.283679 0.221700
v -0.976748 0.410284 0.221700
v -0.840323 0.410284 0.221700
v -0.840323 0.273858 0.221700
v -0.840323 0.273858 0.460461
v -0.840323 0.410284 0.460461
v -0.976748 0.410284 0.460461
v -0.976748 0.273858 0.460461
v -0.976748 -0.003245 0.471518
v -0.976748 0.134835 0.471518
v -0.840323 0.126212 0.471518
v -0.840323 -0.003245 0.471518
v -0.840323 -0.003245 0.710279
v -0.840323 0.126212 0.710279
v -0.976748 0.129288 0.710279
v -0.976748 -0.003245 0.710279
v -0.976749 0.133947 0.589640
v -0.976749 0.270372 0.589640
v -0.840323 0.284380 0.589640
v -0.840323 0.133947 0.589640
v -0.840323 0.139835 0.828401
v -0.840323 0.273477 0.828401
v -0.976748 0.270920 0.828401
v -0.976748 0.143358 0.828401
v -0.976748 0.276366 0.471518
v -0.976748 0.416114 0.471518
v -0.840323 0.414363 0.471518
v -0.840323 0.281991 0.471518
v -0.840323 0.281773 0.710279
v -0.840323 0.410284 0.710279
v -0.976748 0.410284 0.710279
v -0.976748 0.285746 0.710279
v -0.976748 -0.003245 0.721336
v -0.976748 0.131842 0.721336
v -0.840323 0.130355 0.721336
v -0.840323 -0.003245 0.721336
v -0.840323 -0.003245 0.960097
v -0.840323 0.132411 0.960097
v -0.976749 0.130618 0.960097
v -0.976749 -0.003245 0.960097
v -0.976748 0.133947 0.839458
v -0.976748 0.270372 0.839458
v -0.869004 0.270372 0.839458
v -0.869004 0.133947 0.839458
v -0.869004 0.135063 1.034633
v -0.869004 0.272305 1.034633
v -0.976748 0.270372 1.034632
v -0.976748 0.135332 1.034633
v -0.976748 0.273858 0.721336
v -0.976748 0.410284 0.721336
v -0.840323 0.415936 0.721336
v -0.840323 0.279508 0.721336
v -0.840323 0.273858 0.960097
v -0.840323 0.413318 0.960097
v -0.976749 0.410284 0.960097
v -0.976749 0.273858 0.960097
v 1.334107 -0.003245 1.027389
v 1.334107 0.126212 1.027389
v 1.273364 0.126212 1.027389
v 1.273364 -0.003245 1.027389
v 1.273364 -0.003245 0.788628
v 1.273364 0.126809 0.788628
v 1.334107 0.126212 0.788628
v 1.334107 -0.003245 0.788628
v 1.334107 0.137814 0.909267
v 1.334107 0.274894 0.909267
v 1.197682 0.282011 0.909267
v 1.197682 0.140461 0.909267
v 1.197682 0.133947 0.670506
v 1.197682 0.282447 0.670506
v 1.334107 0.270372 0.670506
v 1.334107 0.135392 0.670506
v 1.334107 0.273858 1.027389
v 1.334107 0.415954 1.027389
v 1.273364 0.413125 1.027389
v 1.273364 0.273858 1.027389
v 1.273364 0.290632 0.788628
v 1.273364 0.417499 0.788628
v 1.334107 0.410284 0.788628
v 1.334107 0.282827 0.788628
v 1.334107 -0.003245 0.777571
v 1.334107 0.126212 0.777571
v 1.273364 0.126212 0.777571
v 1.273364 -0.003245 0.777571
v 1.273364 -0.003245 0.538810
v 1.273364 0.129996 0.538810
v 1.334107 0.126212 0.538810
v 1.334107 -0.003245 0.538810
v 1.358108 0.137271 0.659449
v 1.358108 0.270372 0.659449
v 1.197682 0.270372 0.659449
v 1.197682 0.136085 0.659449
v 1.197682 0.150421 0.420688
v 1.197682 0.270372 0.420688
v 1.358108 0.275938 0.420688
v 1.358108 0.135935 0.420688
v 1.334107 0.273858 0.777571
v 1.334107 0.417489 0.777571
v 1.273364 0.410284 0.777571
v 1.273364 0.273858 0.777571
v 1.273364 0.279466 0.538810
v 1.273364 0.410284 0.538810
v 1.334107 0.413630 0.538810
v 1.334107 0.273858 0.538810
v 1.334107 -0.003245 0.527753
v 1.334107 0.130535 0.527753
v 1.273364 0.126212 0.527753
v 1.273364 -0.003245 0.527753
v 1.273364 -0.003245 0.288993
v 1.273364 0.129294 0.288993
v 1.334107 0.126212 0.288993
v 1.334107 -0.003245 0.288993
v 1.329987 0.133947 0.409631
v 1.329987 0.272660 0.409631
v 1.197682 0.276263 0.409631
v 1.197682 0.133947 0.409631
v 1.197682 0.143941 0.170871
v 1.197682 0.270372 0.170871
v 1.329987 0.270372 0.170871
v 1.329987 0.133946 0.170871
v 1.334107 0.273858 0.527753
v 1.334107 0.416138 0.527753
v 1.273364 0.421326 0.527753
v 1.273364 0.273858 0.527753
v 1.273364 0.283571 0.288993
v 1.273364 0.410728 0.288993
v 1.334107 0.410284 0.288993
v 1.334107 0.273858 0.288993
v 1.334107 -0.003245 0.277935
v 1.334107 0.133028 0.277935
v 1.273364 0.126212 0.277935
v 1.273364 -0.003245 0.277935
v 1.273364 -0.003245 0.039175
v 1.273364 0.133386 0.039175
v 1.334107 0.132925 0.039175
v 1.334107 -0.003245 0.039175
v 1.334107 0.133946 0.159813
v 1.334107 0.270372 0.159813
v 1.197682 0.270372 0.159813
v 1.197682 0.136132 0.159813
v 1.197682 0.144411 -0.078947
v 1.197682 0.283457 -0.078947
v 1.334107 0.272182 -0.078947
v 1.334107 0.133946 -0.078947
v 1.334107 0.273858 0.277935
v 1.334107 0.410284 0.277935
v 1.273364 0.410284 0.277935
v 1.273364 0.273858 0.277935
v 1.273364 0.273858 0.039175
v 1.273364 0.413267 0.039175
v 1.334107 0.415743 0.039175
v 1.334107 0.281415 0.039175
v 1.358108 -0.003245 0.028118
v 1.358108 0.132056 0.028118
v 1.273364 0.131654 0.028118
v 1.273364 -0.003245 0.028118
v 1.273364 -0.003245 -0.210643
v 1.273364 0.126212 -0.210643
v 1.358108 0.126212 -0.210643
v 1.358108 -0.003245 -0.210643
v 1.334107 0.146542 -0.090004
v 1.334107 0.270372 -0.090005
v 1.197682 0.282038 -0.090005
v 1.197682 0.142764 -0.090004
v 1.197682 0.133946 -0.328765
v 1.197682 0.279741 -0.328765
v 1.334107 0.270372 -0.328765
v 1.334107 0.138234 -0.328765
v 1.334107 0.273858 0.028117
v 1.334107 0.412416 0.028117
v 1.273364 0.410284 0.028117
v 1.273364 0.279495 0.028117
v 1.273364 0.273858 -0.210643
v 1.273364 0.410284 -0.210643
v 1.334107 0.410284 -0.210643
v 1.334107 0.273858 -0.210643
v 1.334107 -0.003245 -0.221700
v 1.334107 0.126394 -0.221700
v 1.273364 0.144896 -0.221700
v 1.273364 -0.003245 -0.221700
v 1.273364 -0.003245 -0.460461
v 1.273364 0.128666 -0.460461
v 1.334107 0.126212 -0.460461
v 1.334107 -0.003245 -0.460461
v 1.334107 0.133946 -0.339822
v 1.334107 0.270372 -0.339822
v 1.197682 0.270372 -0.339822
v 1.197682 0.137288 -0.339822
v 1.197682 0.133946 -0.578583
v 1.197682 0.270372 -0.578583
v 1.334107 0.270372 -0.578583
v 1.334107 0.136690 -0.578583
v 1.334107 0.283679 -0.221700
v 1.334107 0.410284 -0.221700
v 1.273364 0.421682 -0.221700
v 1.273364 0.273858 -0.221700
v 1.273364 0.283900 -0.460461
v 1.273364 0.410284 -0.460461
v 1.334107 0.410284 -0.460461
v 1.334107 0.273858 -0.460461
v 1.334107 -0.003245 -0.471518
v 1.334107 0.134835 -0.471518
v 1.273364 0.131227 -0.471518
v 1.273364 -0.003245 -0.471518
v 1.273364 -0.003245 -0.710279
v 1.273364 0.126212 -0.710279
v 1.334107 0.129287 -0.710279
v 1.334107 -0.003245 -0.710279
v 1.334107 0.133946 -0.589640
v 1.334107 0.270372 -0.589640
v 1.197682 0.284380 -0.589640
v 1.197682 0.133946 -0.589640
v 1.197682 0.139835 -0.828401
v 1.197682 0.273477 -0.828401
v 1.334107 0.270920 -0.828401
v 1.334107 0.143358 -0.828401
v 1.335894 0.276366 -0.471518
v 1.335894 0.416114 -0.471518
v 1.273364 0.410284 -0.471518
v 1.273364 0.273858 -0.471518
v 1.273364 0.273858 -0.710279
v 1.273364 0.410284 -0.710279
v 1.335894 0.410284 -0.710279
v 1.335894 0.285746 -0.710279
v 1.334107 -0.003245 -0.721336
v 1.334107 0.131842 -0.721336
v 1.273364 0.126212 -0.721336
v 1.273364 -0.003245 -0.721336
v 1.273364 -0.003246 -0.960097
v 1.273364 0.126526 -0.960097
v 1.334107 0.130618 -0.960097
v 1.334107 -0.003246 -0.960097
v 1.334107 0.133946 -0.839458
v 1.334107 0.270372 -0.839458
v 1.226858 0.270372 -0.839458
v 1.226858 0.133946 -0.839458
v 1.226858 0.135063 -1.032251
v 1.226858 0.272305 -1.032251
v 1.334107 0.270372 -1.032251
v 1.334107 0.135332 -1.032251
v 1.334107 0.273858 -0.721336
v 1.334107 0.410284 -0.721336
v 1.273364 0.413718 -0.721336
v 1.273364 0.273858 -0.721336
v 1.273364 0.283638 -0.960097
v 1.273364 0.410284 -0.960097
v 1.334107 0.410284 -0.960097
v 1.334107 0.273858 -0.960097
v -0.979961 -0.003245 1.024176
v -0.979961 0.126212 1.024176
v -0.979961 0.126212 0.963222
v -0.979961 -0.003245 0.963222
v -0.741200 -0.003245 0.963222
v -0.741200 0.126212 0.963222
v -0.741200 0.126212 1.024176
v -0.741200 -0.003245 1.024176
v -0.861839 0.137814 1.043556
v -0.861839 0.274894 1.043556
v -0.861839 0.282011 0.887751
v -0.861839 0.140461 0.887751
v -0.623078 0.133947 0.887751
v -0.623078 0.282447 0.887751
v -0.623078 0.270372 1.043556
v -0.623078 0.135392 1.043556
v -0.979961 0.273858 1.024176
v -0.979961 0.415954 1.024176
v -0.979961 0.413242 0.963222
v -0.979961 0.281671 0.963222
v -0.741200 0.290556 0.963222
v -0.741200 0.410560 0.963222
v -0.741200 0.410284 1.024176
v -0.741200 0.282827 1.024176
v -0.730143 -0.003245 1.026717
v -0.730143 0.126212 1.026717
v -0.730143 0.126728 0.887751
v -0.730143 -0.003245 0.887751
v -0.491382 -0.003245 0.887751
v -0.491382 0.126212 0.887751
v -0.491382 0.126212 1.026717
v -0.491382 -0.003245 1.026717
v -0.612021 0.137271 1.024176
v -0.612021 0.270372 1.024176
v -0.612021 0.270372 0.887751
v -0.612021 0.136085 0.887751
v -0.373260 0.150421 0.887751
v -0.373260 0.270372 0.887751
v -0.373260 0.275938 1.024176
v -0.373260 0.135935 1.024176
v -0.730143 0.273858 1.024176
v -0.730143 0.417489 1.024176
v -0.730143 0.411950 0.887751
v -0.730143 0.279869 0.887751
v -0.491382 0.273858 0.887751
v -0.491382 0.421593 0.887751
v -0.491382 0.413630 1.024177
v -0.491382 0.273858 1.024177
v -0.480325 -0.003245 1.024176
v -0.480325 0.130535 1.024176
v -0.480325 0.128924 0.887751
v -0.480325 -0.003245 0.887751
v -0.192799 -0.003245 0.887751
v -0.192799 0.137605 0.887751
v -0.192799 0.126212 1.024176
v -0.192799 -0.003245 1.024176
v -0.362203 0.133947 1.024176
v -0.362203 0.272660 1.024176
v -0.362203 0.276263 0.887751
v -0.362203 0.133947 0.887751
v -0.188437 0.143941 0.887751
v -0.188437 0.270372 0.887751
v -0.188437 0.270372 1.024176
v -0.188437 0.133947 1.024176
v -0.480325 0.273858 1.024176
v -0.480325 0.416138 1.024176
v -0.480325 0.410284 0.887751
v -0.480325 0.282321 0.887751
v -0.192799 0.273858 0.887751
v -0.192799 0.417088 0.887751
v -0.192799 0.410284 1.024176
v -0.192799 0.273858 1.024176
v 0.530998 0.146542 1.024176
v 0.530998 0.270372 1.024176
v 0.530998 0.282038 0.887751
v 0.530998 0.142764 0.887751
v 0.638696 0.133947 0.887751
v 0.638696 0.279741 0.887751
v 0.638696 0.270372 1.024176
v 0.638696 0.138234 1.024176
v 0.548933 -0.003245 1.024176
v 0.548933 0.126394 1.024176
v 0.548933 0.144377 0.887751
v 0.548933 -0.003245 0.887751
v 0.770392 -0.003245 0.887751
v 0.770392 0.133827 0.887751
v 0.770392 0.126212 1.024176
v 0.770392 -0.003245 1.024176
v 0.649753 0.133947 1.024176
v 0.649753 0.270372 1.024176
v 0.649753 0.270372 0.887751
v 0.649753 0.137288 0.887751
v 0.888514 0.133947 0.887751
v 0.888514 0.270372 0.887751
v 0.888514 0.270372 1.024176
v 0.888514 0.136690 1.024176
v 0.548933 0.283679 1.024176
v 0.548933 0.410284 1.024176
v 0.548933 0.410284 0.887751
v 0.548933 0.273858 0.887751
v 0.770392 0.273858 0.887751
v 0.770392 0.410284 0.887751
v 0.770392 0.410284 1.024176
v 0.770392 0.273858 1.024176
v 0.781449 -0.003245 1.038589
v 0.781449 0.134835 1.038589
v 0.781449 0.126212 0.887751
v 0.781449 -0.003245 0.887751
v 1.020210 -0.003245 0.887751
v 1.020210 0.126212 0.887751
v 1.020210 0.129288 1.038589
v 1.020210 -0.003245 1.038589
v 0.899571 0.133947 1.024176
v 0.899571 0.270372 1.024176
v 0.899571 0.284380 0.887751
v 0.899571 0.133947 0.887751
v 1.138332 0.139835 0.887751
v 1.138332 0.273477 0.887751
v 1.138332 0.270920 1.024176
v 1.138332 0.143358 1.024176
v 0.781449 0.276367 1.026937
v 0.781449 0.416114 1.026937
v 0.781449 0.414364 0.887751
v 0.781449 0.281991 0.887751
v 1.020210 0.281773 0.887751
v 1.020210 0.410284 0.887751
v 1.020210 0.410284 1.026937
v 1.020210 0.285746 1.026937
v 1.031267 -0.003245 1.034086
v 1.031267 0.131842 1.034086
v 1.031267 0.130355 0.887751
v 1.031267 -0.003245 0.887751
v 1.270028 -0.003245 0.887751
v 1.270028 0.132411 0.887751
v 1.270027 0.130618 1.034086
v 1.270027 -0.003245 1.034086
v 1.149389 0.133947 1.024176
v 1.149389 0.270372 1.024176
v 1.149389 0.270372 0.927237
v 1.149389 0.133947 0.927237
v 1.343479 0.135063 0.927237
v 1.343479 0.272305 0.927237
v 1.343479 0.270372 1.024176
v 1.343479 0.135332 1.024176
v 1.031267 0.273858 1.024176
v 1.031267 0.410284 1.024176
v 1.031267 0.415936 0.887751
v 1.031267 0.279508 0.887751
v 1.270028 0.273858 0.887751
v 1.270028 0.413318 0.887751
v 1.270028 0.410284 1.024176
v 1.270028 0.273858 1.024176
v -0.201080 -0.003245 0.957895
v 0.558439 -0.003245 0.957895
v 0.558439 1.109901 0.957895
v -0.201080 1.109901 0.957895
v 0.589357 0.261589 1.101482
v 0.589357 0.327422 1.101482
v 0.589357 0.327422 1.000194
v 0.589357 0.261589 1.000194
v 0.676178 0.327422 1.000194
v 0.676178 0.261589 1.000194
v 0.676178 0.327422 1.101482
v 0.676178 0.261589 1.101482
v 0.598760 0.261589 1.101482
v 0.598760 -0.003245 1.101482
v 0.598760 -0.003245 1.349045
v 0.598760 0.120800 1.349045
v 0.589357 0.186633 1.349045
v 0.676178 0.186633 1.349045
v 0.676178 0.120800 1.349045
v 0.676178 0.120800 1.454873
v 0.676178 0.186633 1.454873
v 0.589357 0.186633 1.454873
v 0.589357 0.120800 1.454873
v 0.598760 -0.003245 1.442366
v 0.598760 0.120800 1.442366
v 0.666776 0.120800 1.349045
v 0.666776 0.120800 1.442366
v 0.589357 0.120800 1.349045
v 0.666776 0.261589 1.101482
v 0.666776 0.261589 1.000194
v 0.598760 0.261589 1.000194
v 0.598760 -0.003245 1.000194
v 0.666776 -0.003245 1.000194
v 0.666776 -0.003245 1.101482
v 0.666776 -0.003245 1.349045
v 0.666776 -0.003245 1.442366
v -0.231998 0.261589 1.101482
v -0.231998 0.261589 1.000194
v -0.231998 0.327422 1.000194
v -0.231998 0.327422 1.101482
v -0.318819 0.261589 1.000194
v -0.318819 0.327422 1.000194
v -0.318819 0.261589 1.101482
v -0.318819 0.327422 1.101482
v -0.241401 0.261589 1.101482
v -0.241401 0.120800 1.349045
v -0.241401 -0.003245 1.349045
v -0.241401 -0.003245 1.101482
v -0.318819 0.186633 1.349045
v -0.231998 0.186633 1.349045
v -0.318819 0.120800 1.349045
v -0.318819 0.120800 1.454873
v -0.231998 0.120800 1.454873
v -0.231998 0.186633 1.454873
v -0.318819 0.186633 1.454873
v -0.241401 0.120800 1.442366
v -0.241401 -0.003245 1.442366
v -0.309417 0.120800 1.349045
v -0.309417 0.120800 1.442366
v -0.231998 0.120800 1.349045
v -0.309417 0.261589 1.101482
v -0.309417 0.261589 1.000194
v -0.241401 0.261589 1.000194
v -0.241401 -0.003245 1.000194
v -0.309417 -0.003245 1.000194
v -0.309417 -0.003245 1.101482
v -0.309417 -0.003245 1.349045
v -0.309417 -0.003245 1.442366
v -0.666333 4.324203 1.133612
v -0.666333 4.481493 1.020326
v -0.717797 4.481493 1.020326
v -0.717797 4.324203 1.133612
v -0.409011 4.481493 0.988267
v -0.409011 4.481493 1.020326
v -0.357547 4.481493 1.020326
v -0.357547 4.481493 0.988267
v -0.357547 4.324203 0.988267
v -0.357547 4.324203 1.133612
v -0.717797 4.481493 0.988267
v -0.717797 4.324203 0.988267
v -0.666333 4.481493 0.988267
v -0.614868 4.481493 0.988267
v -0.614868 4.481493 1.020326
v -0.563404 4.481493 1.020326
v -0.563404 4.481493 0.988267
v -0.511940 4.481493 0.988267
v -0.511940 4.481493 1.020326
v -0.460475 4.481493 1.020326
v -0.460475 4.481493 0.988267
v -0.409011 4.324203 1.133612
v -0.460475 4.324203 1.133612
v -0.511940 4.324203 1.133612
v -0.563404 4.324203 1.133612
v -0.614868 4.324203 1.133612
v -0.695903 0.474761 1.049558
v -0.695903 0.524165 1.049558
v -0.695903 0.524165 0.909277
v -0.695903 0.474761 0.909277
v -0.383051 0.474761 0.909277
v -0.383051 0.524165 0.909277
v -0.383051 0.524165 1.049558
v -0.383051 0.474761 1.049558
v -0.695903 0.464553 0.909277
v -0.383051 0.464553 0.909277
v -0.383051 0.464553 1.049558
v -0.695903 0.464553 1.049558
v -0.383051 0.474761 1.062329
v -0.383051 0.464553 1.062329
v -0.695903 0.474761 1.062329
v -0.695903 0.464553 1.062329
v -0.695903 3.900439 1.049558
v -0.695903 3.949843 1.049558
v -0.695903 3.949843 0.909276
v -0.695903 3.900438 0.909276
v -0.383051 3.900438 0.909276
v -0.383051 3.949843 0.909276
v -0.383051 3.949843 1.049558
v -0.383051 3.900439 1.049558
v -0.695903 3.890231 0.909276
v -0.383051 3.890231 0.909276
v -0.383051 3.890231 1.049558
v -0.695903 3.890231 1.049558
v -0.383051 3.900439 1.062329
v -0.383051 3.890231 1.062329
v -0.695903 3.900439 1.062329
v -0.695903 3.890231 1.062329
v -0.666333 0.794116 1.133613
v -0.666333 0.951405 1.020327
v -0.717797 0.951405 1.020327
v -0.717797 0.794116 1.133613
v -0.409011 0.951405 0.988268
v -0.409011 0.951405 1.020327
v -0.357547 0.951405 1.020327
v -0.357547 0.951405 0.988268
v -0.357547 0.794116 0.988268
v -0.357547 0.794116 1.133613
v -0.717797 0.951405 0.988268
v -0.717797 0.794116 0.988268
v -0.666333 0.951405 0.988268
v -0.614868 0.951405 0.988268
v -0.614868 0.951405 1.020327
v -0.563404 0.951405 1.020327
v -0.563404 0.951405 0.988268
v -0.511940 0.951405 0.988268
v -0.511940 0.951405 1.020327
v -0.460475 0.951405 1.020327
v -0.460475 0.951405 0.988268
v -0.409011 0.794116 1.133613
v -0.460475 0.794116 1.133613
v -0.511940 0.794116 1.133613
v -0.563404 0.794116 1.133613
v -0.614868 0.794116 1.133613
v 1.023692 4.324203 1.133612
v 1.075156 4.324203 1.133612
v 1.075156 4.481493 1.020326
v 1.023692 4.481493 1.020326
v 0.766370 4.481493 0.988267
v 0.714906 4.481493 0.988267
v 0.714906 4.481493 1.020326
v 0.766370 4.481493 1.020326
v 0.714906 4.324203 0.988267
v 0.714906 4.324203 1.133612
v 1.075156 4.324203 0.988267
v 1.075156 4.481493 0.988267
v 1.023692 4.481493 0.988267
v 0.972227 4.481493 0.988267
v 0.920763 4.481493 0.988267
v 0.920763 4.481493 1.020326
v 0.972227 4.481493 1.020326
v 0.869299 4.481493 0.988267
v 0.817834 4.481493 0.988267
v 0.817834 4.481493 1.020326
v 0.869299 4.481493 1.020326
v 0.766370 4.324203 1.133612
v 0.817834 4.324203 1.133612
v 0.869299 4.324203 1.133612
v 0.920763 4.324203 1.133612
v 0.972227 4.324203 1.133612
v 1.053261 0.474761 1.049558
v 1.053261 0.474761 0.909277
v 1.053261 0.524165 0.909277
v 1.053262 0.524165 1.049558
v 0.740410 0.474761 0.909277
v 0.740410 0.474761 1.049558
v 0.740410 0.524165 1.049558
v 0.740410 0.524165 0.909277
v 1.053261 0.464553 0.909277
v 1.053261 0.464553 1.049558
v 0.740410 0.464553 1.049558
v 0.740410 0.464553 0.909277
v 0.740410 0.464553 1.062329
v 0.740410 0.474761 1.062329
v 1.053261 0.464553 1.062329
v 1.053261 0.474761 1.062329
v 1.053262 3.900439 1.049558
v 1.053262 3.900438 0.909276
v 1.053262 3.949843 0.909276
v 1.053262 3.949843 1.049558
v 0.740410 3.900438 0.909276
v 0.740410 3.900439 1.049558
v 0.740410 3.949843 1.049558
v 0.740410 3.949843 0.909276
v 1.053262 3.890231 0.909276
v 1.053262 3.890231 1.049558
v 0.740410 3.890231 1.049558
v 0.740410 3.890231 0.909276
v 0.740410 3.890231 1.062329
v 0.740410 3.900439 1.062329
v 1.053262 3.890231 1.062329
v 1.053262 3.900439 1.062329
v 1.023692 0.794115 1.133613
v 1.075156 0.794115 1.133613
v 1.075156 0.951405 1.020327
v 1.023692 0.951405 1.020327
v 0.766370 0.951405 0.988268
v 0.714906 0.951405 0.988268
v 0.714906 0.951405 1.020327
v 0.766370 0.951405 1.020327
v 0.714906 0.794116 0.988268
v 0.714906 0.794116 1.133613
v 1.075156 0.794115 0.988268
v 1.075156 0.951405 0.988268
v 1.023692 0.951405 0.988268
v 0.972227 0.951405 0.988268
v 0.920763 0.951405 0.988268
v 0.920763 0.951405 1.020327
v 0.972227 0.951405 1.020327
v 0.869299 0.951405 0.988268
v 0.817834 0.951405 0.988268
v 0.817834 0.951405 1.020327
v 0.869299 0.951405 1.020327
v 0.766370 0.794115 1.133613
v 0.817834 0.794115 1.133613
v 0.869299 0.794115 1.133613
v 0.920763 0.794115 1.133613
v 0.972227 0.794115 1.133613
v 0.051166 4.324203 1.133612
v 0.051166 4.481493 1.020326
v -0.000298 4.481493 1.020326
v -0.000298 4.324203 1.133612
v 0.308488 4.481493 0.988267
v 0.308488 4.481493 1.020326
v 0.359952 4.481493 1.020326
v 0.359952 4.481493 0.988267
v 0.359952 4.324203 0.988267
v 0.359952 4.324203 1.133612
v -0.000298 4.481493 0.988267
v -0.000298 4.324203 0.988267
v 0.051166 4.481493 0.988267
v 0.102630 4.481493 0.988267
v 0.102630 4.481493 1.020326
v 0.154095 4.481493 1.020326
v 0.154095 4.481493 0.988267
v 0.205559 4.481493 0.988267
v 0.205559 4.481493 1.020326
v 0.257023 4.481493 1.020326
v 0.257023 4.481493 0.988267
v 0.308488 4.324203 1.133612
v 0.257023 4.324203 1.133612
v 0.205559 4.324203 1.133612
v 0.154095 4.324203 1.133612
v 0.102630 4.324203 1.133612
v 0.021596 3.900439 1.049558
v 0.021596 3.949843 1.049558
v 0.021596 3.949843 0.909276
v 0.021596 3.900438 0.909276
v 0.334448 3.900438 0.909276
v 0.334448 3.949843 0.909276
v 0.334448 3.949843 1.049558
v 0.334448 3.900439 1.049558
v 0.021596 3.890231 0.909276
v 0.334448 3.890231 0.909276
v 0.334448 3.890231 1.049558
v 0.021596 3.890231 1.049558
v 0.334448 3.900439 1.062329
v 0.334448 3.890231 1.062329
v 0.021596 3.900439 1.062329
v 0.021596 3.890231 1.062329
v 1.024921 3.146574 1.133612
v 1.076386 3.146574 1.133612
v 1.076386 3.303864 1.020327
v 1.024921 3.303864 1.020327
v 0.767600 3.303864 0.988267
v 0.716135 3.303864 0.988267
v 0.716135 3.303864 1.020327
v 0.767600 3.303864 1.020327
v 0.716135 3.146574 0.988267
v 0.716135 3.146574 1.133612
v 1.076386 3.146574 0.988267
v 1.076386 3.303864 0.988267
v 1.024921 3.303864 0.988267
v 0.973457 3.303864 0.988267
v 0.921993 3.303864 0.988267
v 0.921993 3.303864 1.020327
v 0.973457 3.303864 1.020327
v 0.870528 3.303864 0.988267
v 0.819064 3.303864 0.988267
v 0.819064 3.303864 1.020327
v 0.870528 3.303864 1.020327
v 0.767600 3.146574 1.133612
v 0.819064 3.146574 1.133612
v 0.870528 3.146574 1.133612
v 0.921993 3.146574 1.133612
v 0.973457 3.146574 1.133612
v 1.054491 2.722810 1.049558
v 1.054491 2.722810 0.909276
v 1.054491 2.772214 0.909276
v 1.054492 2.772214 1.049558
v 0.741639 2.722810 0.909276
v 0.741639 2.722810 1.049558
v 0.741639 2.772214 1.049558
v 0.741639 2.772214 0.909276
v 1.054491 2.712602 0.909276
v 1.054491 2.712603 1.049558
v 0.741639 2.712603 1.049558
v 0.741639 2.712602 0.909276
v 0.741639 2.712603 1.062329
v 0.741639 2.722810 1.062329
v 1.054491 2.712603 1.062329
v 1.054491 2.722810 1.062329
v -0.665103 3.146574 1.133612
v -0.665103 3.303864 1.020327
v -0.716567 3.303864 1.020327
v -0.716567 3.146574 1.133612
v -0.407781 3.303864 0.988267
v -0.407781 3.303864 1.020327
v -0.356317 3.303864 1.020327
v -0.356317 3.303864 0.988267
v -0.356317 3.146574 0.988267
v -0.356317 3.146574 1.133612
v -0.716567 3.303864 0.988267
v -0.716567 3.146574 0.988267
v -0.665103 3.303864 0.988267
v -0.613639 3.303864 0.988267
v -0.613639 3.303864 1.020327
v -0.562174 3.303864 1.020327
v -0.562174 3.303864 0.988267
v -0.510710 3.303864 0.988267
v -0.510710 3.303864 1.020327
v -0.459246 3.303864 1.020327
v -0.459246 3.303864 0.988267
v -0.407781 3.146574 1.133612
v -0.459246 3.146574 1.133612
v -0.510710 3.146574 1.133612
v -0.562174 3.146574 1.133612
v -0.613639 3.146574 1.133612
v -0.694673 2.722810 1.049558
v -0.694673 2.772214 1.049558
v -0.694673 2.772214 0.909276
v -0.694673 2.722810 0.909276
v -0.381821 2.722810 0.909276
v -0.381821 2.772214 0.909276
v -0.381821 2.772214 1.049558
v -0.381821 2.722810 1.049558
v -0.694673 2.712602 0.909276
v -0.381821 2.712602 0.909276
v -0.381821 2.712603 1.049558
v -0.694673 2.712603 1.049558
v -0.381821 2.722810 1.062329
v -0.381821 2.712603 1.062329
v -0.694673 2.722810 1.062329
v -0.694673 2.712603 1.062329
v 0.307423 3.146574 1.133612
v 0.358887 3.146574 1.133612
v 0.358887 3.303864 1.020327
v 0.307423 3.303864 1.020327
v 0.050101 3.303864 0.988267
v -0.001363 3.303864 0.988267
v -0.001363 3.303864 1.020327
v 0.050101 3.303864 1.020327
v -0.001363 3.146574 0.988267
v -0.001363 3.146574 1.133612
v 0.358887 3.146574 0.988267
v 0.358887 3.303864 0.988267
v 0.307423 3.303864 0.988267
v 0.255958 3.303864 0.988267
v 0.204494 3.303864 0.988267
v 0.204494 3.303864 1.020327
v 0.255958 3.303864 1.020327
v 0.153030 3.303864 0.988267
v 0.101565 3.303864 0.988267
v 0.101565 3.303864 1.020327
v 0.153030 3.303864 1.020327
v 0.050101 3.146574 1.133612
v 0.101565 3.146574 1.133612
v 0.153030 3.146574 1.133612
v 0.204494 3.146574 1.133612
v 0.255958 3.146574 1.133612
v 0.336992 2.722810 1.049558
v 0.336992 2.722810 0.909276
v 0.336992 2.772214 0.909276
v 0.336993 2.772214 1.049558
v 0.024141 2.722810 0.909276
v 0.024141 2.722810 1.049558
v 0.024141 2.772214 1.049558
v 0.024141 2.772214 0.909276
v 0.336992 2.712602 0.909276
v 0.336992 2.712603 1.049558
v 0.024141 2.712603 1.049558
v 0.024141 2.712602 0.909276
v 0.024141 2.712603 1.062329
v 0.024141 2.722810 1.062329
v 0.336992 2.712603 1.062329
v 0.336992 2.722810 1.062329
v 1.024921 1.972747 1.133613
v 1.076386 1.972747 1.133613
v 1.076386 2.130037 1.020327
v 1.024921 2.130037 1.020327
v 0.767600 2.130037 0.988267
v 0.716135 2.130037 0.988267
v 0.716135 2.130037 1.020327
v 0.767600 2.130037 1.020327
v 0.716135 1.972747 0.988267
v 0.716135 1.972747 1.133613
v 1.076386 1.972747 0.988267
v 1.076386 2.130037 0.988267
v 1.024921 2.130037 0.988267
v 0.973457 2.130037 0.988267
v 0.921993 2.130037 0.988267
v 0.921993 2.130037 1.020327
v 0.973457 2.130037 1.020327
v 0.870528 2.130037 0.988267
v 0.819064 2.130037 0.988267
v 0.819064 2.130037 1.020327
v 0.870528 2.130037 1.020327
v 0.767600 1.972747 1.133613
v 0.819064 1.972747 1.133613
v 0.870528 1.972747 1.133613
v 0.921993 1.972747 1.133613
v 0.973457 1.972747 1.133613
v 1.054491 1.548983 1.049558
v 1.054491 1.548983 0.909277
v 1.054491 1.598387 0.909277
v 1.054491 1.598387 1.049558
v 0.741639 1.548983 0.909277
v 0.741639 1.548983 1.049558
v 0.741639 1.598387 1.049558
v 0.741639 1.598387 0.909277
v 1.054491 1.538775 0.909277
v 1.054491 1.538775 1.049558
v 0.741639 1.538775 1.049558
v 0.741639 1.538775 0.909277
v 0.741639 1.538775 1.062329
v 0.741639 1.548983 1.062329
v 1.054491 1.538775 1.062329
v 1.054491 1.548983 1.062329
v -0.665103 1.972747 1.133613
v -0.665103 2.130037 1.020327
v -0.716567 2.130037 1.020327
v -0.716567 1.972747 1.133613
v -0.407781 2.130037 0.988267
v -0.407781 2.130037 1.020327
v -0.356317 2.130037 1.020327
v -0.356317 2.130037 0.988267
v -0.356317 1.972747 0.988267
v -0.356317 1.972747 1.133613
v -0.716567 2.130037 0.988267
v -0.716567 1.972747 0.988267
v -0.665103 2.130037 0.988267
v -0.613639 2.130037 0.988267
v -0.613639 2.130037 1.020327
v -0.562174 2.130037 1.020327
v -0.562174 2.130037 0.988267
v -0.510710 2.130037 0.988267
v -0.510710 2.130037 1.020327
v -0.459246 2.130037 1.020327
v -0.459246 2.130037 0.988267
v -0.407781 1.972747 1.133613
v -0.459246 1.972747 1.133613
v -0.510710 1.972747 1.133613
v -0.562174 1.972747 1.133613
v -0.613639 1.972747 1.133613
v -0.694673 1.548983 1.049558
v -0.694673 1.598387 1.049558
v -0.694673 1.598387 0.909277
v -0.694673 1.548983 0.909277
v -0.381821 1.548983 0.909277
v -0.381821 1.598387 0.909277
v -0.381821 1.598387 1.049558
v -0.381821 1.548983 1.049558
v -0.694673 1.538775 0.909277
v -0.381821 1.538775 0.909277
v -0.381821 1.538775 1.049558
v -0.694673 1.538775 1.049558
v -0.381821 1.548983 1.062329
v -0.381821 1.538775 1.062329
v -0.694673 1.548983 1.062329
v -0.694673 1.538775 1.062329
v 0.307423 1.972747 1.133613
v 0.358887 1.972747 1.133613
v 0.358887 2.130037 1.020327
v 0.307423 2.130037 1.020327
v 0.050101 2.130037 0.988267
v -0.001363 2.130037 0.988267
v -0.001363 2.130037 1.020327
v 0.050101 2.130037 1.020327
v -0.001363 1.972747 0.988267
v -0.001363 1.972747 1.133613
v 0.358887 1.972747 0.988267
v 0.358887 2.130037 0.988267
v 0.307423 2.130037 0.988267
v 0.255958 2.130037 0.988267
v 0.204494 2.130037 0.988267
v 0.204494 2.130037 1.020327
v 0.255958 2.130037 1.020327
v 0.153030 2.130037 0.988267
v 0.101565 2.130037 0.988267
v 0.101565 2.130037 1.020327
v 0.153030 2.130037 1.020327
v 0.050101 1.972747 1.133613
v 0.101565 1.972747 1.133613
v 0.153030 1.972747 1.133613
v 0.204494 1.972747 1.133613
v 0.255958 1.972747 1.133613
v 0.336992 1.548983 1.049558
v 0.336992 1.548983 0.909277
v 0.336992 1.598387 0.909277
v 0.336993 1.598387 1.049558
v 0.024141 1.548983 0.909277
v 0.024141 1.548983 1.049558
v 0.024141 1.598387 1.049558
v 0.024141 1.598387 0.909277
v 0.336992 1.538775 0.909277
v 0.336992 1.538775 1.049558
v 0.024141 1.538775 1.049558
v 0.024141 1.538775 0.909277
v 0.024141 1.538775 1.062329
v 0.024141 1.548983 1.062329
v 0.336992 1.538775 1.062329
v 0.336992 1.548983 1.062329
v -0.928213 0.392432 1.019449
v -0.972021 0.392432 0.975641
v -0.972021 -0.003245 0.975641
v -0.928213 -0.003245 1.019449
v 0.564192 0.392432 1.019449
v 0.564192 -0.003245 1.019449
v 1.285572 -0.003245 1.019449
v 1.285572 0.392432 1.019449
v 1.285572 0.392431 -1.019449
v 1.285572 -0.003246 -1.019449
v -0.928213 -0.003246 -1.019449
v -0.928213 0.392431 -1.019449
v 1.329380 0.392432 0.975641
v 1.329380 -0.003245 0.975641
v -0.972021 0.392431 -0.975641
v -0.972021 -0.003246 -0.975641
v 1.329380 -0.003246 -0.975641
v 1.329380 0.392431 -0.975641
v -0.875473 0.392432 0.964341
v -0.916913 0.392432 0.922901
v 1.232832 0.392432 0.964341
v 0.564192 0.392432 0.964341
v -0.875473 0.392431 -0.964341
v 1.232832 0.392431 -0.964341
v 1.274272 0.392432 0.922901
v -0.916913 0.392431 -0.922901
v 1.274272 0.392431 -0.922901
v -0.216710 0.392432 1.019449
v -0.216710 0.392432 0.964341
v -0.216710 -0.003245 1.019449
v 0.564192 -0.003245 0.964341
v -0.216710 -0.003245 0.964341
v 1.389254 1.392152 1.031008
v 1.389254 1.392152 -1.031008
v 1.291056 1.390402 -0.937207
v 1.291056 1.390403 0.937206
v -0.985514 1.304357 1.077302
v 1.342873 1.304357 1.077302
v 1.342873 1.392152 1.077302
v -0.985514 1.392152 1.077302
v 1.342873 1.304356 -1.077302
v -0.985514 1.304356 -1.077302
v -0.985514 1.392152 -1.077302
v 1.342873 1.392152 -1.077302
v 1.389254 1.304357 1.031008
v -1.031895 1.304356 -1.031008
v -1.031895 1.392152 -1.031008
v 1.389254 1.304356 -1.031008
v -1.031895 1.304357 1.031008
v -1.031895 1.392152 1.031008
v -0.933698 1.390403 0.937206
v -0.933698 1.390402 -0.937207
v 1.248895 1.390402 -0.979289
v -0.891536 1.390403 0.979288
v 1.248895 1.390403 0.979288
v -0.891536 1.390402 -0.979289
v -1.029652 4.826778 -1.030797
v -0.983368 4.826778 -1.077081
v 1.340727 4.826778 -1.077081
v 1.387011 4.826778 -1.030797
v 1.387011 4.826779 1.030795
v 1.340727 4.826779 1.077080
v -0.983368 4.826779 1.077080
v -1.029652 4.826779 1.030795
v 1.387011 4.956172 1.030795
v 1.387011 4.956172 -1.030797
v 1.339613 4.956172 -0.985435
v 1.339613 4.956172 0.985434
v 1.340727 4.956172 1.077080
v -0.983368 4.956172 1.077080
v -0.983368 4.956172 -1.077081
v 1.340727 4.956172 -1.077081
v -1.029652 4.956172 -1.030797
v -1.029652 4.956172 1.030795
v 1.295365 4.956172 -1.029683
v -0.938006 4.956172 -1.029683
v -0.982254 4.956172 0.985434
v -0.982254 4.956172 -0.985435
v -0.938006 4.956172 1.029681
v 1.295365 4.956172 1.029681
v 1.297501 1.312004 0.833102
v 1.297501 1.312004 0.935582
v 1.386948 1.312004 0.935582
v 1.386948 1.312004 0.833102
v 1.297501 1.150690 0.833102
v 1.328717 1.150690 0.833102
v 1.328717 1.150690 0.935582
v 1.297501 1.150690 0.935582
v 1.340503 1.213804 0.935582
v 1.340503 1.213804 0.833102
v 1.297501 1.213804 0.833102
v 1.297501 1.213804 0.935582
v 1.297501 1.256277 0.935582
v 1.386948 1.256277 0.935582
v 1.386948 1.256277 0.833102
v 1.297501 1.256277 0.833102
v 1.386948 1.256277 0.361694
v 1.297501 1.256277 0.361694
v 1.297501 1.213804 0.361694
v 1.340503 1.213804 0.361694
v 1.297501 1.312004 0.259214
v 1.297501 1.312004 0.361694
v 1.386948 1.312004 0.361694
v 1.386948 1.312004 0.259214
v 1.297501 1.150690 0.259214
v 1.328717 1.150690 0.259214
v 1.328717 1.150690 0.361694
v 1.297501 1.150690 0.361694
v 1.340503 1.213804 0.259214
v 1.297501 1.213804 0.259214
v 1.386948 1.256277 0.259214
v 1.297501 1.256277 0.259214
v 1.386948 1.256277 -0.212194
v 1.297501 1.256277 -0.212194
v 1.297501 1.213804 -0.212194
v 1.340503 1.213804 -0.212194
v 1.297501 1.312004 -0.314674
v 1.297501 1.312004 -0.212194
v 1.386948 1.312004 -0.212194
v 1.386948 1.312004 -0.314674
v 1.297501 1.150690 -0.314674
v 1.328717 1.150690 -0.314674
v 1.328717 1.150690 -0.212194
v 1.297501 1.150690 -0.212194
v 1.340503 1.213804 -0.314674
v 1.297501 1.213804 -0.314674
v 1.386948 1.256277 -0.314674
v 1.297501 1.256277 -0.314674
v 1.386948 1.256277 -0.786083
v 1.297501 1.256277 -0.786083
v 1.297501 1.213804 -0.786083
v 1.340503 1.213804 -0.786083
v 1.297501 1.312004 -0.888563
v 1.297501 1.312004 -0.786083
v 1.386948 1.312004 -0.786083
v 1.386948 1.312004 -0.888563
v 1.297501 1.150690 -0.888562
v 1.328717 1.150690 -0.888562
v 1.328717 1.150690 -0.786082
v 1.297501 1.150690 -0.786082
v 1.340503 1.213804 -0.888563
v 1.297501 1.213804 -0.888563
v 1.386948 1.256277 -0.888563
v 1.297501 1.256277 -0.888563
v 1.223492 1.256277 -1.070461
v 1.223492 1.256277 -0.981014
v 1.223492 1.213804 -0.981014
v 1.223492 1.213804 -1.024017
v 1.121012 1.312004 -0.981014
v 1.223492 1.312004 -0.981014
v 1.223492 1.312004 -1.070461
v 1.121012 1.312004 -1.070461
v 1.121012 1.150690 -0.981014
v 1.121012 1.150690 -1.012230
v 1.223492 1.150690 -1.012230
v 1.223492 1.150690 -0.981014
v 1.121012 1.213804 -1.024017
v 1.121012 1.213804 -0.981014
v 1.121012 1.256277 -1.070461
v 1.121012 1.256277 -0.981014
v 0.649604 1.256277 -1.070461
v 0.649604 1.256277 -0.981014
v 0.649604 1.213804 -0.981014
v 0.649604 1.213804 -1.024017
v 0.547124 1.312004 -0.981014
v 0.649604 1.312004 -0.981014
v 0.649604 1.312004 -1.070461
v 0.547124 1.312004 -1.070461
v 0.547124 1.150690 -0.981014
v 0.547124 1.150690 -1.012230
v 0.649604 1.150690 -1.012230
v 0.649604 1.150690 -0.981014
v 0.547124 1.213804 -1.024017
v 0.547124 1.213804 -0.981014
v 0.547124 1.256277 -1.070461
v 0.547124 1.256277 -0.981014
v -0.186787 1.256277 -1.070461
v -0.186787 1.256277 -0.981014
v -0.186787 1.213804 -0.981014
v -0.186787 1.213804 -1.024017
v -0.289267 1.312004 -0.981014
v -0.186787 1.312004 -0.981014
v -0.186787 1.312004 -1.070461
v -0.289267 1.312004 -1.070461
v -0.289267 1.150690 -0.981014
v -0.289267 1.150690 -1.012230
v -0.186787 1.150690 -1.012230
v -0.186787 1.150690 -0.981014
v -0.289267 1.213804 -1.024017
v -0.289267 1.213804 -0.981014
v -0.289267 1.256277 -1.070461
v -0.289267 1.256277 -0.981014
v -0.760675 1.256277 -1.070461
v -0.760675 1.256277 -0.981014
v -0.760675 1.213804 -0.981014
v -0.760675 1.213804 -1.024017
v -0.863155 1.312004 -0.981014
v -0.760675 1.312004 -0.981014
v -0.760675 1.312004 -1.070461
v -0.863155 1.312004 -1.070461
v -0.863155 1.150690 -0.981014
v -0.863155 1.150690 -1.012230
v -0.760675 1.150690 -1.012230
v -0.760675 1.150690 -0.981014
v -0.863155 1.213804 -1.024017
v -0.863155 1.213804 -0.981014
v -0.863155 1.256277 -1.070461
v -0.863155 1.256277 -0.981014
v -1.029589 1.256277 -0.935583
v -0.940142 1.256277 -0.935583
v -0.940142 1.213804 -0.935583
v -0.983144 1.213804 -0.935583
v 1.121012 4.835781 -0.981015
v 1.223493 4.835781 -0.981015
v 1.223493 4.835781 -1.070462
v 1.121012 4.835781 -1.070462
v 1.121012 4.674467 -0.981015
v 1.121012 4.674467 -1.012230
v 1.223493 4.674467 -1.012230
v 1.223493 4.674467 -0.981015
v 1.223493 4.737581 -1.024017
v 1.121012 4.737581 -1.024017
v 1.121012 4.737581 -0.981015
v 1.223493 4.737581 -0.981015
v 1.223493 4.780054 -0.981015
v 1.223493 4.780054 -1.070462
v 1.121012 4.780054 -1.070462
v 1.121012 4.780054 -0.981015
v 0.649604 4.780054 -1.070462
v 0.649604 4.780054 -0.981015
v 0.649604 4.737581 -0.981015
v 0.649604 4.737581 -1.024017
v 0.547124 4.835781 -0.981015
v 0.649604 4.835781 -0.981015
v 0.649604 4.835781 -1.070462
v 0.547124 4.835781 -1.070462
v 0.547124 4.674467 -0.981015
v 0.547124 4.674467 -1.012230
v 0.649604 4.674467 -1.012230
v 0.649604 4.674467 -0.981015
v 0.547124 4.737581 -1.024017
v 0.547124 4.737581 -0.981015
v 0.547124 4.780054 -1.070462
v 0.547124 4.780054 -0.981015
v -0.186787 4.780054 -1.070462
v -0.186787 4.780054 -0.981015
v -0.186787 4.737581 -0.981015
v -0.186787 4.737581 -1.024017
v -0.289267 4.835781 -0.981015
v -0.186787 4.835781 -0.981015
v -0.186787 4.835781 -1.070462
v -0.289267 4.835781 -1.070462
v -0.289267 4.674467 -0.981015
v -0.289267 4.674467 -1.012230
v -0.186787 4.674467 -1.012230
v -0.186787 4.674467 -0.981015
v -0.289267 4.737581 -1.024017
v -0.289267 4.737581 -0.981015
v -0.289267 4.780054 -1.070462
v -0.289267 4.780054 -0.981015
v -0.760675 4.780054 -1.070462
v -0.760675 4.780054 -0.981015
v -0.760675 4.737581 -0.981015
v -0.760675 4.737581 -1.024017
v -0.863155 4.835781 -0.981015
v -0.760675 4.835781 -0.981015
v -0.760675 4.835781 -1.070462
v -0.863155 4.835781 -1.070462
v -0.863155 4.674467 -0.981015
v -0.863155 4.674467 -1.012230
v -0.760675 4.674467 -1.012230
v -0.760675 4.674467 -0.981015
v -0.863155 4.737581 -1.024017
v -0.863155 4.737581 -0.981015
v -0.863155 4.780054 -1.070462
v -0.863155 4.780054 -0.981015
v 1.386948 4.780054 0.935582
v 1.297501 4.780054 0.935582
v 1.297501 4.737581 0.935582
v 1.340503 4.737581 0.935582
v 1.297501 4.835781 0.833102
v 1.297501 4.835781 0.935582
v 1.386948 4.835781 0.935582
v 1.386948 4.835781 0.833102
v 1.297501 4.674467 0.833102
v 1.328717 4.674467 0.833102
v 1.328717 4.674467 0.935582
v 1.297501 4.674467 0.935582
v 1.340503 4.737581 0.833102
v 1.297501 4.737581 0.833102
v 1.386948 4.780054 0.833102
v 1.297501 4.780054 0.833102
v 1.386948 4.780054 0.361694
v 1.297501 4.780054 0.361694
v 1.297501 4.737581 0.361694
v 1.340503 4.737581 0.361694
v 1.297501 4.835781 0.259213
v 1.297501 4.835781 0.361693
v 1.386948 4.835781 0.361693
v 1.386948 4.835781 0.259213
v 1.297501 4.674467 0.259213
v 1.328717 4.674467 0.259213
v 1.328717 4.674467 0.361694
v 1.297501 4.674467 0.361694
v 1.340503 4.737581 0.259213
v 1.297501 4.737581 0.259213
v 1.386948 4.780054 0.259213
v 1.297501 4.780054 0.259213
v 1.386948 4.780054 -0.212195
v 1.297501 4.780054 -0.212195
v 1.297501 4.737581 -0.212195
v 1.340503 4.737581 -0.212195
v 1.297501 4.835781 -0.314675
v 1.297501 4.835781 -0.212195
v 1.386948 4.835781 -0.212195
v 1.386948 4.835781 -0.314675
v 1.297501 4.674467 -0.314675
v 1.328717 4.674467 -0.314675
v 1.328717 4.674467 -0.212195
v 1.297501 4.674467 -0.212195
v 1.340503 4.737581 -0.314675
v 1.297501 4.737581 -0.314675
v 1.386948 4.780054 -0.314675
v 1.297501 4.780054 -0.314675
v 1.386948 4.780054 -0.786083
v 1.297501 4.780054 -0.786083
v 1.297501 4.737581 -0.786083
v 1.340503 4.737581 -0.786083
v 1.297501 4.835781 -0.888563
v 1.297501 4.835781 -0.786083
v 1.386948 4.835781 -0.786083
v 1.386948 4.835781 -0.888563
v 1.297501 4.674467 -0.888563
v 1.328717 4.674467 -0.888563
v 1.328717 4.674467 -0.786083
v 1.297501 4.674467 -0.786083
v 1.340503 4.737581 -0.888563
v 1.297501 4.737581 -0.888563
v 1.386948 4.780054 -0.888563
v 1.297501 4.780054 -0.888563
v -1.029589 4.780054 -0.935583
v -0.940142 4.780054 -0.935583
v -0.940142 4.737581 -0.935583
v -0.983145 4.737581 -0.935583
v -0.940142 4.835781 -0.833103
v -0.940142 4.835781 -0.935583
v -1.029589 4.835781 -0.935583
v -1.029589 4.835781 -0.833103
v -0.940142 4.674467 -0.833103
v -0.971358 4.674467 -0.833103
v -0.971358 4.674467 -0.935583
v -0.940142 4.674467 -0.935583
v -0.983145 4.737581 -0.833103
v -0.940142 4.737581 -0.833103
v -1.029589 4.780054 -0.833103
v -0.940142 4.780054 -0.833103
v -1.029589 4.780054 -0.361695
v -0.940142 4.780054 -0.361695
v -0.940142 4.737581 -0.361695
v -0.983145 4.737581 -0.361695
v -0.940142 4.835781 -0.259215
v -0.940142 4.835781 -0.361695
v -1.029589 4.835781 -0.361695
v -1.029589 4.835781 -0.259215
v -0.940142 4.674467 -0.259215
v -0.971358 4.674467 -0.259215
v -0.971358 4.674467 -0.361695
v -0.940142 4.674467 -0.361695
v -0.983145 4.737581 -0.259215
v -0.940142 4.737581 -0.259215
v -1.029589 4.780054 -0.259215
v -0.940142 4.780054 -0.259215
v -1.029589 4.780054 0.212193
v -0.940142 4.780054 0.212193
v -0.940142 4.737581 0.212193
v -0.983145 4.737581 0.212193
v -0.940142 4.835781 0.314673
v -0.940142 4.835781 0.212193
v -1.029589 4.835781 0.212193
v -1.029589 4.835781 0.314673
v -0.940142 4.674467 0.314673
v -0.971358 4.674467 0.314673
v -0.971358 4.674467 0.212193
v -0.940142 4.674467 0.212193
v -0.983145 4.737581 0.314673
v -0.940142 4.737581 0.314673
v -1.029589 4.780054 0.314673
v -0.940142 4.780054 0.314673
v -1.029589 4.780054 0.786082
v -0.940142 4.780054 0.786082
v -0.940142 4.737581 0.786082
v -0.983145 4.737581 0.786082
v -0.940142 4.835781 0.888562
v -0.940142 4.835781 0.786082
v -1.029589 4.835781 0.786082
v -1.029589 4.835781 0.888562
v -0.940142 4.674467 0.888562
v -0.971358 4.674467 0.888562
v -0.971358 4.674467 0.786082
v -0.940142 4.674467 0.786082
v -0.983145 4.737581 0.888562
v -0.940142 4.737581 0.888562
v -1.029589 4.780054 0.888562
v -0.940142 4.780054 0.888562
v -0.866133 4.780054 1.070460
v -0.866133 4.780054 0.981013
v -0.866133 4.737581 0.981013
v -0.866133 4.737581 1.024016
v -0.763653 4.835782 0.981013
v -0.866133 4.835782 0.981013
v -0.866133 4.835782 1.070460
v -0.763653 4.835782 1.070460
v -0.763653 4.674467 0.981013
v -0.763653 4.674467 1.012229
v -0.866133 4.674467 1.012229
v -0.866133 4.674467 0.981013
v -0.763653 4.737581 1.024016
v -0.763653 4.737581 0.981013
v -0.763653 4.780054 1.070460
v -0.763653 4.780054 0.981013
v -0.292245 4.780054 1.070460
v -0.292245 4.780054 0.981013
v -0.292245 4.737581 0.981013
v -0.292245 4.737581 1.024016
v -0.189765 4.835782 0.981013
v -0.292245 4.835782 0.981013
v -0.292245 4.835782 1.070460
v -0.189765 4.835782 1.070460
v -0.189765 4.674467 0.981013
v -0.189765 4.674467 1.012229
v -0.292245 4.674467 1.012229
v -0.292245 4.674467 0.981013
v -0.189765 4.737581 1.024016
v -0.189765 4.737581 0.981013
v -0.189765 4.780054 1.070460
v -0.189765 4.780054 0.981013
v 0.544146 4.780054 1.070460
v 0.544146 4.780054 0.981013
v 0.544146 4.737581 0.981013
v 0.544146 4.737581 1.024016
v 0.646626 4.835782 0.981013
v 0.544146 4.835782 0.981013
v 0.544146 4.835782 1.070460
v 0.646626 4.835782 1.070460
v 0.646626 4.674467 0.981013
v 0.646626 4.674467 1.012229
v 0.544146 4.674467 1.012229
v 0.544146 4.674467 0.981013
v 0.646626 4.737581 1.024016
v 0.646626 4.737581 0.981013
v 0.646626 4.780054 1.070460
v 0.646626 4.780054 0.981013
v 1.118034 4.780054 1.070460
v 1.118034 4.780054 0.981013
v 1.118034 4.737581 0.981013
v 1.118034 4.737581 1.024016
v 1.220514 4.835782 0.981013
v 1.118034 4.835782 0.981013
v 1.118034 4.835782 1.070460
v 1.220514 4.835782 1.070460
v 1.220514 4.674467 0.981013
v 1.220514 4.674467 1.012229
v 1.118034 4.674467 1.012229
v 1.118034 4.674467 0.981013
v 1.220514 4.737581 1.024016
v 1.220514 4.737581 0.981013
v 1.220514 4.780054 1.070460
v 1.220514 4.780054 0.981013
v -0.940142 1.312004 -0.833103
v -0.940142 1.312004 -0.935583
v -1.029589 1.312004 -0.935583
v -1.029589 1.312004 -0.833103
v -0.940142 1.150690 -0.833103
v -0.971357 1.150690 -0.833103
v -0.971357 1.150690 -0.935583
v -0.940142 1.150690 -0.935583
v -0.983144 1.213804 -0.833103
v -0.940142 1.213804 -0.833103
v -1.029589 1.256277 -0.833103
v -0.940142 1.256277 -0.833103
v -1.029589 1.256277 -0.361694
v -0.940142 1.256277 -0.361694
v -0.940142 1.213804 -0.361694
v -0.983144 1.213804 -0.361694
v -0.940142 1.312004 -0.259214
v -0.940142 1.312004 -0.361695
v -1.029589 1.312004 -0.361695
v -1.029589 1.312004 -0.259214
v -0.940142 1.150690 -0.259214
v -0.971357 1.150690 -0.259214
v -0.971357 1.150690 -0.361694
v -0.940142 1.150690 -0.361694
v -0.983144 1.213804 -0.259214
v -0.940142 1.213804 -0.259214
v -1.029589 1.256277 -0.259214
v -0.940142 1.256277 -0.259214
v -1.029589 1.256277 0.212194
v -0.940142 1.256277 0.212194
v -0.940142 1.213804 0.212194
v -0.983144 1.213804 0.212194
v -0.940142 1.312004 0.314674
v -0.940142 1.312004 0.212194
v -1.029589 1.312004 0.212194
v -1.029589 1.312004 0.314674
v -0.940142 1.150690 0.314674
v -0.971357 1.150690 0.314674
v -0.971357 1.150690 0.212194
v -0.940142 1.150690 0.212194
v -0.983144 1.213804 0.314674
v -0.940142 1.213804 0.314674
v -1.029589 1.256277 0.314674
v -0.940142 1.256277 0.314674
v -1.029589 1.256277 0.786082
v -0.940142 1.256277 0.786082
v -0.940142 1.213804 0.786082
v -0.983144 1.213804 0.786082
v -0.940142 1.312004 0.888562
v -0.940142 1.312004 0.786082
v -1.029589 1.312004 0.786082
v -1.029589 1.312004 0.888562
v -0.940142 1.150690 0.888562
v -0.971357 1.150690 0.888562
v -0.971357 1.150690 0.786082
v -0.940142 1.150690 0.786082
v -0.983144 1.213804 0.888562
v -0.940142 1.213804 0.888562
v -1.029589 1.256277 0.888562
v -0.940142 1.256277 0.888562
v -0.866133 1.256277 1.070461
v -0.866133 1.256277 0.981014
v -0.866133 1.213804 0.981014
v -0.866133 1.213804 1.024016
v -0.763653 1.312004 0.981014
v -0.866133 1.312004 0.981014
v -0.866133 1.312004 1.070461
v -0.763653 1.312004 1.070461
v -0.763653 1.150690 0.981014
v -0.763653 1.150690 1.012229
v -0.866133 1.150690 1.012229
v -0.866133 1.150690 0.981014
v -0.763653 1.213804 1.024016
v -0.763653 1.213804 0.981014
v -0.763653 1.256277 1.070461
v -0.763653 1.256277 0.981014
v -0.292245 1.256277 1.070461
v -0.292245 1.256277 0.981014
v -0.292245 1.213804 0.981014
v -0.292245 1.213804 1.024016
v -0.189765 1.312004 0.981014
v -0.292245 1.312004 0.981014
v -0.292245 1.312004 1.070461
v -0.189765 1.312004 1.070461
v -0.189765 1.150690 0.981014
v -0.189765 1.150690 1.012229
v -0.292245 1.150690 1.012229
v -0.292245 1.150690 0.981014
v -0.189765 1.213804 1.024016
v -0.189765 1.213804 0.981014
v -0.189765 1.256277 1.070461
v -0.189765 1.256277 0.981014
v 0.544146 1.256277 1.070461
v 0.544146 1.256277 0.981014
v 0.544146 1.213804 0.981014
v 0.544146 1.213804 1.024016
v 0.646626 1.312004 0.981014
v 0.544146 1.312004 0.981014
v 0.544146 1.312004 1.070461
v 0.646626 1.312004 1.070461
v 0.646626 1.150690 0.981014
v 0.646626 1.150690 1.012229
v 0.544146 1.150690 1.012229
v 0.544146 1.150690 0.981014
v 0.646626 1.213804 1.024016
v 0.646626 1.213804 0.981014
v 0.646626 1.256277 1.070461
v 0.646626 1.256277 0.981014
v 1.118034 1.256277 1.070461
v 1.118034 1.256277 0.981014
v 1.118034 1.213804 0.981014
v 1.118034 1.213804 1.024016
v 1.220514 1.312004 0.981014
v 1.118034 1.312004 0.981014
v 1.118034 1.312004 1.070461
v 1.220514 1.312004 1.070461
v 1.220514 1.150690 0.981014
v 1.220514 1.150690 1.012229
v 1.118034 1.150690 1.012229
v 1.118034 1.150690 0.981014
v 1.220514 1.213804 1.024016
v 1.220514 1.213804 0.981014
v 1.220514 1.256277 1.070461
v 1.220514 1.256277 0.981014
v 0.794551 5.088593 -0.804673
v 0.557061 5.088593 -0.804673
v 0.557061 5.088593 -0.646831
v 0.794551 5.088593 -0.646831
v 0.818424 4.911866 -0.804673
v 0.818424 5.073802 -0.804673
v 0.818424 5.073802 -0.646831
v 0.818424 4.911866 -0.646831
v 1.145770 5.088593 -0.804673
v 0.908280 5.088593 -0.804673
v 0.908280 5.088593 -0.646831
v 1.145770 5.088593 -0.646831
v 0.533189 4.911866 -0.646831
v 0.533189 5.073802 -0.646831
v 0.533189 5.073802 -0.804673
v 0.533189 4.911866 -0.804673
v 1.169642 4.911866 -0.804673
v 1.169642 5.073802 -0.804673
v 1.169642 5.073802 -0.646831
v 1.169642 4.911866 -0.646831
v 0.884407 4.911866 -0.646831
v 0.884407 5.073802 -0.646831
v 0.884407 5.073802 -0.804673
v 0.884407 4.911866 -0.804673
v 0.446521 5.088593 -0.804673
v 0.209031 5.088593 -0.804673
v 0.209031 5.088593 -0.646831
v 0.446521 5.088593 -0.646831
v 0.470393 4.911866 -0.804673
v 0.470393 5.073802 -0.804673
v 0.470393 5.073802 -0.646831
v 0.470393 4.911866 -0.646831
v 0.185159 4.911866 -0.646831
v 0.185159 5.073802 -0.646831
v 0.185159 5.073802 -0.804673
v 0.185159 4.911866 -0.804673
v 1.389254 2.589684 1.031008
v 1.389254 2.589683 -1.031008
v 1.291057 2.587934 -0.937207
v 1.291057 2.587935 0.937206
v -0.985514 2.501888 1.077302
v 1.342873 2.501888 1.077302
v 1.342873 2.589684 1.077302
v -0.985514 2.589684 1.077302
v 1.342873 2.501888 -1.077302
v -0.985514 2.501888 -1.077302
v -0.985514 2.589683 -1.077303
v 1.342873 2.589683 -1.077303
v 1.389254 2.501888 1.031008
v -1.031895 2.501888 -1.031008
v -1.031895 2.589683 -1.031008
v 1.389254 2.501888 -1.031008
v -1.031895 2.501888 1.031008
v -1.031895 2.589684 1.031008
v -0.933698 2.587935 0.937206
v -0.933698 2.587934 -0.937207
v 1.248895 2.587934 -0.979289
v -0.891536 2.587935 0.979288
v 1.248895 2.587935 0.979288
v -0.891536 2.587934 -0.979289
v 1.297501 2.509536 0.833102
v 1.297501 2.509536 0.935582
v 1.386948 2.509536 0.935582
v 1.386948 2.509536 0.833102
v 1.297501 2.348222 0.833102
v 1.328717 2.348222 0.833102
v 1.328717 2.348222 0.935582
v 1.297501 2.348222 0.935582
v 1.340504 2.411336 0.935582
v 1.340504 2.411336 0.833102
v 1.297501 2.411336 0.833102
v 1.297501 2.411336 0.935582
v 1.297501 2.453809 0.935582
v 1.386948 2.453809 0.935582
v 1.386948 2.453809 0.833102
v 1.297501 2.453809 0.833102
v 1.386948 2.453809 0.361694
v 1.297501 2.453809 0.361694
v 1.297501 2.411336 0.361694
v 1.340504 2.411336 0.361694
v 1.297501 2.509535 0.259214
v 1.297501 2.509535 0.361694
v 1.386948 2.509535 0.361694
v 1.386948 2.509535 0.259214
v 1.297501 2.348222 0.259214
v 1.328717 2.348222 0.259214
v 1.328717 2.348222 0.361694
v 1.297501 2.348222 0.361694
v 1.340504 2.411336 0.259214
v 1.297501 2.411336 0.259214
v 1.386948 2.453809 0.259214
v 1.297501 2.453809 0.259214
v 1.386948 2.453809 -0.212194
v 1.297501 2.453809 -0.212194
v 1.297501 2.411336 -0.212194
v 1.340504 2.411336 -0.212194
v 1.297501 2.509535 -0.314674
v 1.297501 2.509535 -0.212194
v 1.386948 2.509535 -0.212194
v 1.386948 2.509535 -0.314674
v 1.297501 2.348222 -0.314674
v 1.328717 2.348222 -0.314674
v 1.328717 2.348222 -0.212194
v 1.297501 2.348222 -0.212194
v 1.340504 2.411336 -0.314674
v 1.297501 2.411336 -0.314674
v 1.386948 2.453809 -0.314674
v 1.297501 2.453809 -0.314674
v 1.386948 2.453808 -0.786083
v 1.297501 2.453808 -0.786083
v 1.297501 2.411336 -0.786083
v 1.340504 2.411336 -0.786083
v 1.297501 2.509535 -0.888563
v 1.297501 2.509535 -0.786083
v 1.386948 2.509535 -0.786083
v 1.386948 2.509535 -0.888563
v 1.297501 2.348221 -0.888563
v 1.328717 2.348221 -0.888563
v 1.328717 2.348221 -0.786083
v 1.297501 2.348221 -0.786083
v 1.340504 2.411336 -0.888563
v 1.297501 2.411336 -0.888563
v 1.386948 2.453808 -0.888563
v 1.297501 2.453808 -0.888563
v 1.223493 2.453809 -1.070461
v 1.223493 2.453809 -0.981014
v 1.223493 2.411336 -0.981014
v 1.223493 2.411336 -1.024017
v 1.121012 2.509535 -0.981014
v 1.223493 2.509535 -0.981014
v 1.223493 2.509535 -1.070461
v 1.121012 2.509535 -1.070461
v 1.121012 2.348221 -0.981014
v 1.121012 2.348221 -1.012230
v 1.223493 2.348221 -1.012230
v 1.223493 2.348221 -0.981014
v 1.121012 2.411336 -1.024017
v 1.121012 2.411336 -0.981014
v 1.121012 2.453809 -1.070461
v 1.121012 2.453809 -0.981014
v 0.649604 2.453809 -1.070461
v 0.649604 2.453809 -0.981014
v 0.649604 2.411336 -0.981014
v 0.649604 2.411336 -1.024017
v 0.547124 2.509535 -0.981014
v 0.649604 2.509535 -0.981014
v 0.649604 2.509535 -1.070461
v 0.547124 2.509535 -1.070461
v 0.547124 2.348221 -0.981014
v 0.547124 2.348221 -1.012230
v 0.649604 2.348221 -1.012230
v 0.649604 2.348221 -0.981014
v 0.547124 2.411336 -1.024017
v 0.547124 2.411336 -0.981014
v 0.547124 2.453809 -1.070461
v 0.547124 2.453809 -0.981014
v -0.186787 2.453809 -1.070461
v -0.186787 2.453809 -0.981014
v -0.186787 2.411336 -0.981014
v -0.186787 2.411336 -1.024017
v -0.289267 2.509535 -0.981014
v -0.186787 2.509535 -0.981014
v -0.186787 2.509535 -1.070461
v -0.289267 2.509535 -1.070461
v -0.289267 2.348221 -0.981014
v -0.289267 2.348221 -1.012230
v -0.186787 2.348221 -1.012230
v -0.186787 2.348221 -0.981014
v -0.289267 2.411336 -1.024017
v -0.289267 2.411336 -0.981014
v -0.289267 2.453809 -1.070461
v -0.289267 2.453809 -0.981014
v -0.760675 2.453809 -1.070461
v -0.760675 2.453809 -0.981014
v -0.760675 2.411336 -0.981014
v -0.760675 2.411336 -1.024017
v -0.863155 2.509535 -0.981014
v -0.760675 2.509535 -0.981014
v -0.760675 2.509535 -1.070461
v -0.863155 2.509535 -1.070461
v -0.863155 2.348221 -0.981014
v -0.863155 2.348221 -1.012230
v -0.760675 2.348221 -1.012230
v -0.760675 2.348221 -0.981014
v -0.863155 2.411336 -1.024017
v -0.863155 2.411336 -0.981014
v -0.863155 2.453809 -1.070461
v -0.863155 2.453809 -0.981014
v -1.029589 2.453808 -0.935583
v -0.940142 2.453808 -0.935583
v -0.940142 2.411336 -0.935583
v -0.983145 2.411336 -0.935583
v -0.940142 2.509535 -0.833103
v -0.940142 2.509535 -0.935583
v -1.029589 2.509535 -0.935583
v -1.029589 2.509535 -0.833103
v -0.940142 2.348221 -0.833103
v -0.971358 2.348221 -0.833103
v -0.971358 2.348221 -0.935583
v -0.940142 2.348221 -0.935583
v -0.983145 2.411336 -0.833103
v -0.940142 2.411336 -0.833103
v -1.029589 2.453808 -0.833103
v -0.940142 2.453808 -0.833103
v -1.029589 2.453809 -0.361695
v -0.940142 2.453809 -0.361695
v -0.940142 2.411336 -0.361695
v -0.983145 2.411336 -0.361695
v -0.940142 2.509536 -0.259215
v -0.940142 2.509536 -0.361695
v -1.029589 2.509536 -0.361695
v -1.029589 2.509536 -0.259215
v -0.940142 2.348222 -0.259215
v -0.971358 2.348222 -0.259215
v -0.971358 2.348222 -0.361695
v -0.940142 2.348222 -0.361695
v -0.983145 2.411336 -0.259215
v -0.940142 2.411336 -0.259215
v -1.029589 2.453809 -0.259215
v -0.940142 2.453809 -0.259215
v -1.029589 2.453809 0.212194
v -0.940142 2.453809 0.212194
v -0.940142 2.411336 0.212194
v -0.983145 2.411336 0.212194
v -0.940142 2.509536 0.314674
v -0.940142 2.509536 0.212194
v -1.029589 2.509536 0.212194
v -1.029589 2.509536 0.314674
v -0.940142 2.348222 0.314674
v -0.971358 2.348222 0.314674
v -0.971358 2.348222 0.212194
v -0.940142 2.348222 0.212194
v -0.983145 2.411336 0.314674
v -0.940142 2.411336 0.314674
v -1.029589 2.453809 0.314674
v -0.940142 2.453809 0.314674
v -1.029589 2.453809 0.786082
v -0.940142 2.453809 0.786082
v -0.940142 2.411336 0.786082
v -0.983145 2.411336 0.786082
v -0.940142 2.509536 0.888562
v -0.940142 2.509536 0.786082
v -1.029589 2.509536 0.786082
v -1.029589 2.509536 0.888562
v -0.940142 2.348222 0.888562
v -0.971358 2.348222 0.888562
v -0.971358 2.348222 0.786082
v -0.940142 2.348222 0.786082
v -0.983145 2.411336 0.888562
v -0.940142 2.411336 0.888562
v -1.029589 2.453809 0.888562
v -0.940142 2.453809 0.888562
v -0.866134 2.453809 1.070461
v -0.866134 2.453809 0.981013
v -0.866134 2.411336 0.981013
v -0.866134 2.411336 1.024016
v -0.763653 2.509536 0.981013
v -0.866134 2.509536 0.981013
v -0.866134 2.509536 1.070461
v -0.763653 2.509536 1.070461
v -0.763653 2.348222 0.981013
v -0.763653 2.348222 1.012229
v -0.866134 2.348222 1.012229
v -0.866134 2.348222 0.981013
v -0.763653 2.411336 1.024016
v -0.763653 2.411336 0.981013
v -0.763653 2.453809 1.070461
v -0.763653 2.453809 0.981013
v -0.292245 2.453809 1.070461
v -0.292245 2.453809 0.981013
v -0.292245 2.411336 0.981013
v -0.292245 2.411336 1.024016
v -0.189765 2.509536 0.981013
v -0.292245 2.509536 0.981013
v -0.292245 2.509536 1.070461
v -0.189765 2.509536 1.070461
v -0.189765 2.348222 0.981013
v -0.189765 2.348222 1.012229
v -0.292245 2.348222 1.012229
v -0.292245 2.348222 0.981013
v -0.189765 2.411336 1.024016
v -0.189765 2.411336 0.981013
v -0.189765 2.453809 1.070461
v -0.189765 2.453809 0.981013
v 0.544146 2.453809 1.070461
v 0.544146 2.453809 0.981013
v 0.544146 2.411336 0.981013
v 0.544146 2.411336 1.024016
v 0.646626 2.509536 0.981013
v 0.544146 2.509536 0.981013
v 0.544146 2.509536 1.070461
v 0.646626 2.509536 1.070461
v 0.646626 2.348222 0.981013
v 0.646626 2.348222 1.012229
v 0.544146 2.348222 1.012229
v 0.544146 2.348222 0.981013
v 0.646626 2.411336 1.024016
v 0.646626 2.411336 0.981013
v 0.646626 2.453809 1.070461
v 0.646626 2.453809 0.981013
v 1.118034 2.453809 1.070461
v 1.118034 2.453809 0.981013
v 1.118034 2.411336 0.981013
v 1.118034 2.411336 1.024016
v 1.220514 2.509536 0.981013
v 1.118034 2.509536 0.981013
v 1.118034 2.509536 1.070461
v 1.220514 2.509536 1.070461
v 1.220514 2.348222 0.981013
v 1.220514 2.348222 1.012229
v 1.118034 2.348222 1.012229
v 1.118034 2.348222 0.981013
v 1.220514 2.411336 1.024016
v 1.220514 2.411336 0.981013
v 1.220514 2.453809 1.070461
v 1.220514 2.453809 0.981013
v 1.389254 3.772901 1.031007
v 1.389254 3.772900 -1.031009
v 1.291057 3.771151 -0.937207
v 1.291057 3.771152 0.937206
v -0.985514 3.685106 1.077301
v 1.342873 3.685106 1.077301
v 1.342873 3.772901 1.077301
v -0.985514 3.772901 1.077301
v 1.342873 3.685105 -1.077303
v -0.985514 3.685105 -1.077303
v -0.985514 3.772900 -1.077303
v 1.342873 3.772900 -1.077303
v 1.389254 3.685106 1.031007
v -1.031895 3.685105 -1.031009
v -1.031895 3.772900 -1.031009
v 1.389254 3.685105 -1.031009
v -1.031895 3.685106 1.031007
v -1.031895 3.772901 1.031007
v -0.933698 3.771152 0.937206
v -0.933698 3.771151 -0.937207
v 1.248895 3.771151 -0.979289
v -0.891536 3.771152 0.979288
v 1.248895 3.771152 0.979288
v -0.891536 3.771151 -0.979289
v 1.297501 3.692753 0.833102
v 1.297501 3.692753 0.935582
v 1.386948 3.692753 0.935582
v 1.386948 3.692753 0.833102
v 1.297501 3.531439 0.833102
v 1.328717 3.531439 0.833102
v 1.328717 3.531439 0.935582
v 1.297501 3.531439 0.935582
v 1.340504 3.594553 0.935582
v 1.340504 3.594553 0.833102
v 1.297501 3.594553 0.833102
v 1.297501 3.594553 0.935582
v 1.297501 3.637026 0.935582
v 1.386948 3.637026 0.935582
v 1.386948 3.637026 0.833102
v 1.297501 3.637026 0.833102
v 1.386948 3.637026 0.361694
v 1.297501 3.637026 0.361694
v 1.297501 3.594553 0.361694
v 1.340504 3.594553 0.361694
v 1.297501 3.692753 0.259214
v 1.297501 3.692753 0.361694
v 1.386948 3.692753 0.361694
v 1.386948 3.692753 0.259214
v 1.297501 3.531439 0.259214
v 1.328717 3.531439 0.259214
v 1.328717 3.531439 0.361694
v 1.297501 3.531439 0.361694
v 1.340504 3.594553 0.259214
v 1.297501 3.594553 0.259214
v 1.386948 3.637026 0.259214
v 1.297501 3.637026 0.259214
v 1.386948 3.637026 -0.212195
v 1.297501 3.637026 -0.212195
v 1.297501 3.594553 -0.212195
v 1.340504 3.594553 -0.212195
v 1.297501 3.692753 -0.314675
v 1.297501 3.692753 -0.212195
v 1.386948 3.692753 -0.212195
v 1.386948 3.692753 -0.314675
v 1.297501 3.531439 -0.314675
v 1.328717 3.531439 -0.314675
v 1.328717 3.531439 -0.212195
v 1.297501 3.531439 -0.212195
v 1.340504 3.594553 -0.314675
v 1.297501 3.594553 -0.314675
v 1.386948 3.637026 -0.314675
v 1.297501 3.637026 -0.314675
v 1.386948 3.637026 -0.786083
v 1.297501 3.637026 -0.786083
v 1.297501 3.594553 -0.786083
v 1.340504 3.594553 -0.786083
v 1.297501 3.692753 -0.888563
v 1.297501 3.692753 -0.786083
v 1.386948 3.692753 -0.786083
v 1.386948 3.692753 -0.888563
v 1.297501 3.531439 -0.888563
v 1.328717 3.531439 -0.888563
v 1.328717 3.531439 -0.786083
v 1.297501 3.531439 -0.786083
v 1.340504 3.594553 -0.888563
v 1.297501 3.594553 -0.888563
v 1.386948 3.637026 -0.888563
v 1.297501 3.637026 -0.888563
v 1.223493 3.637026 -1.070462
v 1.223493 3.637026 -0.981014
v 1.223493 3.594553 -0.981014
v 1.223493 3.594553 -1.024017
v 1.121012 3.692753 -0.981014
v 1.223493 3.692753 -0.981014
v 1.223493 3.692753 -1.070462
v 1.121012 3.692753 -1.070462
v 1.121012 3.531439 -0.981014
v 1.121012 3.531439 -1.012230
v 1.223493 3.531439 -1.012230
v 1.223493 3.531439 -0.981014
v 1.121012 3.594553 -1.024017
v 1.121012 3.594553 -0.981014
v 1.121012 3.637026 -1.070462
v 1.121012 3.637026 -0.981014
v 0.649604 3.637026 -1.070462
v 0.649604 3.637026 -0.981014
v 0.649604 3.594553 -0.981014
v 0.649604 3.594553 -1.024017
v 0.547124 3.692753 -0.981014
v 0.649604 3.692753 -0.981014
v 0.649604 3.692753 -1.070462
v 0.547124 3.692753 -1.070462
v 0.547124 3.531439 -0.981014
v 0.547124 3.531439 -1.012230
v 0.649604 3.531439 -1.012230
v 0.649604 3.531439 -0.981014
v 0.547124 3.594553 -1.024017
v 0.547124 3.594553 -0.981014
v 0.547124 3.637026 -1.070462
v 0.547124 3.637026 -0.981014
v -0.186787 3.637026 -1.070462
v -0.186787 3.637026 -0.981014
v -0.186787 3.594553 -0.981014
v -0.186787 3.594553 -1.024017
v -0.289267 3.692753 -0.981014
v -0.186787 3.692753 -0.981014
v -0.186787 3.692753 -1.070462
v -0.289267 3.692753 -1.070462
v -0.289267 3.531439 -0.981014
v -0.289267 3.531439 -1.012230
v -0.186787 3.531439 -1.012230
v -0.186787 3.531439 -0.981014
v -0.289267 3.594553 -1.024017
v -0.289267 3.594553 -0.981014
v -0.289267 3.637026 -1.070462
v -0.289267 3.637026 -0.981014
v -0.760675 3.637026 -1.070462
v -0.760675 3.637026 -0.981014
v -0.760675 3.594553 -0.981014
v -0.760675 3.594553 -1.024017
v -0.863155 3.692753 -0.981014
v -0.760675 3.692753 -0.981014
v -0.760675 3.692753 -1.070462
v -0.863155 3.692753 -1.070462
v -0.863155 3.531439 -0.981014
v -0.863155 3.531439 -1.012230
v -0.760675 3.531439 -1.012230
v -0.760675 3.531439 -0.981014
v -0.863155 3.594553 -1.024017
v -0.863155 3.594553 -0.981014
v -0.863155 3.637026 -1.070462
v -0.863155 3.637026 -0.981014
v -1.029589 3.637026 -0.935583
v -0.940142 3.637026 -0.935583
v -0.940142 3.594553 -0.935583
v -0.983145 3.594553 -0.935583
v -0.940142 3.692753 -0.833103
v -0.940142 3.692753 -0.935583
v -1.029589 3.692753 -0.935583
v -1.029589 3.692753 -0.833103
v -0.940142 3.531439 -0.833103
v -0.971358 3.531439 -0.833103
v -0.971358 3.531439 -0.935583
v -0.940142 3.531439 -0.935583
v -0.983145 3.594553 -0.833103
v -0.940142 3.594553 -0.833103
v -1.029589 3.637026 -0.833103
v -0.940142 3.637026 -0.833103
v -1.029589 3.637026 -0.361695
v -0.940142 3.637026 -0.361695
v -0.940142 3.594553 -0.361695
v -0.983145 3.594553 -0.361695
v -0.940142 3.692753 -0.259215
v -0.940142 3.692753 -0.361695
v -1.029589 3.692753 -0.361695
v -1.029589 3.692753 -0.259215
v -0.940142 3.531439 -0.259215
v -0.971358 3.531439 -0.259215
v -0.971358 3.531439 -0.361695
v -0.940142 3.531439 -0.361695
v -0.983145 3.594553 -0.259215
v -0.940142 3.594553 -0.259215
v -1.029589 3.637026 -0.259215
v -0.940142 3.637026 -0.259215
v -1.029589 3.637026 0.212193
v -0.940142 3.637026 0.212193
v -0.940142 3.594553 0.212193
v -0.983145 3.594553 0.212193
v -0.940142 3.692753 0.314673
v -0.940142 3.692753 0.212193
v -1.029589 3.692753 0.212193
v -1.029589 3.692753 0.314673
v -0.940142 3.531439 0.314673
v -0.971358 3.531439 0.314673
v -0.971358 3.531439 0.212193
v -0.940142 3.531439 0.212193
v -0.983145 3.594553 0.314673
v -0.940142 3.594553 0.314673
v -1.029589 3.637026 0.314673
v -0.940142 3.637026 0.314673
v -1.029589 3.637026 0.786082
v -0.940142 3.637026 0.786082
v -0.940142 3.594553 0.786082
v -0.983145 3.594553 0.786082
v -0.940142 3.692753 0.888562
v -0.940142 3.692753 0.786082
v -1.029589 3.692753 0.786082
v -1.029589 3.692753 0.888562
v -0.940142 3.531439 0.888562
v -0.971358 3.531439 0.888562
v -0.971358 3.531439 0.786082
v -0.940142 3.531439 0.786082
v -0.983145 3.594553 0.888562
v -0.940142 3.594553 0.888562
v -1.029589 3.637026 0.888562
v -0.940142 3.637026 0.888562
v -0.866134 3.637026 1.070461
v -0.866134 3.637026 0.981013
v -0.866134 3.594554 0.981013
v -0.866134 3.594554 1.024016
v -0.763653 3.692753 0.981013
v -0.866134 3.692753 0.981013
v -0.866134 3.692753 1.070461
v -0.763653 3.692753 1.070461
v -0.763653 3.531440 0.981013
v -0.763653 3.531440 1.012229
v -0.866134 3.531440 1.012229
v -0.866134 3.531440 0.981013
v -0.763653 3.594554 1.024016
v -0.763653 3.594554 0.981013
v -0.763653 3.637026 1.070461
v -0.763653 3.637026 0.981013
v -0.292245 3.637026 1.070461
v -0.292245 3.637026 0.981013
v -0.292245 3.594554 0.981013
v -0.292245 3.594554 1.024016
v -0.189765 3.692753 0.981013
v -0.292245 3.692753 0.981013
v -0.292245 3.692753 1.070461
v -0.189765 3.692753 1.070461
v -0.189765 3.531440 0.981013
v -0.189765 3.531440 1.012229
v -0.292245 3.531440 1.012229
v -0.292245 3.531440 0.981013
v -0.189765 3.594554 1.024016
v -0.189765 3.594554 0.981013
v -0.189765 3.637026 1.070461
v -0.189765 3.637026 0.981013
v 0.544146 3.637026 1.070461
v 0.544146 3.637026 0.981013
v 0.544146 3.594554 0.981013
v 0.544146 3.594554 1.024016
v 0.646626 3.692753 0.981013
v 0.544146 3.692753 0.981013
v 0.544146 3.692753 1.070461
v 0.646626 3.692753 1.070461
v 0.646626 3.531440 0.981013
v 0.646626 3.531440 1.012229
v 0.544146 3.531440 1.012229
v 0.544146 3.531440 0.981013
v 0.646626 3.594554 1.024016
v 0.646626 3.594554 0.981013
v 0.646626 3.637026 1.070461
v 0.646626 3.637026 0.981013
v 1.118034 3.637026 1.070461
v 1.118034 3.637026 0.981013
v 1.118034 3.594554 0.981013
v 1.118034 3.594554 1.024016
v 1.220514 3.692753 0.981013
v 1.118034 3.692753 0.981013
v 1.118034 3.692753 1.070461
v 1.220514 3.692753 1.070461
v 1.220514 3.531440 0.981013
v 1.220514 3.531440 1.012229
v 1.118034 3.531440 1.012229
v 1.118034 3.531440 0.981013
v 1.220514 3.594554 1.024016
v 1.220514 3.594554 0.981013
v 1.220514 3.637026 1.070461
v 1.220514 3.637026 0.981013
v 0.794551 5.088593 -0.576429
v 0.557061 5.088593 -0.576429
v 0.557061 5.088593 -0.418587
v 0.794551 5.088593 -0.418587
v 0.818424 4.911866 -0.576429
v 0.818424 5.073802 -0.576429
v 0.818424 5.073802 -0.418587
v 0.818424 4.911866 -0.418587
v 1.145770 5.088593 -0.576429
v 0.908280 5.088593 -0.576429
v 0.908280 5.088593 -0.418587
v 1.145770 5.088593 -0.418587
v 0.533189 4.911866 -0.418587
v 0.533189 5.073802 -0.418587
v 0.533189 5.073802 -0.576429
v 0.533189 4.911866 -0.576429
v 1.169642 4.911866 -0.576429
v 1.169642 5.073802 -0.576429
v 1.169642 5.073802 -0.418587
v 1.169642 4.911866 -0.418587
v 0.884407 4.911866 -0.418587
v 0.884407 5.073802 -0.418587
v 0.884407 5.073802 -0.576429
v 0.884407 4.911866 -0.576429
v 0.446521 5.088593 -0.576429
v 0.209031 5.088593 -0.576429
v 0.209031 5.088593 -0.418587
v 0.446521 5.088593 -0.418587
v 0.470393 4.911866 -0.576429
v 0.470393 5.073802 -0.576429
v 0.470393 5.073802 -0.418587
v 0.470393 4.911866 -0.418587
v 0.185159 4.911866 -0.418587
v 0.185159 5.073802 -0.418587
v 0.185159 5.073802 -0.576429
v 0.185159 4.911866 -0.576429
v 1.326099 0.568107 1.009521
v 1.326099 0.708389 1.009521
v 1.185817 0.708389 1.009521
v 1.185817 0.568107 1.009521
v 1.185817 0.568107 0.764012
v 1.185817 0.708389 0.764012
v 1.326099 0.708389 0.764012
v 1.326099 0.568107 0.764012
v 1.185818 3.958210 0.764012
v 1.185818 3.958210 1.009521
v 1.326099 3.958210 1.009521
v 1.326099 3.958210 0.764012
v 1.326099 3.817928 0.764012
v 1.326099 3.817929 1.009521
v 1.185818 3.817929 1.009521
v 1.185818 3.817928 0.764012
v 1.326099 0.681610 0.529003
v 1.326099 0.821892 0.529003
v 1.185817 0.821892 0.529003
v 1.185817 0.681610 0.529003
v 1.185817 0.681610 0.283494
v 1.185817 0.821892 0.283494
v 1.326099 0.821892 0.283494
v 1.326099 0.681610 0.283494
v 1.326099 3.819069 -0.140261
v 1.326099 3.959350 -0.140261
v 1.185818 3.959350 -0.140261
v 1.185818 3.819069 -0.140261
v 1.185818 3.819069 -0.351059
v 1.185818 3.959350 -0.351059
v 1.326099 3.959350 -0.351059
v 1.326099 3.819069 -0.351059
v 1.326099 3.976143 -0.010268
v 1.326099 4.116425 -0.010268
v 1.185818 4.116425 -0.010268
v 1.185818 3.976143 -0.010268
v 1.185818 4.629134 0.764012
v 1.185818 4.629135 1.009521
v 1.326099 4.629135 1.009521
v 1.326099 4.629134 0.764012
v 1.185818 3.976143 -0.255777
v 1.185818 4.116425 -0.255777
v 1.326099 4.116425 -0.255777
v 1.326099 3.976143 -0.255777
v 1.326099 4.280795 0.860033
v 1.326099 4.421076 0.860033
v 1.185818 4.421076 0.860033
v 1.185818 4.280795 0.860033
v 1.185818 4.488853 1.009521
v 1.185818 4.488853 0.764012
v 1.326099 4.488853 0.764012
v 1.326099 4.488853 1.009521
v 1.185818 4.280795 0.614524
v 1.185818 4.421076 0.614524
v 1.326099 4.421076 0.614524
v 1.326099 4.280795 0.614524
v 1.326099 0.515269 0.117730
v 1.326099 0.655551 0.117730
v 1.185817 0.655551 0.117730
v 1.185817 0.515269 0.117730
v 1.185817 0.515269 -0.127779
v 1.185817 0.655551 -0.127779
v 1.326099 0.655551 -0.127779
v 1.326099 0.515269 -0.127779
v 1.326099 1.252479 -0.508140
v 1.326099 1.392760 -0.508140
v 1.185817 1.392760 -0.508140
v 1.185817 1.252479 -0.508140
v 1.185817 1.252478 -0.753649
v 1.185817 1.392760 -0.753649
v 1.326099 1.392760 -0.753649
v 1.326099 1.252478 -0.753649
v -0.176966 0.598429 -1.016168
v -0.176966 0.738710 -1.016168
v -0.176966 0.738710 -0.875887
v -0.176966 0.598429 -0.875887
v -0.422475 0.598429 -0.875887
v -0.422475 0.738710 -0.875887
v -0.422475 0.738710 -1.016168
v -0.422475 0.598429 -1.016168
v 1.316468 0.778116 -0.769726
v 1.316468 0.918397 -0.769726
v 1.176186 0.918397 -0.769726
v 1.176186 0.778116 -0.769726
v 1.176186 0.918397 -1.015235
v 1.176186 0.778116 -1.015235
v 1.316468 0.918397 -1.015235
v 1.316468 0.778116 -1.015235
v 1.056438 0.486788 -1.016168
v 1.056438 0.627069 -1.016168
v 1.056438 0.627069 -0.875887
v 1.056438 0.486788 -0.875887
v 0.810929 0.486788 -0.875887
v 0.810929 0.627069 -0.875887
v 0.810929 0.627069 -1.016168
v 0.810929 0.486788 -1.016168
v 1.073943 4.152384 -0.875887
v 1.319452 4.152384 -0.875887
v 1.319452 4.152383 -1.016169
v 1.073943 4.152383 -1.016169
v -0.151226 4.417785 -0.875887
v -0.396736 4.417785 -0.875887
v -0.396736 4.417785 -1.016169
v -0.151226 4.417785 -1.016169
v 1.319452 4.012103 -0.875887
v 1.073943 4.012103 -0.875887
v 1.073943 4.012102 -1.016169
v 1.319452 4.012102 -1.016169
v -0.151226 4.558066 -1.016169
v -0.151226 4.558067 -0.875887
v -0.396736 4.558066 -1.016169
v -0.396736 4.558067 -0.875887
v 0.600113 4.087217 -1.016169
v 0.600113 4.227499 -1.016169
v 0.600113 4.227499 -0.875887
v 0.600113 4.087218 -0.875887
v 0.354604 4.087218 -0.875887
v 0.354604 4.227499 -0.875887
v 0.354604 4.227499 -1.016169
v 0.354604 4.087217 -1.016169
v -0.968740 0.950008 -1.009521
v -0.968740 1.090290 -1.009521
v -0.828458 1.090290 -1.009521
v -0.828458 0.950008 -1.009521
v -0.828459 0.950008 -0.764012
v -0.828458 1.090290 -0.764012
v -0.968740 1.090290 -0.764013
v -0.968740 0.950008 -0.764013
v -0.968740 0.967346 -0.529003
v -0.968740 1.107628 -0.529003
v -0.828458 1.107628 -0.529003
v -0.828459 0.967346 -0.529003
v -0.828459 0.967346 -0.283494
v -0.828458 1.107628 -0.283494
v -0.968740 1.107628 -0.283494
v -0.968740 0.967346 -0.283494
v -0.968740 3.818174 -0.387038
v -0.968740 3.958455 -0.387038
v -0.828458 3.958455 -0.387038
v -0.828458 3.818174 -0.387038
v -0.828458 3.818174 -0.176240
v -0.828458 3.958455 -0.176240
v -0.968740 3.958455 -0.176240
v -0.968740 3.818174 -0.176240
v -0.968740 3.975248 -0.517030
v -0.968740 4.115529 -0.517030
v -0.828458 4.115529 -0.517030
v -0.828458 3.975248 -0.517030
v -0.828458 4.357782 -0.764013
v -0.828458 4.357782 -1.009522
v -0.968740 4.357782 -1.009522
v -0.968740 4.357782 -0.764013
v -0.828458 3.975248 -0.271521
v -0.828458 4.115529 -0.271521
v -0.968740 4.115529 -0.271521
v -0.968740 3.975248 -0.271521
v -0.968740 4.323051 0.468331
v -0.968740 4.463333 0.468331
v -0.828458 4.463333 0.468331
v -0.828458 4.323051 0.468331
v -0.828458 4.217501 -1.009522
v -0.828458 4.217501 -0.764013
v -0.968740 4.217501 -0.764013
v -0.968740 4.217501 -1.009522
v -0.828458 4.323051 0.713840
v -0.828458 4.463333 0.713840
v -0.968740 4.463333 0.713840
v -0.968740 4.323051 0.713840
v -0.968740 0.515269 -0.117730
v -0.968740 0.655551 -0.117730
v -0.828459 0.655551 -0.117730
v -0.828459 0.515269 -0.117730
v -0.828459 0.515269 0.127779
v -0.828459 0.655551 0.127779
v -0.968740 0.655551 0.127779
v -0.968740 0.515269 0.127779
v -0.968740 4.139906 -0.387038
v -0.968740 4.280187 -0.387038
v -0.828458 4.280187 -0.387038
v -0.828458 4.139906 -0.387038
v -0.828458 4.139906 -0.141529
v -0.828458 4.280187 -0.141529
v -0.968740 4.280187 -0.141529
v -0.968740 4.139906 -0.141529
v -0.962093 0.621906 1.016168
v -0.962093 0.762187 1.016168
v -0.962093 0.762187 0.875886
v -0.962093 0.621906 0.875887
v -0.716584 0.621906 0.875887
v -0.716584 0.762187 0.875887
v -0.716584 0.762187 1.016168
v -0.716584 0.621906 1.016168
v -0.959109 0.778116 0.769725
v -0.959109 0.918397 0.769725
v -0.818827 0.918397 0.769725
v -0.818827 0.778116 0.769725
v -0.818827 0.918397 1.015235
v -0.818827 0.778116 1.015235
v -0.959109 0.918397 1.015235
v -0.959109 0.778116 1.015235
v -0.518027 0.969010 1.016168
v -0.518027 1.109291 1.016168
v -0.518027 1.109291 0.875886
v -0.518027 0.969010 0.875886
v -0.272518 0.969010 0.875886
v -0.272518 1.109291 0.875886
v -0.272518 1.109291 1.016168
v -0.272518 0.969010 1.016168
v -0.716584 4.085694 0.875886
v -0.962093 4.085694 0.875886
v -0.962093 4.085695 1.016167
v -0.716584 4.085695 1.016167
v -0.962093 3.945413 0.875886
v -0.716584 3.945413 0.875886
v -0.716584 3.945414 1.016167
v -0.962093 3.945414 1.016167
v -0.366983 3.800524 1.016168
v -0.366983 3.940804 1.016168
v -0.366983 3.940804 0.875886
v -0.366983 3.800523 0.875886
v -0.121474 3.800523 0.875886
v -0.121474 3.940804 0.875886
v -0.121474 3.940804 1.016168
v -0.121474 3.800524 1.016168
v -0.770712 4.948365 -0.887552
v -0.770712 4.964853 -0.916110
v 1.178260 4.964853 -0.916110
v 1.178260 4.948365 -0.887552
v -0.770712 4.997828 -0.916110
v 1.178260 4.997830 -0.916110
v -0.770712 5.014316 -0.887552
v 1.178260 5.014316 -0.887552
v -0.770712 4.997828 -0.858994
v 1.178260 4.997828 -0.858994
v -0.770712 4.964853 -0.858994
v 1.178260 4.964853 -0.858994
v -0.834341 4.988632 -0.887552
v -0.824874 4.975132 -0.858994
v -0.805942 4.948134 -0.916110
v -0.824874 4.975132 -0.916110
v -0.805942 4.948134 -0.858994
v -0.796476 4.934633 -0.887552
v -0.819235 4.918353 -0.858994
v -0.804707 4.918353 -0.887552
v -0.848292 4.918353 -0.858994
v -0.848292 4.918353 -0.916110
v -0.862820 4.918353 -0.887552
v -0.819235 4.918353 -0.916110
v 1.219263 4.948365 -0.875427
v 1.234353 4.964853 -0.899672
v 1.234353 4.997828 -0.899672
v 1.219263 5.014316 -0.875427
v 1.204173 4.997828 -0.851181
v 1.204173 4.964853 -0.851181
v 1.247677 5.014316 -0.700243
v 1.219120 4.997828 -0.700078
v 1.219432 4.975132 -0.645917
v 1.248044 4.988632 -0.636615
v 1.276235 4.964853 -0.700407
v 1.276235 4.997828 -0.700407
v 1.276547 4.975132 -0.646246
v 1.276438 4.948134 -0.665178
v 1.219120 4.964853 -0.700078
v 1.219323 4.948134 -0.664849
v 1.247677 4.948365 -0.700243
v 1.247826 4.934633 -0.674480
v 1.247873 4.918354 -0.666249
v 1.219400 4.918354 -0.651556
v 1.219567 4.918354 -0.622500
v 1.248208 4.918354 -0.608136
v 1.276682 4.918354 -0.622829
v 1.276514 4.918354 -0.651885
v 1.215939 4.964853 -0.825374
v 1.244497 4.948365 -0.825539
v 1.215939 4.997828 -0.825374
v 1.244497 5.014316 -0.825539
v 1.273054 4.997828 -0.825703
v 1.273054 4.964853 -0.825703
v -0.774723 4.948365 -0.772777
v -0.561035 4.948365 -0.772777
v -0.561035 4.964853 -0.744219
v -0.774723 4.964853 -0.744219
v -0.561035 4.997828 -0.744219
v -0.774723 4.997828 -0.744219
v -0.561035 5.014316 -0.772777
v -0.774723 5.014316 -0.772777
v -0.561035 4.997828 -0.801335
v -0.774723 4.997828 -0.801335
v -0.561035 4.964853 -0.801335
v -0.774723 4.964853 -0.801335
v -0.828885 4.975132 -0.801335
v -0.838351 4.988632 -0.772777
v -0.828885 4.975132 -0.744219
v -0.809953 4.948133 -0.744219
v -0.809953 4.948133 -0.801335
v -0.800486 4.934633 -0.772777
v -0.808717 4.918353 -0.772777
v -0.823246 4.918353 -0.801335
v -0.852302 4.918353 -0.801335
v -0.866831 4.918353 -0.772777
v -0.852302 4.918353 -0.744219
v -0.823246 4.918353 -0.744219
v 0.030813 4.948365 -0.772777
v 0.030813 4.964853 -0.744219
v 0.030813 4.997828 -0.744219
v 0.030813 5.014316 -0.772777
v 0.030813 4.997828 -0.801335
v 0.030813 4.964853 -0.801335
v 0.094441 4.988632 -0.772777
v 0.084975 4.975132 -0.801335
v 0.066043 4.948133 -0.744219
v 0.084975 4.975132 -0.744219
v 0.066043 4.948133 -0.801335
v 0.056576 4.934633 -0.772777
v 0.079336 4.918353 -0.801335
v 0.064808 4.918353 -0.772777
v 0.108392 4.918353 -0.801335
v 0.108392 4.918353 -0.744219
v 0.122921 4.918353 -0.772777
v 0.079336 4.918353 -0.744219
v -0.774723 4.948365 -0.646651
v -0.561035 4.948365 -0.646651
v -0.561035 4.964853 -0.618093
v -0.774723 4.964853 -0.618093
v -0.561035 4.997828 -0.618093
v -0.774723 4.997828 -0.618093
v -0.561035 5.014316 -0.646651
v -0.774723 5.014316 -0.646651
v -0.561035 4.997828 -0.675209
v -0.774723 4.997828 -0.675209
v -0.561035 4.964853 -0.675209
v -0.774723 4.964853 -0.675209
v -0.828885 4.975132 -0.675209
v -0.838351 4.988632 -0.646651
v -0.828885 4.975132 -0.618093
v -0.809953 4.948133 -0.618093
v -0.809953 4.948133 -0.675209
v -0.800486 4.934633 -0.646651
v -0.808717 4.918353 -0.646651
v -0.823246 4.918353 -0.675209
v -0.852302 4.918353 -0.675209
v -0.866831 4.918353 -0.646651
v -0.852302 4.918353 -0.618093
v -0.823246 4.918353 -0.618093
v 0.030813 4.948365 -0.646651
v 0.030813 4.964853 -0.618093
v 0.030813 4.997828 -0.618093
v 0.030813 5.014316 -0.646651
v 0.030813 4.997828 -0.675209
v 0.030813 4.964853 -0.675209
v 0.094441 4.988632 -0.646651
v 0.084975 4.975132 -0.675209
v 0.066043 4.948133 -0.618093
v 0.084975 4.975132 -0.618093
v 0.066043 4.948133 -0.675209
v 0.056576 4.934633 -0.646651
v 0.079336 4.918353 -0.675209
v 0.064808 4.918353 -0.646651
v 0.108392 4.918353 -0.675209
v 0.108392 4.918353 -0.618093
v 0.122921 4.918353 -0.646651
v 0.079336 4.918353 -0.618093
v 1.326099 2.450010 -0.508140
v 1.326099 2.590292 -0.508140
v 1.185818 2.590292 -0.508140
v 1.185818 2.450010 -0.508140
v 1.185818 2.450010 -0.753649
v 1.185818 2.590292 -0.753649
v 1.326099 2.590292 -0.753649
v 1.326099 2.450010 -0.753649
v -0.551707 2.347532 -1.016169
v -0.551707 2.487814 -1.016169
v -0.551707 2.487814 -0.875887
v -0.551707 2.347532 -0.875887
v -0.797216 2.347532 -0.875887
v -0.797216 2.487814 -0.875887
v -0.797216 2.487814 -1.016169
v -0.797216 2.347532 -1.016169
v 1.326099 3.633228 -0.508140
v 1.326099 3.773509 -0.508140
v 1.185818 3.773509 -0.508140
v 1.185818 3.633228 -0.508140
v 1.185818 3.633228 -0.753650
v 1.185818 3.773509 -0.753650
v 1.326099 3.773509 -0.753650
v 1.326099 3.633228 -0.753650
v 0.991877 3.477927 -1.016169
v 0.991877 3.618209 -1.016169
v 0.991877 3.618209 -0.875887
v 0.991877 3.477928 -0.875887
v 0.746368 3.477928 -0.875887
v 0.746368 3.618209 -0.875887
v 0.746368 3.618209 -1.016169
v 0.746368 3.477927 -1.016169
v -0.721068 3.323871 1.006536
v -0.721068 3.323871 0.866255
v -0.721068 3.464152 0.866255
v -0.721068 3.464153 1.006536
v -0.966577 3.323871 0.866255
v -0.966577 3.464152 0.866255
v -0.966577 3.323871 1.006536
v -0.966577 3.464153 1.006536
v -0.967510 3.179445 -0.608977
v -0.827229 3.179445 -0.608977
v -0.827229 3.319726 -0.608977
v -0.967510 3.319726 -0.608977
v -0.827229 3.179445 -0.819774
v -0.967510 3.179445 -0.819774
v -0.967510 3.319726 -0.819774
v -0.827229 3.319726 -0.819774
v -0.967510 3.336519 -0.478984
v -0.827229 3.336519 -0.478984
v -0.827229 3.476801 -0.478984
v -0.967510 3.476801 -0.478984
v -0.827229 3.336519 -0.724493
v -0.967510 3.336519 -0.724493
v -0.967510 3.476801 -0.724493
v -0.827229 3.476801 -0.724493
v -0.967510 3.103166 0.860033
v -0.827229 3.103166 0.860033
v -0.827229 3.243448 0.860033
v -0.967510 3.243448 0.860033
v -0.827229 3.103166 0.614524
v -0.967510 3.103166 0.614524
v -0.967510 3.243448 0.614524
v -0.827229 3.243448 0.614524
v -0.715355 2.974755 -0.875887
v -0.715355 2.974755 -1.016168
v -0.960864 2.974755 -1.016168
v -0.960864 2.974755 -0.875887
v -0.960864 2.834474 -0.875887
v -0.960864 2.834474 -1.016168
v -0.715355 2.834474 -1.016168
v -0.715355 2.834474 -0.875887
v 0.032451 2.849240 -1.016169
v 0.032451 2.849240 -0.875887
v 0.032451 2.989521 -0.875887
v 0.032451 2.989521 -1.016169
v 0.277960 2.849240 -0.875887
v 0.277960 2.849240 -1.016169
v 0.277960 2.989521 -1.016169
v 0.277960 2.989521 -0.875887
v 1.327328 3.116616 -0.387037
v 1.187047 3.116616 -0.387037
v 1.187047 3.256898 -0.387037
v 1.327328 3.256898 -0.387037
v 1.187047 3.116616 -0.176240
v 1.327328 3.116616 -0.176240
v 1.327328 3.256898 -0.176240
v 1.187047 3.256898 -0.176240
v 1.327328 3.273691 -0.517030
v 1.187047 3.273691 -0.517030
v 1.187047 3.413972 -0.517030
v 1.327329 3.413972 -0.517030
v 1.187047 3.180154 -0.764013
v 1.327328 3.180154 -0.764013
v 1.327328 3.180154 -1.009522
v 1.187047 3.180154 -1.009522
v 1.187047 3.273691 -0.271521
v 1.327328 3.273691 -0.271521
v 1.327329 3.413972 -0.271521
v 1.187047 3.413972 -0.271521
v 1.327329 2.745385 0.468331
v 1.187047 2.745385 0.468332
v 1.187047 2.885666 0.468332
v 1.327329 2.885666 0.468331
v 1.187047 3.039872 -1.009522
v 1.327328 3.039872 -1.009522
v 1.327328 3.039873 -0.764013
v 1.187047 3.039873 -0.764013
v 1.187047 2.745385 0.713841
v 1.327329 2.745385 0.713840
v 1.327329 2.885666 0.713840
v 1.187047 2.885666 0.713841
v 1.075173 2.749600 0.875886
v 1.075173 2.749600 1.016168
v 1.320682 2.749600 1.016168
v 1.320682 2.749600 0.875886
v 1.320682 2.609319 0.875886
v 1.320682 2.609319 1.016168
v 1.075173 2.609319 1.016168
v 1.075173 2.609319 0.875886
v 0.945369 3.326378 1.016168
v 0.945369 3.326378 0.875886
v 0.945369 3.466658 0.875886
v 0.945369 3.466659 1.016168
v 0.699859 3.326378 0.875886
v 0.699859 3.326378 1.016168
v 0.699859 3.466659 1.016168
v 0.699859 3.466658 0.875886
v -0.721068 1.471993 1.006536
v -0.721068 1.471993 0.866255
v -0.721068 1.612274 0.866255
v -0.721068 1.612274 1.006536
v -0.966577 1.471993 0.866255
v -0.966577 1.612274 0.866255
v -0.966577 1.471993 1.006536
v -0.966577 1.612274 1.006536
v -0.967510 1.924101 0.096135
v -0.827229 1.924101 0.096135
v -0.827229 2.064383 0.096135
v -0.967510 2.064383 0.096135
v -0.827229 1.924101 -0.114663
v -0.967510 1.924101 -0.114663
v -0.967510 2.064383 -0.114663
v -0.827229 2.064383 -0.114663
v -0.967510 2.081176 0.226128
v -0.827229 2.081176 0.226128
v -0.827229 2.221458 0.226128
v -0.967510 2.221458 0.226128
v -0.827229 1.778742 0.764012
v -0.967510 1.778742 0.764012
v -0.967510 1.778742 1.009521
v -0.827229 1.778742 1.009521
v -0.827229 2.081176 -0.019381
v -0.967510 2.081176 -0.019381
v -0.967510 2.221458 -0.019381
v -0.827229 2.221458 -0.019381
v -0.967510 1.521760 -0.403462
v -0.827229 1.521760 -0.403462
v -0.827229 1.662042 -0.403462
v -0.967510 1.662042 -0.403462
v -0.827229 1.638460 1.009521
v -0.967510 1.638460 1.009521
v -0.967510 1.638460 0.764012
v -0.827229 1.638460 0.764012
v -0.827229 1.521760 -0.648971
v -0.967510 1.521760 -0.648971
v -0.967510 1.662041 -0.648971
v -0.827229 1.662041 -0.648971
v 1.021911 1.660069 -0.875887
v 1.021911 1.660069 -1.016168
v 0.776402 1.660069 -1.016168
v 0.776402 1.660069 -0.875887
v -0.740312 1.491154 -0.875887
v -0.740312 1.491154 -1.016168
v -0.494803 1.491154 -1.016168
v -0.494803 1.491154 -0.875887
v 0.776402 1.519787 -0.875887
v 0.776402 1.519787 -1.016168
v 1.021911 1.519787 -1.016168
v 1.021911 1.519787 -0.875887
v -0.740312 1.631435 -0.875887
v -0.740312 1.631435 -1.016168
v -0.494803 1.631435 -1.016168
v -0.494803 1.631435 -0.875887
v 0.543066 2.004085 -1.016168
v 0.543066 2.004085 -0.875887
v 0.543066 2.144366 -0.875887
v 0.543066 2.144366 -1.016169
v 0.788575 2.004085 -0.875887
v 0.788575 2.004085 -1.016168
v 0.788575 2.144366 -1.016169
v 0.788575 2.144366 -0.875887
v 1.327328 1.873884 -0.387037
v 1.187047 1.873884 -0.387037
v 1.187047 2.014165 -0.387037
v 1.327328 2.014165 -0.387037
v 1.187047 1.873884 -0.176240
v 1.327328 1.873884 -0.176240
v 1.327328 2.014165 -0.176240
v 1.187047 2.014165 -0.176240
v 1.327328 2.030959 -0.517030
v 1.187047 2.030959 -0.517030
v 1.187047 2.171240 -0.517030
v 1.327329 2.171240 -0.517030
v 1.187047 2.006326 -0.764013
v 1.327328 2.006326 -0.764013
v 1.327328 2.006326 -1.009522
v 1.187047 2.006326 -1.009522
v 1.187047 2.030959 -0.271521
v 1.327328 2.030959 -0.271521
v 1.327329 2.171240 -0.271521
v 1.187047 2.171240 -0.271521
v 1.327328 1.971596 0.468332
v 1.187047 1.971596 0.468332
v 1.187047 2.111878 0.468332
v 1.327329 2.111878 0.468332
v 1.187047 1.866045 -1.009522
v 1.327328 1.866045 -1.009522
v 1.327328 1.866045 -0.764013
v 1.187047 1.866045 -0.764013
v 1.187047 1.971596 0.713841
v 1.327328 1.971596 0.713841
v 1.327329 2.111878 0.713841
v 1.187047 2.111878 0.713841
v 0.330604 2.161301 1.016168
v 0.330604 2.161301 0.875886
v 0.330604 2.301582 0.875886
v 0.330604 2.301582 1.016168
v 0.085095 2.161301 0.875886
v 0.085095 2.161301 1.016168
v 0.085095 2.301582 1.016168
v 0.085095 2.301582 0.875886
v 0.456274 2.312186 1.016168
v 0.456274 2.312186 0.875886
v 0.456274 2.452466 0.875886
v 0.456274 2.452466 1.016168
v 0.210765 2.312186 0.875886
v 0.210765 2.312186 1.016168
v 0.210765 2.452466 1.016168
v 0.210765 2.452466 0.875886
v 0.592134 1.395133 1.016168
v 0.592134 1.395133 0.875886
v 0.592134 1.535413 0.875886
v 0.592134 1.535413 1.016168
v 0.346624 1.395133 0.875886
v 0.346625 1.395133 1.016168
v 0.346625 1.535413 1.016168
v 0.346624 1.535413 0.875886
v 1.047263 3.479220 1.016168
v 1.047263 3.479220 0.875886
v 1.047263 3.619500 0.875886
v 1.047263 3.619501 1.016168
v 0.801754 3.479220 0.875886
v 0.801754 3.479220 1.016168
v 0.801754 3.619501 1.016168
v 0.801754 3.619500 0.875886
v 1.075173 1.561018 0.875886
v 1.075173 1.561018 1.016168
v 1.320682 1.561018 1.016168
v 1.320682 1.561018 0.875886
v 1.320682 1.420737 0.875886
v 1.320682 1.420737 1.016168
v 1.075173 1.420737 1.016168
v 1.075173 1.420737 0.875886
v -0.254946 3.947941 1.016168
v -0.254946 4.088222 1.016167
v -0.254946 4.088221 0.875886
v -0.254946 3.947941 0.875886
v -0.009437 3.947941 0.875886
v -0.009437 4.088221 0.875886
v -0.009437 4.088222 1.016167
v -0.009437 3.947941 1.016168
v -0.085244 2.700275 1.006536
v -0.085244 2.700275 0.866255
v -0.085244 2.840557 0.866255
v -0.085244 2.840557 1.006536
v -0.330754 2.700275 0.866255
v -0.330754 2.840557 0.866255
v -0.330754 2.700275 1.006536
v -0.330754 2.840557 1.006536
v -0.774723 4.948365 -0.544533
v -0.561035 4.948365 -0.544533
v -0.561035 4.964853 -0.515975
v -0.774723 4.964853 -0.515975
v -0.561035 4.997828 -0.515975
v -0.774723 4.997828 -0.515975
v -0.561035 5.014316 -0.544533
v -0.774723 5.014316 -0.544533
v -0.561035 4.997828 -0.573090
v -0.774723 4.997828 -0.573090
v -0.561035 4.964853 -0.573090
v -0.774723 4.964853 -0.573090
v -0.828885 4.975132 -0.573090
v -0.838351 4.988632 -0.544533
v -0.828885 4.975132 -0.515975
v -0.809953 4.948133 -0.515975
v -0.809953 4.948133 -0.573090
v -0.800486 4.934633 -0.544533
v -0.808717 4.918353 -0.544533
v -0.823246 4.918353 -0.573090
v -0.852302 4.918353 -0.573090
v -0.866831 4.918353 -0.544533
v -0.852302 4.918353 -0.515975
v -0.823246 4.918353 -0.515975
v 0.030813 4.948365 -0.544532
v 0.030813 4.964853 -0.515975
v 0.030813 4.997828 -0.515975
v 0.030813 5.014316 -0.544532
v 0.030813 4.997828 -0.573090
v 0.030813 4.964853 -0.573090
v 0.094441 4.988632 -0.544532
v 0.084975 4.975132 -0.573090
v 0.066043 4.948133 -0.515975
v 0.084975 4.975132 -0.515975
v 0.066043 4.948133 -0.573090
v 0.056576 4.934633 -0.544532
v 0.079336 4.918353 -0.573090
v 0.064808 4.918353 -0.544532
v 0.108392 4.918353 -0.573090
v 0.108392 4.918353 -0.515975
v 0.122921 4.918353 -0.544532
v 0.079336 4.918353 -0.515975
v -0.774723 4.948365 -0.418406
v -0.561035 4.948365 -0.418406
v -0.561035 4.964853 -0.389848
v -0.774723 4.964853 -0.389849
v -0.561035 4.997828 -0.389848
v -0.774723 4.997828 -0.389849
v -0.561035 5.014316 -0.418406
v -0.774723 5.014316 -0.418406
v -0.561035 4.997828 -0.446964
v -0.774723 4.997828 -0.446964
v -0.561035 4.964853 -0.446964
v -0.774723 4.964853 -0.446964
v -0.828885 4.975132 -0.446964
v -0.838351 4.988632 -0.418406
v -0.828885 4.975132 -0.389849
v -0.809953 4.948133 -0.389849
v -0.809953 4.948133 -0.446964
v -0.800486 4.934633 -0.418406
v -0.808717 4.918353 -0.418406
v -0.823246 4.918353 -0.446964
v -0.852302 4.918353 -0.446964
v -0.866831 4.918353 -0.418406
v -0.852302 4.918353 -0.389849
v -0.823246 4.918353 -0.389849
v 0.030813 4.948365 -0.418406
v 0.030813 4.964853 -0.389848
v 0.030813 4.997828 -0.389848
v 0.030813 5.014316 -0.418406
v 0.030813 4.997828 -0.446964
v 0.030813 4.964853 -0.446964
v 0.094441 4.988632 -0.418406
v 0.084975 4.975132 -0.446964
v 0.066043 4.948133 -0.389848
v 0.084975 4.975132 -0.389848
v 0.066043 4.948133 -0.446964
v 0.056576 4.934633 -0.418406
v 0.079336 4.918353 -0.446964
v 0.064808 4.918353 -0.418406
v 0.108392 4.918353 -0.446964
v 0.108392 4.918353 -0.389848
v 0.122921 4.918353 -0.418406
v 0.079336 4.918353 -0.389848
v 1.266958 -0.003246 -1.000000
v -0.909600 -0.003246 -1.000000
v -0.909599 1.109901 -1.000000
v 1.266958 1.109901 -1.000000
v -0.952572 1.109901 0.957028
v -0.952572 4.842363 0.957027
v -0.952572 4.842362 -0.957028
v -0.952572 1.109901 -0.957028
v -0.673426 1.109901 1.000000
v -0.673427 4.842363 0.999999
v -0.909599 4.842363 0.999999
v -0.909599 1.109901 1.000000
v -0.909599 4.842362 -1.000001
v 1.266959 4.842362 -1.000001
v -0.201080 1.109901 1.000000
v 0.558439 1.109901 1.000000
v 0.558439 4.842363 0.999999
v -0.201080 4.842363 0.999999
v -0.201080 -0.003245 1.000000
v -0.909600 -0.003245 1.000000
v -0.952572 -0.003245 0.957028
v -0.952572 -0.003246 -0.957028
v -0.673427 -0.003245 1.000000
v -0.437253 1.109901 1.000000
v -0.437253 -0.003245 1.000000
v -0.437253 4.842363 0.999999
v 1.309931 1.109901 0.957028
v 1.309931 1.109901 -0.957028
v 1.309931 4.842362 -0.957028
v 1.309931 4.842363 0.957027
v 1.030785 1.109901 1.000000
v 1.266958 1.109901 1.000000
v 1.266959 4.842363 0.999999
v 1.030785 4.842363 0.999999
v 0.558439 -0.003245 1.000000
v 1.266958 -0.003245 1.000000
v 1.309931 -0.003245 0.957028
v 1.309931 -0.003246 -0.957028
v 1.030785 -0.003245 1.000000
v 0.794612 -0.003245 1.000000
v 0.794613 1.109901 1.000000
v 0.794612 4.842363 0.999999
v -0.240973 -0.003245 1.115057
v 0.598332 -0.003245 1.115057
v 0.598332 0.177152 1.115057
v -0.240973 0.177152 1.115057
v -0.240973 0.177152 0.959575
v 0.598332 0.177152 0.959575
v -0.240973 -0.003245 1.112648
v -0.240973 0.128017 1.112648
v 0.598332 0.128017 1.112648
v 0.598332 -0.003245 1.112648
v 0.598332 -0.003245 0.959575
v -0.240973 -0.003245 1.268130
v 0.598332 -0.003245 1.268130
v 0.598332 0.128017 1.268130
v -0.240973 0.128017 1.268130
v -0.240973 -0.003245 1.265722
v -0.240973 0.079827 1.265722
v 0.598332 0.079827 1.265722
v 0.598332 -0.003245 1.265722
v -0.240973 -0.003245 1.421203
v 0.598332 -0.003245 1.421203
v 0.598332 0.079827 1.421203
v -0.240973 0.079827 1.421203
v -0.240973 -0.003245 0.959575
v 0.691865 5.000230 -0.667804
v 0.691865 5.000230 -0.627517
v 0.670135 4.947767 -0.627517
v 0.670135 4.947767 -0.667804
v 0.617672 4.926037 -0.627517
v 0.617672 4.926037 -0.667804
v 0.565210 4.947767 -0.627517
v 0.565210 4.947767 -0.667804
v 0.543479 5.000230 -0.627517
v 0.543479 5.000230 -0.667804
v 0.565210 5.052691 -0.627518
v 0.565210 5.052691 -0.667804
v 0.617672 5.074423 -0.627518
v 0.617672 5.074423 -0.667804
v 0.670135 5.052691 -0.627518
v 0.670135 5.052691 -0.667804
v 1.043084 5.000230 -0.667804
v 1.043084 5.000230 -0.627517
v 1.021353 4.947767 -0.627517
v 1.021353 4.947767 -0.667804
v 0.968890 4.926037 -0.627517
v 0.968890 4.926037 -0.667804
v 0.916428 4.947767 -0.627517
v 0.916428 4.947767 -0.667804
v 0.894697 5.000230 -0.627517
v 0.894697 5.000230 -0.667804
v 0.916428 5.052691 -0.627518
v 0.916428 5.052691 -0.667804
v 0.968890 5.074423 -0.627518
v 0.968890 5.074423 -0.667804
v 1.021353 5.052691 -0.627518
v 1.021353 5.052691 -0.667804
v 0.343835 5.000230 -0.667804
v 0.343835 5.000230 -0.627517
v 0.322105 4.947767 -0.627517
v 0.322105 4.947767 -0.667804
v 0.269642 4.926037 -0.627517
v 0.269642 4.926037 -0.667804
v 0.217180 4.947767 -0.627517
v 0.217180 4.947767 -0.667804
v 0.195449 5.000230 -0.627517
v 0.195449 5.000230 -0.667804
v 0.217180 5.052691 -0.627518
v 0.217180 5.052691 -0.667804
v 0.269642 5.074423 -0.627518
v 0.269642 5.074423 -0.667804
v 0.322105 5.052691 -0.627518
v 0.322105 5.052691 -0.667804
v 0.691865 5.000230 -0.439560
v 0.691865 5.000230 -0.399273
v 0.670135 4.947767 -0.399273
v 0.670135 4.947767 -0.439560
v 0.617672 4.926037 -0.399273
v 0.617672 4.926037 -0.439560
v 0.565210 4.947767 -0.399273
v 0.565210 4.947767 -0.439560
v 0.543479 5.000230 -0.399273
v 0.543479 5.000230 -0.439560
v 0.565210 5.052691 -0.399273
v 0.565210 5.052691 -0.439560
v 0.617672 5.074423 -0.399273
v 0.617672 5.074423 -0.439560
v 0.670135 5.052691 -0.399273
v 0.670135 5.052691 -0.439560
v 1.043084 5.000230 -0.439560
v 1.043084 5.000230 -0.399273
v 1.021353 4.947767 -0.399273
v 1.021353 4.947767 -0.439560
v 0.968890 4.926037 -0.399273
v 0.968890 4.926037 -0.439560
v 0.916428 4.947767 -0.399273
v 0.916428 4.947767 -0.439560
v 0.894697 5.000230 -0.399273
v 0.894697 5.000230 -0.439560
v 0.916428 5.052691 -0.399273
v 0.916428 5.052691 -0.439560
v 0.968890 5.074423 -0.399273
v 0.968890 5.074423 -0.439560
v 1.021353 5.052691 -0.399273
v 1.021353 5.052691 -0.439560
v 0.343835 5.000230 -0.439560
v 0.343835 5.000230 -0.399273
v 0.322105 4.947767 -0.399273
v 0.322105 4.947767 -0.439560
v 0.269642 4.926037 -0.399273
v 0.269642 4.926037 -0.439560
v 0.217180 4.947767 -0.399273
v 0.217180 4.947767 -0.439560
v 0.195449 5.000230 -0.399273
v 0.195449 5.000230 -0.439560
v 0.217180 5.052691 -0.399273
v 0.217180 5.052691 -0.439560
v 0.269642 5.074423 -0.399273
v 0.269642 5.074423 -0.439560
v 0.322105 5.052691 -0.399273
v 0.322105 5.052691 -0.439560

# 10000 UV coordinates
vt 0.721209168 0.861052871 0
vt 0.721209168 0.845515788 0
vt 0.726680994 0.848001301 0
vt 0.726680994 0.855665207 0
vt 0.721209168 0.815819144 0
vt 0.721209168 0.78547436 0
vt 0.726680994 0.79024303 0
vt 0.726680994 0.811050534 0
vt 0.752991736 0.815819144 0
vt 0.747053027 0.818788826 0
vt 0.726680994 0.818788826 0
vt 0.721209168 0.830667496 0
vt 0.726680994 0.833637118 0
vt 0.726680994 0.842546105 0
vt 0.682647765 0.867049515 0
vt 0.682647765 0.858141899 0
vt 0.683293939 0.858141899 0
vt 0.683293939 0.867049515 0
vt 0.752991736 0.845515788 0
vt 0.747053027 0.848001301 0
vt 0.0268310755 0.846178293 0
vt 0.0261848588 0.846178293 0
vt 0.026184855 0.825811088 0
vt 0.0268310662 0.825811088 0
vt 0.176658422 0.868564188 0
vt 0.176658422 0.859656632 0
vt 0.177304626 0.859656632 0
vt 0.177304626 0.868564188 0
vt 0.726680994 0.827697814 0
vt 0.747053027 0.827697814 0
vt 0.752991736 0.830667436 0
vt 0.465763897 0.856865704 0
vt 0.465117663 0.856865704 0
vt 0.465117663 0.836498499 0
vt 0.465763867 0.836498499 0
vt 0.149931595 0.839871705 0
vt 0.150577798 0.839871705 0
vt 0.150577813 0.86023891 0
vt 0.149931595 0.86023891 0
vt 0.747053027 0.811050475 0
vt 0.747053027 0.833637118 0
vt 0.747053027 0.842546105 0
vt 0.816075563 0.531909645 0
vt 0.816075563 0.552277267 0
vt 0.815429389 0.552277267 0
vt 0.81542933 0.531909645 0
vt 0.457392663 0.878879607 0
vt 0.457392693 0.896723866 0
vt 0.456600577 0.897985518 0
vt 0.456600577 0.877617955 0
vt 0.357067823 0.900062919 0
vt 0.357730776 0.90132463 0
vt 0.357730776 0.91916883 0
vt 0.357067823 0.920430541 0
vt 0.364733368 0.920430541 0
vt 0.364070415 0.91916883 0
vt 0.465511501 0.877617955 0
vt 0.464719415 0.878879666 0
vt 0.182988271 0.7038849 0
vt 0.182988271 0.724689126 0
vt 0.182342038 0.724689066 0
vt 0.182342052 0.7038849 0
vt 0.747053027 0.855665147 0
vt 0.752991736 0.861052811 0
vt 0.365332514 0.777213454 0
vt 0.365332514 0.756845891 0
vt 0.365978718 0.756845891 0
vt 0.365978718 0.777213454 0
vt 0.176658422 0.839289367 0
vt 0.176658422 0.818921804 0
vt 0.177304626 0.818921804 0
vt 0.177304626 0.839289367 0
vt 0.142424241 0.86338228 0
vt 0.142424241 0.871044874 0
vt 0.141778022 0.871044874 0
vt 0.141778022 0.86338222 0
vt 0.177304626 0.798554182 0
vt 0.176658422 0.818921745 0
vt 0.176658422 0.798554182 0
vt 0.714309156 0.839501321 0
vt 0.71495533 0.839501321 0
vt 0.71495533 0.859868526 0
vt 0.714309156 0.859868526 0
vt 0.465511531 0.897985578 0
vt 0.464719415 0.896723866 0
vt 0.410193413 0.854342341 0
vt 0.40981397 0.854342401 0
vt 0.409814 0.836498499 0
vt 0.410193413 0.836498499 0
vt 0.816075563 0.529386282 0
vt 0.816075563 0.511542022 0
vt 0.816455007 0.511542022 0
vt 0.816455007 0.529386282 0
vt 0.0268310755 0.864022195 0
vt 0.0264516249 0.864022195 0
vt 0.0264516305 0.846178293 0
vt 0.363936663 0.739935815 0
vt 0.363936663 0.73359859 0
vt 0.364316136 0.73359859 0
vt 0.364316136 0.739935875 0
vt 0.225764573 0.825806081 0
vt 0.224502608 0.827077746 0
vt 0.206654489 0.827077746 0
vt 0.205392525 0.825806081 0
vt 0.869780779 0.366506845 0
vt 0.878691733 0.366506845 0
vt 0.877899647 0.367768526 0
vt 0.870572865 0.367768526 0
vt 0.878691733 0.386874437 0
vt 0.877899647 0.385612756 0
vt 0.870572925 0.385612756 0
vt 0.869780779 0.386874437 0
vt 0.205392525 0.846613586 0
vt 0.206654474 0.845341921 0
vt 0.364070386 0.90132463 0
vt 0.364733368 0.900062919 0
vt 0.224502608 0.845341921 0
vt 0.225764573 0.846613586 0
vt 0.816075563 0.49117443 0
vt 0.816455066 0.49117443 0
vt 0.816455066 0.509018302 0
vt 0.816075563 0.509018302 0
vt 0.751966059 0.868376791 0
vt 0.751966059 0.861052871 0
vt 0.752345502 0.861052871 0
vt 0.752345502 0.868376851 0
vt 0.855450034 0.854654133 0
vt 0.855829477 0.854654133 0
vt 0.855829477 0.872498035 0
vt 0.855450034 0.872498035 0
vt 0.182928935 0.802348852 0
vt 0.18292895 0.820193052 0
vt 0.182549506 0.820193052 0
vt 0.182549492 0.802348852 0
vt 0.182549521 0.766660392 0
vt 0.182549521 0.748399079 0
vt 0.182928964 0.748399138 0
vt 0.182928964 0.766660392 0
vt 0.182928935 0.820193052 0
vt 0.18292895 0.838037252 0
vt 0.182549506 0.838037252 0
vt 0.182549492 0.820193052 0
vt 0.816455007 0.531909645 0
vt 0.816455007 0.549753845 0
vt 0.816075563 0.549753845 0
vt 0.412356287 0.899103165 0
vt 0.415896237 0.899103105 0
vt 0.415896237 0.930878162 0
vt 0.412356287 0.930878162 0
vt 0.86963141 0.390472353 0
vt 0.86963141 0.397796333 0
vt 0.869251966 0.397796333 0
vt 0.869251966 0.390472353 0
vt 0.0738872811 0.827287376 0
vt 0.0738872886 0.857631803 0
vt 0.0703473315 0.857631803 0
vt 0.070347324 0.827287316 0
vt 0.0738872811 0.872479975 0
vt 0.070347324 0.872479916 0
vt 0.0738872811 0.887328088 0
vt 0.0738872886 0.902864993 0
vt 0.0703473315 0.902864993 0
vt 0.070347324 0.887328088 0
vt 0.683059871 0.877820849 0
vt 0.683059871 0.909596503 0
vt 0.679519951 0.909596503 0
vt 0.679519951 0.877820849 0
vt 0.747053027 0.79024297 0
vt 0.752991736 0.7854743 0
vt 0.81542933 0.552277267 0
vt 0.816075563 0.561186135 0
vt 0.81542933 0.561186135 0
vt 0.182988256 0.724689066 0
vt 0.182988256 0.733597994 0
vt 0.182342038 0.733597994 0
vt 0.364203453 0.703885496 0
vt 0.36355722 0.703885496 0
vt 0.36355722 0.683078229 0
vt 0.364203423 0.683078229 0
vt 0.558063269 0.869949579 0
vt 0.557417035 0.869949579 0
vt 0.557417095 0.862285793 0
vt 0.558063269 0.862285852 0
vt 0.182721496 0.739936173 0
vt 0.182342038 0.739936113 0
vt 0.182721496 0.733597994 0
vt 0.816455007 0.557078898 0
vt 0.816075563 0.557078898 0
vt 0.816455066 0.549753845 0
vt 0.182342052 0.719605565 0
vt 0.181962609 0.719605565 0
vt 0.181962594 0.701341569 0
vt 0.182342052 0.701341569 0
vt 0.0264516249 0.853503346 0
vt 0.0260721743 0.853503346 0
vt 0.0260721743 0.846178293 0
vt 0.0264516249 0.846178293 0
vt 0.903775632 0.798553526 0
vt 0.907315612 0.798553586 0
vt 0.907315612 0.828893602 0
vt 0.903775632 0.828893542 0
vt 0.907315612 0.84373951 0
vt 0.903775632 0.84373951 0
vt 0.903775632 0.858585417 0
vt 0.907315612 0.858585477 0
vt 0.907315612 0.874120116 0
vt 0.903775632 0.874120057 0
vt 0.753901958 0.56675297 0
vt 0.753901958 0.551215887 0
vt 0.759840727 0.553701401 0
vt 0.759840727 0.561365306 0
vt 0.753901958 0.521519303 0
vt 0.753901958 0.491174489 0
vt 0.759840667 0.495943099 0
vt 0.759840667 0.516750634 0
vt 0.785684586 0.521519244 0
vt 0.78021276 0.524488866 0
vt 0.759840667 0.524488926 0
vt 0.753901958 0.536367595 0
vt 0.759840667 0.539337277 0
vt 0.759840667 0.548246264 0
vt 0.149931595 0.869146526 0
vt 0.149931595 0.860238969 0
vt 0.150577813 0.860238969 0
vt 0.150577813 0.869146526 0
vt 0.785684586 0.551215887 0
vt 0.78021276 0.553701401 0
vt 0.410839647 0.856865704 0
vt 0.410193413 0.856865704 0
vt 0.410839647 0.836498499 0
vt 0.65382278 0.867049456 0
vt 0.65382278 0.858141899 0
vt 0.654469013 0.858141899 0
vt 0.654469013 0.867049515 0
vt 0.759840667 0.533397913 0
vt 0.78021276 0.533397913 0
vt 0.785684586 0.536367536 0
vt 0.177304626 0.859656572 0
vt 0.176658422 0.859656572 0
vt 0.177304626 0.839289427 0
vt 0.357242852 0.86023438 0
vt 0.356596649 0.86023438 0
vt 0.356596649 0.839867175 0
vt 0.357242852 0.839867175 0
vt 0.78021276 0.516750574 0
vt 0.78021276 0.539337218 0
vt 0.78021276 0.548246205 0
vt 0.343014479 0.846173644 0
vt 0.343014479 0.825806081 0
vt 0.343660682 0.825806081 0
vt 0.343660682 0.846173644 0
vt 0.35785991 0.880957007 0
vt 0.35785991 0.898801267 0
vt 0.357067823 0.879695296 0
vt 0.456600577 0.897985578 0
vt 0.457263529 0.899247229 0
vt 0.457263559 0.917091489 0
vt 0.456600606 0.91835314 0
vt 0.464266151 0.91835314 0
vt 0.463603169 0.917091489 0
vt 0.365978748 0.879695356 0
vt 0.365186661 0.880957007 0
vt 0.363557249 0.724689722 0
vt 0.364203453 0.724689722 0
vt 0.78021276 0.561365247 0
vt 0.785684586 0.566752911 0
vt 0.365978718 0.797581077 0
vt 0.365332514 0.797581077 0
vt 0.81542933 0.511542022 0
vt 0.81542933 0.49117443 0
vt 0.163179368 0.871050775 0
vt 0.163179368 0.863388121 0
vt 0.163825586 0.863388121 0
vt 0.163825586 0.871050775 0
vt 0.843609869 0.875021338 0
vt 0.842963636 0.875021338 0
vt 0.842963636 0.854654133 0
vt 0.843609869 0.854654133 0
vt 0.365978748 0.900062919 0
vt 0.365186632 0.898801267 0
vt 0.182549492 0.838037252 0
vt 0.18292895 0.855881095 0
vt 0.182549506 0.855881095 0
vt 0.182928979 0.784504652 0
vt 0.182549536 0.784504652 0
vt 0.412045479 0.856905282 0
vt 0.412424922 0.856905222 0
vt 0.412424922 0.874749124 0
vt 0.412045479 0.874749124 0
vt 0.800190568 0.560355604 0
vt 0.800190568 0.566692829 0
vt 0.799811125 0.566692829 0
vt 0.799811125 0.560355604 0
vt 0.807564259 0.594009936 0
vt 0.808826208 0.592738271 0
vt 0.826674342 0.592738271 0
vt 0.827936292 0.594009876 0
vt 0.141778022 0.883062184 0
vt 0.150688961 0.883062184 0
vt 0.14989686 0.884323895 0
vt 0.142570123 0.884323895 0
vt 0.150688961 0.903429806 0
vt 0.14989686 0.902168095 0
vt 0.142570123 0.902168095 0
vt 0.141778022 0.903429806 0
vt 0.827936292 0.573202372 0
vt 0.826674342 0.574474037 0
vt 0.463603169 0.899247229 0
vt 0.464266151 0.897985578 0
vt 0.808826208 0.574474096 0
vt 0.807564259 0.573202431 0
vt 0.632301629 0.875985384 0
vt 0.631922185 0.875985384 0
vt 0.631922185 0.858141541 0
vt 0.632301629 0.858141541 0
vt 0.356863409 0.86755836 0
vt 0.356863409 0.86023438 0
vt 0.357242882 0.86023438 0
vt 0.357242882 0.86755836 0
vt 0.343660682 0.864017546 0
vt 0.343281269 0.864017546 0
vt 0.343281239 0.846173644 0
vt 0.343660712 0.846173644 0
vt 0.182928935 0.784504592 0
vt 0.18292895 0.802348852 0
vt 0.182549506 0.802348852 0
vt 0.182549492 0.784504592 0
vt 0.181962609 0.737866819 0
vt 0.181962594 0.719605565 0
vt 0.182342052 0.737866819 0
vt 0.632301629 0.875985742 0
vt 0.632681072 0.858141541 0
vt 0.632681072 0.875985742 0
vt 0.411666036 0.874749482 0
vt 0.411666036 0.856905222 0
vt 0.412045479 0.856905222 0
vt 0.412045479 0.874749482 0
vt 0.252435327 0.921355784 0
vt 0.248895347 0.921355844 0
vt 0.248895347 0.889580786 0
vt 0.252435327 0.889580786 0
vt 0.653443336 0.865465879 0
vt 0.653443336 0.858141899 0
vt 0.65382278 0.865465879 0
vt 0.900235713 0.874131203 0
vt 0.900235653 0.843786776 0
vt 0.903775632 0.843786776 0
vt 0.903775632 0.874131203 0
vt 0.900235713 0.828938603 0
vt 0.903775632 0.828938603 0
vt 0.900235713 0.81409049 0
vt 0.900235653 0.798553526 0
vt 0.903775632 0.798553586 0
vt 0.903775632 0.81409049 0
vt 0.461577713 0.868274152 0
vt 0.461577713 0.836498499 0
vt 0.465117663 0.868274152 0
vt 0.78021276 0.495943069 0
vt 0.785684586 0.49117443 0
vt 0.465763867 0.865774572 0
vt 0.465117663 0.865774572 0
vt 0.465763867 0.856865704 0
vt 0.364203453 0.73359859 0
vt 0.36355722 0.73359859 0
vt 0.36355722 0.724689722 0
vt 0.182988256 0.7038849 0
vt 0.182342038 0.683077633 0
vt 0.182988256 0.683077633 0
vt 0.752991676 0.868716657 0
vt 0.752345502 0.868716657 0
vt 0.752991676 0.861052871 0
vt 0.363936692 0.73359859 0
vt 0.363936692 0.739936769 0
vt 0.36355722 0.739936769 0
vt 0.753775477 0.592836082 0
vt 0.753396034 0.592836082 0
vt 0.753396034 0.585511029 0
vt 0.753775477 0.585511088 0
vt 0.181962609 0.701341569 0
vt 0.181962594 0.683077633 0
vt 0.182342052 0.683077633 0
vt 0.18292895 0.863206208 0
vt 0.182549492 0.863206208 0
vt 0.182549492 0.855881155 0
vt 0.18292895 0.855881155 0
vt 0.907315612 0.798553526 0
vt 0.910855532 0.798553586 0
vt 0.910855532 0.828893602 0
vt 0.907315612 0.828893542 0
vt 0.910855532 0.843739569 0
vt 0.907315612 0.84373945 0
vt 0.907315612 0.858585417 0
vt 0.910855532 0.858585477 0
vt 0.910855532 0.874120116 0
vt 0.907315552 0.874120057 0
vt 0.991543591 0.268157452 0
vt 0.996803999 0.268429399 0
vt 0.996803999 0.278332859 0
vt 0.991836488 0.278076082 0
vt 0.991544247 0.318259597 0
vt 0.991837144 0.308340997 0
vt 0.996804655 0.308084309 0
vt 0.996804655 0.31798774 0
vt 0.255674124 0.838478804 0
vt 0.256531566 0.839423954 0
vt 0.24946329 0.845833778 0
vt 0.248605818 0.844888628 0
vt 0.357067823 0.89052242 0
vt 0.355860531 0.900062919 0
vt 0.355860531 0.89052242 0
vt 0.257314444 0.838714004 0
vt 0.263203949 0.845205724 0
vt 0.262346804 0.845833778 0
vt 0.697038233 0.887771428 0
vt 0.697038233 0.897312164 0
vt 0.695830941 0.897312164 0
vt 0.695830941 0.887771428 0
vt 0.721095085 0.828568161 0
vt 0.721095085 0.843757987 0
vt 0.719887793 0.843757987 0
vt 0.719887793 0.828568101 0
vt 0.256456971 0.837768853 0
vt 0.721095085 0.798183858 0
vt 0.721095085 0.81337595 0
vt 0.719887793 0.81337595 0
vt 0.719887793 0.798183858 0
vt 0.246247947 0.826515973 0
vt 0.245465085 0.827225924 0
vt 0.556414366 0.929181635 0
vt 0.556414366 0.920527935 0
vt 0.557621658 0.920527935 0
vt 0.557621658 0.929181635 0
vt 0.257239848 0.837058902 0
vt 0.264308125 0.830649078 0
vt 0.265165597 0.831594229 0
vt 0.258097321 0.838004053 0
vt 0.247030824 0.825806081 0
vt 0.602172792 0.889840364 0
vt 0.603380084 0.889840364 0
vt 0.603380084 0.899380863 0
vt 0.602172792 0.899380863 0
vt 0.263912559 0.844413877 0
vt 0.0767485574 0.887679577 0
vt 0.0779558346 0.887679577 0
vt 0.0779558495 0.897220254 0
vt 0.0767485648 0.897220254 0
vt 0.666747332 0.925923109 0
vt 0.667954624 0.925923169 0
vt 0.667954624 0.934575558 0
vt 0.666747332 0.934575558 0
vt 0.0744748116 0.801400185 0
vt 0.0767485574 0.799755752 0
vt 0.0767485574 0.808053732 0
vt 0.0744748116 0.808947086 0
vt 0.0652868226 0.824931145 0
vt 0.0744748116 0.824931145 0
vt 0.0767485574 0.827287316 0
vt 0.0666461587 0.827287316 0
vt 0.0652868375 0.800416291 0
vt 0.0666461736 0.798673987 0
vt 0.0744748116 0.810204983 0
vt 0.0767485574 0.809436798 0
vt 0.0642691925 0.824931145 0
vt 0.0642691851 0.827287316 0
vt 0.0642692 0.800307393 0
vt 0.0642692 0.798554182 0
vt 0.781331599 0.948100865 0
vt 0.781330287 0.958193958 0
vt 0.776677608 0.958194017 0
vt 0.77667892 0.948100865 0
vt 0.477701187 0.924405575 0
vt 0.482353926 0.924405575 0
vt 0.482353926 0.942255855 0
vt 0.477701187 0.942255795 0
vt 0.477701187 0.923022509 0
vt 0.482353896 0.923022509 0
vt 0.979157507 0.264567494 0
vt 0.979157567 0.266943961 0
vt 0.974504888 0.266943961 0
vt 0.974504888 0.264567494 0
vt 0.781330168 0.96056962 0
vt 0.77667743 0.96056968 0
vt 0.477701187 0.914724588 0
vt 0.482353896 0.914724648 0
vt 0.979157507 0.277044147 0
vt 0.974504888 0.277044147 0
vt 0.364398777 0.73995173 0
vt 0.364398777 0.73240602 0
vt 0.365978718 0.73240602 0
vt 0.365978718 0.73995173 0
vt 0.697038174 0.867365062 0
vt 0.697038174 0.876550853 0
vt 0.695458233 0.876550913 0
vt 0.695458233 0.867365122 0
vt 0.785251081 0.859765768 0
vt 0.785255909 0.868951738 0
vt 0.783675969 0.868951738 0
vt 0.783671141 0.859765768 0
vt 0.364398748 0.731148362 0
vt 0.364398777 0.716424525 0
vt 0.365978718 0.716424525 0
vt 0.365978718 0.731148362 0
vt 0.697038174 0.877568245 0
vt 0.695458293 0.877568305 0
vt 0.785250545 0.858748376 0
vt 0.783670604 0.858748376 0
vt 0.0540635735 0.801400244 0
vt 0.0540635735 0.808947146 0
vt 0.0517898239 0.808053792 0
vt 0.0517898239 0.799755812 0
vt 0.0632515475 0.824931145 0
vt 0.0618922114 0.827287316 0
vt 0.0517898239 0.827287316 0
vt 0.0540635735 0.824931145 0
vt 0.0618922226 0.798673987 0
vt 0.063251555 0.800416291 0
vt 0.0540635735 0.810204983 0
vt 0.0517898239 0.809436858 0
vt 0.781331599 0.973053634 0
vt 0.77667892 0.973053634 0
vt 0.776677608 0.962946832 0
vt 0.781330287 0.962946773 0
vt 0.697038233 0.945946217 0
vt 0.697038233 0.928098619 0
vt 0.701690972 0.928098679 0
vt 0.701690972 0.945946336 0
vt 0.697038233 0.947329104 0
vt 0.701690972 0.947329223 0
vt 0.974504888 0.262191027 0
vt 0.979157507 0.262191027 0
vt 0.697038233 0.955625772 0
vt 0.701690972 0.955625832 0
vt 0.974504888 0.252090871 0
vt 0.979157567 0.252090871 0
vt 0.18193534 0.716424882 0
vt 0.180355385 0.716424882 0
vt 0.180355385 0.70887804 0
vt 0.181935325 0.70887804 0
vt 0.697038174 0.887771487 0
vt 0.695458233 0.887771487 0
vt 0.695458233 0.878585696 0
vt 0.697038174 0.878585696 0
vt 0.785251081 0.857730925 0
vt 0.783671141 0.857730925 0
vt 0.783675969 0.848544955 0
vt 0.785255909 0.848544955 0
vt 0.181935325 0.707620203 0
vt 0.180355385 0.707620203 0
vt 0.180355385 0.69289422 0
vt 0.18193531 0.69289422 0
vt 0.368252486 0.833652496 0
vt 0.365978748 0.835296929 0
vt 0.365978748 0.826999009 0
vt 0.368252486 0.826105595 0
vt 0.377440453 0.801041543 0
vt 0.368252486 0.801041543 0
vt 0.365978748 0.798183918 0
vt 0.376081109 0.798183918 0
vt 0.377440482 0.83463639 0
vt 0.376081109 0.836378694 0
vt 0.368252486 0.810978293 0
vt 0.365978748 0.810366094 0
vt 0.365978748 0.808944404 0
vt 0.368252486 0.80968529 0
vt 0.365978748 0.825615883 0
vt 0.368252486 0.824847758 0
vt 0.378458083 0.801041543 0
vt 0.378458083 0.798183918 0
vt 0.378458112 0.834745407 0
vt 0.378458112 0.836498559 0
vt 0.482352614 0.952349007 0
vt 0.477699876 0.952349007 0
vt 0.477701187 0.942255914 0
vt 0.583299756 0.898963213 0
vt 0.587952435 0.898963213 0
vt 0.587952435 0.900384903 0
vt 0.583299756 0.900384843 0
vt 0.583299756 0.882330477 0
vt 0.587952495 0.882330537 0
vt 0.587952495 0.883713603 0
vt 0.583299756 0.883713603 0
vt 0.979159892 0.345514208 0
vt 0.979159892 0.347890675 0
vt 0.974507213 0.347890675 0
vt 0.974507213 0.345514208 0
vt 0.587952495 0.91114527 0
vt 0.583299756 0.91114521 0
vt 0.482352465 0.954724669 0
vt 0.477699727 0.954724669 0
vt 0.583299756 0.874032617 0
vt 0.587952495 0.874032676 0
vt 0.979159892 0.357990831 0
vt 0.974507213 0.357990831 0
vt 0.180355385 0.660288453 0
vt 0.180355385 0.652742684 0
vt 0.18193534 0.652742743 0
vt 0.18193534 0.660288453 0
vt 0.0622615293 0.877391279 0
vt 0.0622615404 0.868205488 0
vt 0.0638414994 0.868205428 0
vt 0.063841477 0.877391219 0
vt 0.0380867235 0.866170824 0
vt 0.0380819067 0.856984854 0
vt 0.0396618322 0.856984854 0
vt 0.0396666601 0.866170824 0
vt 0.180355385 0.637617826 0
vt 0.180355385 0.636325061 0
vt 0.18193534 0.636325061 0
vt 0.18193534 0.637617826 0
vt 0.180355385 0.651485026 0
vt 0.181935325 0.651485085 0
vt 0.0622615479 0.867188096 0
vt 0.0638414845 0.867188036 0
vt 0.180355385 0.627682626 0
vt 0.18193534 0.627682626 0
vt 0.0380872637 0.867188275 0
vt 0.0396671891 0.867188275 0
vt 0.388663709 0.833652437 0
vt 0.388663709 0.826105595 0
vt 0.390937477 0.826998949 0
vt 0.390937477 0.835296929 0
vt 0.379475743 0.801041543 0
vt 0.380835086 0.798183918 0
vt 0.390937448 0.798183858 0
vt 0.388663709 0.801041484 0
vt 0.380835086 0.836378694 0
vt 0.379475743 0.83463645 0
vt 0.388663709 0.810978234 0
vt 0.388663709 0.80968529 0
vt 0.390937448 0.808944404 0
vt 0.390937477 0.810366094 0
vt 0.388663709 0.824847698 0
vt 0.390937477 0.825615823 0
vt 0.482353896 0.967208624 0
vt 0.477701187 0.967208683 0
vt 0.477699876 0.957101882 0
vt 0.482352614 0.957101822 0
vt 0.0917526037 0.889921188 0
vt 0.0917526037 0.888499737 0
vt 0.0964053199 0.888499856 0
vt 0.0964053199 0.889921308 0
vt 0.0917526037 0.906551361 0
vt 0.0917526037 0.905168533 0
vt 0.0964053199 0.905168653 0
vt 0.0964053199 0.90655148 0
vt 0.974507213 0.343137741 0
vt 0.979159892 0.343137741 0
vt 0.0917525962 0.877740979 0
vt 0.0964053348 0.877741039 0
vt 0.0917525962 0.914848149 0
vt 0.0964053273 0.914848149 0
vt 0.974507213 0.333037585 0
vt 0.979159892 0.333037585 0
vt 0.18193534 0.529865146 0
vt 0.180355385 0.529865146 0
vt 0.180355385 0.522318304 0
vt 0.18193534 0.522318304 0
vt 0.0622615591 0.856984913 0
vt 0.0638414994 0.856984854 0
vt 0.0638414994 0.866170645 0
vt 0.0622615479 0.866170645 0
vt 0.038086731 0.868205667 0
vt 0.0396666639 0.868205667 0
vt 0.0396618396 0.877391636 0
vt 0.0380819067 0.877391636 0
vt 0.18193534 0.507191181 0
vt 0.180355385 0.507191181 0
vt 0.180355385 0.505898237 0
vt 0.18193534 0.505898237 0
vt 0.180355385 0.521060467 0
vt 0.18193534 0.521060467 0
vt 0.180355385 0.497254521 0
vt 0.18193534 0.49725455 0
vt 0.271253109 0.81681484 0
vt 0.270369202 0.817735374 0
vt 0.263485044 0.811128318 0
vt 0.264368922 0.810207784 0
vt 0.753396034 0.585511088 0
vt 0.753396034 0.595449626 0
vt 0.752188742 0.595449626 0
vt 0.752188742 0.585511029 0
vt 0.16237618 0.921627045 0
vt 0.162376195 0.912086546 0
vt 0.163583457 0.912086546 0
vt 0.163583457 0.921627045 0
vt 0.271131754 0.81846714 0
vt 0.265060961 0.824789762 0
vt 0.264375031 0.823978245 0
vt 0.127626806 0.907223046 0
vt 0.127626806 0.897682369 0
vt 0.128834084 0.897682369 0
vt 0.128834084 0.907223046 0
vt 0.0258709434 0.896321833 0
vt 0.0258709379 0.90586251 0
vt 0.02466367 0.90586251 0
vt 0.0246636756 0.896321833 0
vt 0.28176102 0.807396889 0
vt 0.272015601 0.817546606 0
vt 0.280998528 0.806665123 0
vt 0.357067823 0.909603417 0
vt 0.355860531 0.909603417 0
vt 0.282669544 0.806450725 0
vt 0.281907052 0.805718899 0
vt 0.274114341 0.800058007 0
vt 0.275022864 0.799111843 0
vt 0.379341006 0.87407881 0
vt 0.379341006 0.860009551 0
vt 0.380548269 0.860009551 0
vt 0.380548269 0.87407881 0
vt 0.0392887183 0.921157718 0
vt 0.0392887183 0.929811418 0
vt 0.0380814336 0.929811478 0
vt 0.0380814336 0.921157777 0
vt 0.289553732 0.799280882 0
vt 0.288791209 0.798549116 0
vt 0.272778064 0.818278432 0
vt 0.279662251 0.824885488 0
vt 0.278778404 0.825806022 0
vt 0.271894157 0.819198966 0
vt 0.0117262919 0.883645177 0
vt 0.0129335746 0.883645177 0
vt 0.0129335746 0.893582284 0
vt 0.0117262919 0.893582284 0
vt 0.465473443 0.917066753 0
vt 0.464266151 0.917066753 0
vt 0.464266151 0.907526255 0
vt 0.465473443 0.907526255 0
vt 0.265899986 0.825441837 0
vt 0.495200455 0.911743641 0
vt 0.493993193 0.911743641 0
vt 0.493993193 0.902202964 0
vt 0.495200455 0.902202964 0
vt 0.163583443 0.912086546 0
vt 0.16237618 0.912086546 0
vt 0.16237618 0.902545869 0
vt 0.163583443 0.902545869 0
vt 0.282523483 0.808128715 0
vt 0.0129335793 0.922204077 0
vt 0.0117263068 0.922204077 0
vt 0.0117263021 0.912663579 0
vt 0.0129335793 0.912663579 0
vt 0.283431977 0.807182491 0
vt 0.290316194 0.813789546 0
vt 0.2894077 0.81473577 0
vt 0.764557004 0.872055888 0
vt 0.765764296 0.872055888 0
vt 0.765764296 0.886123061 0
vt 0.764557004 0.886123061 0
vt 0.276731074 0.93085283 0
vt 0.277938336 0.93085283 0
vt 0.277938336 0.939505219 0
vt 0.276731074 0.939505219 0
vt 0.290316194 0.800012708 0
vt 0.237539321 0.837058902 0
vt 0.244607612 0.830649078 0
vt 0.245465085 0.831594229 0
vt 0.238396794 0.838004053 0
vt 0.506765902 0.901444554 0
vt 0.507973194 0.901444554 0
vt 0.507973194 0.910985053 0
vt 0.506765902 0.910985053 0
vt 0.237613931 0.838714004 0
vt 0.244212031 0.844413877 0
vt 0.243503436 0.845205724 0
vt 0.81630826 0.884934247 0
vt 0.817515552 0.884934247 0
vt 0.817515552 0.894474924 0
vt 0.81630826 0.894474924 0
vt 0.719887793 0.813376009 0
vt 0.721095085 0.813376009 0
vt 0.721095085 0.828568101 0
vt 0.236756459 0.837768853 0
vt 0.719887793 0.843758047 0
vt 0.721095085 0.843758047 0
vt 0.721095085 0.858947933 0
vt 0.719887793 0.858947933 0
vt 0.226547435 0.826515973 0
vt 0.227330297 0.825806081 0
vt 0.0905453116 0.925841928 0
vt 0.0917526037 0.925841928 0
vt 0.0917526111 0.934494376 0
vt 0.090545319 0.934494317 0
vt 0.235973582 0.838478804 0
vt 0.236831054 0.839423954 0
vt 0.229762778 0.845833778 0
vt 0.228905305 0.844888628 0
vt 0.225764558 0.827225924 0
vt 0.357067823 0.880981922 0
vt 0.355860531 0.880981922 0
vt 0.242646292 0.845833778 0
vt 0.109509431 0.887679577 0
vt 0.109509423 0.897220254 0
vt 0.108302139 0.897220254 0
vt 0.108302139 0.887679577 0
vt 0.177642524 0.880506516 0
vt 0.177642539 0.889160156 0
vt 0.176435232 0.889160156 0
vt 0.176435232 0.880506456 0
vt 0.0291048232 0.801400244 0
vt 0.0291048326 0.808947146 0
vt 0.0268310867 0.808053792 0
vt 0.0268310755 0.799755812 0
vt 0.0382928103 0.824931145 0
vt 0.0369334854 0.827287316 0
vt 0.0268310755 0.827287316 0
vt 0.0291048326 0.824931145 0
vt 0.0369334668 0.798673987 0
vt 0.0382927991 0.80041635 0
vt 0.0291048232 0.810204983 0
vt 0.0268310867 0.809436858 0
vt 0.0393104479 0.824931145 0
vt 0.0393104553 0.827287316 0
vt 0.0393104367 0.798554182 0
vt 0.0393104404 0.800307393 0
vt 0.414809704 0.975180507 0
vt 0.410156965 0.975180566 0
vt 0.410155654 0.965073764 0
vt 0.414808393 0.965073705 0
vt 0.0917525962 0.932695806 0
vt 0.0917525962 0.914848208 0
vt 0.0964053199 0.914848268 0
vt 0.0964053199 0.932695925 0
vt 0.0917525962 0.934078693 0
vt 0.0964053199 0.934078753 0
vt 0.459940195 0.962914586 0
vt 0.464592874 0.962914586 0
vt 0.464592874 0.965291023 0
vt 0.459940195 0.965291023 0
vt 0.410155535 0.962696612 0
vt 0.414808244 0.962696552 0
vt 0.0917526037 0.942375362 0
vt 0.0964053199 0.942375422 0
vt 0.464592874 0.975391209 0
vt 0.459940195 0.975391209 0
vt 0.364398748 0.716424525 0
vt 0.364398748 0.708877742 0
vt 0.365978718 0.708877742 0
vt 0.02466367 0.875915468 0
vt 0.0262436178 0.875915468 0
vt 0.0262436178 0.885101259 0
vt 0.02466367 0.885101259 0
vt 0.176653579 0.807740152 0
vt 0.175073639 0.807740152 0
vt 0.175078467 0.798554182 0
vt 0.176658407 0.798554182 0
vt 0.365978718 0.707619905 0
vt 0.364398748 0.707619846 0
vt 0.364398748 0.692893863 0
vt 0.365978718 0.692893922 0
vt 0.0262436178 0.88611865 0
vt 0.02466367 0.88611865 0
vt 0.176653042 0.808757603 0
vt 0.175073117 0.808757603 0
vt 0.0495160669 0.801400185 0
vt 0.051789809 0.799755752 0
vt 0.0517898127 0.808053732 0
vt 0.0495160595 0.808947086 0
vt 0.0403280929 0.824931145 0
vt 0.0495160669 0.824931145 0
vt 0.0416874439 0.827287316 0
vt 0.0403280742 0.800416291 0
vt 0.0416874178 0.798673987 0
vt 0.0495160706 0.810204983 0
vt 0.0517898165 0.809436858 0
vt 0.414809674 0.950227737 0
vt 0.414808393 0.96032089 0
vt 0.410155684 0.96032089 0
vt 0.410156965 0.950227797 0
vt 0.89640224 0.932183146 0
vt 0.891749501 0.932183087 0
vt 0.891749501 0.914332807 0
vt 0.89640224 0.914332867 0
vt 0.89640224 0.933566153 0
vt 0.891749501 0.933566153 0
vt 0.459940195 0.960538149 0
vt 0.464592874 0.960538149 0
vt 0.89640224 0.941864073 0
vt 0.891749501 0.941864073 0
vt 0.459940195 0.950437963 0
vt 0.464592874 0.950437963 0
vt 0.1803554 0.739952028 0
vt 0.1803554 0.732406318 0
vt 0.18193534 0.732406378 0
vt 0.18193534 0.739952087 0
vt 0.02466367 0.896321833 0
vt 0.02466367 0.887136042 0
vt 0.0262436178 0.887136042 0
vt 0.0262436178 0.896321833 0
vt 0.176653579 0.809774995 0
vt 0.176658422 0.818960965 0
vt 0.175078467 0.818960965 0
vt 0.175073639 0.809774995 0
vt 0.180355385 0.73114866 0
vt 0.1803554 0.716424823 0
vt 0.18193534 0.73114872 0
vt 0.393211246 0.801029921 0
vt 0.393211216 0.808576882 0
vt 0.390937477 0.807683468 0
vt 0.390937507 0.799385488 0
vt 0.402399212 0.833640873 0
vt 0.401039869 0.836498499 0
vt 0.390937477 0.836498559 0
vt 0.393211246 0.833640873 0
vt 0.401039869 0.798303664 0
vt 0.402399212 0.800046027 0
vt 0.393211246 0.823704123 0
vt 0.393211246 0.824997067 0
vt 0.390937507 0.825737953 0
vt 0.390937507 0.824316323 0
vt 0.393211246 0.809834659 0
vt 0.390937507 0.809066534 0
vt 0.403416842 0.833640873 0
vt 0.403416842 0.836498499 0
vt 0.403416872 0.798183858 0
vt 0.403416842 0.79993701 0
vt 0.253231645 0.95500654 0
vt 0.248578906 0.95500654 0
vt 0.24857761 0.944899738 0
vt 0.253230333 0.944899738 0
vt 0.406817704 0.909302473 0
vt 0.406817704 0.907880962 0
vt 0.411470413 0.907881021 0
vt 0.411470413 0.909302473 0
vt 0.406817704 0.925932646 0
vt 0.406817704 0.924549758 0
vt 0.411470413 0.924549818 0
vt 0.411470413 0.925932705 0
vt 0.147120684 0.966417193 0
vt 0.142468005 0.966417193 0
vt 0.142468005 0.964040756 0
vt 0.147120684 0.964040756 0
vt 0.406817704 0.897122204 0
vt 0.411470413 0.897122264 0
vt 0.248577446 0.942522585 0
vt 0.253230184 0.942522526 0
vt 0.406817675 0.934229314 0
vt 0.411470413 0.934229314 0
vt 0.142467991 0.95394057 0
vt 0.147120684 0.95394057 0
vt 0.18193534 0.497254521 0
vt 0.180355385 0.489707649 0
vt 0.18193534 0.489707649 0
vt 0.225764558 0.894274592 0
vt 0.224184617 0.894274652 0
vt 0.224184617 0.885088861 0
vt 0.225764558 0.885088861 0
vt 0.36597389 0.827776611 0
vt 0.36439395 0.827776611 0
vt 0.364398777 0.818590581 0
vt 0.365978718 0.818590581 0
vt 0.18193534 0.474580586 0
vt 0.180355385 0.474580586 0
vt 0.180355385 0.473287582 0
vt 0.18193534 0.473287582 0
vt 0.180355385 0.488449842 0
vt 0.18193534 0.488449842 0
vt 0.224184617 0.884071469 0
vt 0.225764558 0.88407141 0
vt 0.180355385 0.464643925 0
vt 0.18193534 0.464643896 0
vt 0.365973353 0.828794003 0
vt 0.364393413 0.828794003 0
vt 0.413622469 0.801029921 0
vt 0.415896207 0.799385488 0
vt 0.415896207 0.807683468 0
vt 0.413622469 0.808576822 0
vt 0.404434502 0.833640873 0
vt 0.413622469 0.833640873 0
vt 0.415896207 0.836498499 0
vt 0.405793846 0.836498499 0
vt 0.404434502 0.800045967 0
vt 0.405793846 0.798303664 0
vt 0.413622469 0.823704123 0
vt 0.415896207 0.824316323 0
vt 0.415896207 0.825737953 0
vt 0.413622469 0.824997067 0
vt 0.415896207 0.809066534 0
vt 0.413622469 0.809834659 0
vt 0.253231645 0.930053771 0
vt 0.253230333 0.940146863 0
vt 0.24857761 0.940146923 0
vt 0.248578921 0.930053771 0
vt 0.697038233 0.892295659 0
vt 0.701690972 0.892295659 0
vt 0.701690972 0.893717349 0
vt 0.697038233 0.893717289 0
vt 0.697038233 0.875662982 0
vt 0.701690972 0.875663042 0
vt 0.701690972 0.877046108 0
vt 0.697038233 0.877046049 0
vt 0.147120684 0.96879369 0
vt 0.142468005 0.96879369 0
vt 0.701690972 0.904477715 0
vt 0.697038233 0.904477715 0
vt 0.697038233 0.867365062 0
vt 0.701690972 0.867365122 0
vt 0.147120684 0.978893876 0
vt 0.142468005 0.978893876 0
vt 0.18193534 0.595076799 0
vt 0.18193534 0.602622509 0
vt 0.180355385 0.602622509 0
vt 0.180355385 0.595076799 0
vt 0.225764558 0.873868287 0
vt 0.225764558 0.883054078 0
vt 0.224184602 0.883054078 0
vt 0.224184617 0.873868287 0
vt 0.36597389 0.829811394 0
vt 0.365978718 0.838997424 0
vt 0.364398777 0.838997424 0
vt 0.36439395 0.829811394 0
vt 0.18193534 0.617747426 0
vt 0.18193534 0.619040191 0
vt 0.180355385 0.619040191 0
vt 0.180355385 0.617747366 0
vt 0.18193534 0.603880167 0
vt 0.180355385 0.603880167 0
vt 0.180355385 0.627682567 0
vt 0.32491532 0.807540298 0
vt 0.318031162 0.814147413 0
vt 0.317147315 0.813226879 0
vt 0.324031502 0.806619823 0
vt 0.506765902 0.88196671 0
vt 0.507973194 0.88196671 0
vt 0.507973194 0.891903818 0
vt 0.506765902 0.891903818 0
vt 0.216957986 0.890530884 0
vt 0.218165278 0.890530884 0
vt 0.218165293 0.900071383 0
vt 0.216958001 0.900071442 0
vt 0.324793994 0.805887997 0
vt 0.318037301 0.800376952 0
vt 0.318723202 0.799565375 0
vt 0.603380084 0.90892154 0
vt 0.602172792 0.90892154 0
vt 0.0258709323 0.915403187 0
vt 0.02466367 0.915403187 0
vt 0.0258709285 0.90586251 0
vt 0.335423231 0.816958308 0
vt 0.334660739 0.817690074 0
vt 0.325677842 0.806808531 0
vt 0.0917525962 0.91630137 0
vt 0.090545319 0.916301429 0
vt 0.0905453116 0.906760871 0
vt 0.0917525962 0.906760871 0
vt 0.336331755 0.817904532 0
vt 0.335569292 0.818636298 0
vt 0.328685075 0.825243354 0
vt 0.327776551 0.82429719 0
vt 0.176598266 0.879722476 0
vt 0.175390974 0.879722476 0
vt 0.175390989 0.865655303 0
vt 0.176598251 0.865655303 0
vt 0.556414366 0.929181576 0
vt 0.557621658 0.937834084 0
vt 0.556414366 0.937834024 0
vt 0.343215942 0.825074315 0
vt 0.34245345 0.825806081 0
vt 0.326440305 0.806076765 0
vt 0.325556427 0.805156231 0
vt 0.332440615 0.798549116 0
vt 0.333324522 0.799469709 0
vt 0.666747332 0.887760699 0
vt 0.666747332 0.877822161 0
vt 0.667954624 0.877822161 0
vt 0.667954624 0.887760699 0
vt 0.777810574 0.911012709 0
vt 0.777810633 0.901472211 0
vt 0.779017866 0.901472211 0
vt 0.779017866 0.911012709 0
vt 0.319562256 0.79891336 0
vt 0.0129335597 0.903122902 0
vt 0.0129335597 0.912663579 0
vt 0.0117262919 0.912663579 0
vt 0.0117262919 0.903122902 0
vt 0.277938336 0.903117895 0
vt 0.277938336 0.912658572 0
vt 0.276731074 0.912658572 0
vt 0.276731074 0.903117895 0
vt 0.336185724 0.816226542 0
vt 0.218165278 0.900071442 0
vt 0.218165278 0.90961194 0
vt 0.216958016 0.90961194 0
vt 0.216957986 0.900071442 0
vt 0.337094188 0.817172706 0
vt 0.343069911 0.809619427 0
vt 0.343978405 0.81056565 0
vt 0.430465728 0.860009491 0
vt 0.430465728 0.874078751 0
vt 0.429258466 0.874078751 0
vt 0.429258466 0.860009491 0
vt 0.0129335746 0.922204137 0
vt 0.0129335746 0.930857778 0
vt 0.0117263021 0.930857837 0
vt 0.0117263021 0.922204077 0
vt 0.343978405 0.824342549 0
vt 0.418169975 0.833652496 0
vt 0.415896237 0.835296869 0
vt 0.415896237 0.826998949 0
vt 0.418169975 0.826105535 0
vt 0.427357972 0.801041484 0
vt 0.418169975 0.801041543 0
vt 0.415896237 0.798183858 0
vt 0.425998628 0.798183858 0
vt 0.427357972 0.83463639 0
vt 0.425998628 0.836378634 0
vt 0.418169975 0.810978293 0
vt 0.415896237 0.810366035 0
vt 0.415896237 0.808944404 0
vt 0.418169975 0.80968529 0
vt 0.415896237 0.825615823 0
vt 0.418169975 0.824847758 0
vt 0.428375602 0.801041484 0
vt 0.428375602 0.798183858 0
vt 0.428375602 0.834745347 0
vt 0.428375602 0.836498559 0
vt 0.340966642 0.941443503 0
vt 0.340965331 0.951536655 0
vt 0.336312592 0.951536715 0
vt 0.336313903 0.941443563 0
vt 0.335926414 0.880434215 0
vt 0.340579122 0.880434215 0
vt 0.340579122 0.881855905 0
vt 0.335926384 0.881855845 0
vt 0.335926414 0.863801599 0
vt 0.340579152 0.863801599 0
vt 0.340579122 0.865184665 0
vt 0.335926384 0.865184605 0
vt 0.979105473 0.651936173 0
vt 0.979105473 0.65431267 0
vt 0.974452794 0.65431267 0
vt 0.974452794 0.651936173 0
vt 0.340579152 0.892616332 0
vt 0.335926414 0.892616272 0
vt 0.340965182 0.953912318 0
vt 0.336312443 0.953912377 0
vt 0.335926414 0.855503678 0
vt 0.340579122 0.855503678 0
vt 0.979105473 0.664412856 0
vt 0.974452853 0.664412856 0
vt 0.180355385 0.562470913 0
vt 0.180355385 0.554925203 0
vt 0.18193534 0.554925263 0
vt 0.18193534 0.562471032 0
vt 0.713256359 0.88569504 0
vt 0.713256359 0.876509249 0
vt 0.714836299 0.876509249 0
vt 0.714836299 0.88569504 0
vt 0.842958808 0.865874946 0
vt 0.842963636 0.875060916 0
vt 0.841383696 0.875060916 0
vt 0.841378868 0.865874946 0
vt 0.180355385 0.539800286 0
vt 0.180355385 0.538507521 0
vt 0.18193534 0.538507521 0
vt 0.18193534 0.539800346 0
vt 0.180355385 0.553667545 0
vt 0.18193534 0.553667605 0
vt 0.713256359 0.875491858 0
vt 0.714836299 0.875491858 0
vt 0.842958272 0.864857554 0
vt 0.841378331 0.864857554 0
vt 0.438581228 0.833652496 0
vt 0.438581228 0.826105535 0
vt 0.440854967 0.826998949 0
vt 0.440854967 0.835296869 0
vt 0.429393232 0.801041484 0
vt 0.430752575 0.798183858 0
vt 0.440854967 0.798183858 0
vt 0.438581228 0.801041484 0
vt 0.430752575 0.836378634 0
vt 0.429393232 0.83463639 0
vt 0.438581228 0.810978234 0
vt 0.438581228 0.80968529 0
vt 0.440854967 0.808944345 0
vt 0.440854967 0.810365975 0
vt 0.438581228 0.824847698 0
vt 0.440854967 0.825615823 0
vt 0.340966612 0.966396272 0
vt 0.336313903 0.966396332 0
vt 0.336312592 0.95628953 0
vt 0.340965331 0.95628947 0
vt 0.477701187 0.889797509 0
vt 0.477701187 0.888376117 0
vt 0.482353926 0.888376236 0
vt 0.482353926 0.889797688 0
vt 0.477701187 0.906427801 0
vt 0.477701187 0.905044854 0
vt 0.482353896 0.905045033 0
vt 0.482353926 0.90642792 0
vt 0.974452794 0.649559736 0
vt 0.979105473 0.649559736 0
vt 0.477701187 0.8776173 0
vt 0.482353926 0.877617419 0
vt 0.477701187 0.914724469 0
vt 0.482353926 0.914724588 0
vt 0.974452853 0.63945955 0
vt 0.979105473 0.63945955 0
vt 0.365978718 0.497249454 0
vt 0.364398748 0.497249454 0
vt 0.364398777 0.489702612 0
vt 0.365978718 0.489702612 0
vt 0.713256359 0.865288675 0
vt 0.714836299 0.865288675 0
vt 0.714836299 0.874474466 0
vt 0.713256359 0.874474466 0
vt 0.842958808 0.863840103 0
vt 0.841378868 0.863840103 0
vt 0.841383696 0.854654133 0
vt 0.365978718 0.47457549 0
vt 0.364398777 0.47457549 0
vt 0.364398748 0.473282516 0
vt 0.365978718 0.473282546 0
vt 0.364398748 0.488444805 0
vt 0.365978718 0.488444805 0
vt 0.364398748 0.464638829 0
vt 0.365978718 0.464638829 0
vt 0.790026128 0.57428056 0
vt 0.789142251 0.573360085 0
vt 0.796026468 0.56675297 0
vt 0.796910286 0.567673504 0
vt 0.0917525962 0.887679517 0
vt 0.0905453116 0.887679517 0
vt 0.0905453116 0.877740979 0
vt 0.0917525887 0.916301429 0
vt 0.0917525887 0.925841928 0
vt 0.090545319 0.925841928 0
vt 0.0905453116 0.916301429 0
vt 0.788379788 0.574091852 0
vt 0.782308996 0.56776917 0
vt 0.78314805 0.567117155 0
vt 0.666747332 0.906842113 0
vt 0.666747332 0.897301435 0
vt 0.667954624 0.897301435 0
vt 0.667954624 0.906842113 0
vt 0.639860809 0.902087331 0
vt 0.639860809 0.911628008 0
vt 0.638653576 0.911628008 0
vt 0.638653576 0.902087331 0
vt 0.799009085 0.585162103 0
vt 0.789263666 0.575012386 0
vt 0.799771547 0.584430337 0
vt 0.784883261 0.908439398 0
vt 0.784883261 0.917979896 0
vt 0.783675969 0.917979896 0
vt 0.783675969 0.908439398 0
vt 0.799917579 0.586108327 0
vt 0.800680041 0.585376561 0
vt 0.806655705 0.577823281 0
vt 0.807564259 0.578769445 0
vt 0.721095026 0.858947933 0
vt 0.721095026 0.873017251 0
vt 0.719887793 0.873017251 0
vt 0.56931138 0.931094587 0
vt 0.56931138 0.922440946 0
vt 0.570518672 0.922440946 0
vt 0.570518672 0.931094587 0
vt 0.806801736 0.59327811 0
vt 0.807564259 0.592546344 0
vt 0.788501143 0.575744152 0
vt 0.781616986 0.582351208 0
vt 0.780733109 0.581430674 0
vt 0.787617266 0.574823618 0
vt 0.890655875 0.864661098 0
vt 0.891863167 0.864661157 0
vt 0.891863167 0.874598265 0
vt 0.890655875 0.874598265 0
vt 0.128834084 0.926304042 0
vt 0.127626806 0.926304042 0
vt 0.127626806 0.916763544 0
vt 0.128834084 0.916763544 0
vt 0.781623125 0.568580747 0
vt 0.276731074 0.893577218 0
vt 0.277938336 0.893577218 0
vt 0.777810574 0.901472211 0
vt 0.777810574 0.891931534 0
vt 0.779017866 0.891931534 0
vt 0.798246562 0.585893929 0
vt 0.0258709472 0.924943626 0
vt 0.02466367 0.924943686 0
vt 0.0258709472 0.915403187 0
vt 0.799155056 0.586840093 0
vt 0.792270899 0.593447208 0
vt 0.791362405 0.592500985 0
vt 0.237571985 0.869344294 0
vt 0.238779262 0.869344294 0
vt 0.238779262 0.883411467 0
vt 0.237571985 0.883411467 0
vt 0.603380144 0.936655045 0
vt 0.602172852 0.936655045 0
vt 0.602172852 0.928002656 0
vt 0.603380144 0.928002656 0
vt 0.806039274 0.594009936 0
vt 0.443128735 0.801029921 0
vt 0.443128735 0.808576882 0
vt 0.440854996 0.807683468 0
vt 0.440854996 0.799385488 0
vt 0.452316731 0.833640873 0
vt 0.450957388 0.836498499 0
vt 0.440854996 0.836498499 0
vt 0.443128735 0.833640873 0
vt 0.450957388 0.798303723 0
vt 0.452316701 0.800045967 0
vt 0.443128735 0.823704123 0
vt 0.443128735 0.824997127 0
vt 0.440854996 0.825737953 0
vt 0.440854996 0.824316323 0
vt 0.443128735 0.809834659 0
vt 0.440854996 0.809066534 0
vt 0.453334361 0.833640873 0
vt 0.453334361 0.836498499 0
vt 0.453334361 0.798183858 0
vt 0.453334361 0.79993701 0
vt 0.587613761 0.973622978 0
vt 0.582961023 0.973622978 0
vt 0.582959712 0.963516176 0
vt 0.58761245 0.963516176 0
vt 0.891749501 0.889405847 0
vt 0.891749501 0.887984395 0
vt 0.89640224 0.887984514 0
vt 0.89640224 0.889405906 0
vt 0.891749501 0.906036079 0
vt 0.891749501 0.904653192 0
vt 0.89640224 0.904653251 0
vt 0.89640224 0.906036198 0
vt 0.979157567 0.239614218 0
vt 0.974504888 0.239614218 0
vt 0.974504888 0.237237766 0
vt 0.979157567 0.237237766 0
vt 0.891749501 0.877225637 0
vt 0.89640224 0.877225697 0
vt 0.582959592 0.961139023 0
vt 0.587612331 0.961138964 0
vt 0.891749501 0.914332747 0
vt 0.89640224 0.914332807 0
vt 0.974504888 0.227137566 0
vt 0.979157507 0.227137581 0
vt 0.364398748 0.497249484 0
vt 0.365978718 0.504796267 0
vt 0.364398748 0.504796326 0
vt 0.0638415143 0.856984913 0
vt 0.0654214695 0.856984854 0
vt 0.0654214546 0.866170704 0
vt 0.0638414994 0.866170704 0
vt 0.412420124 0.845684469 0
vt 0.410840183 0.845684469 0
vt 0.410844982 0.836498499 0
vt 0.412424922 0.836498499 0
vt 0.364398748 0.519923449 0
vt 0.365978718 0.519923389 0
vt 0.365978718 0.521216393 0
vt 0.364398777 0.521216393 0
vt 0.365978718 0.506054103 0
vt 0.364398777 0.506054103 0
vt 0.0654214546 0.867188096 0
vt 0.0638414994 0.867188096 0
vt 0.365978718 0.529860079 0
vt 0.364398748 0.529860079 0
vt 0.412419587 0.84670186 0
vt 0.410839647 0.84670186 0
vt 0.463539958 0.801029921 0
vt 0.465813726 0.799385428 0
vt 0.465813726 0.807683468 0
vt 0.463539958 0.808576822 0
vt 0.454351991 0.833640873 0
vt 0.463539988 0.833640873 0
vt 0.465813726 0.836498499 0
vt 0.455711335 0.836498499 0
vt 0.454351991 0.800045967 0
vt 0.455711335 0.798303723 0
vt 0.463539988 0.823704123 0
vt 0.465813726 0.824316263 0
vt 0.465813726 0.825737953 0
vt 0.463539988 0.824997067 0
vt 0.465813726 0.809066534 0
vt 0.463539988 0.809834659 0
vt 0.587613761 0.948670208 0
vt 0.58761245 0.958763361 0
vt 0.582959712 0.958763361 0
vt 0.582961023 0.948670268 0
vt 0.747282684 0.885983407 0
vt 0.751935363 0.885983407 0
vt 0.751935363 0.887405097 0
vt 0.747282684 0.887405097 0
vt 0.747282624 0.869350791 0
vt 0.751935363 0.869350791 0
vt 0.751935363 0.870733857 0
vt 0.747282624 0.870733857 0
vt 0.979157507 0.241990685 0
vt 0.974504888 0.241990685 0
vt 0.751935363 0.898165464 0
vt 0.747282624 0.898165464 0
vt 0.747282684 0.861052871 0
vt 0.751935363 0.861052871 0
vt 0.364398748 0.685348153 0
vt 0.365978718 0.685348153 0
vt 0.365978718 0.692893863 0
vt 0.0638414994 0.877391279 0
vt 0.0638415143 0.868205488 0
vt 0.0654214546 0.868205488 0
vt 0.0654214472 0.877391279 0
vt 0.412420124 0.847719312 0
vt 0.412424952 0.856905282 0
vt 0.410845011 0.856905282 0
vt 0.410840183 0.847719312 0
vt 0.364398748 0.670223296 0
vt 0.364398748 0.668930471 0
vt 0.365978718 0.668930531 0
vt 0.365978718 0.670223296 0
vt 0.364398748 0.684090495 0
vt 0.365978718 0.684090495 0
vt 0.364398748 0.660288095 0
vt 0.365978718 0.660288095 0
vt 0.244421959 0.807540357 0
vt 0.237537786 0.814147413 0
vt 0.236653924 0.813226879 0
vt 0.243538097 0.806619823 0
vt 0.556414366 0.881969094 0
vt 0.557621598 0.881969094 0
vt 0.557621658 0.891906202 0
vt 0.556414366 0.891906202 0
vt 0.557621658 0.910987377 0
vt 0.556414366 0.910987437 0
vt 0.556414366 0.901446939 0
vt 0.557621598 0.901446939 0
vt 0.244300559 0.805887997 0
vt 0.237543896 0.800376892 0
vt 0.238229811 0.799565375 0
vt 0.713256359 0.895235658 0
vt 0.714463651 0.895235658 0
vt 0.714463651 0.904776394 0
vt 0.713256359 0.904776394 0
vt 0.667954624 0.897301495 0
vt 0.666747332 0.887760758 0
vt 0.667954624 0.887760758 0
vt 0.254929841 0.816958308 0
vt 0.254167408 0.817690074 0
vt 0.245184436 0.806808531 0
vt 0.667954624 0.916382611 0
vt 0.666747332 0.916382611 0
vt 0.255838335 0.817904472 0
vt 0.255075872 0.818636298 0
vt 0.24819167 0.825243354 0
vt 0.247283205 0.82429719 0
vt 0.355543822 0.865654469 0
vt 0.356751084 0.865654528 0
vt 0.356751084 0.879721761 0
vt 0.355543822 0.879721701 0
vt 0.0392887183 0.929811537 0
vt 0.0392887183 0.938463926 0
vt 0.0380814336 0.938463867 0
vt 0.262722552 0.825074315 0
vt 0.261960059 0.825806081 0
vt 0.245946929 0.806076765 0
vt 0.245063052 0.805156231 0
vt 0.251947254 0.798549116 0
vt 0.252831131 0.799469709 0
vt 0.109509423 0.877740979 0
vt 0.109509423 0.887679517 0
vt 0.108302139 0.887679517 0
vt 0.108302146 0.877740979 0
vt 0.0666684583 0.919728875 0
vt 0.0666684583 0.929269373 0
vt 0.0654611811 0.929269373 0
vt 0.0654611811 0.919728875 0
vt 0.239068896 0.79891336 0
vt 0.784883261 0.898898721 0
vt 0.784883261 0.908439457 0
vt 0.783675969 0.908439457 0
vt 0.783675969 0.898898721 0
vt 0.0917525813 0.887679577 0
vt 0.0917526037 0.897220254 0
vt 0.090545319 0.897220254 0
vt 0.0905453116 0.887679577 0
vt 0.255692363 0.816226542 0
vt 0.602172852 0.918462098 0
vt 0.602172852 0.908921599 0
vt 0.603380144 0.908921599 0
vt 0.603380144 0.918462098 0
vt 0.256600827 0.817172706 0
vt 0.26257655 0.809619427 0
vt 0.263485014 0.81056565 0
vt 0.277938366 0.855503678 0
vt 0.277938336 0.869572937 0
vt 0.276731074 0.869572937 0
vt 0.276731074 0.855503678 0
vt 0.277938336 0.92219907 0
vt 0.277938336 0.930852771 0
vt 0.276731074 0.930852771 0
vt 0.276731074 0.92219907 0
vt 0.263485044 0.824342549 0
vt 0.468087494 0.833652437 0
vt 0.465813756 0.835296929 0
vt 0.465813756 0.826998889 0
vt 0.468087494 0.826105535 0
vt 0.477275461 0.801041484 0
vt 0.468087494 0.801041543 0
vt 0.465813726 0.798183918 0
vt 0.475916117 0.798183918 0
vt 0.477275461 0.83463639 0
vt 0.475916147 0.836378634 0
vt 0.468087494 0.810978234 0
vt 0.465813756 0.810366094 0
vt 0.465813756 0.808944404 0
vt 0.468087494 0.80968529 0
vt 0.465813756 0.825615823 0
vt 0.468087494 0.824847698 0
vt 0.478293091 0.801041484 0
vt 0.478293091 0.798183918 0
vt 0.478293121 0.834745347 0
vt 0.478293121 0.836498499 0
vt 0.718536615 0.93905139 0
vt 0.718535304 0.949144542 0
vt 0.713882565 0.949144542 0
vt 0.713883877 0.939051449 0
vt 0.365289897 0.769086301 0
vt 0.360637158 0.769086242 0
vt 0.360637158 0.767664611 0
vt 0.365289897 0.767664611 0
vt 0.365289897 0.785718977 0
vt 0.360637188 0.785718918 0
vt 0.360637188 0.784335852 0
vt 0.365289897 0.784335911 0
vt 0.974507928 0.291094214 0
vt 0.974507928 0.288717747 0
vt 0.979160607 0.288717747 0
vt 0.979160607 0.291094214 0
vt 0.360637158 0.756904185 0
vt 0.365289927 0.756904244 0
vt 0.718535185 0.951520205 0
vt 0.713882446 0.951520205 0
vt 0.365289897 0.794016838 0
vt 0.360637158 0.794016838 0
vt 0.974507928 0.278617591 0
vt 0.979160607 0.278617591 0
vt 0.364398748 0.652742326 0
vt 0.365978718 0.652742386 0
vt 0.638280869 0.892546654 0
vt 0.638280869 0.883360863 0
vt 0.639860809 0.883360863 0
vt 0.639860809 0.892546654 0
vt 0.817888677 0.855341911 0
vt 0.817893505 0.864527881 0
vt 0.816313565 0.864527881 0
vt 0.816308737 0.855341911 0
vt 0.364398748 0.637617469 0
vt 0.364398748 0.636324644 0
vt 0.365978718 0.636324704 0
vt 0.365978718 0.637617469 0
vt 0.364398748 0.651484668 0
vt 0.365978718 0.651484728 0
vt 0.638280869 0.882343471 0
vt 0.639860809 0.882343471 0
vt 0.364398748 0.627682269 0
vt 0.365978718 0.627682328 0
vt 0.817888141 0.85432452 0
vt 0.81630826 0.85432452 0
vt 0.488498718 0.833652437 0
vt 0.488498718 0.826105535 0
vt 0.490772486 0.826998889 0
vt 0.490772456 0.835296869 0
vt 0.479310751 0.801041484 0
vt 0.480670094 0.798183858 0
vt 0.490772486 0.798183858 0
vt 0.488498718 0.801041484 0
vt 0.480670094 0.836378634 0
vt 0.479310751 0.83463639 0
vt 0.488498718 0.810978234 0
vt 0.488498718 0.80968523 0
vt 0.490772486 0.808944404 0
vt 0.490772486 0.810366035 0
vt 0.488498718 0.824847698 0
vt 0.490772486 0.825615764 0
vt 0.718536615 0.964004159 0
vt 0.713883877 0.964004219 0
vt 0.713882625 0.953897417 0
vt 0.718535304 0.953897357 0
vt 0.81630826 0.906160772 0
vt 0.81630826 0.907582164 0
vt 0.811655521 0.907582045 0
vt 0.811655521 0.906160653 0
vt 0.81630826 0.88953054 0
vt 0.81630826 0.890913427 0
vt 0.811655521 0.890913308 0
vt 0.811655521 0.88953042 0
vt 0.979160607 0.293470681 0
vt 0.974507928 0.293470681 0
vt 0.8163082 0.918340981 0
vt 0.811655521 0.918340862 0
vt 0.81630826 0.881233871 0
vt 0.811655521 0.881233752 0
vt 0.979160607 0.303570867 0
vt 0.974507928 0.303570867 0
vt 0.180355385 0.464643866 0
vt 0.180355385 0.457097054 0
vt 0.18193534 0.457097054 0
vt 0.638280869 0.872140288 0
vt 0.639860809 0.872140288 0
vt 0.639860809 0.881326079 0
vt 0.638280869 0.881326079 0
vt 0.817888677 0.853307128 0
vt 0.816308737 0.853307128 0
vt 0.816313565 0.844121099 0
vt 0.817893505 0.844121099 0
vt 0.18193534 0.441969931 0
vt 0.180355385 0.441969931 0
vt 0.180355385 0.440676987 0
vt 0.18193534 0.440676987 0
vt 0.180355385 0.455839247 0
vt 0.18193534 0.455839247 0
vt 0.180355385 0.432033271 0
vt 0.18193534 0.432033271 0
vt 0.299609214 0.806076765 0
vt 0.298725337 0.805156231 0
vt 0.305609554 0.798549116 0
vt 0.306493402 0.799469709 0
vt 0.779017866 0.872055888 0
vt 0.779017866 0.881994426 0
vt 0.777810574 0.881994426 0
vt 0.777810574 0.872055888 0
vt 0.667954624 0.925923109 0
vt 0.297962844 0.805887997 0
vt 0.291892081 0.799565375 0
vt 0.292731166 0.79891336 0
vt 0.784883261 0.889358103 0
vt 0.784883261 0.89889878 0
vt 0.783675969 0.89889878 0
vt 0.783675969 0.889358103 0
vt 0.0117263021 0.903122902 0
vt 0.0117262919 0.893582225 0
vt 0.0129335597 0.893582225 0
vt 0.01293357 0.903122902 0
vt 0.308592141 0.816958308 0
vt 0.298846722 0.806808531 0
vt 0.309354603 0.816226542 0
vt 0.115369439 0.906760871 0
vt 0.115369439 0.916301429 0
vt 0.114162154 0.916301429 0
vt 0.114162177 0.906760871 0
vt 0.309500635 0.817904472 0
vt 0.310263127 0.817172706 0
vt 0.316238821 0.809619427 0
vt 0.317147315 0.81056565 0
vt 0.682647705 0.858141959 0
vt 0.682647705 0.872211218 0
vt 0.681440473 0.872211218 0
vt 0.681440473 0.858141899 0
vt 0.890338063 0.934023738 0
vt 0.890338063 0.925370038 0
vt 0.891545355 0.925370038 0
vt 0.891545355 0.934023738 0
vt 0.316384822 0.825074315 0
vt 0.317147315 0.824342549 0
vt 0.298084229 0.807540298 0
vt 0.291200072 0.814147413 0
vt 0.290316194 0.813226879 0
vt 0.297200382 0.806619763 0
vt 0.276731074 0.88364011 0
vt 0.277938336 0.88364011 0
vt 0.765764296 0.905204177 0
vt 0.764557064 0.905204237 0
vt 0.764557004 0.895663738 0
vt 0.765764356 0.895663679 0
vt 0.291206211 0.800376892 0
vt 0.115369439 0.897220254 0
vt 0.114162154 0.897220254 0
vt 0.114162162 0.887679577 0
vt 0.115369439 0.887679577 0
vt 0.127626806 0.888141692 0
vt 0.128834084 0.888141692 0
vt 0.307829678 0.817690074 0
vt 0.357067794 0.919143975 0
vt 0.355860531 0.919143975 0
vt 0.355860531 0.909603477 0
vt 0.357067794 0.909603477 0
vt 0.308738172 0.818636298 0
vt 0.301853955 0.825243354 0
vt 0.300945461 0.82429719 0
vt 0.277938336 0.869572997 0
vt 0.276731074 0.88364017 0
vt 0.0666684657 0.937921822 0
vt 0.0654611811 0.937921822 0
vt 0.0666684657 0.929269433 0
vt 0.31562233 0.825806081 0
vt 0.513457477 0.833652437 0
vt 0.513457477 0.826105535 0
vt 0.515731215 0.826998889 0
vt 0.515731215 0.835296869 0
vt 0.504269481 0.801041484 0
vt 0.505628824 0.798183918 0
vt 0.515731215 0.798183858 0
vt 0.513457477 0.801041484 0
vt 0.505628824 0.836378694 0
vt 0.504269481 0.83463639 0
vt 0.513457477 0.810978234 0
vt 0.513457477 0.80968529 0
vt 0.515731215 0.808944404 0
vt 0.515731215 0.810366035 0
vt 0.513457477 0.824847698 0
vt 0.515731215 0.825615823 0
vt 0.503251851 0.801041543 0
vt 0.503251851 0.798183918 0
vt 0.503251851 0.836498499 0
vt 0.503251851 0.834745347 0
vt 0.225480422 0.971121728 0
vt 0.220827699 0.971121788 0
vt 0.220826373 0.961014986 0
vt 0.225479111 0.961014926 0
vt 0.719829321 0.899996281 0
vt 0.719829381 0.901417732 0
vt 0.715176642 0.901417673 0
vt 0.715176642 0.899996221 0
vt 0.719829381 0.883366048 0
vt 0.719829321 0.884748995 0
vt 0.715176642 0.884748876 0
vt 0.715176642 0.883365989 0
vt 0.979159892 0.320560932 0
vt 0.974507213 0.320560932 0
vt 0.974507213 0.318184465 0
vt 0.979159892 0.318184465 0
vt 0.719829321 0.912176549 0
vt 0.715176642 0.91217649 0
vt 0.220826238 0.958637774 0
vt 0.225478977 0.958637774 0
vt 0.719829321 0.875069439 0
vt 0.715176642 0.87506932 0
vt 0.974507213 0.308084309 0
vt 0.979159892 0.308084309 0
vt 0.364398777 0.432028234 0
vt 0.365978748 0.432028234 0
vt 0.365978748 0.439575046 0
vt 0.364398777 0.439575076 0
vt 0.127626806 0.867735326 0
vt 0.129206747 0.867735326 0
vt 0.129206762 0.876921117 0
vt 0.127626806 0.876921117 0
vt 0.364398241 0.809404671 0
vt 0.365978181 0.809404671 0
vt 0.365973353 0.818590641 0
vt 0.364393413 0.818590641 0
vt 0.364398748 0.454702199 0
vt 0.365978718 0.454702169 0
vt 0.365978718 0.455995142 0
vt 0.364398748 0.455995142 0
vt 0.365978718 0.440832853 0
vt 0.364398748 0.440832883 0
vt 0.129206747 0.877938509 0
vt 0.127626806 0.877938509 0
vt 0.364398777 0.80838722 0
vt 0.365978718 0.80838722 0
vt 0.493046254 0.833652437 0
vt 0.490772486 0.835296929 0
vt 0.490772486 0.826998949 0
vt 0.493046224 0.826105595 0
vt 0.502234221 0.801041543 0
vt 0.493046254 0.801041543 0
vt 0.490772486 0.798183918 0
vt 0.500874877 0.798183918 0
vt 0.502234221 0.83463645 0
vt 0.500874877 0.836378694 0
vt 0.493046254 0.810978293 0
vt 0.490772486 0.810366094 0
vt 0.490772486 0.808944464 0
vt 0.493046254 0.80968529 0
vt 0.490772486 0.825615883 0
vt 0.493046254 0.824847698 0
vt 0.225480422 0.946168959 0
vt 0.225479111 0.956262112 0
vt 0.220826387 0.956262171 0
vt 0.220827699 0.946169019 0
vt 0.223259345 0.886050344 0
vt 0.218606606 0.886050284 0
vt 0.218606621 0.884628654 0
vt 0.223259345 0.884628654 0
vt 0.223259345 0.90268296 0
vt 0.218606621 0.90268296 0
vt 0.218606621 0.901299894 0
vt 0.223259345 0.901299894 0
vt 0.979159892 0.322937399 0
vt 0.974507213 0.322937399 0
vt 0.218606606 0.873868287 0
vt 0.223259345 0.873868287 0
vt 0.223259345 0.91098088 0
vt 0.218606621 0.91098088 0
vt 0.979159892 0.333037555 0
vt 0.974507213 0.333037555 0
vt 0.180355385 0.58753103 0
vt 0.18193534 0.58753109 0
vt 0.127626806 0.878955901 0
vt 0.129206762 0.878955901 0
vt 0.129206762 0.888141692 0
vt 0.364398241 0.807369828 0
vt 0.364393413 0.798183858 0
vt 0.365973353 0.798183858 0
vt 0.365978181 0.807369828 0
vt 0.180355385 0.572406173 0
vt 0.180355385 0.571113408 0
vt 0.18193534 0.571113467 0
vt 0.18193534 0.572406232 0
vt 0.180355385 0.586273432 0
vt 0.18193534 0.586273491 0
vt 0.180355385 0.562471032 0
vt 0.00776804658 0.807545304 0
vt 0.00088382751 0.81415242 0
vt 0 0.813231885 0
vt 0.00688419957 0.80662483 0
vt 0.493919253 0.881971598 0
vt 0.495126516 0.881971598 0
vt 0.495126516 0.891908705 0
vt 0.493919224 0.891908705 0
vt 0.921605647 0.889040172 0
vt 0.920398355 0.889040172 0
vt 0.920398355 0.879499674 0
vt 0.921605647 0.879499674 0
vt 0.0076466687 0.805893004 0
vt 0.000889979943 0.800381899 0
vt 0.00157588779 0.799570382 0
vt 0.115369424 0.897220254 0
vt 0.115369424 0.906760931 0
vt 0.114162154 0.906760931 0
vt 0.493919224 0.891908765 0
vt 0.495126516 0.891908765 0
vt 0.495126516 0.901449442 0
vt 0.493919224 0.901449442 0
vt 0.0182759315 0.816963315 0
vt 0.0175134614 0.817695081 0
vt 0.00853051618 0.806813538 0
vt 0.603380084 0.918462098 0
vt 0.603380144 0.928002596 0
vt 0.602172852 0.928002596 0
vt 0.0191844273 0.817909479 0
vt 0.0184219573 0.818641305 0
vt 0.0115377391 0.825248361 0
vt 0.0106292423 0.824302137 0
vt 0.0117262919 0.869578004 0
vt 0.0129335746 0.869578004 0
vt 0.506765902 0.930066109 0
vt 0.507973194 0.930066109 0
vt 0.507973194 0.938718557 0
vt 0.506765902 0.938718498 0
vt 0.0260686073 0.825079322 0
vt 0.0253061187 0.825811088 0
vt 0.00929300487 0.806081772 0
vt 0.0084091574 0.805161238 0
vt 0.0152933374 0.798554182 0
vt 0.0161771849 0.799474716 0
vt 0.603380084 0.879901767 0
vt 0.603380084 0.889840305 0
vt 0.602172792 0.889840305 0
vt 0.602172792 0.879901767 0
vt 0.00241495785 0.798918366 0
vt 0.638653576 0.892546654 0
vt 0.719887793 0.902433634 0
vt 0.719887793 0.892892897 0
vt 0.721095026 0.892892897 0
vt 0.721095026 0.902433634 0
vt 0.0190384202 0.816231489 0
vt 0.365978718 0.900062919 0
vt 0.365978748 0.909603417 0
vt 0.364771456 0.909603417 0
vt 0.364771456 0.900062919 0
vt 0.019946916 0.817177713 0
vt 0.0259226002 0.809624493 0
vt 0.0268310755 0.810570657 0
vt 0.365600735 0.859404147 0
vt 0.365600735 0.873473406 0
vt 0.364393443 0.873473346 0
vt 0.364393473 0.859404147 0
vt 0.16237618 0.930280745 0
vt 0.162376195 0.921627045 0
vt 0.163583457 0.930280745 0
vt 0.0268310755 0.824347556 0
vt 0.538416266 0.833652437 0
vt 0.538416266 0.826105535 0
vt 0.540689945 0.826998889 0
vt 0.540690005 0.835296869 0
vt 0.52922827 0.801041484 0
vt 0.530587614 0.798183858 0
vt 0.540690005 0.798183858 0
vt 0.538416266 0.801041484 0
vt 0.530587614 0.836378634 0
vt 0.52922827 0.83463639 0
vt 0.538416266 0.810978234 0
vt 0.538416266 0.80968523 0
vt 0.540689945 0.808944345 0
vt 0.540689945 0.810366035 0
vt 0.538416207 0.824847698 0
vt 0.540689945 0.825615764 0
vt 0.52821064 0.801041484 0
vt 0.52821064 0.798183858 0
vt 0.52821064 0.836498499 0
vt 0.52821064 0.834745347 0
vt 0.182358146 0.956262589 0
vt 0.177705407 0.956262648 0
vt 0.177704096 0.946155846 0
vt 0.18235682 0.946155787 0
vt 0.109509423 0.889921188 0
vt 0.109509423 0.888499796 0
vt 0.114162154 0.888499856 0
vt 0.114162154 0.889921308 0
vt 0.109509423 0.906551421 0
vt 0.109509423 0.905168533 0
vt 0.114162154 0.905168593 0
vt 0.114162154 0.90655148 0
vt 0.11139942 0.965584695 0
vt 0.116052091 0.965584695 0
vt 0.116052091 0.967961133 0
vt 0.111399405 0.967961133 0
vt 0.114162154 0.877741039 0
vt 0.177703962 0.943778634 0
vt 0.182356685 0.943778634 0
vt 0.109509423 0.914848089 0
vt 0.114162162 0.914848149 0
vt 0.116052084 0.978061318 0
vt 0.11139942 0.978061318 0
vt 0.365978718 0.562470675 0
vt 0.364398748 0.562470734 0
vt 0.364398748 0.554923832 0
vt 0.365978718 0.554923832 0
vt 0.785255909 0.889358103 0
vt 0.783675969 0.880172312 0
vt 0.785255909 0.880172312 0
vt 0.176653594 0.828146935 0
vt 0.175073653 0.828146935 0
vt 0.175078452 0.818960905 0
vt 0.176658407 0.818960905 0
vt 0.365978718 0.53979677 0
vt 0.364398748 0.53979677 0
vt 0.364398748 0.538503766 0
vt 0.365978718 0.538503766 0
vt 0.364398748 0.553666055 0
vt 0.365978718 0.553666055 0
vt 0.783675969 0.879154921 0
vt 0.785255909 0.879154921 0
vt 0.365978718 0.529860139 0
vt 0.176653057 0.829164326 0
vt 0.175073117 0.829164326 0
vt 0.518005013 0.833652496 0
vt 0.515731215 0.826998949 0
vt 0.518005013 0.826105535 0
vt 0.52719301 0.801041484 0
vt 0.518005013 0.801041484 0
vt 0.515731275 0.798183858 0
vt 0.525833666 0.798183858 0
vt 0.52719295 0.83463639 0
vt 0.525833607 0.836378634 0
vt 0.518005013 0.810978234 0
vt 0.515731275 0.810366035 0
vt 0.515731275 0.808944404 0
vt 0.518005013 0.80968523 0
vt 0.518005013 0.824847698 0
vt 0.182358131 0.931309819 0
vt 0.18235682 0.941402972 0
vt 0.177704096 0.941403031 0
vt 0.177705407 0.931309879 0
vt 0.779017925 0.873475492 0
vt 0.783670604 0.873475492 0
vt 0.783670604 0.874897182 0
vt 0.779017866 0.874897122 0
vt 0.779017925 0.856842816 0
vt 0.783670604 0.856842875 0
vt 0.783670604 0.858225942 0
vt 0.779017866 0.858225942 0
vt 0.11139942 0.963208199 0
vt 0.116052084 0.963208199 0
vt 0.783670604 0.885657549 0
vt 0.779017866 0.885657549 0
vt 0.779017866 0.848544955 0
vt 0.783670604 0.848544955 0
vt 0.111399405 0.953108013 0
vt 0.116052084 0.953108013 0
vt 0.364398777 0.627682269 0
vt 0.364398777 0.620136559 0
vt 0.365978718 0.620136559 0
vt 0.365978718 0.627682269 0
vt 0.785255909 0.878137529 0
vt 0.783675969 0.878137529 0
vt 0.176653594 0.830181718 0
vt 0.176658407 0.839367747 0
vt 0.175078481 0.839367747 0
vt 0.175073639 0.830181777 0
vt 0.364398777 0.605011642 0
vt 0.364398777 0.603718877 0
vt 0.365978718 0.603718877 0
vt 0.365978718 0.605011642 0
vt 0.364398777 0.618878901 0
vt 0.365978718 0.618878901 0
vt 0.364398748 0.595076501 0
vt 0.365978718 0.595076501 0
vt 0.190759659 0.807540357 0
vt 0.183875471 0.814147413 0
vt 0.182991609 0.813226879 0
vt 0.189875782 0.806619763 0
vt 0.16237618 0.883068085 0
vt 0.163583457 0.883068144 0
vt 0.163583457 0.893005192 0
vt 0.162376195 0.893005192 0
vt 0.817515552 0.913556039 0
vt 0.81630826 0.913556039 0
vt 0.81630826 0.904015601 0
vt 0.817515492 0.904015601 0
vt 0.190638259 0.805887997 0
vt 0.183881611 0.800376952 0
vt 0.184567496 0.799565375 0
vt 0.556414366 0.891906261 0
vt 0.557621658 0.891906261 0
vt 0.557621658 0.901446939 0
vt 0.506765902 0.891903877 0
vt 0.507973194 0.891903877 0
vt 0.201267555 0.816958308 0
vt 0.200505093 0.817690074 0
vt 0.191522121 0.806808531 0
vt 0.495200455 0.921284139 0
vt 0.493993193 0.921284139 0
vt 0.202176079 0.817904472 0
vt 0.201413602 0.818636239 0
vt 0.194529399 0.825243354 0
vt 0.193620905 0.82429713 0
vt 0.797191501 0.867631674 0
vt 0.798398793 0.867631674 0
vt 0.798398793 0.881698847 0
vt 0.797191501 0.881698847 0
vt 0.162376165 0.930280685 0
vt 0.163583457 0.938933134 0
vt 0.16237618 0.938933134 0
vt 0.209060267 0.825074315 0
vt 0.208297789 0.825806081 0
vt 0.192284614 0.806076765 0
vt 0.191400751 0.805156231 0
vt 0.198284924 0.798549116 0
vt 0.199168786 0.79946965 0
vt 0.721095026 0.88295579 0
vt 0.719887793 0.88295579 0
vt 0.719887793 0.911974072 0
vt 0.719887793 0.902433574 0
vt 0.721095085 0.902433574 0
vt 0.721095026 0.911974072 0
vt 0.185406551 0.79891336 0
vt 0.764557064 0.895663738 0
vt 0.765764296 0.895663738 0
vt 0.713256359 0.895235717 0
vt 0.714463651 0.88569504 0
vt 0.714463651 0.895235717 0
vt 0.202030048 0.816226482 0
vt 0.639860868 0.911628008 0
vt 0.639860868 0.921168506 0
vt 0.638653576 0.921168506 0
vt 0.202938542 0.817172706 0
vt 0.20891422 0.809619427 0
vt 0.209822744 0.81056565 0
vt 0.445035249 0.860009491 0
vt 0.445035249 0.874078751 0
vt 0.443827957 0.874078751 0
vt 0.443827957 0.860009491 0
vt 0.02466367 0.933597386 0
vt 0.0258709323 0.924943686 0
vt 0.0258709434 0.933597386 0
vt 0.209822729 0.824342489 0
vt 0.542963743 0.833652437 0
vt 0.540690005 0.826998949 0
vt 0.542963743 0.826105535 0
vt 0.55215174 0.801041484 0
vt 0.542963743 0.801041484 0
vt 0.550792396 0.798183858 0
vt 0.55215174 0.83463639 0
vt 0.550792396 0.836378634 0
vt 0.542963743 0.810978293 0
vt 0.540690005 0.810366035 0
vt 0.540690005 0.808944404 0
vt 0.542963743 0.80968529 0
vt 0.540690005 0.825615823 0
vt 0.542963743 0.824847698 0
vt 0.55316937 0.801041484 0
vt 0.55316937 0.798183858 0
vt 0.55316937 0.834745347 0
vt 0.55316937 0.836498499 0
vt 0.89640367 0.941864073 0
vt 0.896402359 0.951957226 0
vt 0.89174962 0.951957226 0
vt 0.891750932 0.941864133 0
vt 0.811655521 0.869051695 0
vt 0.81630826 0.869051695 0
vt 0.81630826 0.870473385 0
vt 0.811655521 0.870473325 0
vt 0.811655521 0.852419019 0
vt 0.81630826 0.852419019 0
vt 0.81630826 0.853802145 0
vt 0.811655521 0.853802085 0
vt 0.979160845 0.199140966 0
vt 0.979160845 0.201517433 0
vt 0.974508166 0.201517433 0
vt 0.974508166 0.199140966 0
vt 0.81630826 0.881233752 0
vt 0.89640218 0.954332888 0
vt 0.891749501 0.954332888 0
vt 0.811655521 0.844121099 0
vt 0.81630826 0.844121158 0
vt 0.979160845 0.211617604 0
vt 0.974508166 0.211617589 0
vt 0.364398777 0.595076442 0
vt 0.364398777 0.587530792 0
vt 0.365978718 0.587530792 0
vt 0.218537956 0.870124519 0
vt 0.218537942 0.87931031 0
vt 0.216958001 0.879310369 0
vt 0.216958001 0.870124578 0
vt 0.026244143 0.866729498 0
vt 0.026248958 0.875915468 0
vt 0.0246690214 0.875915468 0
vt 0.0246641915 0.866729498 0
vt 0.364398777 0.572405875 0
vt 0.364398777 0.57111311 0
vt 0.365978718 0.57111311 0
vt 0.365978718 0.572405875 0
vt 0.364398777 0.586273134 0
vt 0.365978718 0.586273134 0
vt 0.218537942 0.880327702 0
vt 0.216958001 0.880327761 0
vt 0.364398748 0.562470675 0
vt 0.365978718 0.562470734 0
vt 0.0262436122 0.865712106 0
vt 0.02466367 0.865712106 0
vt 0.563374996 0.833652437 0
vt 0.563374996 0.826105535 0
vt 0.565648735 0.826998889 0
vt 0.565648735 0.835296869 0
vt 0.554187 0.801041484 0
vt 0.555546343 0.798183858 0
vt 0.565648735 0.798183858 0
vt 0.563374996 0.801041484 0
vt 0.555546343 0.836378634 0
vt 0.554187 0.83463639 0
vt 0.563374996 0.810978234 0
vt 0.563374996 0.80968523 0
vt 0.565648735 0.808944345 0
vt 0.565648735 0.810366035 0
vt 0.563374996 0.824847698 0
vt 0.565648735 0.825615764 0
vt 0.89640367 0.966816843 0
vt 0.891750932 0.966816902 0
vt 0.89174962 0.9567101 0
vt 0.896402359 0.956710041 0
vt 0.335926384 0.904796541 0
vt 0.335926384 0.903375089 0
vt 0.340579122 0.903375149 0
vt 0.340579122 0.90479666 0
vt 0.335926384 0.921426773 0
vt 0.335926384 0.920043886 0
vt 0.340579122 0.920043945 0
vt 0.340579122 0.921426833 0
vt 0.974508166 0.196764514 0
vt 0.979160845 0.196764514 0
vt 0.335926384 0.892616332 0
vt 0.340579122 0.892616391 0
vt 0.335926384 0.929723382 0
vt 0.340579122 0.929723501 0
vt 0.974508166 0.186664328 0
vt 0.979160845 0.186664328 0
vt 0.364398777 0.399417639 0
vt 0.365978748 0.399417669 0
vt 0.365978718 0.406964481 0
vt 0.364398748 0.406964481 0
vt 0.218537956 0.890530884 0
vt 0.216957986 0.890530944 0
vt 0.216958001 0.881345153 0
vt 0.218537942 0.881345093 0
vt 0.0262441337 0.864694655 0
vt 0.0246641915 0.864694655 0
vt 0.0246690121 0.855508685 0
vt 0.0262489486 0.855508685 0
vt 0.364398777 0.422091603 0
vt 0.365978748 0.422091603 0
vt 0.365978748 0.423384577 0
vt 0.364398777 0.423384547 0
vt 0.365978718 0.408222318 0
vt 0.364398777 0.408222318 0
vt 0.365978748 0.432028264 0
vt 0.217590794 0.816814899 0
vt 0.216706932 0.817735434 0
vt 0.209822744 0.811128318 0
vt 0.210706607 0.810207844 0
vt 0.0779558346 0.877740979 0
vt 0.0779558346 0.887679517 0
vt 0.0767485574 0.887679517 0
vt 0.0767485648 0.877740979 0
vt 0.109509408 0.906760871 0
vt 0.109509408 0.91630137 0
vt 0.108302131 0.916301429 0
vt 0.108302139 0.906760931 0
vt 0.217469409 0.8184672 0
vt 0.211398646 0.824789822 0
vt 0.210712746 0.823978305 0
vt 0.176435292 0.898700833 0
vt 0.176435277 0.889160156 0
vt 0.177642554 0.898700833 0
vt 0.465473413 0.897985578 0
vt 0.22809872 0.807396948 0
vt 0.218353271 0.817546666 0
vt 0.227336228 0.806665123 0
vt 0.177642554 0.90824151 0
vt 0.177642554 0.917782009 0
vt 0.176435277 0.917782009 0
vt 0.176435277 0.90824151 0
vt 0.229007244 0.806450725 0
vt 0.228244752 0.805718958 0
vt 0.22045204 0.800058067 0
vt 0.221360549 0.799111843 0
vt 0.631718397 0.858141541 0
vt 0.631718397 0.872210801 0
vt 0.630511105 0.872210801 0
vt 0.630511105 0.858141541 0
vt 0.493993133 0.92993784 0
vt 0.493993133 0.921284139 0
vt 0.495200425 0.921284139 0
vt 0.495200425 0.92993784 0
vt 0.235891432 0.799280941 0
vt 0.235128939 0.798549116 0
vt 0.219115764 0.818278432 0
vt 0.225999951 0.824885488 0
vt 0.225116089 0.825806022 0
vt 0.218231887 0.819198966 0
vt 0.719887793 0.882955849 0
vt 0.721095026 0.882955849 0
vt 0.721095026 0.892892957 0
vt 0.719887793 0.892892957 0
vt 0.779017866 0.920553207 0
vt 0.777810574 0.920553207 0
vt 0.212237716 0.825441837 0
vt 0.22539188 0.903815329 0
vt 0.224184602 0.903815329 0
vt 0.224184617 0.894274592 0
vt 0.22539188 0.894274652 0
vt 0.817515492 0.894474924 0
vt 0.228861198 0.808128715 0
vt 0.507973194 0.930066049 0
vt 0.506765902 0.930066049 0
vt 0.506765902 0.92052561 0
vt 0.507973194 0.920525551 0
vt 0.229769722 0.807182491 0
vt 0.236653894 0.813789546 0
vt 0.235745385 0.81473577 0
vt 0.602172792 0.865834534 0
vt 0.603380084 0.865834534 0
vt 0.603380084 0.879901707 0
vt 0.602172792 0.879901707 0
vt 0.493993133 0.929937899 0
vt 0.495200425 0.929937899 0
vt 0.495200425 0.938590348 0
vt 0.493993133 0.938590288 0
vt 0.236653909 0.800012708 0
vt 0.588333666 0.833652437 0
vt 0.588333666 0.826105535 0
vt 0.590607405 0.826998889 0
vt 0.590607405 0.835296869 0
vt 0.57914573 0.801041484 0
vt 0.580505073 0.798183858 0
vt 0.590607405 0.798183858 0
vt 0.588333666 0.801041484 0
vt 0.580505073 0.836378634 0
vt 0.57914573 0.83463639 0
vt 0.588333666 0.810978234 0
vt 0.588333666 0.80968523 0
vt 0.590607405 0.808944345 0
vt 0.590607405 0.810366035 0
vt 0.588333666 0.824847698 0
vt 0.590607405 0.825615764 0
vt 0.578128099 0.801041484 0
vt 0.578128099 0.798183858 0
vt 0.578128099 0.836498499 0
vt 0.578128099 0.834745347 0
vt 0.81798166 0.968486011 0
vt 0.813328922 0.968486071 0
vt 0.81332761 0.958379269 0
vt 0.817980349 0.958379209 0
vt 0.783670604 0.910584569 0
vt 0.783670604 0.912006021 0
vt 0.779017866 0.912005901 0
vt 0.779017866 0.91058445 0
vt 0.783670604 0.893954337 0
vt 0.783670604 0.895337224 0
vt 0.779017866 0.895337105 0
vt 0.779017866 0.893954217 0
vt 0.747282624 0.965084314 0
vt 0.751935363 0.965084314 0
vt 0.751935363 0.967460811 0
vt 0.747282684 0.967460811 0
vt 0.783670604 0.922764778 0
vt 0.779017866 0.922764719 0
vt 0.813327491 0.956002057 0
vt 0.81798017 0.956002057 0
vt 0.783670604 0.885657668 0
vt 0.779017866 0.885657609 0
vt 0.751935363 0.977560937 0
vt 0.747282684 0.977560937 0
vt 0.180355385 0.399422675 0
vt 0.181935355 0.399422675 0
vt 0.181935355 0.406969517 0
vt 0.180355385 0.406969517 0
vt 0.8178882 0.884934247 0
vt 0.81630826 0.875748456 0
vt 0.8178882 0.875748456 0
vt 0.36597389 0.848183334 0
vt 0.36439395 0.848183334 0
vt 0.364398777 0.838997364 0
vt 0.365978718 0.838997364 0
vt 0.1803554 0.42209661 0
vt 0.181935355 0.42209664 0
vt 0.18193534 0.423389614 0
vt 0.180355385 0.423389614 0
vt 0.18193534 0.408227354 0
vt 0.180355385 0.408227324 0
vt 0.81630826 0.874731064 0
vt 0.8178882 0.874731064 0
vt 0.180355385 0.432033241 0
vt 0.365973353 0.849200785 0
vt 0.364393413 0.849200785 0
vt 0.567922473 0.833652437 0
vt 0.565648675 0.835296929 0
vt 0.565648735 0.826998949 0
vt 0.567922473 0.826105535 0
vt 0.57711041 0.801041484 0
vt 0.567922473 0.801041484 0
vt 0.565648735 0.798183918 0
vt 0.575751066 0.798183858 0
vt 0.57711041 0.83463639 0
vt 0.575751066 0.836378634 0
vt 0.567922473 0.810978293 0
vt 0.565648735 0.808944404 0
vt 0.567922473 0.80968529 0
vt 0.565648735 0.825615823 0
vt 0.567922473 0.824847698 0
vt 0.81798166 0.943533242 0
vt 0.817980349 0.953626394 0
vt 0.81332761 0.953626394 0
vt 0.813328922 0.943533301 0
vt 0.411470413 0.872191608 0
vt 0.406817704 0.872191608 0
vt 0.406817675 0.870769978 0
vt 0.411470413 0.870769978 0
vt 0.411470413 0.888824284 0
vt 0.406817675 0.888824284 0
vt 0.406817675 0.887441218 0
vt 0.411470413 0.887441218 0
vt 0.747282624 0.962707877 0
vt 0.751935363 0.962707877 0
vt 0.406817675 0.860009551 0
vt 0.411470413 0.860009611 0
vt 0.411470413 0.897122204 0
vt 0.406817704 0.897122145 0
vt 0.747282684 0.952607691 0
vt 0.751935363 0.952607691 0
vt 0.180355385 0.692894161 0
vt 0.180355385 0.685348451 0
vt 0.18193534 0.685348511 0
vt 0.18193534 0.69289422 0
vt 0.8178882 0.864527881 0
vt 0.8178882 0.873713672 0
vt 0.81630826 0.873713672 0
vt 0.81630826 0.864527881 0
vt 0.36597389 0.850218177 0
vt 0.365978718 0.859404147 0
vt 0.364398777 0.859404147 0
vt 0.36439395 0.850218177 0
vt 0.180355385 0.670223594 0
vt 0.180355385 0.668930769 0
vt 0.18193534 0.668930829 0
vt 0.18193534 0.670223594 0
vt 0.180355385 0.684090853 0
vt 0.18193534 0.684090853 0
vt 0.180355385 0.660288393 0
vt 0.18193534 0.660288393 0
vt 0.763194978 0.586482286 0
vt 0.770079136 0.593089342 0
vt 0.769195318 0.594009876 0
vt 0.762311101 0.587402821 0
vt 0.779017866 0.881994486 0
vt 0.779017866 0.891931593 0
vt 0.506765902 0.920525551 0
vt 0.761548638 0.586670995 0
vt 0.7563169 0.593645692 0
vt 0.755477846 0.592993677 0
vt 0.0905453116 0.897220254 0
vt 0.0917525813 0.897220254 0
vt 0.0917525813 0.906760931 0
vt 0.0905453116 0.906760931 0
vt 0.108302131 0.897220254 0
vt 0.109509401 0.897220254 0
vt 0.109509401 0.906760931 0
vt 0.108302131 0.906760931 0
vt 0.772177935 0.575600743 0
vt 0.772940397 0.576332569 0
vt 0.762432516 0.585750461 0
vt 0.128834099 0.907223046 0
vt 0.127626821 0.916763544 0
vt 0.773086429 0.574654579 0
vt 0.773848951 0.575386345 0
vt 0.780733109 0.581993401 0
vt 0.779824615 0.582939625 0
vt 0.810206175 0.867631674 0
vt 0.811413467 0.867631674 0
vt 0.811413467 0.881698847 0
vt 0.810206175 0.881698847 0
vt 0.127626821 0.926304042 0
vt 0.128834099 0.926304102 0
vt 0.128834099 0.934956551 0
vt 0.127626806 0.934956491 0
vt 0.779970646 0.567484736 0
vt 0.780733109 0.568216562 0
vt 0.761669993 0.585018694 0
vt 0.760786176 0.585939229 0
vt 0.753901958 0.579332173 0
vt 0.754785836 0.578411639 0
vt 0.115369439 0.877740979 0
vt 0.115369439 0.887679517 0
vt 0.114162154 0.887679517 0
vt 0.114162154 0.877740979 0
vt 0.364771456 0.919143975 0
vt 0.364771456 0.909603477 0
vt 0.365978718 0.909603477 0
vt 0.365978718 0.919143915 0
vt 0.754791975 0.5921821 0
vt 0.176435277 0.898700833 0
vt 0.16237618 0.893005192 0
vt 0.771415472 0.574868977 0
vt 0.557621658 0.910987437 0
vt 0.772323966 0.573922753 0
vt 0.764531255 0.568261862 0
vt 0.765439749 0.567315698 0
vt 0.0129335746 0.855508685 0
vt 0.0117262919 0.869577944 0
vt 0.0117263021 0.855508685 0
vt 0.638653576 0.929822206 0
vt 0.639860868 0.929822206 0
vt 0.779208183 0.56675297 0
vt 0.87635988 0.172833949 0
vt 0.87635988 0.190678179 0
vt 0.87002027 0.190678179 0
vt 0.87002027 0.172833949 0
vt 0.590286314 0.930826008 0
vt 0.590286314 0.948670208 0
vt 0.582959592 0.948670208 0
vt 0.582959592 0.930826008 0
vt 0.225764573 0.912209809 0
vt 0.225764573 0.930054009 0
vt 0.218437836 0.930054009 0
vt 0.218437836 0.912209809 0
vt 0.688671529 0.381075233 0
vt 0.706519663 0.381075203 0
vt 0.706519663 0.399339378 0
vt 0.688671529 0.399339408 0
vt 0.856657326 0.381075233 0
vt 0.856657326 0.398919433 0
vt 0.850317717 0.398919433 0
vt 0.850317717 0.381075203 0
vt 0.115251593 0.918214023 0
vt 0.115251586 0.936058283 0
vt 0.107924856 0.936058283 0
vt 0.107924856 0.918214023 0
vt 0.721209168 0.92120719 0
vt 0.721209168 0.939051449 0
vt 0.713882446 0.93905139 0
vt 0.713882446 0.92120719 0
vt 0.706519663 0.381075233 0
vt 0.724367797 0.381075203 0
vt 0.724367797 0.399339378 0
vt 0.706519663 0.399339408 0
vt 0.909778476 0.874131203 0
vt 0.909778476 0.889323473 0
vt 0.900235653 0.889323533 0
vt 0.900235653 0.874131203 0
vt 0.244704366 0.996455133 0
vt 0.236048684 0.996455073 0
vt 0.237046987 0.986914396 0
vt 0.244704366 0.986914396 0
vt 0.895641088 0.784108818 0
vt 0.886098266 0.784108818 0
vt 0.886098325 0.768916547 0
vt 0.895641088 0.768916547 0
vt 0.994518876 0.946739674 0
vt 0.994518876 0.95628041 0
vt 0.986861467 0.956280351 0
vt 0.985863149 0.946739674 0
vt 0.718907893 0.983686984 0
vt 0.718907893 0.993625641 0
vt 0.709365129 0.993625641 0
vt 0.709365129 0.983687043 0
vt 0.93862021 0.161340579 0
vt 0.947275877 0.161340564 0
vt 0.946277618 0.170881271 0
vt 0.93862021 0.170881271 0
vt 0.951898992 0.0343061239 0
vt 0.951898992 0.0202366784 0
vt 0.961441755 0.0202366784 0
vt 0.961441755 0.0343061239 0
vt 0.600150168 0.991933107 0
vt 0.590607405 0.991933107 0
vt 0.590607405 0.98199445 0
vt 0.600150168 0.98199439 0
vt 0.203109488 0.985864162 0
vt 0.203109488 0.99540484 0
vt 0.195452094 0.99540484 0
vt 0.194453821 0.985864103 0
vt 0.951751888 0.700169325 0
vt 0.961294651 0.700169325 0
vt 0.961294651 0.714238763 0
vt 0.951751888 0.714238763 0
vt 0.808438838 0.928340971 0
vt 0.817981601 0.928340971 0
vt 0.817981601 0.943533242 0
vt 0.808438838 0.943533242 0
vt 0.896757483 0.986496925 0
vt 0.896757483 0.996037602 0
vt 0.889100134 0.996037662 0
vt 0.888101816 0.986496925 0
vt 0.150549561 0.923534989 0
vt 0.150549561 0.938727319 0
vt 0.141006768 0.938727319 0
vt 0.141006768 0.923534989 0
vt 0.99688524 0.979115486 0
vt 0.988229573 0.979115486 0
vt 0.989227831 0.969574809 0
vt 0.99688524 0.969574809 0
vt 0.920398355 0.889438391 0
vt 0.910855532 0.889438391 0
vt 0.910855532 0.879499733 0
vt 0.920398295 0.879499674 0
vt 0.93862021 0.161340564 0
vt 0.930962801 0.170881271 0
vt 0.929964483 0.161340579 0
vt 0.62654078 0.952047944 0
vt 0.616997957 0.952047944 0
vt 0.616997957 0.937978506 0
vt 0.62654078 0.937978506 0
vt 0.929315746 0.770287335 0
vt 0.929315746 0.760348558 0
vt 0.938858509 0.760348558 0
vt 0.938858509 0.770287275 0
vt 0.981650472 0.1017325 0
vt 0.972994804 0.101732507 0
vt 0.973993063 0.0921918154 0
vt 0.981650472 0.0921918228 0
vt 0.951900065 0.0140694454 0
vt 0.951900065 0 0
vt 0.961442828 0 0
vt 0.961442828 0.0140694454 0
vt 0.980855107 0.992810011 0
vt 0.980855107 0.982871294 0
vt 0.990397871 0.982871294 0
vt 0.990397871 0.992809951 0
vt 0.951610565 0.996581852 0
vt 0.942954898 0.996581852 0
vt 0.943953097 0.987041116 0
vt 0.951610506 0.987041116 0
vt 0.951887131 0.0950161666 0
vt 0.951887131 0.0809467584 0
vt 0.961429894 0.0809467211 0
vt 0.961429894 0.0950161666 0
vt 0.125604242 0.993270874 0
vt 0.116061471 0.993270874 0
vt 0.116061486 0.983332157 0
vt 0.125604257 0.983332157 0
vt 0.971440852 0.476176649 0
vt 0.971440852 0.466635942 0
vt 0.97909826 0.466635942 0
vt 0.980096519 0.476176649 0
vt 0.83152467 0.940593839 0
vt 0.841067433 0.940593779 0
vt 0.841067433 0.954663277 0
vt 0.83152467 0.954663277 0
vt 0.343978405 0.981814444 0
vt 0.353521198 0.981814384 0
vt 0.353521198 0.991753101 0
vt 0.343978435 0.991753101 0
vt 0.995098948 0.903585732 0
vt 0.995098948 0.913126469 0
vt 0.98744154 0.913126469 0
vt 0.986443281 0.903585732 0
vt 0.961579204 0.579271197 0
vt 0.95203644 0.579271197 0
vt 0.95203644 0.565201759 0
vt 0.961579204 0.565201759 0
vt 0.984169602 0.35627228 0
vt 0.984169602 0.346333593 0
vt 0.993712366 0.346333593 0
vt 0.993712366 0.35627228 0
vt 0.980782449 0.516647816 0
vt 0.972126782 0.516647816 0
vt 0.9731251 0.507107139 0
vt 0.980782449 0.507107139 0
vt 0.951796293 0.768781364 0
vt 0.951796293 0.754711926 0
vt 0.961339056 0.754711866 0
vt 0.961339056 0.768781364 0
vt 0.163825586 0.991753519 0
vt 0.163825586 0.981814802 0
vt 0.173368365 0.981814802 0
vt 0.17336835 0.991753519 0
vt 0.926406562 0.770419717 0
vt 0.917750835 0.770419717 0
vt 0.918749154 0.76087904 0
vt 0.926406503 0.76087904 0
vt 0.961295664 0.679932714 0
vt 0.961295664 0.694002211 0
vt 0.951752901 0.694002211 0
vt 0.951752901 0.679932773 0
vt 0.355961382 0.960113585 0
vt 0.365504146 0.960113585 0
vt 0.365504116 0.970052302 0
vt 0.355961353 0.970052302 0
vt 0.808756471 0.928340971 0
vt 0.808756411 0.918800294 0
vt 0.81641382 0.918800294 0
vt 0.817412138 0.928340971 0
vt 0.355961353 0.946044087 0
vt 0.365504116 0.946044087 0
vt 0.365504116 0.960113466 0
vt 0.355961353 0.960113525 0
vt 0.984169781 0.321380347 0
vt 0.993712604 0.321380347 0
vt 0.993712604 0.331319004 0
vt 0.984169841 0.331319004 0
vt 0.234420225 0.986914754 0
vt 0.234420225 0.996455431 0
vt 0.226762876 0.996455431 0
vt 0.225764558 0.986914754 0
vt 0.951796293 0.740642488 0
vt 0.961339056 0.740642428 0
vt 0.948401272 0.760348558 0
vt 0.948401272 0.770287275 0
vt 0.938858509 0.760348618 0
vt 0.482353896 0.996429622 0
vt 0.473698199 0.996429622 0
vt 0.474696487 0.986888945 0
vt 0.482353866 0.986888945 0
vt 0.961340487 0.720405877 0
vt 0.961340487 0.734475315 0
vt 0.951797724 0.734475315 0
vt 0.951797724 0.720405877 0
vt 0.984123051 0.652755916 0
vt 0.993665814 0.652755916 0
vt 0.993665814 0.662694573 0
vt 0.984123051 0.662694573 0
vt 0.21276696 0.986994267 0
vt 0.21276696 0.996535003 0
vt 0.205109581 0.996534944 0
vt 0.204111293 0.986994267 0
vt 0.951887369 0.0404733792 0
vt 0.961430132 0.0404733606 0
vt 0.961430132 0.0545427948 0
vt 0.951887369 0.0545428172 0
vt 0.355225921 0.99196291 0
vt 0.35522595 0.982024193 0
vt 0.364768714 0.982024193 0
vt 0.364768714 0.99196291 0
vt 0.332664847 0.986077309 0
vt 0.341320544 0.986077309 0
vt 0.340322256 0.995617986 0
vt 0.332664877 0.995617986 0
vt 0.951899707 0.0747794807 0
vt 0.951899707 0.0607100539 0
vt 0.961442471 0.0607100315 0
vt 0.961442471 0.0747794807 0
vt 0.192215562 0.983545005 0
vt 0.192215562 0.993483722 0
vt 0.182672784 0.993483722 0
vt 0.182672784 0.983545005 0
vt 0.940045655 0.996128321 0
vt 0.931389928 0.996128321 0
vt 0.932388246 0.986587644 0
vt 0.940045595 0.986587644 0
vt 0.951884985 0.155726209 0
vt 0.951884985 0.141656786 0
vt 0.961427748 0.141656771 0
vt 0.961427748 0.155726209 0
vt 0.993714213 0.209899038 0
vt 0.98417145 0.209899038 0
vt 0.98417145 0.199960351 0
vt 0.993714213 0.199960351 0
vt 0.261897266 0.986913979 0
vt 0.261897266 0.996454656 0
vt 0.254239857 0.996454656 0
vt 0.253241599 0.986913919 0
vt 0.951884985 0.155726224 0
vt 0.961427748 0.169795647 0
vt 0.951884985 0.169795662 0
vt 0.795168877 0.993168116 0
vt 0.785626113 0.993168116 0
vt 0.785626113 0.983229458 0
vt 0.795168877 0.983229399 0
vt 0.590334058 0.986919522 0
vt 0.590334058 0.996460199 0
vt 0.582676649 0.996460199 0
vt 0.581678391 0.986919522 0
vt 0.951885164 0.121420085 0
vt 0.961427927 0.121420063 0
vt 0.961427927 0.135489509 0
vt 0.951885164 0.135489523 0
vt 0.797191501 0.993167758 0
vt 0.797191501 0.983229041 0
vt 0.806734264 0.983229041 0
vt 0.806734264 0.993167698 0
vt 0.917070985 0.996678174 0
vt 0.908415318 0.996678174 0
vt 0.909413576 0.987137496 0
vt 0.917070985 0.987137496 0
vt 0.951886415 0.115807906 0
vt 0.951886415 0.101738468 0
vt 0.961429179 0.101738453 0
vt 0.961429179 0.115807906 0
vt 0.603540957 0.800061762 0
vt 0.590607405 0.800058424 0
vt 0.603540957 0.798187196 0
vt 0.150810868 0.956186831 0
vt 0.160150617 0.943222165 0
vt 0.162793741 0.943222165 0
vt 0.162793815 0.956186831 0
vt 0.0765304342 0.894933283 0
vt 0.0738873109 0.894933343 0
vt 0.0738872886 0.893058836 0
vt 0.0765304267 0.893058777 0
vt 0.0765304267 0.888816833 0
vt 0.073887296 0.888816833 0
vt 0.073887296 0.88457495 0
vt 0.0765304342 0.88457489 0
vt 0.0765304342 0.880332947 0
vt 0.073887296 0.880333006 0
vt 0.073887296 0.876091063 0
vt 0.0765304342 0.876091003 0
vt 0.0765304342 0.867427945 0
vt 0.0765304342 0.87184906 0
vt 0.073887296 0.87184912 0
vt 0.073887296 0.867427945 0
vt 0.603540957 0.817029893 0
vt 0.590607405 0.817026496 0
vt 0.590607405 0.812784493 0
vt 0.603540957 0.812787831 0
vt 0.603540957 0.808545828 0
vt 0.590607405 0.80854243 0
vt 0.590607405 0.804300427 0
vt 0.603540957 0.804303825 0
vt 0.603540957 0.846903265 0
vt 0.603540957 0.851189613 0
vt 0.590607405 0.851186216 0
vt 0.590607405 0.846899927 0
vt 0.603540957 0.821271896 0
vt 0.603540957 0.82569313 0
vt 0.590607405 0.825689793 0
vt 0.590607405 0.821268559 0
vt 0.0765304342 0.841931999 0
vt 0.0765304267 0.846218228 0
vt 0.073887296 0.846218228 0
vt 0.073887296 0.841931999 0
vt 0.0765304267 0.850460172 0
vt 0.0765304342 0.854702115 0
vt 0.0738873109 0.854702115 0
vt 0.073887296 0.850460172 0
vt 0.0765304267 0.858944058 0
vt 0.0765304342 0.863186002 0
vt 0.073887296 0.863186002 0
vt 0.073887296 0.858944058 0
vt 0.603540957 0.829935193 0
vt 0.603540957 0.834177196 0
vt 0.590607405 0.834173799 0
vt 0.590607405 0.829931796 0
vt 0.603540957 0.838419199 0
vt 0.603540957 0.842661262 0
vt 0.590607464 0.842657864 0
vt 0.590607405 0.838415861 0
vt 0.603540957 0.863959968 0
vt 0.603540957 0.865834534 0
vt 0.590607405 0.865831196 0
vt 0.590607464 0.86395663 0
vt 0.879090548 0.945050597 0
vt 0.891073525 0.945050836 0
vt 0.891073525 0.958013594 0
vt 0.888430417 0.958013535 0
vt 0.0765304267 0.827287316 0
vt 0.0765304342 0.829161882 0
vt 0.073887296 0.829161882 0
vt 0.0738872886 0.827287376 0
vt 0.0765304267 0.833403826 0
vt 0.0765304267 0.837645769 0
vt 0.073887296 0.837645769 0
vt 0.0738872886 0.833403826 0
vt 0.603540957 0.855475962 0
vt 0.603540957 0.859717965 0
vt 0.590607405 0.859714627 0
vt 0.590607405 0.855472565 0
vt 0.85480696 0.191379771 0
vt 0.692319512 0.191381022 0
vt 0.688671529 0.187733918 0
vt 0.688671529 0.00364838145 0
vt 0.692319512 1.23807854e-06 0
vt 0.85480696 0 0
vt 0.858454943 0.00364706479 0
vt 0.858454943 0.187732622 0
vt 0.103779778 0.98898083 0
vt 0.103779778 0.978311837 0
vt 0.108526498 0.978311956 0
vt 0.108526498 0.988980949 0
vt 0.531867683 0.978238642 0
vt 0.531867683 0.988909185 0
vt 0.527121007 0.988909185 0
vt 0.527121007 0.978238583 0
vt 0.95203644 0.584882081 0
vt 0.941363811 0.584882021 0
vt 0.941363811 0.565201759 0
vt 0.95203644 0.565201879 0
vt 0.0116665186 0.955122828 0
vt 0.000368345005 0.954940259 0
vt 0 0.941449642 0
vt 0.0116665186 0.941638172 0
vt 0.0268310755 0.940838575 0
vt 0.0390738845 0.940838575 0
vt 0.0380783416 0.954321444 0
vt 0.0269501917 0.954321444 0
vt 0.217513695 0.973697782 0
vt 0.21751368 0.993377626 0
vt 0.21276696 0.993377686 0
vt 0.212766975 0.973697841 0
vt 0.940616131 0.699728668 0
vt 0.929488897 0.699615717 0
vt 0.929315746 0.679932714 0
vt 0.940616131 0.680047452 0
vt 0.639901102 0.87782222 0
vt 0.639899433 0.858142018 0
vt 0.653385699 0.858142674 0
vt 0.653385699 0.877822876 0
vt 0.45715642 0.978226662 0
vt 0.45715642 0.989937186 0
vt 0.452409685 0.989713609 0
vt 0.452409685 0.978870451 0
vt 0.407373548 0.97960335 0
vt 0.407373548 0.989494681 0
vt 0.402626842 0.989471912 0
vt 0.402626842 0.978966236 0
vt 0.617026091 0.858141541 0
vt 0.617026091 0.877821565 0
vt 0.603540957 0.877825379 0
vt 0.603541493 0.85814786 0
vt 0.923159957 0.859263182 0
vt 0.9336676 0.859263182 0
vt 0.934135258 0.878943443 0
vt 0.92242074 0.878943443 0
vt 0.995224535 0.415472895 0
vt 0.995224535 0.435153157 0
vt 0.990480959 0.435153991 0
vt 0.990481019 0.415473759 0
vt 0.77668035 0.975015402 0
vt 0.776680291 0.994693875 0
vt 0.771933317 0.994692564 0
vt 0.771933615 0.97501564 0
vt 0.205167457 0.972567618 0
vt 0.194496125 0.972567618 0
vt 0.194453821 0.960551143 0
vt 0.205167666 0.960551143 0
vt 0.953627765 0.973744571 0
vt 0.942954898 0.973744631 0
vt 0.942954898 0.961728156 0
vt 0.953627765 0.961728096 0
vt 0.763664305 0.951889515 0
vt 0.752991736 0.951889396 0
vt 0.752991736 0.932209194 0
vt 0.763664305 0.932209313 0
vt 0.182770565 0.972299933 0
vt 0.193742201 0.972299755 0
vt 0.193742201 0.983544827 0
vt 0.493601441 0.967847407 0
vt 0.493601441 0.977734387 0
vt 0.482353926 0.978193104 0
vt 0.482353926 0.966653347 0
vt 0.129758894 0.883062184 0
vt 0.129758939 0.863382638 0
vt 0.141778007 0.86338222 0
vt 0.141778022 0.883062065 0
vt 0.937330961 0.556571186 0
vt 0.925788999 0.556571186 0
vt 0.926247656 0.536890984 0
vt 0.937220633 0.536890984 0
vt 0.129758894 0.943215251 0
vt 0.129764676 0.923534989 0
vt 0.141006231 0.923535049 0
vt 0.141006768 0.943215251 0
vt 0.931226432 0.962277889 0
vt 0.931226432 0.974114954 0
vt 0.919978917 0.973658204 0
vt 0.919978917 0.962773025 0
vt 0.216640055 0.949958265 0
vt 0.216640055 0.962135315 0
vt 0.205392525 0.961478949 0
vt 0.205392525 0.949958205 0
vt 0.941363752 0.56520468 0
vt 0.941363633 0.584884524 0
vt 0.930116117 0.584884524 0
vt 0.93011564 0.565201759 0
vt 0.931735992 0.930208206 0
vt 0.920213044 0.930208087 0
vt 0.919894934 0.910527885 0
vt 0.931735992 0.910527945 0
vt 0.934151411 0.818233788 0
vt 0.934148967 0.798553586 0
vt 0.945396423 0.798553526 0
vt 0.945396423 0.818233788 0
vt 0.929555774 0.352722436 0
vt 0.929554462 0.333037585 0
vt 0.940802515 0.333040148 0
vt 0.940802515 0.352717996 0
vt 0.983887136 0.711414397 0
vt 0.972859561 0.711414576 0
vt 0.972992361 0.700169504 0
vt 0.983887136 0.700169325 0
vt 0.495200485 0.978258669 0
vt 0.495200425 0.966649055 0
vt 0.506447971 0.967588067 0
vt 0.50644803 0.978258669 0
vt 0.951726794 0.63890332 0
vt 0.941054165 0.638903201 0
vt 0.940697849 0.619222999 0
vt 0.951726794 0.619223058 0
vt 0.265165865 0.94144702 0
vt 0.276600152 0.94144696 0
vt 0.276896864 0.954929829 0
vt 0.265165597 0.954929829 0
vt 0.949451983 0.4553909 0
vt 0.959875345 0.455390841 0
vt 0.959875345 0.468873709 0
vt 0.948628008 0.468873799 0
vt 0.941212237 0 0
vt 0.941212237 0.0196843725 0
vt 0.929964542 0.0196831282 0
vt 0.929965854 5.541875e-06 0
vt 0.614976645 0.937978566 0
vt 0.603729606 0.937978446 0
vt 0.603540957 0.918298244 0
vt 0.614976645 0.918298304 0
vt 0.667954683 0.858141899 0
vt 0.66795063 0.877822161 0
vt 0.654469013 0.877822161 0
vt 0.300888777 0.966234744 0
vt 0.300888777 0.977960408 0
vt 0.289641261 0.977477789 0
vt 0.289641261 0.966931939 0
vt 0.977361977 0.890291393 0
vt 0.977361977 0.902097046 0
vt 0.966114461 0.901536226 0
vt 0.966114461 0.890291333 0
vt 0.667954624 0.87782079 0
vt 0.667954981 0.858144045 0
vt 0.681440413 0.858141899 0
vt 0.681440413 0.877820551 0
vt 0.695338726 0.932293713 0
vt 0.684091687 0.932293594 0
vt 0.683609068 0.912613332 0
vt 0.695338726 0.912613451 0
vt 0.343981832 0.946044028 0
vt 0.343978405 0.926363826 0
vt 0.355225831 0.926363826 0
vt 0.355225831 0.946044028 0
vt 0.941212654 0.0202366784 0
vt 0.941212654 0.0399200767 0
vt 0.929964542 0.0399167128 0
vt 0.929965794 0.0202399399 0
vt 0.96294111 0.264107347 0
vt 0.9517079 0.264107555 0
vt 0.952269793 0.25209105 0
vt 0.96294111 0.252090871 0
vt 0.962937295 0.243870676 0
vt 0.952264428 0.243870676 0
vt 0.951711059 0.231854171 0
vt 0.962937415 0.231854185 0
vt 0.951797724 0.740086198 0
vt 0.940571666 0.740086138 0
vt 0.940563142 0.720405877 0
vt 0.951797724 0.720405996 0
vt 0.983106554 0.426717967 0
vt 0.971860826 0.426717967 0
vt 0.971861064 0.415472895 0
vt 0.982926607 0.415472895 0
vt 0.264489114 0.950594127 0
vt 0.264489114 0.962054968 0
vt 0.253241599 0.961125612 0
vt 0.253241599 0.949731469 0
vt 0.544848919 0.881965637 0
vt 0.544848859 0.862285793 0
vt 0.556868672 0.86228925 0
vt 0.556868672 0.881969035 0
vt 0.152578041 0.839871585 0
vt 0.141181752 0.839871585 0
vt 0.141330644 0.798554182 0
vt 0.152577683 0.798554182 0
vt 0.194238126 0.825806081 0
vt 0.194234848 0.867123485 0
vt 0.182991669 0.867123485 0
vt 0.182991609 0.825806081 0
vt 0.962942064 0.357070535 0
vt 0.951696396 0.357070744 0
vt 0.951696336 0.345054269 0
vt 0.962942064 0.34505406 0
vt 0.945382774 0.877517223 0
vt 0.956622243 0.877938032 0
vt 0.956622243 0.889962912 0
vt 0.945555568 0.8895486 0
vt 0.163825572 0.798554182 0
vt 0.163825586 0.839877605 0
vt 0.152578041 0.839877367 0
vt 0.152579173 0.798559785 0
vt 0.430638641 0.92041558 0
vt 0.441709846 0.920162559 0
vt 0.441709846 0.939847946 0
vt 0.430465758 0.940104902 0
vt 0.544848859 0.881966054 0
vt 0.532826841 0.881966054 0
vt 0.532829881 0.862285852 0
vt 0.570082963 0.862288654 0
vt 0.570082784 0.881968498 0
vt 0.558063686 0.881968498 0
vt 0.558063269 0.862285793 0
vt 0.651147008 0.966914177 0
vt 0.651147008 0.978064835 0
vt 0.639899433 0.9783687 0
vt 0.639899492 0.966913998 0
vt 0.973006666 0.0202367362 0
vt 0.983679533 0.0202366784 0
vt 0.983679533 0.0314817578 0
vt 0.973006666 0.0314818136 0
vt 0.205392525 0.867123544 0
vt 0.194719911 0.867123485 0
vt 0.194238141 0.825806081 0
vt 0.205392525 0.825806141 0
vt 0.0964053273 0.967144012 0
vt 0.0964053273 0.977349222 0
vt 0.0851577818 0.978310466 0
vt 0.0851577893 0.966832459 0
vt 0.962902009 0.191381037 0
vt 0.962902009 0.203398168 0
vt 0.951654434 0.202625856 0
vt 0.951654434 0.191734374 0
vt 0.163825586 0.839868009 0
vt 0.163825944 0.798556328 0
vt 0.175073117 0.798554182 0
vt 0.175073117 0.839867711 0
vt 0.940803349 0.292007774 0
vt 0.951696932 0.292007864 0
vt 0.951696932 0.311688095 0
vt 0.941488266 0.311688006 0
vt 0.735717416 0.940886557 0
vt 0.735717177 0.921206355 0
vt 0.746966302 0.921208203 0
vt 0.746966302 0.940888464 0
vt 0.336312205 0.954926372 0
vt 0.324890733 0.954926372 0
vt 0.324360967 0.941443563 0
vt 0.336312443 0.941443503 0
vt 0.313205928 0.941738009 0
vt 0.323726743 0.941445351 0
vt 0.323726743 0.954933405 0
vt 0.312483728 0.95524615 0
vt 0.289664745 0.94144845 0
vt 0.289664984 0.921769798 0
vt 0.300911337 0.921763659 0
vt 0.300911337 0.941443503 0
vt 0.141181752 0.839871705 0
vt 0.129934713 0.839871585 0
vt 0.129758894 0.798554182 0
vt 0.141181752 0.798554301 0
vt 0.715176642 0.798183858 0
vt 0.715171278 0.839501321 0
vt 0.701690972 0.839501321 0
vt 0.701690972 0.798183858 0
vt 0.343978405 0.839867175 0
vt 0.343978614 0.798552692 0
vt 0.357463777 0.798549116 0
vt 0.357463777 0.839864671 0
vt 0.0516162552 0.954327166 0
vt 0.0409299806 0.954327166 0
vt 0.0394478552 0.940844297 0
vt 0.0516165011 0.940844297 0
vt 0.878825724 0.958534122 0
vt 0.867525041 0.958534181 0
vt 0.868152797 0.945051312 0
vt 0.878825724 0.945051253 0
vt 0.951899707 0.0803903565 0
vt 0.941227078 0.0803902671 0
vt 0.941212118 0.0607100315 0
vt 0.951899707 0.0607101247 0
vt 0.962944627 0.223634094 0
vt 0.951698959 0.223634094 0
vt 0.951699197 0.211617604 0
vt 0.962669432 0.211617604 0
vt 0.962943733 0.34505406 0
vt 0.951696336 0.34505406 0
vt 0.951696396 0.333037585 0
vt 0.962717593 0.333037585 0
vt 0.617026091 0.87782532 0
vt 0.617027104 0.858151019 0
vt 0.630511105 0.877821267 0
vt 0.93760699 0.455390841 0
vt 0.94862783 0.455390841 0
vt 0.948628008 0.475071073 0
vt 0.93738097 0.475071073 0
vt 0.570682883 0.881966054 0
vt 0.570681512 0.862285852 0
vt 0.582701623 0.862285793 0
vt 0.582700491 0.881966054 0
vt 0.972244382 0.435709238 0
vt 0.982680559 0.435709059 0
vt 0.982680559 0.446954161 0
vt 0.971434891 0.44695437 0
vt 0.878772378 0.981342018 0
vt 0.867525041 0.981342018 0
vt 0.867525041 0.970096946 0
vt 0.878772378 0.970096886 0
vt 0.162829965 0.863388121 0
vt 0.162829965 0.883067966 0
vt 0.150810868 0.883068085 0
vt 0.150810868 0.86338824 0
vt 0.937380731 0.476181716 0
vt 0.94862777 0.476181835 0
vt 0.94862777 0.495862067 0
vt 0.938190341 0.495861977 0
vt 0.940805852 0.312800884 0
vt 0.940805793 0.332481116 0
vt 0.929558396 0.332481116 0
vt 0.929554462 0.312800884 0
vt 0.19392015 0.947512984 0
vt 0.193920135 0.9278332 0
vt 0.205167681 0.92783308 0
vt 0.205167681 0.947512925 0
vt 0.0540664829 0.978415549 0
vt 0.0540662669 0.96703589 0
vt 0.0653138161 0.967746556 0
vt 0.0653140172 0.978415549 0
vt 0.972992897 0.121420078 0
vt 0.983665764 0.121420063 0
vt 0.983919263 0.132665157 0
vt 0.972992837 0.132665157 0
vt 0.94069922 0.618666768 0
vt 0.929773092 0.618666649 0
vt 0.929315746 0.598986447 0
vt 0.94069922 0.598986506 0
vt 0.961342514 0.171145082 0
vt 0.961342514 0.182388306 0
vt 0.950094998 0.183542565 0
vt 0.950094998 0.171144873 0
vt 0.983925343 0.18238996 0
vt 0.972907424 0.18238996 0
vt 0.973118305 0.171144873 0
vt 0.983634889 0.171144873 0
vt 5.45463365e-07 0.94144845 0
vt 0 0.921768606 0
vt 0.011248393 0.921772718 0
vt 0.011248393 0.941449642 0
vt 0.930285156 0.231878221 0
vt 0.940801442 0.231854171 0
vt 0.940801442 0.251534462 0
vt 0.929554462 0.251560181 0
vt 0.941213369 0.101738453 0
vt 0.941213369 0.121418707 0
vt 0.929964542 0.121420071 0
vt 0.929965973 0.101739824 0
vt 0.456282794 0.966709614 0
vt 0.456282794 0.978226602 0
vt 0.445035279 0.97808212 0
vt 0.445035249 0.96717298 0
vt 0.973007917 0.0607100427 0
vt 0.983602762 0.0607100315 0
vt 0.983602703 0.0719551221 0
vt 0.973335385 0.0719551221 0
vt 0.482353926 0.942125797 0
vt 0.482355028 0.922451615 0
vt 0.493601203 0.922444224 0
vt 0.493601203 0.942124367 0
vt 0.0775148571 0.937893927 0
vt 0.0672478229 0.937893927 0
vt 0.0667670146 0.918213725 0
vt 0.0782879069 0.918213725 0
vt 0.324361056 0.941443503 0
vt 0.324360967 0.921763301 0
vt 0.335609972 0.921763241 0
vt 0.335606217 0.941443503 0
vt 0.237012252 0.930054009 0
vt 0.237012267 0.949731708 0
vt 0.225764558 0.949731112 0
vt 0.225764722 0.930054307 0
vt 0.796761513 0.98322922 0
vt 0.785626113 0.983229399 0
vt 0.785748661 0.971984327 0
vt 0.796761513 0.971984148 0
vt 0.98331064 0.548136055 0
vt 0.972126663 0.548136115 0
vt 0.972274482 0.536891043 0
vt 0.98331064 0.536890984 0
vt 0.951752901 0.699613035 0
vt 0.940717101 0.699612975 0
vt 0.94061619 0.679932714 0
vt 0.951752901 0.679932833 0
vt 0.335609972 0.941443324 0
vt 0.335609972 0.9302001 0
vt 0.343691498 0.930200279 0
vt 0.343691498 0.941443503 0
vt 0.889454067 0.386874437 0
vt 0.889454067 0.398186654 0
vt 0.881372511 0.398027301 0
vt 0.881372511 0.38689661 0
vt 0.544849217 0.9421224 0
vt 0.544848859 0.922441483 0
vt 0.556096554 0.922442138 0
vt 0.556096554 0.942121327 0
vt 0.856073618 0.940595269 0
vt 0.867206454 0.940595269 0
vt 0.867206573 0.955808282 0
vt 0.855959535 0.955808282 0
vt 0.150549546 0.938727319 0
vt 0.150549546 0.953940332 0
vt 0.14246811 0.938727558 0
vt 0.841056168 0.978268445 0
vt 0.829820156 0.977803469 0
vt 0.829819918 0.966548741 0
vt 0.841056168 0.967013717 0
vt 0.721209228 0.978268325 0
vt 0.721209168 0.966773331 0
vt 0.732456684 0.967023432 0
vt 0.732456744 0.978268325 0
vt 0.116052024 0.937894285 0
vt 0.107970543 0.953108013 0
vt 0.107970677 0.937895298 0
vt 0.948628008 0.435153216 0
vt 0.93738097 0.435153097 0
vt 0.93738097 0.415472895 0
vt 0.948628008 0.415472984 0
vt 0.934571385 0.790436983 0
vt 0.934569061 0.770756781 0
vt 0.945816517 0.770756781 0
vt 0.945816517 0.790436983 0
vt 0.931735992 0.930209398 0
vt 0.931736231 0.910530925 0
vt 0.94298321 0.910527885 0
vt 0.94298321 0.930207729 0
vt 0.0780816153 0.918213725 0
vt 0.0668343455 0.918145716 0
vt 0.0667670146 0.902931988 0
vt 0.0780816078 0.903000414 0
vt 0.951885164 0.141100332 0
vt 0.941212118 0.141100302 0
vt 0.941212118 0.121420063 0
vt 0.951653063 0.332481116 0
vt 0.941026986 0.312800884 0
vt 0.950920582 0.312800884 0
vt 0.997057796 0.864608943 0
vt 0.997057796 0.875279188 0
vt 0.992451429 0.875279248 0
vt 0.992451429 0.864608943 0
vt 0.507181287 0.97825861 0
vt 0.507181287 0.988929331 0
vt 0.502574921 0.988929331 0
vt 0.502574921 0.97825861 0
vt 0.941214442 0.0404734202 0
vt 0.95188731 0.0404733606 0
vt 0.95188731 0.0601535924 0
vt 0.941214442 0.0601536594 0
vt 0.960295796 0.428707987 0
vt 0.948996425 0.428518832 0
vt 0.948628008 0.415472895 0
vt 0.960295796 0.41566819 0
vt 0.277104348 0.941445947 0
vt 0.289347321 0.941445947 0
vt 0.288351864 0.954483926 0
vt 0.277223557 0.954483926 0
vt 0.995291352 0.516654491 0
vt 0.995291352 0.536334693 0
vt 0.990685105 0.536334693 0
vt 0.990685105 0.516654432 0
vt 0.940616488 0.679491937 0
vt 0.929488897 0.679379165 0
vt 0.929315746 0.659696162 0
vt 0.940616488 0.659810722 0
vt 0.415896237 0.879692137 0
vt 0.415896237 0.860009491 0
vt 0.428937078 0.860010087 0
vt 0.428937078 0.879691064 0
vt 0.981435061 0.916078627 0
vt 0.981435061 0.927790582 0
vt 0.976828694 0.927567124 0
vt 0.976828694 0.916722655 0
vt 0.997169554 0.831279755 0
vt 0.997169554 0.841171205 0
vt 0.992563248 0.841148496 0
vt 0.992563248 0.83064276 0
vt 0.747281194 0.861053348 0
vt 0.747282624 0.88073349 0
vt 0.734245777 0.88073349 0
vt 0.73424691 0.861052871 0
vt 0.933396101 0.858706951 0
vt 0.92288816 0.858706951 0
vt 0.92242074 0.83902669 0
vt 0.934135616 0.83902669 0
vt 0.995333374 0.5434708 0
vt 0.995333374 0.563147247 0
vt 0.990727007 0.563150346 0
vt 0.990727007 0.543473959 0
vt 0.995089173 0.469797105 0
vt 0.995089114 0.489477605 0
vt 0.990481436 0.489478171 0
vt 0.990483046 0.469797373 0
vt 0.983709216 0.112983622 0
vt 0.973036587 0.112983532 0
vt 0.972994089 0.101738453 0
vt 0.983709216 0.101738542 0
vt 0.983668029 0.0517184585 0
vt 0.972995043 0.0517184436 0
vt 0.972995043 0.0404733606 0
vt 0.983668029 0.0404733755 0
vt 0.951887071 0.10062696 0
vt 0.941214204 0.10062702 0
vt 0.941214204 0.0809467807 0
vt 0.951887071 0.0809467211 0
vt 0.972577155 0.361346126 0
vt 0.983550131 0.361346126 0
vt 0.983550251 0.372591227 0
vt 0.972479463 0.372591227 0
vt 0.507311285 0.976997316 0
vt 0.507311225 0.967110217 0
vt 0.5185588 0.96665144 0
vt 0.5185588 0.978191316 0
vt 0.937331676 0.515542328 0
vt 0.937331796 0.495862037 0
vt 0.948578835 0.495862097 0
vt 0.948578954 0.515542328 0
vt 0.925788999 0.516654432 0
vt 0.937331259 0.516654432 0
vt 0.936872303 0.536334634 0
vt 0.925899088 0.536334634 0
vt 0.890338123 0.925370514 0
vt 0.890338123 0.945044756 0
vt 0.879090607 0.945050597 0
vt 0.879090548 0.925370038 0
vt 0.94298166 0.94988966 0
vt 0.94298166 0.961728096 0
vt 0.931389928 0.961271644 0
vt 0.931389928 0.950385153 0
vt 0.881372452 0.386874437 0
vt 0.881372452 0.399051636 0
vt 0.869780779 0.39839533 0
vt 0.869780779 0.386874467 0
vt 0.721209168 0.940887392 0
vt 0.721210003 0.92120719 0
vt 0.73245728 0.921207726 0
vt 0.732459366 0.940887392 0
vt 0.931736171 0.909971535 0
vt 0.920212984 0.909971535 0
vt 0.919894934 0.890291333 0
vt 0.93173629 0.890291333 0
vt 0.93738091 0.435155332 0
vt 0.925789237 0.435155302 0
vt 0.925789237 0.415475309 0
vt 0.925795734 0.41491732 0
vt 0.925789237 0.395238042 0
vt 0.937383592 0.395236701 0
vt 0.937383056 0.41491732 0
vt 0.0239625052 0.978665888 0
vt 0.0129335746 0.978665888 0
vt 0.0130662769 0.967076719 0
vt 0.0239624102 0.967076719 0
vt 0.963318467 0.61104846 0
vt 0.963318467 0.622658193 0
vt 0.951726794 0.621719182 0
vt 0.951726794 0.61104852 0
vt 0.951645613 0.679376423 0
vt 0.940972686 0.679376423 0
vt 0.940616488 0.659696162 0
vt 0.951645732 0.659696162 0
vt 0.0380786136 0.965884268 0
vt 0.0380786136 0.977317452 0
vt 0.0268310755 0.977614522 0
vt 0.0268310755 0.965884387 0
vt 0.969574809 0.392310381 0
vt 0.969574809 0.381889135 0
vt 0.980822384 0.381889135 0
vt 0.980822384 0.393134147 0
vt 0.937377155 0.435710341 0
vt 0.937381566 0.455389708 0
vt 0.925789237 0.455389708 0
vt 0.925791621 0.435709059 0
vt 0.626672029 0.918297827 0
vt 0.637919366 0.918297827 0
vt 0.638107896 0.937978029 0
vt 0.62667191 0.937978029 0
vt 0.163825586 0.946044207 0
vt 0.163825586 0.926368237 0
vt 0.175073117 0.926364183 0
vt 0.175073117 0.946044207 0
vt 0.288351893 0.96604687 0
vt 0.288351893 0.977773905 0
vt 0.277104348 0.977291524 0
vt 0.277104348 0.966744423 0
vt 0.391795814 0.965014756 0
vt 0.391795814 0.976820588 0
vt 0.380548298 0.976259768 0
vt 0.380548298 0.965014756 0
vt 0.150810868 0.943222165 0
vt 0.150812745 0.923541367 0
vt 0.16205819 0.923541129 0
vt 0.16205819 0.943221569 0
vt 0.777734697 0.932209134 0
vt 0.76648736 0.932209134 0
vt 0.76600486 0.912528932 0
vt 0.777734816 0.912528932 0
vt 0.276413143 0.921763599 0
vt 0.276413172 0.94144702 0
vt 0.265165627 0.94144702 0
vt 0.265165597 0.921766996 0
vt 0.0268359408 0.940838575 0
vt 0.0268310755 0.921158969 0
vt 0.0380814336 0.921157718 0
vt 0.0380797051 0.940838575 0
vt 0.983361304 0.507107079 0
vt 0.972126782 0.507107079 0
vt 0.972688615 0.495862037 0
vt 0.983361185 0.495862037 0
vt 0.983352602 0.561098993 0
vt 0.972679555 0.561098993 0
vt 0.972126126 0.549853921 0
vt 0.983352602 0.549853921 0
vt 0.907999098 0.950444698 0
vt 0.896772802 0.950444698 0
vt 0.896764398 0.930764437 0
vt 0.907999218 0.930764437 0
vt 0.163825586 0.970570207 0
vt 0.175073117 0.970570147 0
vt 0.175073117 0.981634617 0
vt 0.225764573 0.961192667 0
vt 0.225764558 0.949731648 0
vt 0.237012103 0.950660944 0
vt 0.237012103 0.962055206 0
vt 0.940806627 0.211617604 0
vt 0.940806627 0.231297821 0
vt 0.929555774 0.231298417 0
vt 0.929555833 0.211618185 0
vt 0.0243301764 0.939361572 0
vt 0.0129335746 0.939361632 0
vt 0.0130828349 0.91968137 0
vt 0.0243301801 0.919681311 0
vt 0.93173629 0.909972191 0
vt 0.93173629 0.890295565 0
vt 0.942983866 0.890291333 0
vt 0.942983806 0.909971297 0
vt 0.193920135 0.947513342 0
vt 0.205167189 0.947513402 0
vt 0.205167189 0.960551381 0
vt 0.193920135 0.960551322 0
vt 0.948629081 0.435709059 0
vt 0.959869921 0.436096966 0
vt 0.959869921 0.449142694 0
vt 0.948801935 0.448760778 0
vt 0.867530882 0.945049524 0
vt 0.867525041 0.925370574 0
vt 0.878772318 0.92537123 0
vt 0.878772318 0.945051253 0
vt 0.39542526 0.920415998 0
vt 0.406496763 0.920162797 0
vt 0.406496763 0.939848185 0
vt 0.395252377 0.940105319 0
vt 0.430465758 0.879689455 0
vt 0.430465758 0.860009491 0
vt 0.443506598 0.860012531 0
vt 0.443506598 0.879689455 0
vt 0.406817704 0.860009551 0
vt 0.406817704 0.879689753 0
vt 0.393777132 0.879689693 0
vt 0.393774301 0.860010028 0
vt 0.679202139 0.966912508 0
vt 0.679202139 0.978064418 0
vt 0.667954624 0.9783687 0
vt 0.667954624 0.966912568 0
vt 0.983667791 0.0921918154 0
vt 0.972994804 0.0921918005 0
vt 0.972994804 0.0809467211 0
vt 0.983667791 0.080946736 0
vt 0.205392331 0.927833021 0
vt 0.194719419 0.927833021 0
vt 0.194237739 0.908152819 0
vt 0.205392435 0.908152819 0
vt 0.107652873 0.967143774 0
vt 0.107652873 0.977350175 0
vt 0.0964053348 0.978311837 0
vt 0.0964053273 0.966832459 0
vt 0.962900817 0.272327513 0
vt 0.962900817 0.284344792 0
vt 0.951653302 0.283572555 0
vt 0.951653302 0.272680938 0
vt 0.520482123 0.942121863 0
vt 0.52048409 0.922440648 0
vt 0.53172946 0.922439396 0
vt 0.53172946 0.942120194 0
vt 0.951696396 0.352717787 0
vt 0.940802515 0.352717787 0
vt 0.940802634 0.333037585 0
vt 0.951011598 0.333037585 0
vt 0.0394478627 0.940842807 0
vt 0.0394478552 0.921159267 0
vt 0.0506954081 0.921160996 0
vt 0.0506954081 0.940844357 0
vt 0.951726794 0.634608626 0
vt 0.951726794 0.623188257 0
vt 0.96297431 0.622658193 0
vt 0.96297431 0.634608507 0
vt 0.571403563 0.966998935 0
vt 0.58192271 0.966648102 0
vt 0.58192271 0.977899492 0
vt 0.570681512 0.978274345 0
vt 0.919657767 0.930421948 0
vt 0.919657767 0.950102448 0
vt 0.90841651 0.950101852 0
vt 0.908415318 0.93042165 0
vt 0.938849092 0.190825105 0
vt 0.927601755 0.190825105 0
vt 0.92742604 0.171144873 0
vt 0.938849211 0.171144873 0
vt 0.701690972 0.945678174 0
vt 0.701690972 0.926003575 0
vt 0.712938488 0.925998211 0
vt 0.712938488 0.945678174 0
vt 0.205392525 0.949958146 0
vt 0.205393508 0.930277526 0
vt 0.216637462 0.930277646 0
vt 0.216637462 0.949958086 0
vt 0.544075608 0.955156863 0
vt 0.533388019 0.955156744 0
vt 0.531905472 0.942118764 0
vt 0.544075608 0.942118883 0
vt 0.95993042 0.40827468 0
vt 0.948629558 0.40827468 0
vt 0.949257374 0.395236731 0
vt 0.95993036 0.395236701 0
vt 0.941212356 2.456505e-09 0
vt 0.951885223 0 0
vt 0.951900065 0.0196802355 0
vt 0.941212237 0.0196802355 0
vt 0.544848859 0.96664995 0
vt 0.556095898 0.966650009 0
vt 0.556095898 0.978239179 0
vt 0.545124352 0.978239119 0
vt 0.530994058 0.978238583 0
vt 0.519746602 0.978238583 0
vt 0.519746542 0.966649413 0
vt 0.530767858 0.966649413 0
vt 0.721209168 0.880734146 0
vt 0.721213341 0.861052871 0
vt 0.734244525 0.861053884 0
vt 0.734245718 0.880734146 0
vt 0.182898968 0.92783314 0
vt 0.193920135 0.92783308 0
vt 0.193920135 0.947513282 0
vt 0.182672784 0.947513342 0
vt 0.925789237 0.475071073 0
vt 0.93738097 0.455390811 0
vt 0.93738097 0.475069702 0
vt 0.590607405 0.981185079 0
vt 0.590607405 0.970749915 0
vt 0.60185498 0.970749855 0
vt 0.60185498 0.98199439 0
vt 0.980612159 0.782001853 0
vt 0.969364643 0.782001853 0
vt 0.969364643 0.770756781 0
vt 0.980612159 0.770756781 0
vt 0.925789237 0.495861948 0
vt 0.925789237 0.476181716 0
vt 0.937380731 0.476181805 0
vt 0.937380731 0.495862037 0
vt 0.948578298 0.556571186 0
vt 0.93733108 0.536890984 0
vt 0.947768807 0.536890984 0
vt 0.941212118 0.121424027 0
vt 0.941212118 0.141104028 0
vt 0.929964542 0.141104028 0
vt 0.929964542 0.121420063 0
vt 0.79687345 0.928341329 0
vt 0.79687345 0.948021591 0
vt 0.785626113 0.948021472 0
vt 0.785626113 0.928341269 0
vt 0.665716529 0.966915786 0
vt 0.665716529 0.978296757 0
vt 0.654469013 0.97758615 0
vt 0.654469013 0.966915905 0
vt 0.983832002 0.731650949 0
vt 0.973159015 0.731650949 0
vt 0.972905457 0.720405877 0
vt 0.983832002 0.720405877 0
vt 0.37736243 0.939848363 0
vt 0.366436005 0.939848363 0
vt 0.365978748 0.920168161 0
vt 0.37736252 0.920168161 0
vt 0.127309024 0.948124826 0
vt 0.127309024 0.959369421 0
vt 0.116061471 0.960524082 0
vt 0.116061471 0.948124945 0
vt 0.983878672 0.691177845 0
vt 0.972860634 0.691177845 0
vt 0.973071456 0.679932714 0
vt 0.983588219 0.679932714 0
vt 0.940807581 0.191381037 0
vt 0.940807581 0.211061254 0
vt 0.929555774 0.211062029 0
vt 0.929558694 0.191381261 0
vt 0.930046439 0.740666628 0
vt 0.940563083 0.740642428 0
vt 0.940563083 0.76032275 0
vt 0.929315746 0.760348618 0
vt 0.253241599 0.93005383 0
vt 0.264489144 0.930055261 0
vt 0.264489144 0.949731469 0
vt 0.477061272 0.966708958 0
vt 0.477061272 0.978227377 0
vt 0.465813726 0.978083193 0
vt 0.465813726 0.967172682 0
vt 0.973007739 4.91301e-09 0
vt 0.983602762 0 0
vt 0.983602762 0.011245084 0
vt 0.973335326 0.0112450887 0
vt 0.937383533 0.414918005 0
vt 0.937388659 0.395236701 0
vt 0.948628664 0.395237863 0
vt 0.948629558 0.414918005 0
vt 0.0890357718 0.937893927 0
vt 0.0787684619 0.937893927 0
vt 0.0898091272 0.918213725 0
vt 0.945383191 0.83902669 0
vt 0.945383191 0.858706772 0
vt 0.934135616 0.858705163 0
vt 0.934135616 0.839028955 0
vt 0.323726714 0.92176342 0
vt 0.323726743 0.941444039 0
vt 0.312478513 0.941445351 0
vt 0.312479407 0.921764553 0
vt 0.808328211 0.983229041 0
vt 0.797313988 0.971983969 0
vt 0.808328152 0.971983969 0
vt 0.972126603 0.516654432 0
vt 0.98331064 0.516654432 0
vt 0.98316288 0.527899504 0
vt 0.972126603 0.527899504 0
vt 0.951751769 0.719849527 0
vt 0.940715611 0.719849527 0
vt 0.94061482 0.700169325 0
vt 0.951751828 0.700169325 0
vt 0.983335793 0.664412796 0
vt 0.983335793 0.675657392 0
vt 0.974452794 0.675657451 0
vt 0.974452794 0.664412916 0
vt 0.816447198 0.561890066 0
vt 0.816447198 0.573202372 0
vt 0.807564259 0.573043048 0
vt 0.807564259 0.561912239 0
vt 0.558064818 0.942121267 0
vt 0.558063269 0.922441244 0
vt 0.569311202 0.942121267 0
vt 0.416010469 0.939845502 0
vt 0.427143574 0.939845443 0
vt 0.427143574 0.955932975 0
vt 0.415896237 0.955933094 0
vt 0.465483516 0.91835314 0
vt 0.465483516 0.934440136 0
vt 0.456600577 0.934440017 0
vt 0.456600577 0.91835314 0
vt 0.276403219 0.978212833 0
vt 0.265165806 0.97774744 0
vt 0.265165597 0.966492712 0
vt 0.276403219 0.966958106 0
vt 0.543153048 0.966719687 0
vt 0.543153048 0.978214741 0
vt 0.531905532 0.977964699 0
vt 0.531905472 0.966719687 0
vt 0.14177902 0.919517159 0
vt 0.150660798 0.903429866 0
vt 0.150660798 0.919517457 0
vt 0.601854742 0.946223915 0
vt 0.590607405 0.946223974 0
vt 0.590607405 0.926543713 0
vt 0.601854801 0.926543653 0
vt 0.506447971 0.922439158 0
vt 0.506447971 0.942121446 0
vt 0.495200425 0.942121446 0
vt 0.495200455 0.922441423 0
vt 0.950094938 0.171144873 0
vt 0.9500947 0.190825358 0
vt 0.938850343 0.190825358 0
vt 0.938849211 0.171145141 0
vt 0.0242463965 0.955513895 0
vt 0.0130008971 0.95544982 0
vt 0.0129335746 0.939361572 0
vt 0.0242463946 0.939426064 0
vt 0.953653038 0.9498896 0
vt 0.94298166 0.949889839 0
vt 0.94298166 0.930209577 0
vt 0.953652978 0.930209398 0
vt 0.951653242 0.292007744 0
vt 0.9408077 0.292007744 0
vt 0.941029191 0.272327513 0
vt 0.950921237 0.272327513 0
vt 0.996553898 0.186664328 0
vt 0.996553898 0.197335005 0
vt 0.991545916 0.197335005 0
vt 0.991545916 0.186664328 0
vt 0.996303201 0.76581192 0
vt 0.996303201 0.776531398 0
vt 0.991295218 0.776482224 0
vt 0.991295218 0.76581198 0
vt 0.953654528 0.930208087 0
vt 0.94298315 0.930208325 0
vt 0.94298315 0.910528064 0
vt 0.953654528 0.910527885 0
vt 0.841067493 0.954663217 0
vt 0.841067493 0.965962172 0
vt 0.829819918 0.95488143 0
vt 0.931142449 0.949888647 0
vt 0.931142449 0.96212846 0
vt 0.919894934 0.961133301 0
vt 0.919894934 0.950007915 0
vt 0.986443281 0.890291333 0
vt 0.986443162 0.909971595 0
vt 0.981435239 0.909971595 0
vt 0.981435061 0.890291393 0
vt 0.94061482 0.719964921 0
vt 0.929488838 0.719852269 0
vt 0.929315746 0.700169325 0
vt 0.94061482 0.700283647 0
vt 0.937381506 0.455387026 0
vt 0.937381566 0.435709625 0
vt 0.948629081 0.455388069 0
vt 0.995932698 0.359294862 0
vt 0.995932698 0.371007264 0
vt 0.990924656 0.37077406 0
vt 0.990924656 0.359294862 0
vt 0.991295218 0.765168667 0
vt 0.991295218 0.754711866 0
vt 0.996303201 0.755306542 0
vt 0.818247378 0.940594137 0
vt 0.818249524 0.920913875 0
vt 0.829500556 0.920914412 0
vt 0.829500973 0.940594137 0
vt 0.933829427 0.790436983 0
vt 0.923323035 0.790436983 0
vt 0.922855973 0.770756781 0
vt 0.984168589 0.278617591 0
vt 0.984168589 0.298304379 0
vt 0.979160607 0.29830122 0
vt 0.979157507 0.266498446 0
vt 0.979162455 0.246817783 0
vt 0.984168828 0.246818781 0
vt 0.984169185 0.266498446 0
vt 0.991544008 0.343708247 0
vt 0.991544008 0.333037585 0
vt 0.996551991 0.333037585 0
vt 0.996551991 0.343708247 0
vt 0.996363223 0.622075438 0
vt 0.996363223 0.633057594 0
vt 0.99135524 0.632745743 0
vt 0.99135524 0.622075498 0
vt 0.683609128 0.932293892 0
vt 0.694280446 0.932293713 0
vt 0.694280446 0.951973915 0
vt 0.683609068 0.951974154 0
vt 0.182770565 0.947513342 0
vt 0.193743944 0.947513342 0
vt 0.193743974 0.960736692 0
vt 0.182672784 0.960736692 0
vt 0.300012589 0.95467186 0
vt 0.290123701 0.95467186 0
vt 0.301206708 0.94144851 0
vt 0.984169781 0.308084309 0
vt 0.984167933 0.327764899 0
vt 0.97916007 0.327764899 0
vt 0.979159892 0.308084667 0
vt 0.477354318 0.937770605 0
vt 0.465813726 0.937770605 0
vt 0.466272891 0.918090403 0
vt 0.477244556 0.918090403 0
vt 0.379205018 0.860009551 0
vt 0.379205018 0.879695356 0
vt 0.365978748 0.879689515 0
vt 0.365978748 0.860010028 0
vt 0.98416549 0.266498446 0
vt 0.98416549 0.278337359 0
vt 0.979157507 0.277743459 0
vt 0.990977168 0.011058284 0
vt 0.990977168 0.000275870407 0
vt 0.99598521 0 0
vt 0.99598521 0.0115204034 0
vt 0.393774152 0.860010147 0
vt 0.393774301 0.879690349 0
vt 0.380548298 0.879690349 0
vt 0.38055104 0.860009551 0
vt 0.764830947 0.932209194 0
vt 0.753309429 0.932209194 0
vt 0.752991736 0.912528932 0
vt 0.764831364 0.912528932 0
vt 0.985863149 0.949892461 0
vt 0.985863149 0.969574749 0
vt 0.980855107 0.969572484 0
vt 0.980855167 0.949892461 0
vt 0.987692833 0.455391228 0
vt 0.987692833 0.47507146 0
vt 0.982688725 0.475070715 0
vt 0.982686698 0.455390841 0
vt 0.996363223 0.61104846 0
vt 0.99135524 0.621719182 0
vt 0.99135524 0.61104852 0
vt 0.996505439 0.63945955 0
vt 0.996505439 0.65038383 0
vt 0.991497457 0.650129855 0
vt 0.991497457 0.63945961 0
vt 0.951726437 0.618666649 0
vt 0.941055119 0.618666649 0
vt 0.94069922 0.598986447 0
vt 0.951726794 0.598986447 0
vt 0.978543818 0.859263182 0
vt 0.978543818 0.870696783 0
vt 0.96763593 0.870993733 0
vt 0.96763593 0.859263182 0
vt 0.972992659 0.15207769 0
vt 0.972992659 0.141656861 0
vt 0.983900547 0.141656771 0
vt 0.983900547 0.152901351 0
vt 0.98017925 0.85032326 0
vt 0.980181873 0.83064276 0
vt 0.985187531 0.830643475 0
vt 0.985188782 0.85032326 0
vt 0.615106821 0.918298244 0
vt 0.626352489 0.918298244 0
vt 0.62654078 0.937978446 0
vt 0.615106463 0.937978446 0
vt 0.940800071 0.271774888 0
vt 0.940800071 0.252090871 0
vt 0.951707959 0.252094895 0
vt 0.951707959 0.271774888 0
vt 0.995734394 0.596936762 0
vt 0.995734394 0.608664334 0
vt 0.990726352 0.609091938 0
vt 0.990726352 0.596936822 0
vt 0.991083682 0.112219065 0
vt 0.991083622 0.101738453 0
vt 0.996091664 0.101775013 0
vt 0.996091664 0.113019593 0
vt 0.940803349 0.251533777 0
vt 0.940801501 0.231854171 0
vt 0.951710999 0.231854543 0
vt 0.951710999 0.251534551 0
vt 0.93414861 0.818233788 0
vt 0.922902942 0.818233788 0
vt 0.92242074 0.798553586 0
vt 0.934148967 0.798553526 0
vt 0.985830367 0.37345022 0
vt 0.985830367 0.393134147 0
vt 0.980822325 0.393130213 0
vt 0.980822325 0.37345022 0
vt 0.979163289 0.206343502 0
vt 0.98417145 0.186664626 0
vt 0.98417145 0.206344277 0
vt 0.996301651 0.121420063 0
vt 0.996301651 0.132652581 0
vt 0.991293669 0.132090762 0
vt 0.991293669 0.121420071 0
vt 0.996127129 0.583587646 0
vt 0.996127129 0.594849229 0
vt 0.991119087 0.594811261 0
vt 0.991119087 0.583587646 0
vt 0.94056344 0.740642428 0
vt 0.951788127 0.740642428 0
vt 0.951796293 0.76032269 0
vt 0.940563083 0.76032269 0
vt 0.980192423 0.798553526 0
vt 0.980192423 0.809798539 0
vt 0.968944848 0.809798598 0
vt 0.968944848 0.798733652 0
vt 0.2373299 0.961192489 0
vt 0.2373299 0.949731886 0
vt 0.248577431 0.950661123 0
vt 0.248577431 0.962054908 0
vt 0.341320574 0.966396332 0
vt 0.341319591 0.986077309 0
vt 0.336315274 0.986077309 0
vt 0.336312443 0.966397047 0
vt 0.0654611811 0.939409137 0
vt 0.0540662669 0.939409316 0
vt 0.0542154945 0.919729114 0
vt 0.0654611886 0.919728875 0
vt 0.929964542 0.080393374 0
vt 0.929964542 0.0607100315 0
vt 0.941212118 0.0607142635 0
vt 0.941212118 0.080394268 0
vt 0.996214449 0.720405877 0
vt 0.996214449 0.731650889 0
vt 0.991206467 0.731650889 0
vt 0.991206467 0.720405877 0
vt 0.995954692 0.851312578 0
vt 0.995954692 0.862803042 0
vt 0.99094671 0.863007188 0
vt 0.99094671 0.851935506 0
vt 0.841378331 0.940595508 0
vt 0.841384172 0.920913994 0
vt 0.852631509 0.920913517 0
vt 0.852631509 0.940593898 0
vt 0.380721152 0.920416653 0
vt 0.391791046 0.920163453 0
vt 0.391791046 0.93984884 0
vt 0.380548298 0.940105975 0
vt 0.980855107 0.949892461 0
vt 0.980855107 0.930212438 0
vt 0.985863149 0.930209398 0
vt 0.986442983 0.909971595 0
vt 0.986442924 0.929652095 0
vt 0.981435061 0.929652452 0
vt 0.981436372 0.909971714 0
vt 0.0538090281 0.977617502 0
vt 0.0538090281 0.988769889 0
vt 0.0468223132 0.988736749 0
vt 0.0468223207 0.977617502 0
vt 0.735570312 0.978268325 0
vt 0.735570312 0.98893857 0
vt 0.728583574 0.98893863 0
vt 0.728583574 0.978268385 0
vt 0.205392152 0.886803806 0
vt 0.194720834 0.886803806 0
vt 0.194239467 0.867123604 0
vt 0.205392525 0.867123604 0
vt 0.312483728 0.977977574 0
vt 0.312483728 0.967770755 0
vt 0.323731303 0.966809094 0
vt 0.323731303 0.978288949 0
vt 0.962900639 0.312800884 0
vt 0.962900639 0.324817687 0
vt 0.951653123 0.324045569 0
vt 0.951653123 0.31315437 0
vt 0.590286314 0.911146343 0
vt 0.583299935 0.930824876 0
vt 0.583299756 0.91114527 0
vt 0.951698959 0.231297821 0
vt 0.940806687 0.231297836 0
vt 0.940807045 0.211617604 0
vt 0.951014459 0.211617604 0
vt 0.248577446 0.930053771 0
vt 0.248577446 0.949730217 0
vt 0.2373299 0.949731946 0
vt 0.2373299 0.930055261 0
vt 0.996050239 0.0809467211 0
vt 0.996050239 0.0923675224 0
vt 0.991042197 0.0921917483 0
vt 0.991042197 0.0814113393 0
vt 0.991253078 0.691177368 0
vt 0.991253078 0.679932773 0
vt 0.99626106 0.679932714 0
vt 0.99626106 0.691177309 0
vt 0.867212951 0.920914829 0
vt 0.867212951 0.940594852 0
vt 0.855959535 0.94059521 0
vt 0.855960727 0.920915008 0
vt 0.938846767 0.381026357 0
vt 0.927601099 0.381026357 0
vt 0.927425683 0.361346126 0
vt 0.938847125 0.361346126 0
vt 0.896757483 0.966819167 0
vt 0.891749501 0.986496925 0
vt 0.891749501 0.966816902 0
vt 0.482353926 0.967208743 0
vt 0.482353926 0.986888945 0
vt 0.477347136 0.986888707 0
vt 0.477346033 0.967208683 0
vt 0.985242009 0.818233788 0
vt 0.985242009 0.82891947 0
vt 0.980233967 0.830444515 0
vt 0.980233967 0.818233788 0
vt 0.996551037 0.289541364 0
vt 0.996551037 0.300413936 0
vt 0.991543055 0.300211698 0
vt 0.991543055 0.289541423 0
vt 0.951898575 0.0399169102 0
vt 0.941227257 0.0399169065 0
vt 0.941212714 0.0202366821 0
vt 0.980612278 0.785119712 0
vt 0.980612278 0.796364725 0
vt 0.969364762 0.796364725 0
vt 0.969364762 0.785395145 0
vt 0.35522595 0.97056973 0
vt 0.35522595 0.981814325 0
vt 0.343978405 0.981814384 0
vt 0.343978405 0.970795989 0
vt 0.984121621 0.63946116 0
vt 0.984122992 0.659139752 0
vt 0.979105473 0.659139752 0
vt 0.979112446 0.63945955 0
vt 0.920121074 0.930208445 0
vt 0.931140602 0.930208206 0
vt 0.931140602 0.949888468 0
vt 0.919894934 0.949888647 0
vt 0.508046627 0.942122459 0
vt 0.508046627 0.922443807 0
vt 0.519294202 0.922442675 0
vt 0.519294202 0.942123771 0
vt 0.990397871 0.994246364 0
vt 0.990397871 0.983810782 0
vt 0.995405853 0.982871294 0
vt 0.995405853 0.995055795 0
vt 0.991261661 0.710586309 0
vt 0.991261661 0.700169325 0
vt 0.996269643 0.700169325 0
vt 0.996269643 0.71141386 0
vt 0.808438838 0.928341031 0
vt 0.808438838 0.948021293 0
vt 0.797191501 0.948021173 0
vt 0.797191501 0.928340971 0
vt 0.94298166 0.9498896 0
vt 0.931735992 0.9498896 0
vt 0.93173635 0.930209398 0
vt 0.942172527 0.930209398 0
vt 0.980233967 0.818233848 0
vt 0.980233967 0.798549771 0
vt 0.985242009 0.798553824 0
vt 0.985242009 0.818229854 0
vt 0.984169722 0.227138713 0
vt 0.984171391 0.246817797 0
vt 0.979157507 0.246817783 0
vt 0.979161859 0.227137566 0
vt 0.991053998 0.0316181146 0
vt 0.991053998 0.0202366784 0
vt 0.996061981 0.0205340479 0
vt 0.996061981 0.0316181146 0
vt 0.996551037 0.278617591 0
vt 0.996551037 0.289287865 0
vt 0.991543055 0.289541394 0
vt 0.991543055 0.27861765 0
vt 0.940697491 0.638903201 0
vt 0.929772675 0.638903201 0
vt 0.929315746 0.619222999 0
vt 0.797191501 0.960420966 0
vt 0.797191501 0.949175954 0
vt 0.808439016 0.948021293 0
vt 0.808439016 0.960420966 0
vt 0.983921587 0.7518875 0
vt 0.972903967 0.7518875 0
vt 0.973114669 0.740642428 0
vt 0.983631015 0.740642428 0
vt 0.987686872 0.435710073 0
vt 0.987686872 0.455389798 0
vt 0.982680857 0.455388725 0
vt 0.930285037 0.25211519 0
vt 0.940800071 0.271771133 0
vt 0.929554462 0.27179715 0
vt 0.929964483 0.161340564 0
vt 0.929964483 0.141658187 0
vt 0.941211998 0.141656771 0
vt 0.941211998 0.161340564 0
vt 0.995891035 0.496068746 0
vt 0.995891035 0.507587612 0
vt 0.990735769 0.507107079 0
vt 0.99073571 0.495862037 0
vt 0.218105987 0.995662928 0
vt 0.218105987 0.984418333 0
vt 0.223261282 0.984418273 0
vt 0.223261282 0.994683087 0
vt 0.829818249 0.940593779 0
vt 0.829812825 0.92091465 0
vt 0.841067433 0.920913517 0
vt 0.841066837 0.940593779 0
vt 0.107151344 0.937894285 0
vt 0.0968855396 0.937894285 0
vt 0.0964053273 0.918214023 0
vt 0.973144114 0.584886611 0
vt 0.973144114 0.565206587 0
vt 0.978299439 0.565201759 0
vt 0.978299439 0.584885597 0
vt 0.983454585 0.565201819 0
vt 0.983454585 0.584882021 0
vt 0.978302479 0.584881425 0
vt 0.978299379 0.565201759 0
vt 0.996307731 0.171144873 0
vt 0.996307731 0.182279587 0
vt 0.991299689 0.18181558 0
vt 0.991299689 0.171144888 0
vt 0.996304035 0.740642428 0
vt 0.996304035 0.751338601 0
vt 0.991295993 0.751675904 0
vt 0.991296053 0.740642488 0
vt 0.951751649 0.659139812 0
vt 0.940717161 0.659139812 0
vt 0.940616608 0.63945955 0
vt 0.951752007 0.63945955 0
vt 0.983350277 0.211617604 0
vt 0.983350277 0.222862616 0
vt 0.974508166 0.222862616 0
vt 0.974508166 0.211617604 0
vt 0.872787654 0.571572065 0
vt 0.872787654 0.560260177 0
vt 0.881629825 0.56041944 0
vt 0.881629825 0.571549773 0
vt 0.98774749 0.395237118 0
vt 0.98774749 0.41491735 0
vt 0.982742548 0.414916813 0
vt 0.982741714 0.395236701 0
vt 0.43057999 0.940105081 0
vt 0.441711426 0.940104902 0
vt 0.441711456 0.955996156 0
vt 0.430465758 0.955996335 0
vt 0.7855196 0.932209194 0
vt 0.7855196 0.948100686 0
vt 0.77667743 0.948100805 0
vt 0.776677489 0.932209194 0
vt 0.995968342 0.155726209 0
vt 0.995968342 0.166971236 0
vt 0.99096036 0.167254329 0
vt 0.99096036 0.155726209 0
vt 0.991274953 0.152095333 0
vt 0.991274953 0.141656801 0
vt 0.996282935 0.141656771 0
vt 0.996282935 0.152901351 0
vt 0.216637462 0.946168959 0
vt 0.216638476 0.930277526 0
vt 0.225480422 0.930277586 0
vt 0.225480437 0.94616884 0
vt 0.938847184 0.361346334 0
vt 0.950092852 0.361346126 0
vt 0.950092852 0.381026357 0
vt 0.938847184 0.381026566 0
vt 0.980612278 0.796364784 0
vt 0.980612218 0.776680827 0
vt 0.98562026 0.776684761 0
vt 0.98562026 0.796364784 0
vt 0.97916168 0.352717727 0
vt 0.979159892 0.333037853 0
vt 0.984169543 0.333037585 0
vt 0.984169543 0.352717787 0
vt 0.908415318 0.910527885 0
vt 0.919894934 0.910738051 0
vt 0.919894934 0.930421591 0
vt 0.909437358 0.930230141 0
vt 0.365947843 0.946044028 0
vt 0.355274916 0.946044028 0
vt 0.355225801 0.926363826 0
vt 0.365947932 0.926363826 0
vt 0.377293229 0.955805302 0
vt 0.366046071 0.955740273 0
vt 0.365978748 0.939848423 0
vt 0.377293229 0.939913809 0
vt 0.991543591 0.25748834 0
vt 0.991543591 0.246817783 0
vt 0.996569037 0.246817812 0
vt 0.996569037 0.25748837 0
vt 0.991543591 0.268157363 0
vt 0.991543591 0.25748837 0
vt 0.996568978 0.257488459 0
vt 0.996568978 0.268157452 0
vt 0.951884985 0.141656771 0
vt 0.951884985 0.161337018 0
vt 0.941211998 0.161337003 0
vt 0.960295856 0.489224166 0
vt 0.948996186 0.489032328 0
vt 0.94862777 0.476181686 0
vt 0.960295856 0.476379782 0
vt 0.861403883 0.573102713 0
vt 0.849162877 0.573102713 0
vt 0.850158393 0.560260177 0
vt 0.861284912 0.560260177 0
vt 0.978955388 0.630728364 0
vt 0.978955388 0.61104852 0
vt 0.983980775 0.61104846 0
vt 0.983980775 0.630728304 0
vt 0.940616608 0.659255445 0
vt 0.929488897 0.659142554 0
vt 0.929315746 0.63945955 0
vt 0.940616608 0.63957417 0
vt 0.495200425 0.88196671 0
vt 0.495202094 0.862286448 0
vt 0.508046627 0.862285793 0
vt 0.508046627 0.881966054 0
vt 0.995854437 0.565201759 0
vt 0.995854437 0.576914072 0
vt 0.990829051 0.576690495 0
vt 0.990829051 0.565845728 0
vt 0.996571183 0.227774605 0
vt 0.996571183 0.237664476 0
vt 0.991545796 0.237641647 0
vt 0.991545796 0.227137566 0
vt 0.495200425 0.862291992 0
vt 0.495200425 0.881971598 0
vt 0.482354403 0.881968021 0
vt 0.482353926 0.862285793 0
vt 0.923160136 0.818233848 0
vt 0.933668196 0.818233788 0
vt 0.934135735 0.83791405 0
vt 0.92242074 0.83791405 0
vt 0.983572304 0.851313472 0
vt 0.983572304 0.870993733 0
vt 0.978543818 0.870992839 0
vt 0.978543758 0.851312578 0
vt 0.718907893 0.964004397 0
vt 0.718907893 0.983685613 0
vt 0.713882744 0.983687043 0
vt 0.713882446 0.964004219 0
vt 0.365941316 0.982024193 0
vt 0.355268389 0.982024193 0
vt 0.355225921 0.97056973 0
vt 0.365941346 0.97056973 0
vt 0.953653038 0.961344123 0
vt 0.94298166 0.961344361 0
vt 0.953653038 0.94988966 0
vt 0.951886415 0.1214187 0
vt 0.941213429 0.121418685 0
vt 0.941213429 0.101738453 0
vt 0.951886415 0.101738453 0
vt 0.127034724 0.983332157 0
vt 0.116061471 0.983332157 0
vt 0.116061524 0.972087085 0
vt 0.127132595 0.972087085 0
vt 0.0112475427 0.967879772 0
vt 0.0112475427 0.977765262 0
vt 0 0.978223741 0
vt 0 0.966685712 0
vt 0.639899492 0.937975407 0
vt 0.639899433 0.918295324 0
vt 0.651356459 0.918295503 0
vt 0.651356459 0.937975347 0
vt 0.925789237 0.495862037 0
vt 0.937331676 0.495862037 0
vt 0.93687278 0.515542269 0
vt 0.925899386 0.515542269 0
vt 0.940801919 0.272327542 0
vt 0.9408077 0.292007774 0
vt 0.929554462 0.292007774 0
vt 0.929554999 0.272327513 0
vt 0.312477708 0.955771029 0
vt 0.312477708 0.967609823 0
vt 0.301230162 0.967153192 0
vt 0.301230162 0.956266403 0
vt 0.919662833 0.950102627 0
vt 0.919662893 0.962277889 0
vt 0.908415318 0.961621463 0
vt 0.908415318 0.950102448 0
vt 0.948578775 0.516654432 0
vt 0.948578775 0.536334276 0
vt 0.937331259 0.536334336 0
vt 0.937331796 0.516657412 0
vt 0.21723403 0.930277586 0
vt 0.205710664 0.930277526 0
vt 0.205392525 0.910597265 0
vt 0.21723403 0.910597324 0
vt 0.929964542 0.0601536185 0
vt 0.929966986 0.0404733717 0
vt 0.941214383 0.0404733606 0
vt 0.941214383 0.0601536036 0
vt 0.301230162 0.941441 0
vt 0.301231533 0.921766162 0
vt 0.312478513 0.92176342 0
vt 0.312478513 0.941445291 0
vt 0.983744681 0.596883953 0
vt 0.972715437 0.596884012 0
vt 0.972848237 0.58563894 0
vt 0.983744681 0.585638881 0
vt 0.569310844 0.966649055 0
vt 0.569310844 0.978256881 0
vt 0.558063269 0.97731781 0
vt 0.558063269 0.966648817 0
vt 0.881118953 0.596902192 0
vt 0.870445967 0.596902192 0
vt 0.87008965 0.573202372 0
vt 0.881118953 0.573202431 0
vt 0.852625847 0.965504229 0
vt 0.852625847 0.976937711 0
vt 0.841378331 0.977234542 0
vt 0.841378331 0.965504169 0
vt 0.972319901 0.395236701 0
vt 0.982741773 0.395236701 0
vt 0.982741594 0.406481773 0
vt 0.971495867 0.406481773 0
vt 0.0397646427 0.880680382 0
vt 0.0397659391 0.856985569 0
vt 0.0510133132 0.856984854 0
vt 0.0510133021 0.880686402 0
vt 0.732645273 0.955210388 0
vt 0.721397817 0.955210388 0
vt 0.721209168 0.940887451 0
vt 0.732645273 0.940887451 0
vt 0.746964574 0.940888464 0
vt 0.746968627 0.955211401 0
vt 0.735717177 0.955211401 0
vt 0.735717177 0.940888464 0
vt 0.0506953821 0.96589011 0
vt 0.0506953821 0.977617502 0
vt 0.0394478589 0.977134943 0
vt 0.0394478552 0.966587543 0
vt 0.818247378 0.977306902 0
vt 0.818247378 0.965502977 0
vt 0.829494894 0.966063917 0
vt 0.829494894 0.977307141 0
vt 0.30123052 0.955770969 0
vt 0.301230162 0.941445231 0
vt 0.312478065 0.941447198 0
vt 0.312478065 0.955771029 0
vt 0.0246636681 0.879208505 0
vt 0.0134161822 0.879208446 0
vt 0.02466367 0.855508685 0
vt 0.0380784869 0.880684674 0
vt 0.0268310755 0.880684674 0
vt 0.0268310755 0.856984913 0
vt 0.0510133132 0.880683482 0
vt 0.0510145724 0.856987715 0
vt 0.0622615293 0.856984854 0
vt 0.0622615181 0.880687237 0
vt 0.0667670146 0.978000462 0
vt 0.066767022 0.967793763 0
vt 0.0780145526 0.966832221 0
vt 0.0780145526 0.978311956 0
vt 0.962944448 0.292007774 0
vt 0.962944448 0.304023117 0
vt 0.951696932 0.30325079 0
vt 0.951696932 0.292360932 0
vt 0.992451429 0.87550056 0
vt 0.983572245 0.87550056 0
vt 0.983572245 0.865293741 0
vt 0.983351946 0.610233188 0
vt 0.974472761 0.610229611 0
vt 0.974472761 0.598986447 0
vt 0.983351946 0.598989785 0
vt 0.818134546 0.980566561 0
vt 0.809254348 0.980570614 0
vt 0.8092556 0.96932435 0
vt 0.818134546 0.969320595 0
vt 0.908011913 0.950444758 0
vt 0.908011913 0.961130261 0
vt 0.896764398 0.96261251 0
vt 0.896764398 0.950444698 0
vt 0.968931735 0.85032326 0
vt 0.968931496 0.83902669 0
vt 0.980179071 0.839654267 0
vt 0.956070721 0.877517283 0
vt 0.945397675 0.877517223 0
vt 0.945382774 0.859263182 0
vt 0.956070721 0.859263182 0
vt 0.712938488 0.970204115 0
vt 0.712938488 0.981449008 0
vt 0.701690972 0.981448948 0
vt 0.701690972 0.970479488 0
vt 0.98310703 0.487426758 0
vt 0.971861303 0.487426758 0
vt 0.971861541 0.476181686 0
vt 0.982881069 0.476181686 0
vt 0.724368811 0.399334401 0
vt 0.724367738 0.381075203 0
vt 0.735617101 0.381084502 0
vt 0.735617101 0.399338305 0
vt 0.934361458 0.859263182 0
vt 0.945382774 0.878943443 0
vt 0.934135318 0.878943443 0
vt 0.544075608 0.922438502 0
vt 0.544074237 0.942118764 0
vt 0.532827973 0.942118764 0
vt 0.532826841 0.922438502 0
vt 0.879900217 0.969576359 0
vt 0.890337944 0.969576299 0
vt 0.890337944 0.980821371 0
vt 0.879090548 0.980821431 0
vt 0.98268652 0.466635942 0
vt 0.971441031 0.455390871 0
vt 0.982686758 0.455390841 0
vt 0.127309009 0.928444862 0
vt 0.127309009 0.948124707 0
vt 0.116061479 0.948124826 0
vt 0.116061471 0.928444922 0
vt 0.735617101 0.381075203 0
vt 0.746864557 0.381075203 0
vt 0.746864557 0.399329275 0
vt 0.736426711 0.399329275 0
vt 0.758112013 0.381075203 0
vt 0.758112013 0.399329275 0
vt 0.746864617 0.399329275 0
vt 0.746868551 0.381075203 0
vt 0.758112013 0.399329007 0
vt 0.758112013 0.381075293 0
vt 0.769359589 0.381075203 0
vt 0.769359589 0.399328917 0
vt 0.872787654 0.572693288 0
vt 0.861403883 0.572693348 0
vt 0.862114787 0.560260236 0
vt 0.96257031 0.672129273 0
vt 0.951898992 0.672129273 0
vt 0.962570548 0.659696162 0
vt 0.427280158 0.939845443 0
vt 0.416353613 0.939845383 0
vt 0.415896237 0.920165181 0
vt 0.427280158 0.920165181 0
vt 0.796873629 0.948021591 0
vt 0.796873629 0.959266484 0
vt 0.785626113 0.960421085 0
vt 0.785626113 0.948021531 0
vt 0.983920813 0.765956998 0
vt 0.972904503 0.765956998 0
vt 0.973115504 0.754711866 0
vt 0.983630598 0.754711926 0
vt 0.508046627 0.881969869 0
vt 0.508047223 0.862290025 0
vt 0.520482123 0.862285793 0
vt 0.520482123 0.881968558 0
vt 0.930046439 0.720430017 0
vt 0.940563202 0.720405877 0
vt 0.940563202 0.740086198 0
vt 0.929315746 0.740112007 0
vt 0.581928909 0.922440231 0
vt 0.581928909 0.942120492 0
vt 0.570682943 0.942119122 0
vt 0.570681512 0.92243892 0
vt 0.965218544 0.953335166 0
vt 0.965218484 0.941816449 0
vt 0.97669369 0.941960812 0
vt 0.97669369 0.952871561 0
vt 0.983585954 0.167198837 0
vt 0.972992659 0.167198852 0
vt 0.972992897 0.155726209 0
vt 0.983258665 0.155726209 0
vt 0.929555535 0.311693281 0
vt 0.940803349 0.292014956 0
vt 0.940803349 0.311694503 0
vt 0.4458085 0.918090999 0
vt 0.456075937 0.918090999 0
vt 0.456556618 0.937771261 0
vt 0.445035249 0.937771261 0
vt 0.679431915 0.918293893 0
vt 0.679431856 0.937974155 0
vt 0.667958438 0.937974155 0
vt 0.667954624 0.918293893 0
vt 0.665944159 0.918294728 0
vt 0.665944159 0.937976718 0
vt 0.654469192 0.937977493 0
vt 0.654469013 0.918294609 0
vt 0.962889016 0.651521444 0
vt 0.951752007 0.651521504 0
vt 0.951874614 0.63945961 0
vt 0.962889016 0.63945955 0
vt 0.962909043 0.611048281 0
vt 0.951874554 0.598986626 0
vt 0.962909043 0.598986447 0
vt 0.194239482 0.886803865 0
vt 0.205275729 0.886803865 0
vt 0.205376625 0.906484067 0
vt 0.194239467 0.906484067 0
vt 0.181777015 0.982050061 0
vt 0.181777015 0.993294895 0
vt 0.173784897 0.993294895 0
vt 0.173784897 0.982050002 0
vt 0.980855167 0.981784046 0
vt 0.980855167 0.993094563 0
vt 0.972863019 0.992935121 0
vt 0.972863019 0.981806099 0
vt 0.532546818 0.862286508 0
vt 0.532546818 0.88196528 0
vt 0.520482481 0.881966293 0
vt 0.40638563 0.956103504 0
vt 0.395252377 0.956103504 0
vt 0.406499833 0.940105319 0
vt 0.414809734 0.934229553 0
vt 0.414809734 0.950227797 0
vt 0.406817794 0.950227559 0
vt 0.335598886 0.978209257 0
vt 0.324361175 0.977744043 0
vt 0.324360967 0.966489315 0
vt 0.335598886 0.966954589 0
vt 0.735717177 0.97826755 0
vt 0.735717177 0.966774285 0
vt 0.746964693 0.967024565 0
vt 0.746964693 0.978267789 0
vt 0.456600577 0.950437069 0
vt 0.456600755 0.934440136 0
vt 0.464592874 0.934440076 0
vt 0.945383251 0.83791405 0
vt 0.934135795 0.83791405 0
vt 0.934135795 0.818233788 0
vt 0.945383251 0.818233788 0
vt 0.941214144 0.0809467211 0
vt 0.941211879 0.100626968 0
vt 0.929964483 0.100626968 0
vt 0.929964483 0.0809467435 0
vt 0.278099447 0.941444457 0
vt 0.278099209 0.921763241 0
vt 0.289347321 0.921766162 0
vt 0.289347321 0.941446006 0
vt 0.0653804466 0.955472946 0
vt 0.054133594 0.955408156 0
vt 0.0653804466 0.939474463 0
vt 0.77667743 0.951889515 0
vt 0.76600486 0.951889396 0
vt 0.76600486 0.932209194 0
vt 0.77667743 0.932209253 0
vt 0.951654494 0.211061269 0
vt 0.940807641 0.211061269 0
vt 0.941028655 0.191381037 0
vt 0.950921834 0.191381037 0
vt 0.816520333 0.49117434 0
vt 0.753901958 0.49117443 0
vt 0.753901958 0.399422109 0
vt 0.816520333 0.39942205 0
vt 0.44826439 0.867853701 0
vt 0.453306496 0.86986196 0
vt 0.450215906 0.877617955 0
vt 0.4451738 0.875609696 0
vt 0.225764558 0.868441999 0
vt 0.225764558 0.873868167 0
vt 0.218606606 0.873868227 0
vt 0.218606606 0.868442059 0
vt 0.474222332 0.838506281 0
vt 0.479263753 0.836498499 0
vt 0.482353926 0.844254673 0
vt 0.477312505 0.846262455 0
vt 0.647208452 0.826281667 0
vt 0.625374734 0.826281786 0
vt 0.625374734 0.805876076 0
vt 0.635601342 0.805876017 0
vt 0.683610022 0.834648967 0
vt 0.690767825 0.834631026 0
vt 0.690788865 0.842979789 0
vt 0.683631063 0.842997789 0
vt 0.690766871 0.863399684 0
vt 0.683609068 0.863417625 0
vt 0.479125232 0.86750567 0
vt 0.474083841 0.869513512 0
vt 0.916718245 0.798149645 0
vt 0.911290705 0.798149645 0
vt 0.911290705 0.790993273 0
vt 0.916718245 0.790993273 0
vt 0.625374734 0.798183918 0
vt 0.635601342 0.798183858 0
vt 0.690788865 0.872122705 0
vt 0.683631063 0.872140706 0
vt 0.482353926 0.875609517 0
vt 0.477312505 0.8776173 0
vt 0.589682519 0.865309596 0
vt 0.590457737 0.865309596 0
vt 0.590457737 0.874032617 0
vt 0.589682519 0.873001695 0
vt 0.450077355 0.846610427 0
vt 0.445035249 0.844602168 0
vt 0.44826436 0.836498499 0
vt 0.453306496 0.838506758 0
vt 0.583299756 0.874032557 0
vt 0.584074974 0.873001635 0
vt 0.589682519 0.844847322 0
vt 0.590457737 0.844847322 0
vt 0.589682519 0.836498499 0
vt 0.590457737 0.836498499 0
vt 0.224989355 0.868441999 0
vt 0.219381809 0.868442059 0
vt 0.584074974 0.844847262 0
vt 0.583299756 0.844847262 0
vt 0.583299816 0.836498499 0
vt 0.584075034 0.836498499 0
vt 0.647208452 0.834630549 0
vt 0.625374734 0.834630668 0
vt 0.224989355 0.846613646 0
vt 0.219381824 0.846613705 0
vt 0.669039011 0.834630609 0
vt 0.647208452 0.834631026 0
vt 0.647208452 0.826282144 0
vt 0.669039011 0.826281726 0
vt 0.658813894 0.805876195 0
vt 0.669039011 0.805876017 0
vt 0.991042435 0.050697878 0
vt 0.991042435 0.0404733755 0
vt 0.996649981 0.0404733606 0
vt 0.996649981 0.0506978743 0
vt 0.658813894 0.798184037 0
vt 0.669039011 0.798183858 0
vt 0.583299756 0.865309596 0
vt 0.584074974 0.865309596 0
vt 0.46904242 0.846262455 0
vt 0.465952247 0.838506281 0
vt 0.470993668 0.836498499 0
vt 0.474083841 0.844254673 0
vt 0.922145665 0.790993273 0
vt 0.922145665 0.798149705 0
vt 0.916718304 0.798149645 0
vt 0.916718304 0.790993273 0
vt 0.453445017 0.875609696 0
vt 0.456535608 0.867853701 0
vt 0.461577713 0.86986196 0
vt 0.458487123 0.877617955 0
vt 0.669039011 0.826282144 0
vt 0.680644453 0.805876195 0
vt 0.69086957 0.805876017 0
vt 0.69086957 0.826281726 0
vt 0.639839828 0.834630609 0
vt 0.639860868 0.842979431 0
vt 0.632703066 0.842997372 0
vt 0.632682025 0.83464855 0
vt 0.639838874 0.863399327 0
vt 0.632681072 0.863417268 0
vt 0.453306496 0.844602168 0
vt 0.458348602 0.846610427 0
vt 0.91422379 0.564283907 0
vt 0.914223731 0.557127535 0
vt 0.91965133 0.557127535 0
vt 0.91965133 0.564283907 0
vt 0.680644453 0.798184037 0
vt 0.69086957 0.798183858 0
vt 0.639860868 0.872122347 0
vt 0.632703066 0.872140288 0
vt 0.456535608 0.836498499 0
vt 0.461577713 0.838506758 0
vt 0.149156362 0.848594725 0
vt 0.149156392 0.840902686 0
vt 0.149931595 0.839871764 0
vt 0.149931565 0.848594725 0
vt 0.470855176 0.86750567 0
vt 0.474083841 0.875609517 0
vt 0.46904242 0.8776173 0
vt 0.465813726 0.869513452 0
vt 0.143548846 0.840902627 0
vt 0.142773643 0.839871705 0
vt 0.149156392 0.869057059 0
vt 0.149931595 0.869057059 0
vt 0.149156347 0.877405822 0
vt 0.149931565 0.877405822 0
vt 0 0 0
vt 0.143548846 0.869057 0
vt 0.143548816 0.877405822 0
vt 0.142773598 0.877405763 0
vt 0.142773643 0.869057 0
vt 0.69086957 0.834630609 0
vt 0.669039011 0.834630966 0
vt 0.747282624 0.930779278 0
vt 0.75289017 0.930779219 0
vt 0.75289017 0.952607632 0
vt 0.747282624 0.952607691 0
vt 0.625374734 0.798183858 0
vt 0.625374734 0.806532681 0
vt 0.603540957 0.8065328 0
vt 0.603540957 0.798183978 0
vt 0.625374734 0.82693845 0
vt 0.615148067 0.82693845 0
vt 0.990977168 0.060710039 0
vt 0.996584713 0.0607100315 0
vt 0.996584713 0.0709345415 0
vt 0.990977168 0.070934549 0
vt 0.625374734 0.834630609 0
vt 0.615148067 0.834630668 0
vt 0.142773613 0.848594666 0
vt 0.143548816 0.848594725 0
vt 0.330080897 0.830051422 0
vt 0.317147344 0.830048084 0
vt 0.317147315 0.825806081 0
vt 0.330080867 0.825809419 0
vt 0.340579152 0.880955338 0
vt 0.34322226 0.880955338 0
vt 0.34322226 0.885197282 0
vt 0.340579152 0.885197282 0
vt 0.602590322 0.946224153 0
vt 0.602590322 0.959186852 0
vt 0.599947214 0.959186852 0
vt 0.590607405 0.946223915 0
vt 0.945396423 0.811518133 0
vt 0.954736233 0.798553526 0
vt 0.957379341 0.798553526 0
vt 0.957379401 0.811518133 0
vt 0.340579152 0.855503678 0
vt 0.34322229 0.855503678 0
vt 0.34322226 0.859745622 0
vt 0.340579152 0.859745622 0
vt 0.340579152 0.863987565 0
vt 0.34322226 0.863987565 0
vt 0.34322226 0.868229508 0
vt 0.340579152 0.868229508 0
vt 0.340579152 0.872471452 0
vt 0.34322226 0.872471452 0
vt 0.34322229 0.876713395 0
vt 0.340579122 0.876713395 0
vt 0.330080897 0.855503619 0
vt 0.317147344 0.855500281 0
vt 0.317147344 0.851258218 0
vt 0.330080897 0.851261556 0
vt 0.330080897 0.847019553 0
vt 0.317147374 0.847016215 0
vt 0.317147344 0.842774153 0
vt 0.330080897 0.842777491 0
vt 0.330080897 0.838535488 0
vt 0.317147344 0.83853215 0
vt 0.317147344 0.834290087 0
vt 0.330080867 0.834293425 0
vt 0.518758714 0.98975426 0
vt 0.51468569 0.989754319 0
vt 0.51468569 0.978191376 0
vt 0.518758714 0.978191376 0
vt 0.99479717 0.22423321 0
vt 0.990724742 0.224233299 0
vt 0.990724742 0.212670371 0
vt 0.99479717 0.212670296 0
vt 0.683593035 0.935383797 0
vt 0.679519951 0.935383797 0
vt 0.679519951 0.909596443 0
vt 0.683593035 0.909596443 0
vt 0.532826841 0.836498499 0
vt 0.532826841 0.862285793 0
vt 0.521261513 0.862285793 0
vt 0.521261513 0.836498499 0
vt 0.841378272 0.854654133 0
vt 0.841378272 0.88044095 0
vt 0.829812825 0.88044107 0
vt 0.829812825 0.854654253 0
vt 0.995638609 0.212670282 0
vt 0.99479717 0.211617619 0
vt 0.995638609 0.211617604 0
vt 0.995638609 0.224233195 0
vt 0.519600272 0.98975426 0
vt 0.519600272 0.978191316 0
vt 0.364398748 0.657290936 0
vt 0.36355719 0.657290936 0
vt 0.36355719 0.631503582 0
vt 0.364398748 0.631503582 0
vt 0.181935355 0.657290816 0
vt 0.181935355 0.631504059 0
vt 0.182988271 0.631503999 0
vt 0.182988271 0.657290816 0
vt 0.519600272 0.990806937 0
vt 0.518758714 0.990806937 0
vt 0.520208597 0.862285793 0
vt 0.520208597 0.836498499 0
vt 0.0923322961 0.943428099 0
vt 0.0964053273 0.943428099 0
vt 0.0964053273 0.954990983 0
vt 0.0923322961 0.954991043 0
vt 0.662684917 0.978296816 0
vt 0.666757405 0.978296757 0
vt 0.666757345 0.9898597 0
vt 0.662684858 0.98985976 0
vt 0.976782024 0.930209398 0
vt 0.980855107 0.930209398 0
vt 0.980855107 0.955996752 0
vt 0.976782024 0.955996692 0
vt 0.356596619 0.839867175 0
vt 0.356596619 0.865654469 0
vt 0.345031321 0.865654469 0
vt 0.345031321 0.839867175 0
vt 0.289664626 0.855503678 0
vt 0.289664626 0.881290495 0
vt 0.278099209 0.881290615 0
vt 0.278099209 0.855503738 0
vt 0.661843479 0.98985976 0
vt 0.662684917 0.990912437 0
vt 0.661843479 0.990912437 0
vt 0.661843538 0.978296876 0
vt 0.0914907306 0.943428099 0
vt 0.0914907306 0.954991043 0
vt 0.36355719 0.605716288 0
vt 0.364398748 0.605716288 0
vt 0.182988271 0.528356731 0
vt 0.182988271 0.554143548 0
vt 0.181935355 0.554143548 0
vt 0.18193537 0.528356731 0
vt 0.0914907157 0.942375422 0
vt 0.0923322365 0.942375422 0
vt 0.343978405 0.865654469 0
vt 0.0526981764 0.831532717 0
vt 0.0397646427 0.831529379 0
vt 0.0397646464 0.827287316 0
vt 0.0526981801 0.827290714 0
vt 0.442031085 0.905141175 0
vt 0.444674194 0.905141175 0
vt 0.444674194 0.909383118 0
vt 0.442031085 0.909383118 0
vt 0.960561872 0.495862246 0
vt 0.960561872 0.508824944 0
vt 0.957918763 0.508824944 0
vt 0.948578954 0.495862037 0
vt 0.519294202 0.94212383 0
vt 0.509954453 0.955088437 0
vt 0.507311344 0.955088437 0
vt 0.507311225 0.94212383 0
vt 0.442031085 0.879689515 0
vt 0.444674224 0.879689515 0
vt 0.444674194 0.883931458 0
vt 0.442031056 0.883931458 0
vt 0.442031085 0.888173401 0
vt 0.444674194 0.888173401 0
vt 0.444674194 0.892415345 0
vt 0.442031085 0.892415345 0
vt 0.442031056 0.896657288 0
vt 0.444674194 0.896657288 0
vt 0.444674194 0.900899231 0
vt 0.442031056 0.900899231 0
vt 0.0526981875 0.856984913 0
vt 0.0397646539 0.856981575 0
vt 0.0397646539 0.852739513 0
vt 0.0526981875 0.852742851 0
vt 0.0526981801 0.848500848 0
vt 0.0397646502 0.84849751 0
vt 0.0397646502 0.844255447 0
vt 0.0526981801 0.844258845 0
vt 0.0526981764 0.840016782 0
vt 0.0397646464 0.840013444 0
vt 0.0397646464 0.835771382 0
vt 0.0526981801 0.835774779 0
vt 0.303966433 0.830048084 0
vt 0.303966463 0.825806081 0
vt 0.316899985 0.825809419 0
vt 0.316899955 0.830051482 0
vt 0.0514231436 0.886359274 0
vt 0.0514231473 0.882117331 0
vt 0.0540662669 0.882117331 0
vt 0.0540662669 0.886359274 0
vt 0.957366228 0.831198454 0
vt 0.94538331 0.831198394 0
vt 0.95472306 0.818233788 0
vt 0.957366228 0.818233788 0
vt 0.957799435 0.77075702 0
vt 0.957799435 0.783719778 0
vt 0.955156326 0.783719659 0
vt 0.0514231436 0.911810935 0
vt 0.0514231324 0.907568991 0
vt 0.0540662669 0.907568991 0
vt 0.0540662669 0.911810935 0
vt 0.0514231436 0.903327048 0
vt 0.0514231436 0.899085104 0
vt 0.0540662669 0.899085104 0
vt 0.0540662669 0.903327048 0
vt 0.0514231399 0.894843161 0
vt 0.0514231473 0.890601218 0
vt 0.0540662669 0.890601218 0
vt 0.0540662557 0.894843161 0
vt 0.303966433 0.855500281 0
vt 0.303966433 0.851258218 0
vt 0.316899985 0.851261616 0
vt 0.316899985 0.855503619 0
vt 0.303966433 0.847016215 0
vt 0.303966433 0.842774153 0
vt 0.316899985 0.84277755 0
vt 0.316899985 0.847019553 0
vt 0.303966463 0.83853215 0
vt 0.303966403 0.834290087 0
vt 0.316899955 0.834293485 0
vt 0.316899985 0.838535488 0
vt 0.438681632 0.99042207 0
vt 0.438681632 0.978859127 0
vt 0.44275409 0.978859067 0
vt 0.44275409 0.990421951 0
vt 0.49056989 0.990808666 0
vt 0.49056989 0.979245722 0
vt 0.494642943 0.979245722 0
vt 0.494642943 0.990808666 0
vt 0.813327432 0.943533242 0
vt 0.813327432 0.969320595 0
vt 0.809254348 0.969320595 0
vt 0.809254348 0.943533242 0
vt 0.50864327 0.862285852 0
vt 0.50864327 0.836498499 0
vt 0.31279552 0.881290495 0
vt 0.301230073 0.881290555 0
vt 0.301230073 0.855503738 0
vt 0.31279552 0.855503678 0
vt 0.489728361 0.979245782 0
vt 0.489728361 0.978193104 0
vt 0.49056989 0.978193104 0
vt 0.489728332 0.990808666 0
vt 0.437840223 0.99042207 0
vt 0.437840223 0.978859127 0
vt 0.364398748 0.554141581 0
vt 0.364398748 0.579928935 0
vt 0.36355719 0.579928935 0
vt 0.36355719 0.554141581 0
vt 0.181935355 0.45099631 0
vt 0.182988271 0.45099631 0
vt 0.182988271 0.476783127 0
vt 0.18193537 0.476783097 0
vt 0.438681632 0.991474748 0
vt 0.437840223 0.991474748 0
vt 0.507590353 0.862285852 0
vt 0.507590353 0.836498499 0
vt 0.0243804473 0.979718626 0
vt 0.0243804865 0.991281509 0
vt 0.020308027 0.991281629 0
vt 0.020308027 0.979718685 0
vt 0.285320342 0.990389526 0
vt 0.285320401 0.978826582 0
vt 0.289393395 0.978826582 0
vt 0.289393395 0.990389526 0
vt 0.977361977 0.916078627 0
vt 0.977361977 0.890291333 0
vt 0.981435061 0.890291333 0
vt 0.545445025 0.862285852 0
vt 0.533879757 0.862285852 0
vt 0.533879757 0.836498499 0
vt 0.545445025 0.836498499 0
vt 0.855959535 0.854655564 0
vt 0.867524981 0.854655504 0
vt 0.867524981 0.880442321 0
vt 0.855959535 0.880442381 0
vt 0.284478813 0.978826582 0
vt 0.284478843 0.977773964 0
vt 0.285320401 0.977773964 0
vt 0.284478813 0.990389526 0
vt 0.0252218749 0.979718566 0
vt 0.0252218954 0.991281509 0
vt 0.364398748 0.683078229 0
vt 0.36355722 0.657290936 0
vt 0.182988271 0.502569914 0
vt 0.181935355 0.502569914 0
vt 0.181935355 0.476783127 0
vt 0.0243804473 0.978665948 0
vt 0.0252218954 0.978665888 0
vt 0.532826841 0.862285852 0
vt 0.0656317323 0.852742851 0
vt 0.0656317323 0.856984913 0
vt 0.0526982024 0.856981575 0
vt 0.0526982024 0.852739513 0
vt 0.587952495 0.87827462 0
vt 0.587952495 0.874032617 0
vt 0.590595603 0.874032617 0
vt 0.590595603 0.87827456 0
vt 0.556831837 0.955087066 0
vt 0.544848859 0.955087066 0
vt 0.554188609 0.9421224 0
vt 0.556831717 0.9421224 0
vt 0.948578298 0.536890984 0
vt 0.960561275 0.536891162 0
vt 0.960561275 0.549853921 0
vt 0.957918108 0.549853861 0
vt 0.587952495 0.90372628 0
vt 0.587952495 0.899484336 0
vt 0.590595603 0.899484277 0
vt 0.590595603 0.90372622 0
vt 0.587952495 0.895242333 0
vt 0.587952495 0.89100039 0
vt 0.590595603 0.89100039 0
vt 0.590595603 0.895242333 0
vt 0.587952495 0.886758506 0
vt 0.587952495 0.882516503 0
vt 0.590595603 0.882516503 0
vt 0.590595603 0.886758447 0
vt 0.06563171 0.827290714 0
vt 0.0656317249 0.831532717 0
vt 0.052698195 0.831529379 0
vt 0.0526981875 0.827287316 0
vt 0.0656317249 0.835774779 0
vt 0.0656317249 0.840016782 0
vt 0.052698195 0.840013444 0
vt 0.052698195 0.835771382 0
vt 0.0656317249 0.844258845 0
vt 0.0656317323 0.848500848 0
vt 0.0526982024 0.84849751 0
vt 0.0526981913 0.844255447 0
vt 0.278099239 0.851258218 0
vt 0.291032791 0.851261616 0
vt 0.291032791 0.855503619 0
vt 0.278099239 0.855500281 0
vt 0.34322226 0.889439225 0
vt 0.340579152 0.889439225 0
vt 0.960561216 0.549854159 0
vt 0.960561216 0.562816858 0
vt 0.957918108 0.562816858 0
vt 0.948578298 0.549853921 0
vt 0.570681512 0.955085099 0
vt 0.580021322 0.942120492 0
vt 0.58266443 0.942120552 0
vt 0.58266443 0.955085158 0
vt 0.34322226 0.914890885 0
vt 0.340579152 0.914890885 0
vt 0.340579122 0.910648942 0
vt 0.34322226 0.910648942 0
vt 0.34322226 0.906406999 0
vt 0.340579152 0.906406999 0
vt 0.340579122 0.902165055 0
vt 0.34322226 0.902165055 0
vt 0.34322226 0.897923112 0
vt 0.340579122 0.897923112 0
vt 0.340579152 0.893681169 0
vt 0.34322226 0.893681169 0
vt 0.278099239 0.825806081 0
vt 0.291032791 0.825809419 0
vt 0.291032791 0.830051482 0
vt 0.278099239 0.830048084 0
vt 0.278099209 0.834290147 0
vt 0.291032761 0.834293485 0
vt 0.291032791 0.838535547 0
vt 0.278099239 0.83853215 0
vt 0.278099209 0.842774153 0
vt 0.291032761 0.84277755 0
vt 0.291032761 0.847019553 0
vt 0.278099209 0.847016215 0
vt 0.566279292 0.979309559 0
vt 0.570352316 0.979309559 0
vt 0.570352316 0.990872502 0
vt 0.566279292 0.990872502 0
vt 0.991551638 0.664412916 0
vt 0.995624065 0.664412796 0
vt 0.995624065 0.67597574 0
vt 0.991551638 0.6759758 0
vt 0.253231645 0.980793893 0
vt 0.249158546 0.980793893 0
vt 0.249158576 0.955006599 0
vt 0.253231645 0.955006599 0
vt 0.163825586 0.865655303 0
vt 0.163825586 0.839867949 0
vt 0.175390884 0.839867949 0
vt 0.175390884 0.865655303 0
vt 0.301230073 0.855503678 0
vt 0.301230073 0.881290436 0
vt 0.289664626 0.881290555 0
vt 0.289664626 0.855503738 0
vt 0.990710199 0.6759758 0
vt 0.991551638 0.677028477 0
vt 0.990710199 0.677028477 0
vt 0.990710199 0.664412916 0
vt 0.565437794 0.979309559 0
vt 0.565437734 0.990872502 0
vt 0.364398748 0.605716228 0
vt 0.36355719 0.605716228 0
vt 0.18193537 0.425209492 0
vt 0.182988271 0.425209492 0
vt 0.182988271 0.45099628 0
vt 0.565437794 0.978256881 0
vt 0.566279352 0.978256881 0
vt 0.176443785 0.839867949 0
vt 0.176443785 0.865655303 0
vt 0.291032791 0.830048084 0
vt 0.291032851 0.825806081 0
vt 0.303966403 0.825809419 0
vt 0.303966373 0.830051482 0
vt 0.377544224 0.883937299 0
vt 0.377544224 0.879695356 0
vt 0.380187333 0.879695296 0
vt 0.380187333 0.883937299 0
vt 0.957366049 0.851991355 0
vt 0.945383132 0.851991355 0
vt 0.954722881 0.83902669 0
vt 0.957366049 0.83902669 0
vt 0.960561693 0.516654611 0
vt 0.960561693 0.529617369 0
vt 0.957918584 0.52961731 0
vt 0.377544224 0.909388959 0
vt 0.377544224 0.905147016 0
vt 0.380187333 0.905147016 0
vt 0.380187333 0.909388959 0
vt 0.377544224 0.900905073 0
vt 0.377544224 0.896663129 0
vt 0.380187333 0.896663129 0
vt 0.380187333 0.900905073 0
vt 0.377544224 0.892421186 0
vt 0.377544194 0.888179243 0
vt 0.380187333 0.888179243 0
vt 0.380187333 0.892421186 0
vt 0.291032851 0.855500281 0
vt 0.291032821 0.851258218 0
vt 0.303966403 0.851261616 0
vt 0.303966403 0.855503619 0
vt 0.291032821 0.847016215 0
vt 0.291032851 0.842774153 0
vt 0.303966403 0.84277755 0
vt 0.303966343 0.847019553 0
vt 0.291032821 0.83853215 0
vt 0.291032791 0.834290087 0
vt 0.303966343 0.834293485 0
vt 0.303966403 0.838535488 0
vt 0.374194652 0.990231276 0
vt 0.374194652 0.978668332 0
vt 0.37826708 0.978668272 0
vt 0.37826708 0.990231216 0
vt 0.748115659 0.59812665 0
vt 0.748115659 0.586563706 0
vt 0.752188683 0.586563706 0
vt 0.752188683 0.59812665 0
vt 0.18177703 0.956262648 0
vt 0.18177703 0.982050002 0
vt 0.177703962 0.982050002 0
vt 0.177703962 0.956262648 0
vt 0.496025056 0.862285852 0
vt 0.496025056 0.836498499 0
vt 0.31279552 0.855503738 0
vt 0.324360967 0.855503678 0
vt 0.324360967 0.881290495 0
vt 0.31279552 0.881290555 0
vt 0.747274101 0.586563766 0
vt 0.747274101 0.585511088 0
vt 0.748115659 0.585511029 0
vt 0.747274101 0.59812665 0
vt 0.373353213 0.990231276 0
vt 0.373353213 0.978668332 0
vt 0.364398748 0.399417639 0
vt 0.364398748 0.425204962 0
vt 0.36355719 0.425204962 0
vt 0.36355722 0.399417639 0
vt 0.182988271 0.579930365 0
vt 0.18193537 0.579930425 0
vt 0.374194652 0.991283953 0
vt 0.373353213 0.991283953 0
vt 0.49497214 0.862285852 0
vt 0.49497214 0.836498499 0
vt 0.278099209 0.830051482 0
vt 0.265165657 0.830048084 0
vt 0.265165657 0.825806081 0
vt 0.278099209 0.825809419 0
vt 0.392113596 0.905142069 0
vt 0.394756734 0.905142069 0
vt 0.394756734 0.909383953 0
vt 0.392113596 0.909384012 0
vt 0.71367389 0.945678413 0
vt 0.71367389 0.958641171 0
vt 0.711030781 0.958641112 0
vt 0.701690972 0.945678234 0
vt 0.519746542 0.955086529 0
vt 0.529086292 0.942121863 0
vt 0.5317294 0.942121863 0
vt 0.53172946 0.955086529 0
vt 0.392113626 0.879690409 0
vt 0.394756734 0.879690349 0
vt 0.394756734 0.883932292 0
vt 0.392113626 0.883932352 0
vt 0.392113626 0.888174295 0
vt 0.394756734 0.888174236 0
vt 0.394756734 0.892416179 0
vt 0.392113626 0.892416239 0
vt 0.392113596 0.896658182 0
vt 0.394756734 0.896658123 0
vt 0.394756734 0.900900066 0
vt 0.392113596 0.900900126 0
vt 0.278099179 0.855503619 0
vt 0.265165657 0.855500281 0
vt 0.265165657 0.851258218 0
vt 0.278099209 0.851261616 0
vt 0.278099209 0.847019553 0
vt 0.265165657 0.847016215 0
vt 0.265165657 0.842774153 0
vt 0.278099179 0.84277755 0
vt 0.278099179 0.838535488 0
vt 0.265165597 0.83853215 0
vt 0.265165657 0.834290147 0
vt 0.278099209 0.834293485 0
vt 0.00821600482 0.979276419 0
vt 0.0122890137 0.979276419 0
vt 0.0122890137 0.990839303 0
vt 0.00821600482 0.990839362 0
vt 0.648115337 0.978368759 0
vt 0.652187765 0.9783687 0
vt 0.652187765 0.989931583 0
vt 0.648115337 0.989931643 0
vt 0.785404682 0.973888218 0
vt 0.781331599 0.973888218 0
vt 0.785404682 0.948100865 0
vt 0.49497214 0.862285793 0
vt 0.483406842 0.862285793 0
vt 0.483406842 0.836498499 0
vt 0.324360967 0.881290555 0
vt 0.324360967 0.855503798 0
vt 0.335926384 0.855503678 0
vt 0.335926384 0.881290495 0
vt 0.647273898 0.989931703 0
vt 0.648115337 0.990984321 0
vt 0.647273898 0.99098438 0
vt 0.647273898 0.978368759 0
vt 0.00737443846 0.979276419 0
vt 0.00737443846 0.990839362 0
vt 0.364398748 0.47677961 0
vt 0.36355722 0.47677961 0
vt 0.36355719 0.450992286 0
vt 0.364398748 0.450992286 0
vt 0.182988271 0.605717182 0
vt 0.181935355 0.605717182 0
vt 0.18193537 0.579930365 0
vt 0.00737445801 0.978223741 0
vt 0.00821600482 0.978223741 0
vt 0.482353926 0.836498499 0
vt 0.0129335746 0.851266623 0
vt 3.9312674e-08 0.855505288 0
vt 1.9656337e-08 0.851263285 0
vt 0.855586946 0.90589273 0
vt 0.855586946 0.910134673 0
vt 0.852943778 0.910134733 0
vt 0.852943778 0.905892789 0
vt 0.570046246 0.955085933 0
vt 0.558063269 0.955085933 0
vt 0.567403078 0.942121267 0
vt 0.570046246 0.942121327 0
vt 0.175808504 0.946044445 0
vt 0.175808504 0.959007204 0
vt 0.173165366 0.959007144 0
vt 0.855586946 0.88044107 0
vt 0.855586946 0.884683013 0
vt 0.852943778 0.884683073 0
vt 0.852943778 0.880441129 0
vt 0.855586946 0.888924956 0
vt 0.855586946 0.8931669 0
vt 0.852943778 0.893166959 0
vt 0.852943778 0.888925016 0
vt 0.855586946 0.897408843 0
vt 0.855586946 0.901650786 0
vt 0.852943778 0.901650786 0
vt 0.852943778 0.897408903 0
vt 0.0129335551 0.825814426 0
vt 0.0129335746 0.830056489 0
vt 1.9656337e-08 0.830053091 0
vt 0 0.825811088 0
vt 0.0129335551 0.834298491 0
vt 0.0129335551 0.838540554 0
vt 1.9656337e-08 0.838537157 0
vt 3.9312674e-08 0.834295154 0
vt 0.0129335551 0.842782557 0
vt 0.0129335746 0.84702462 0
vt 1.9656337e-08 0.847021222 0
vt 1.9656337e-08 0.842779219 0
vt 0.42734313 0.979848385 0
vt 0.42734313 0.991411328 0
vt 0.423270702 0.991411388 0
vt 0.423270702 0.979848444 0
vt 0.6381194 0.975973248 0
vt 0.6381194 0.987536192 0
vt 0.634046376 0.987536192 0
vt 0.634046376 0.975973308 0
vt 0.978955328 0.61104852 0
vt 0.978955328 0.636835814 0
vt 0.974882245 0.636835814 0
vt 0.974882305 0.61104846 0
vt 0.570681512 0.862285793 0
vt 0.559116185 0.862285793 0
vt 0.559116185 0.836498499 0
vt 0.570681512 0.836498499 0
vt 0.265165627 0.855503738 0
vt 0.276731044 0.881290495 0
vt 0.265165597 0.881290555 0
vt 0.638960958 0.987536192 0
vt 0.638960958 0.98858887 0
vt 0.6381194 0.98858887 0
vt 0.638960958 0.975973248 0
vt 0.428184539 0.979848385 0
vt 0.428184539 0.991411269 0
vt 0.36355719 0.502566934 0
vt 0.36355719 0.47677961 0
vt 0.364398748 0.502566934 0
vt 0.181935355 0.631503999 0
vt 0.42734313 0.978795707 0
vt 0.428184569 0.978795707 0
vt 0.558063269 0.836498499 0
vt 0.343014479 0.851261556 0
vt 0.343014479 0.855503619 0
vt 0.330080926 0.855500281 0
vt 0.330080926 0.851258218 0
vt 0.732774436 0.884976089 0
vt 0.732774496 0.880734146 0
vt 0.735417604 0.880734146 0
vt 0.735417604 0.884976089 0
vt 0.494336843 0.955090404 0
vt 0.482353926 0.955090404 0
vt 0.491693646 0.942125797 0
vt 0.494336784 0.942125738 0
vt 0.945816517 0.783719718 0
vt 0.957799435 0.783719957 0
vt 0.957799435 0.796682656 0
vt 0.955156326 0.796682596 0
vt 0.732774436 0.910427749 0
vt 0.732774496 0.906185806 0
vt 0.735417604 0.906185806 0
vt 0.735417604 0.910427749 0
vt 0.732774496 0.901943862 0
vt 0.732774496 0.897701979 0
vt 0.735417604 0.897701919 0
vt 0.735417604 0.901943862 0
vt 0.732774496 0.893459976 0
vt 0.732774436 0.889218032 0
vt 0.735417604 0.889218032 0
vt 0.735417604 0.893459976 0
vt 0.343014479 0.825809419 0
vt 0.343014479 0.830051482 0
vt 0.330080926 0.830048084 0
vt 0.330080926 0.825806081 0
vt 0.343014479 0.834293485 0
vt 0.343014479 0.838535547 0
vt 0.330080926 0.83853215 0
vt 0.330080956 0.834290087 0
vt 0.343014479 0.84277755 0
vt 0.343014479 0.847019553 0
vt 0.330080956 0.847016215 0
vt 0.330080926 0.842774153 0
vt 0.162257761 0.980102539 0
vt 0.162257746 0.991665423 0
vt 0.158185318 0.991665542 0
vt 0.158185318 0.980102599 0
vt 0.540121496 0.990830362 0
vt 0.540121496 0.979267418 0
vt 0.54419452 0.979267418 0
vt 0.54419452 0.990830362 0
vt 0.976782024 0.981784046 0
vt 0.976782024 0.955996752 0
vt 0.980855107 0.981784046 0
vt 0.58224684 0.836498499 0
vt 0.58224684 0.862285793 0
vt 0.0115654441 0.881295502 0
vt 0 0.881295562 0
vt 9.8281685e-09 0.855508745 0
vt 0.0115654441 0.855508685 0
vt 0.539279938 0.979267478 0
vt 0.539279938 0.9782148 0
vt 0.540121496 0.9782148 0
vt 0.539279938 0.990830362 0
vt 0.163099185 0.980102539 0
vt 0.163099185 0.991665423 0
vt 0.364398748 0.528354287 0
vt 0.36355719 0.528354287 0
vt 0.182988256 0.657290816 0
vt 0.181935355 0.683077633 0
vt 0.162257746 0.979049802 0
vt 0.16309917 0.979049802 0
vt 0.583299696 0.836498499 0
vt 0.583299696 0.862285793 0
vt 0.0258671492 0.830056489 0
vt 0.0129335942 0.830053091 0
vt 0.0129335942 0.825811088 0
vt 0.0258671287 0.825814426 0
vt 0.430104673 0.883934021 0
vt 0.427461565 0.883934081 0
vt 0.427461565 0.879692137 0
vt 0.430104703 0.879692078 0
vt 0.355961353 0.946044266 0
vt 0.355961353 0.959007025 0
vt 0.353318214 0.959006965 0
vt 0.343978405 0.946044087 0
vt 0.129758894 0.956179917 0
vt 0.139098629 0.943215251 0
vt 0.141741738 0.943215251 0
vt 0.141741812 0.956179917 0
vt 0.430104703 0.909385741 0
vt 0.427461565 0.909385741 0
vt 0.427461565 0.905143797 0
vt 0.430104673 0.905143738 0
vt 0.430104673 0.900901854 0
vt 0.427461565 0.900901854 0
vt 0.427461565 0.896659911 0
vt 0.430104673 0.896659911 0
vt 0.430104673 0.892417967 0
vt 0.427461565 0.892417967 0
vt 0.427461565 0.888176024 0
vt 0.430104673 0.888176024 0
vt 0.0258671492 0.855508626 0
vt 0.0129335942 0.855505288 0
vt 0.0129336137 0.851263285 0
vt 0.0258671492 0.851266623 0
vt 0.0258671287 0.84702462 0
vt 0.0129336137 0.847021222 0
vt 0.0129335942 0.842779219 0
vt 0.0258671492 0.842782557 0
vt 0.0258671287 0.838540554 0
vt 0.0129335746 0.838537157 0
vt 0.0129335942 0.834295154 0
vt 0.0258671399 0.834298491 0
vt 0.035047099 0.9786672 0
vt 0.0391201191 0.9786672 0
vt 0.0391201191 0.990230083 0
vt 0.0350470804 0.990230143 0
vt 0.0655131787 0.99103117 0
vt 0.0614407398 0.991031229 0
vt 0.0614407212 0.979468286 0
vt 0.0655131787 0.979468226 0
vt 0.679535985 0.951974094 0
vt 0.683609068 0.951974094 0
vt 0.683609068 0.977761447 0
vt 0.679535985 0.977761447 0
vt 0.545445085 0.862285793 0
vt 0.545445085 0.836498499 0
vt 0.557010353 0.836498499 0
vt 0.557010353 0.862285793 0
vt 0.843884587 0.88044107 0
vt 0.843884587 0.854654253 0
vt 0.855450034 0.88044095 0
vt 0.0663545951 0.979468226 0
vt 0.0655131713 0.978415549 0
vt 0.0663545951 0.978415549 0
vt 0.0663545951 0.99103111 0
vt 0.0342055447 0.9786672 0
vt 0.0342055261 0.990230143 0
vt 0.0342055447 0.977614522 0
vt 0.035047099 0.977614522 0
vt 0.0268310755 0.831529379 0
vt 0.0397646427 0.827290714 0
vt 0.0397646204 0.831532717 0
vt 0.654108047 0.903274536 0
vt 0.654108047 0.907516479 0
vt 0.651464939 0.907516539 0
vt 0.651464939 0.903274596 0
vt 0.507183373 0.955086112 0
vt 0.495200425 0.955086112 0
vt 0.504540145 0.942121446 0
vt 0.507183254 0.942121446 0
vt 0.946026385 0.381889135 0
vt 0.958009303 0.381889343 0
vt 0.958009303 0.394852102 0
vt 0.955366194 0.394852042 0
vt 0.654108047 0.877822876 0
vt 0.654108047 0.882064819 0
vt 0.651464939 0.882064879 0
vt 0.651464939 0.877822876 0
vt 0.654108047 0.886306763 0
vt 0.654108047 0.890548706 0
vt 0.651464939 0.890548706 0
vt 0.651464939 0.886306763 0
vt 0.654108047 0.894790649 0
vt 0.654108047 0.899032593 0
vt 0.651464939 0.899032593 0
vt 0.651464939 0.894790649 0
vt 0.026831096 0.856981575 0
vt 0.0268310867 0.852739513 0
vt 0.0397646204 0.85274291 0
vt 0.0397646427 0.856984913 0
vt 0.0268311054 0.84849751 0
vt 0.0268310867 0.844255447 0
vt 0.0397646204 0.844258845 0
vt 0.0397646204 0.848500848 0
vt 0.0268310867 0.840013444 0
vt 0.0268310755 0.835771382 0
vt 0.0397646427 0.835774779 0
vt 0.0397646427 0.840016782 0
vt 0.137974799 0.990605831 0
vt 0.137974799 0.979042888 0
vt 0.142047226 0.979042828 0
vt 0.142047226 0.990605772 0
vt 0.553064883 0.9908548 0
vt 0.553064883 0.979291916 0
vt 0.557137907 0.979291856 0
vt 0.557137907 0.9908548 0
vt 0.701111317 0.955625832 0
vt 0.701111317 0.981413186 0
vt 0.697038233 0.981413186 0
vt 0.697038233 0.955625832 0
vt 0.71325624 0.839501321 0
vt 0.713256299 0.865288615 0
vt 0.701690972 0.865288615 0
vt 0.829812825 0.88044095 0
vt 0.818247378 0.88044107 0
vt 0.818247378 0.854654193 0
vt 0.829812825 0.854654133 0
vt 0.552223325 0.979291916 0
vt 0.552223325 0.978239238 0
vt 0.553064883 0.978239238 0
vt 0.552223325 0.9908548 0
vt 0.13713336 0.990605831 0
vt 0.13713336 0.979042947 0
vt 0.182988286 0.399422675 0
vt 0.182988271 0.425209463 0
vt 0.181935355 0.425209492 0
vt 0.137974784 0.991658509 0
vt 0.13713336 0.991658509 0
vt 0.714309156 0.865288615 0
vt 0.81654197 0.567481697 0
vt 0.816520333 0.56386739 0
vt 0.849141181 0.563867211 0
vt 0.849162817 0.567481518 0
vt 0.785626113 0.848544955 0
vt 0.753004909 0.848544896 0
vt 0.753004909 0.789084017 0
vt 0.785626113 0.789084017 0
vt 0.721247673 0.403036296 0
vt 0.753867626 0.403036296 0
vt 0.753869236 0.585511029 0
vt 0.721249223 0.585511029 0
vt 0.785612941 0.78547436 0
vt 0.816520274 0.403029829 0
vt 0.81654197 0.399422228 0
vt 0.849162817 0.39942205 0
vt 0.849141121 0.40302965 0
vt 0.881778896 0.560259581 0
vt 0.849162877 0.560260177 0
vt 0.849162877 0.399422646 0
vt 0.881778896 0.39942205 0
vt 0.721282005 0.39942205 0
vt 0.753901958 0.39942205 0
vt 0.853155971 0.191381037 0
vt 0.856767714 0.194991902 0
vt 0.85222435 0.199339017 0
vt 0.848807812 0.195923358 0
vt 0.856767714 0.318003356 0
vt 0.856767714 0.377463073 0
vt 0.85222435 0.373116046 0
vt 0.85222435 0.318003386 0
vt 0.688671529 0.377464354 0
vt 0.688671589 0.194993183 0
vt 0.693214893 0.199340224 0
vt 0.693214893 0.373117238 0
vt 0.853155971 0.381073982 0
vt 0.848807812 0.37653175 0
vt 0.692283273 0.191382274 0
vt 0.696631432 0.195924506 0
vt 0.692283273 0.381075203 0
vt 0.696631432 0.376532882 0
vt 0.856767714 0.253637493 0
vt 0.85222435 0.253637522 0
vt 0.785626113 0.7854743 0
vt 0.818247318 0.78547436 0
vt 0.818247318 0.844121158 0
vt 0.785626113 0.844121099 0
vt 0.751825988 0.930779219 0
vt 0.747282624 0.930779219 0
vt 0.751825988 0.898165524 0
vt 0.177814782 0.93130976 0
vt 0.177814782 0.898700833 0
vt 0.182358131 0.898700893 0
vt 0.00381671009 0.598991096 0
vt 0.173818737 0.598989785 0
vt 0.166085139 0.607082844 0
vt 0.0115499552 0.607084036 0
vt 0.906972766 0.399061114 0
vt 0.906972766 0.590982199 0
vt 0.899734497 0.590982139 0
vt 0.899734497 0.399061114 0
vt 0.899698198 0.399063259 0
vt 0.899698198 0.590984225 0
vt 0.892460287 0.590984166 0
vt 0.892460287 0.39906323 0
vt 0.906986654 0.59480381 0
vt 0.899748445 0.59480381 0
vt 0.899734497 0.59480381 0
vt 0.892496586 0.594803751 0
vt 0.914223731 0.395236701 0
vt 0.914223731 0.56520164 0
vt 0.906986713 0.565201819 0
vt 0.906986713 0.39523685 0
vt 0.896687686 0.169964999 0
vt 0.896687746 4.91300973e-08 0
vt 0.903925836 0 0
vt 0.903925836 0.169964954 0
vt 0.899734497 0.39523676 0
vt 0.892496586 0.395236701 0
vt 0.906986713 0.395236731 0
vt 0.899748445 0.395236701 0
vt 0.173818737 0.798552871 0
vt 0.00381671009 0.798554182 0
vt 0.0115499552 0.790459335 0
vt 0.166085139 0.790458143 0
vt 0.177635416 0.602812707 0
vt 0.169554591 0.610557973 0
vt 9.8281685e-09 0.794731259 0
vt 0.0080805039 0.786984205 0
vt 0 0.602814078 0
vt 0.00808049366 0.610559165 0
vt 0.177635446 0.794729888 0
vt 0.169554591 0.786982954 0
vt 0.539795578 0.598989189 0
vt 0.369795412 0.598989189 0
vt 0.365978777 0.595166147 0
vt 0.365978748 0.403245091 0
vt 0.369795382 0.39942205 0
vt 0.539795578 0.39942205 0
vt 0.543612182 0.403245062 0
vt 0.543612242 0.595166147 0
vt 0.717393279 0.598986447 0
vt 0.721209109 0.602801502 0
vt 0.721209109 0.794368744 0
vt 0.717393279 0.798183858 0
vt 0.547428071 0.798183858 0
vt 0.543612242 0.794368744 0
vt 0.543612242 0.602801502 0
vt 0.547428071 0.598986447 0
vt 0.539761722 0.798182547 0
vt 0.369794637 0.798183858 0
vt 0.373534471 0.794277012 0
vt 0.536021888 0.794275761 0
vt 0.892460287 0.399422824 0
vt 0.892446637 0.590990067 0
vt 0.881778955 0.590989292 0
vt 0.881792545 0.39942205 0
vt 0.889733136 0.195199594 0
vt 0.88976866 0.386766762 0
vt 0.879101336 0.386768639 0
vt 0.879065812 0.195201471 0
vt 0.892460287 0.59480381 0
vt 0.881792605 0.594803035 0
vt 0.889449477 0 0
vt 0.889426649 0.0038115622 0
vt 0.878759027 0.00381162111 0
vt 0.878781855 5.89561182e-08 0
vt 0.886098266 0.768916607 0
vt 0.886098266 0.598986626 0
vt 0.896764338 0.598986447 0
vt 0.896764338 0.768916368 0
vt 0.889426708 0.173741534 0
vt 0.878759086 0.173741594 0
vt 0.88976872 0.191381037 0
vt 0.879101396 0.191382915 0
vt 0.889449596 0.177560136 0
vt 0.878781974 0.17756018 0
vt 0.180355385 0.399422854 0
vt 0.180342242 0.583512127 0
vt 0.177633494 0.583511949 0
vt 0.177646622 0.399422675 0
vt 0.369794667 0.59899044 0
vt 0.539761722 0.598989189 0
vt 0.536021888 0.602895975 0
vt 0.373534471 0.602897227 0
vt 0.365978748 0.794368863 0
vt 0.369886488 0.790629923 0
vt 0.543577611 0.602804124 0
vt 0.539669871 0.606543124 0
vt 0.543577611 0.794367552 0
vt 0.539669871 0.790628672 0
vt 0.365978748 0.602805495 0
vt 0.369886488 0.606544375 0
vt 0.363367826 0.587157845 0
vt 0.363345951 0.590801656 0
vt 0.360637218 0.590801656 0
vt 0.360659063 0.587157845 0
vt 0.180355385 0.587158024 0
vt 0.177646577 0.587157845 0
vt 0.363345921 0.753253639 0
vt 0.360637158 0.753253639 0
vt 0.177646965 0.749610007 0
vt 0.177647054 0.587158084 0
vt 0.18035534 0.749610007 0
vt 0.363367826 0.756904185 0
vt 0.360659063 0.756904185 0
vt 0.363367826 0.399417639 0
vt 0.363333821 0.403068185 0
vt 0.360625088 0.403068662 0
vt 0.360659152 0.399418116 0
vt 0.363367826 0.587157369 0
vt 0.360659152 0.587157845 0
vt 0.785109103 0.923762083 0
vt 0.785109103 0.932209194 0
vt 0.777734816 0.932209134 0
vt 0.777734816 0.923762023 0
vt 0.889768779 0.390948117 0
vt 0.892342329 0.390948117 0
vt 0.892342329 0.399395108 0
vt 0.889768779 0.399395108 0
vt 0.995956004 0.516035557 0
vt 0.990735769 0.516034663 0
vt 0.99073571 0.507587552 0
vt 0.995956004 0.507588446 0
vt 0.988000512 0.23233965 0
vt 0.988972247 0.227137595 0
vt 0.991545856 0.227137566 0
vt 0.991545856 0.232339621 0
vt 0.990481019 0.423567086 0
vt 0.990481019 0.42876935 0
vt 0.987907469 0.42876935 0
vt 0.986935675 0.423567116 0
vt 0.990481019 0.415472895 0
vt 0.990481019 0.420066208 0
vt 0.983106554 0.420066237 0
vt 0.983106554 0.415472895 0
vt 0.984171391 0.240433589 0
vt 0.984171391 0.235840425 0
vt 0.991545856 0.23584035 0
vt 0.991545856 0.240433514 0
vt 0.536499083 0.99995786 0
vt 0.531905472 0.999957979 0
vt 0.531905472 0.991510868 0
vt 0.536499083 0.991510808 0
vt 0.874899447 0.998270333 0
vt 0.874899447 0.989823341 0
vt 0.878728509 0.989806175 0
vt 0.878728509 0.998253167 0
vt 0.953653038 0.981054425 0
vt 0.961027503 0.981054425 0
vt 0.961027503 0.984555304 0
vt 0.957482159 0.984555304 0
vt 0.936928868 0.361169487 0
vt 0.936928868 0.352722436 0
vt 0.944303155 0.352722496 0
vt 0.944303155 0.361169577 0
vt 0.651464939 0.932857573 0
vt 0.654038489 0.932857573 0
vt 0.654038489 0.941304505 0
vt 0.651464939 0.941304505 0
vt 0.919978917 0.987411439 0
vt 0.925199151 0.987412333 0
vt 0.925199151 0.995859385 0
vt 0.919978917 0.99585855 0
vt 0.11222297 0.986155272 0
vt 0.11125119 0.991357327 0
vt 0.108677626 0.991357327 0
vt 0.108677641 0.986155272 0
vt 0.961027503 0.989757597 0
vt 0.958453894 0.989757597 0
vt 0.961027503 0.976461112 0
vt 0.953653038 0.976461112 0
vt 0.116052091 0.978061318 0
vt 0.116052091 0.982654512 0
vt 0.108677655 0.982654512 0
vt 0.108677655 0.978061378 0
vt 0.328954577 0.999952376 0
vt 0.324360967 0.999952435 0
vt 0.324360967 0.991505384 0
vt 0.328954577 0.991505265 0
vt 0.867163062 0.987135172 0
vt 0.867163062 0.995582104 0
vt 0.863334 0.99559927 0
vt 0.863334 0.987152278 0
vt 0.615108311 0.98056519 0
vt 0.622482777 0.98056519 0
vt 0.622482777 0.984066069 0
vt 0.618937433 0.984066069 0
vt 0.951677442 0.352722496 0
vt 0.951677442 0.361169547 0
vt 0.944303155 0.361169487 0
vt 0.944303155 0.352722436 0
vt 0.718536615 0.9474985 0
vt 0.721110165 0.9474985 0
vt 0.721110165 0.955945432 0
vt 0.718536615 0.955945432 0
vt 0.901984632 0.987472057 0
vt 0.907204866 0.987472951 0
vt 0.907204866 0.995920002 0
vt 0.901984632 0.995919168 0
vt 0.00382911321 0.983425796 0
vt 0.00480088312 0.978223741 0
vt 0.00737442821 0.978223741 0
vt 0.00737443846 0.983425736 0
vt 0.622482777 0.989268303 0
vt 0.619909227 0.989268303 0
vt 0.622482777 0.975971818 0
vt 0.615108371 0.975971878 0
vt 0 0.991519749 0
vt 0 0.986926615 0
vt 0.00737443846 0.986926496 0
vt 0.00737443846 0.99151969 0
vt 0.445035249 0.991522729 0
vt 0.44962886 0.99152267 0
vt 0.44962886 0.999969721 0
vt 0.445035249 0.99996984 0
vt 0.312477708 0.987373948 0
vt 0.312477708 0.99582094 0
vt 0.308648616 0.995838106 0
vt 0.308648616 0.987391114 0
vt 0.98331064 0.534544289 0
vt 0.990685105 0.534544289 0
vt 0.990685105 0.538045168 0
vt 0.987139761 0.538045168 0
vt 0.933163404 0.565018237 0
vt 0.933163404 0.556571186 0
vt 0.940537751 0.556571245 0
vt 0.940537751 0.565018356 0
vt 0.651464939 0.949751616 0
vt 0.654038489 0.949751616 0
vt 0.654038489 0.958198607 0
vt 0.651464939 0.958198607 0
vt 0.896764398 0.987472057 0
vt 0.901984572 0.987472951 0
vt 0.901984572 0.995920002 0
vt 0.896764398 0.995919168 0
vt 0.511140347 0.983393431 0
vt 0.512112141 0.978191376 0
vt 0.51468569 0.978191316 0
vt 0.51468569 0.983393371 0
vt 0.990685105 0.543247402 0
vt 0.988111556 0.543247402 0
vt 0.990685105 0.529950917 0
vt 0.983310699 0.529950917 0
vt 0.507311225 0.991487384 0
vt 0.507311285 0.98689419 0
vt 0.51468569 0.986894131 0
vt 0.51468569 0.991487265 0
vt 0.507311285 0.991487443 0
vt 0.511904895 0.991487384 0
vt 0.511904895 0.999934435 0
vt 0.507311225 0.999934554 0
vt 0.395252377 0.983558893 0
vt 0.402626812 0.983559012 0
vt 0.402626812 0.987059355 0
vt 0.399081469 0.987059236 0
vt 0.863334 0.987135172 0
vt 0.863334 0.97868818 0
vt 0.867163062 0.978671014 0
vt 0.867163062 0.987118006 0
vt 0.967304766 0.415246218 0
vt 0.967304766 0.406799287 0
vt 0.974679232 0.406799257 0
vt 0.974679232 0.415246159 0
vt 0.380117744 0.926283121 0
vt 0.377544194 0.926283121 0
vt 0.377544194 0.91783601 0
vt 0.380117744 0.91783601 0
vt 0.764558911 0.988312721 0
vt 0.769771338 0.988311887 0
vt 0.769771338 0.996758997 0
vt 0.764558911 0.996759832 0
vt 0.28093347 0.982976139 0
vt 0.281905264 0.977773964 0
vt 0.284478813 0.977773964 0
vt 0.284478813 0.982976139 0
vt 0.402626812 0.992260754 0
vt 0.400053263 0.992260754 0
vt 0.402626812 0.978966415 0
vt 0.395252377 0.978966236 0
vt 0.277104378 0.991070211 0
vt 0.277104348 0.986476958 0
vt 0.284478813 0.986477017 0
vt 0.284478813 0.991070271 0
vt 0.999927521 0.5434708 0
vt 0.999927521 0.551917911 0
vt 0.995333374 0.551917851 0
vt 0.969944835 0.679706216 0
vt 0.969944835 0.671259165 0
vt 0.973791063 0.671259105 0
vt 0.973791063 0.679706216 0
vt 0.158185318 0.987751722 0
vt 0.150810868 0.987751603 0
vt 0.150810868 0.984251261 0
vt 0.154356197 0.98425132 0
vt 0.936928928 0.352722436 0
vt 0.936928928 0.361169368 0
vt 0.929554462 0.361169398 0
vt 0.929554462 0.352722466 0
vt 0.026819922 0.947808683 0
vt 0.0242463965 0.947808683 0
vt 0.0242463965 0.939361572 0
vt 0.026819922 0.939361572 0
vt 0.996758282 0.246111557 0
vt 0.991545796 0.246112391 0
vt 0.991545796 0.237665311 0
vt 0.996758282 0.237664476 0
vt 0.987716258 0.705371499 0
vt 0.988688052 0.700169325 0
vt 0.991261601 0.700169325 0
vt 0.991261601 0.705371499 0
vt 0.150810868 0.979049802 0
vt 0.153384417 0.979049861 0
vt 0.150810868 0.992344201 0
vt 0.158185318 0.99234432 0
vt 0.983887136 0.713465571 0
vt 0.983887136 0.708872318 0
vt 0.991261601 0.708872378 0
vt 0.991261601 0.713465631 0
vt 0.995333374 0.551917911 0
vt 0.999927521 0.560365021 0
vt 0.995333374 0.560364962 0
vt 0.970263362 0.659469604 0
vt 0.970263362 0.651022494 0
vt 0.97410953 0.651022494 0
vt 0.97410953 0.659469545 0
vt 0.992616475 0.807251632 0
vt 0.985242009 0.807251513 0
vt 0.985242009 0.80375123 0
vt 0.988787353 0.80375129 0
vt 0.976178944 0.0520363748 0
vt 0.976178944 0.060483288 0
vt 0.968804538 0.0604833439 0
vt 0.968804538 0.0520364344 0
vt 0.341117948 0.949890554 0
vt 0.343691468 0.949890494 0
vt 0.343691468 0.958337605 0
vt 0.341117948 0.958337605 0
vt 0.991253078 0.691178262 0
vt 0.996465564 0.691177368 0
vt 0.996465564 0.699624479 0
vt 0.991253078 0.699625313 0
vt 0.293470353 0.983162582 0
vt 0.294442117 0.977960408 0
vt 0.297015697 0.977960408 0
vt 0.297015697 0.983162582 0
vt 0.985242009 0.798549771 0
vt 0.987815559 0.798549831 0
vt 0.985242009 0.81184411 0
vt 0.992616475 0.811844289 0
vt 0.289641261 0.991256714 0
vt 0.289641261 0.986663401 0
vt 0.297015697 0.986663461 0
vt 0.297015697 0.991256714 0
vt 0.999885559 0.541995764 0
vt 0.995291352 0.541995764 0
vt 0.995291352 0.533548653 0
vt 0.999885559 0.533548713 0
vt 0.970276415 0.211391285 0
vt 0.970276415 0.202944189 0
vt 0.974122584 0.20294416 0
vt 0.974122584 0.21139124 0
vt 0.985188782 0.835235357 0
vt 0.992563248 0.835235476 0
vt 0.992563248 0.838735759 0
vt 0.989017904 0.8387357 0
vt 0.970275044 0.324363798 0
vt 0.970275044 0.3328107 0
vt 0.962900639 0.33281076 0
vt 0.962900639 0.324363858 0
vt 0.445035249 0.963515282 0
vt 0.442461729 0.963515282 0
vt 0.442461729 0.955068231 0
vt 0.445035249 0.955068231 0
vt 0.991042256 0.0923683569 0
vt 0.996254683 0.0923675224 0
vt 0.996254683 0.100814596 0
vt 0.991042197 0.100815438 0
vt 0.987809896 0.629547 0
vt 0.988781691 0.624344826 0
vt 0.99135524 0.624344826 0
vt 0.99135524 0.62954706 0
vt 0.992563248 0.843937218 0
vt 0.989989698 0.843937159 0
vt 0.992563248 0.830642879 0
vt 0.985188782 0.83064276 0
vt 0.983980775 0.637641132 0
vt 0.983980775 0.633047819 0
vt 0.99135524 0.633047879 0
vt 0.99135524 0.637641132 0
vt 0.999885559 0.533548653 0
vt 0.995291352 0.525101542 0
vt 0.999885559 0.525101602 0
vt 0.578055978 0.9869771 0
vt 0.570681512 0.98697716 0
vt 0.570681512 0.9834764 0
vt 0.574226856 0.9834764 0
vt 0.970275044 0.332810909 0
vt 0.970275044 0.324363828 0
vt 0.974121273 0.324363798 0
vt 0.974121273 0.332810879 0
vt 0.96192348 0.901854277 0
vt 0.96192354 0.910301149 0
vt 0.954549074 0.910301208 0
vt 0.954549074 0.901854336 0
vt 0.855517328 0.918581784 0
vt 0.852943778 0.918581784 0
vt 0.852943778 0.910134673 0
vt 0.855517328 0.910134673 0
vt 0.990977168 0.0115212491 0
vt 0.996189654 0.0115204034 0
vt 0.996189654 0.0199674889 0
vt 0.990977168 0.0199683234 0
vt 0.987283766 0.570403993 0
vt 0.98825556 0.565201759 0
vt 0.99082911 0.565201879 0
vt 0.99082911 0.570403993 0
vt 0.985242009 0.817045748 0
vt 0.985242009 0.811844289 0
vt 0.987815619 0.811844349 0
vt 0.988787353 0.817045748 0
vt 0.985242009 0.825138688 0
vt 0.985242009 0.820546031 0
vt 0.992616475 0.82054615 0
vt 0.992616475 0.825138807 0
vt 0.983454645 0.578498125 0
vt 0.983454645 0.573904812 0
vt 0.99082911 0.573904872 0
vt 0.99082911 0.578498125 0
vt 0.999693155 0.903585792 0
vt 0.999693155 0.912032902 0
vt 0.995098948 0.912032843 0
vt 0.21698001 0.96306324 0
vt 0.216980025 0.954616129 0
vt 0.220826238 0.954616129 0
vt 0.220826238 0.96306318 0
vt 0.675329089 0.98707056 0
vt 0.667954624 0.987070441 0
vt 0.667954624 0.983570099 0
vt 0.671499968 0.983570158 0
vt 0.968804538 0.0520363748 0
vt 0.968804538 0.060483288 0
vt 0.961430073 0.0604833364 0
vt 0.961430073 0.0520364307 0
vt 0.250668049 0.869344652 0
vt 0.253241599 0.869344652 0
vt 0.253241599 0.877791762 0
vt 0.250668049 0.877791762 0
vt 0.683609068 0.9883973 0
vt 0.688821495 0.988396466 0
vt 0.688821495 0.996843576 0
vt 0.683609068 0.996844411 0
vt 0.987707794 0.685134888 0
vt 0.988679528 0.679932714 0
vt 0.991253138 0.679932714 0
vt 0.991253138 0.685134947 0
vt 0.670528173 0.9783687 0
vt 0.667954624 0.991663039 0
vt 0.675329089 0.991663218 0
vt 0.983878672 0.69322902 0
vt 0.983878672 0.688635707 0
vt 0.991253138 0.688635767 0
vt 0.991253138 0.693229079 0
vt 1 0.982871294 0
vt 1 0.991318405 0
vt 0.995405853 0.991318345 0
vt 0.683366179 0.935383797 0
vt 0.683366179 0.943830848 0
vt 0.679519951 0.943830907 0
vt 0.373353183 0.987370133 0
vt 0.365978748 0.987370014 0
vt 0.365978748 0.983869731 0
vt 0.369524091 0.983869791 0
vt 0.933163464 0.556571186 0
vt 0.933163464 0.565018117 0
vt 0.925788999 0.565018177 0
vt 0.925788999 0.556571245 0
vt 0.735347986 0.927321792 0
vt 0.732774436 0.927321792 0
vt 0.732774436 0.918874741 0
vt 0.735347986 0.918874741 0
vt 0.763416588 0.996759057 0
vt 0.758204162 0.996759892 0
vt 0.758204222 0.98831284 0
vt 0.763416588 0.988312006 0
vt 0.987748325 0.126622275 0
vt 0.988720119 0.121420063 0
vt 0.991293669 0.121420063 0
vt 0.991293669 0.126622275 0
vt 0.365978748 0.978668272 0
vt 0.368552297 0.978668392 0
vt 0.365978748 0.991962612 0
vt 0.373353183 0.99196279 0
vt 0.983919203 0.134716362 0
vt 0.983919263 0.130123094 0
vt 0.991293669 0.130123094 0
vt 0.991293669 0.134716406 0
vt 0.995121956 0.403683811 0
vt 0.999716103 0.403683841 0
vt 0.999716103 0.412130922 0
vt 0.995121956 0.412130892 0
vt 0.906986713 0.593885064 0
vt 0.906986713 0.585437953 0
vt 0.910832882 0.585437953 0
vt 0.910832882 0.593885005 0
vt 0.129758894 0.983635426 0
vt 0.137133345 0.983635604 0
vt 0.137133345 0.987135887 0
vt 0.133587986 0.987135828 0
vt 0.968669057 0.711732328 0
vt 0.968669057 0.72017926 0
vt 0.961294651 0.720179319 0
vt 0.961294651 0.711732388 0
vt 0.654038489 0.924410582 0
vt 0.651464939 0.924410582 0
vt 0.651464939 0.915963471 0
vt 0.654038489 0.915963471 0
vt 0.407435298 0.988477886 0
vt 0.412647724 0.988477051 0
vt 0.412647724 0.996924162 0
vt 0.407435298 0.996924996 0
vt 0.987415075 0.160928458 0
vt 0.98838681 0.155726209 0
vt 0.990960419 0.155726254 0
vt 0.990960419 0.160928413 0
vt 0.137133345 0.992337286 0
vt 0.13455978 0.992337286 0
vt 0.137133345 0.979042947 0
vt 0.129758894 0.979042828 0
vt 0.983585954 0.169022545 0
vt 0.983585954 0.164429232 0
vt 0.990960419 0.164429307 0
vt 0.990960419 0.16902259 0
vt 0.995121956 0.395236701 0
vt 0.999716103 0.395236731 0
vt 0.995121956 0.403683782 0
vt 0.2373299 0.978211284 0
vt 0.244704336 0.978211284 0
vt 0.244704351 0.981712103 0
vt 0.241159022 0.981712162 0
vt 0.925775409 0.170340568 0
vt 0.925775409 0.161893472 0
vt 0.929621637 0.161893442 0
vt 0.929621637 0.170340523 0
vt 0.983463466 0.73196888 0
vt 0.983463466 0.740415931 0
vt 0.97608918 0.740415931 0
vt 0.97608918 0.73196882 0
vt 0.427531183 0.943173766 0
vt 0.430104733 0.943173766 0
vt 0.430104733 0.951620758 0
vt 0.427531183 0.951620758 0
vt 0.925199151 0.987411439 0
vt 0.930419385 0.987412333 0
vt 0.930419385 0.995859385 0
vt 0.925199211 0.99585855 0
vt 0.987998307 0.252019912 0
vt 0.988970041 0.246817857 0
vt 0.991543651 0.252019823 0
vt 0.244704351 0.986914396 0
vt 0.242130801 0.986914396 0
vt 0.244704351 0.973617911 0
vt 0.237329915 0.973617971 0
vt 0.984169185 0.260113895 0
vt 0.984169185 0.255520701 0
vt 0.991543651 0.255520612 0
vt 0.991543591 0.260113806 0
vt 0.108677626 0.991357446 0
vt 0.113271274 0.991357327 0
vt 0.113271274 0.999804437 0
vt 0.108677626 0.999804497 0
vt 0.272540063 0.986676931 0
vt 0.272540063 0.97822994 0
vt 0.276369154 0.978212833 0
vt 0.276369154 0.986659765 0
vt 0.218105987 0.97571516 0
vt 0.225480422 0.97571522 0
vt 0.225480422 0.979216039 0
vt 0.221935108 0.979216039 0
vt 0.972114861 0.829796553 0
vt 0.972114861 0.838243663 0
vt 0.964740515 0.838243604 0
vt 0.964740574 0.829796493 0
vt 0.732774556 0.944215894 0
vt 0.735348105 0.944215894 0
vt 0.735348105 0.952662885 0
vt 0.732774556 0.952662885 0
vt 0.98562026 0.789975286 0
vt 0.990840554 0.78997618 0
vt 0.990840554 0.798423231 0
vt 0.98562026 0.798422337 0
vt 0.98799777 0.297116011 0
vt 0.988969505 0.291913956 0
vt 0.991543055 0.291913927 0
vt 0.991543055 0.297115982 0
vt 0.225480437 0.984418333 0
vt 0.222906873 0.984418273 0
vt 0.225480422 0.971121848 0
vt 0.218105987 0.971121788 0
vt 0.984168649 0.305210024 0
vt 0.984168649 0.300616831 0
vt 0.991543055 0.300616711 0
vt 0.991543055 0.305209935 0
vt 0.995405853 0.991318464 0
vt 0.999999464 0.991318345 0
vt 0.999999464 0.999765456 0
vt 0.995405853 0.999765515 0
vt 0.841023445 0.978268385 0
vt 0.841023445 0.986715376 0
vt 0.837194383 0.986732543 0
vt 0.837194324 0.978285551 0
vt 0.990685105 0.525357604 0
vt 0.98331064 0.525357544 0
vt 0.983310699 0.521856666 0
vt 0.986856043 0.521856666 0
vt 0.96294111 0.272100836 0
vt 0.96294111 0.263653755 0
vt 0.970315397 0.263653845 0
vt 0.970315397 0.272100896 0
vt 0.654038489 0.966645598 0
vt 0.651464939 0.966645598 0
vt 0.985830367 0.386744678 0
vt 0.991050601 0.386745542 0
vt 0.991050601 0.395192623 0
vt 0.985830426 0.395191759 0
vt 0.987998307 0.26531601 0
vt 0.988970041 0.260113925 0
vt 0.991543591 0.260113895 0
vt 0.991543591 0.26531592 0
vt 0.983310699 0.516654432 0
vt 0.985884249 0.516654432 0
vt 0.98331064 0.529950917 0
vt 0.984169185 0.273409933 0
vt 0.984169185 0.268816739 0
vt 0.991543591 0.26881668 0
vt 0.991543591 0.273409873 0
vt 0 0.991519809 0
vt 0.00459360704 0.991519749 0
vt 0.00459360704 0.99996686 0
vt 0 0.999966919 0
vt 0.477017254 0.978227377 0
vt 0.477017254 0.986674309 0
vt 0.473188192 0.986691475 0
vt 0.473188162 0.978244483 0
vt 0.253241599 0.978210866 0
vt 0.260616004 0.978210866 0
vt 0.260616034 0.981711686 0
vt 0.25707069 0.981711686 0
vt 0.966445684 0.312470198 0
vt 0.966445684 0.304023117 0
vt 0.973819971 0.304023176 0
vt 0.973819971 0.312470257 0
vt 0.377544165 0.943177164 0
vt 0.380117714 0.943177164 0
vt 0.380117714 0.951624155 0
vt 0.377544165 0.951624155 0
vt 0.985832512 0.768232882 0
vt 0.991052747 0.768233776 0
vt 0.991052747 0.776680827 0
vt 0.985832512 0.776679993 0
vt 0.739262462 0.986361742 0
vt 0.738290727 0.991563797 0
vt 0.735717177 0.991563797 0
vt 0.735717177 0.986361742 0
vt 0.260616034 0.986913979 0
vt 0.258042485 0.986913919 0
vt 0.260616034 0.973617494 0
vt 0.253241599 0.973617435 0
vt 0.743091583 0.978267729 0
vt 0.743091583 0.982860923 0
vt 0.735717177 0.982860923 0
vt 0.735717177 0.978267789 0
vt 0.427864343 0.999858439 0
vt 0.423270702 0.999858499 0
vt 0.423270732 0.991411388 0
vt 0.427864343 0.991411328 0
vt 0.0964053273 0.98290509 0
vt 0.103779778 0.98290503 0
vt 0.103779778 0.98640573 0
vt 0.100234434 0.98640573 0
vt 0.092532225 0.986774623 0
vt 0.092532225 0.978327692 0
vt 0.0963613093 0.978310525 0
vt 0.0963613167 0.986757517 0
vt 0.960295856 0.435482979 0
vt 0.960295856 0.427035898 0
vt 0.967670143 0.427035987 0
vt 0.967670143 0.435483038 0
vt 0.735348046 0.918874741 0
vt 0.735348046 0.910427749 0
vt 0.620317519 0.989268363 0
vt 0.625526667 0.989269197 0
vt 0.625526667 0.997716248 0
vt 0.620317519 0.997715414 0
vt 0.197999164 0.980661869 0
vt 0.1970274 0.985864103 0
vt 0.194453835 0.985864103 0
vt 0.194453821 0.980661869 0
vt 0.103779778 0.991607785 0
vt 0.101206206 0.991607785 0
vt 0.0964053273 0.978311896 0
vt 0.201828301 0.972567618 0
vt 0.201828301 0.97716099 0
vt 0.194453821 0.97716105 0
vt 0.194453821 0.972567618 0
vt 0.995061338 0.44415617 0
vt 0.999655604 0.44415617 0
vt 0.999655604 0.452603251 0
vt 0.995061278 0.452603251 0
vt 0.825665772 0.985754132 0
vt 0.825665772 0.977307141 0
vt 0.829494894 0.977324307 0
vt 0.829494894 0.985771298 0
vt 0.331735402 0.986912012 0
vt 0.324360967 0.986912072 0
vt 0.324360967 0.983411372 0
vt 0.327906311 0.983411312 0
vt 0.964740515 0.829796553 0
vt 0.964740515 0.838243663 0
vt 0.957366168 0.838243604 0
vt 0.957366228 0.829796493 0
vt 0.811330557 0.896315098 0
vt 0.808756948 0.896315098 0
vt 0.808756948 0.887868166 0
vt 0.811330557 0.887868106 0
vt 0.992616475 0.798549771 0
vt 0.997825623 0.798550665 0
vt 0.997825623 0.806997716 0
vt 0.992616475 0.806996882 0
vt 0.768104255 0.983109593 0
vt 0.767132521 0.988311887 0
vt 0.764558911 0.988311887 0
vt 0.764558911 0.983109653 0
vt 0.324360967 0.978209317 0
vt 0.326934546 0.978209257 0
vt 0.324360967 0.991505265 0
vt 0.331735402 0.991505265 0
vt 0.771933377 0.975015402 0
vt 0.771933377 0.979608774 0
vt 0.764558911 0.979608774 0
vt 0.764558911 0.975015461 0
vt 0.0314253904 0.999357939 0
vt 0.0268310755 0.999357939 0
vt 0.0268311147 0.990910888 0
vt 0.0314253904 0.990910828 0
vt 0.297059655 0.986407399 0
vt 0.297059655 0.977960408 0
vt 0.300888777 0.977977514 0
vt 0.300888777 0.986424506 0
vt 0.991545916 0.195367113 0
vt 0.98417145 0.195367187 0
vt 0.98417145 0.191866413 0
vt 0.987716794 0.191866383 0
vt 0.967304707 0.406799316 0
vt 0.967304707 0.415246397 0
vt 0.95993042 0.415246338 0
vt 0.95993042 0.406799257 0
vt 0.365978748 0.748398781 0
vt 0.363405168 0.748398781 0
vt 0.363405168 0.739951789 0
vt 0.365978748 0.739951789 0
vt 0.733792722 0.997386634 0
vt 0.728583574 0.99738574 0
vt 0.733792722 0.988939524 0
vt 0.946500242 0.981838822 0
vt 0.945528448 0.987041116 0
vt 0.942954898 0.987041116 0
vt 0.942954898 0.981838822 0
vt 0.98417145 0.186664373 0
vt 0.986745059 0.186664328 0
vt 0.991545916 0.199960262 0
vt 0.950329304 0.973744631 0
vt 0.950329304 0.978338003 0
vt 0.942954898 0.978338003 0
vt 0.661843538 0.990912437 0
vt 0.666437805 0.990912437 0
vt 0.666437805 0.999359488 0
vt 0.661843479 0.999359548 0
vt 0.961027443 0.984908104 0
vt 0.961027443 0.976461112 0
vt 0.964856625 0.976478279 0
vt 0.964856625 0.98492521 0
vt 0.991544008 0.34174037 0
vt 0.984169602 0.3417404 0
vt 0.984169602 0.33823967 0
vt 0.987714946 0.33823961 0
vt 0.713834822 0.92120713 0
vt 0.713834822 0.912760019 0
vt 0.721209109 0.912760079 0
vt 0.721209109 0.92120719 0
vt 0.182928964 0.748399079 0
vt 0.180355385 0.748399079 0
vt 0.180355385 0.739952087 0
vt 0.182928964 0.739952087 0
vt 0.993204832 0.37345022 0
vt 0.99841392 0.373451084 0
vt 0.99841392 0.381898165 0
vt 0.993204832 0.3818973 0
vt 0.934935272 0.98138541 0
vt 0.933963537 0.986587644 0
vt 0.931389928 0.986587644 0
vt 0.931389928 0.98138541 0
vt 0.984169602 0.333037615 0
vt 0.986743152 0.333037585 0
vt 0.991544008 0.346333504 0
vt 0.938764393 0.973291159 0
vt 0.938764393 0.977884591 0
vt 0.931389928 0.977884531 0
vt 0.931389928 0.973291159 0
vt 0.103779815 0.988980949 0
vt 0.108374134 0.988980949 0
vt 0.108374089 0.99742806 0
vt 0.103779778 0.99742806 0
vt 0.990977228 0.0694130957 0
vt 0.983602762 0.0694130585 0
vt 0.983602762 0.065912202 0
vt 0.987148106 0.065912202 0
vt 0.622482777 0.984418809 0
vt 0.626311898 0.975988984 0
vt 0.626311898 0.984435976 0
vt 0.9688043 0.0925097466 0
vt 0.9688043 0.100956671 0
vt 0.961429894 0.100956716 0
vt 0.961429894 0.0925098062 0
vt 0.377544165 0.960071206 0
vt 0.380117685 0.960071206 0
vt 0.380117685 0.968518317 0
vt 0.377544165 0.968518317 0
vt 0.95885998 0.989757955 0
vt 0.964066982 0.989757597 0
vt 0.964066982 0.998204708 0
vt 0.95885998 0.998205006 0
vt 0.705520093 0.986650407 0
vt 0.706491888 0.981449008 0
vt 0.709065378 0.981449068 0
vt 0.709065378 0.986650467 0
vt 0.986176312 0.0607100315 0
vt 0.983602762 0.0740063637 0
vt 0.990977228 0.0740064085 0
vt 0.701690972 0.994743288 0
vt 0.701690972 0.99015069 0
vt 0.709065378 0.99015075 0
vt 0.709065378 0.994743407 0
vt 0.998833239 0.8839674 0
vt 0.994238913 0.8839674 0
vt 0.994238913 0.875520289 0
vt 0.998833239 0.875520289 0
vt 0.99970293 0.495862067 0
vt 0.99970293 0.504309177 0
vt 0.995891035 0.504309118 0
vt 0.995891035 0.495862037 0
vt 0.991206467 0.72910893 0
vt 0.983832061 0.72910887 0
vt 0.983832061 0.725608051 0
vt 0.987377346 0.725608051 0
vt 0.962944686 0.231627688 0
vt 0.962944686 0.223180771 0
vt 0.970319092 0.223180726 0
vt 0.970319092 0.231627628 0
vt 0.023962507 0.967076719 0
vt 0.0265360083 0.967076719 0
vt 0.0265360083 0.97552377 0
vt 0.023962507 0.97552377 0
vt 0.95885998 0.998204648 0
vt 0.953653038 0.998205066 0
vt 0.953653038 0.989757955 0
vt 0.95885998 0.989757597 0
vt 0.990272045 0.921559453 0
vt 0.991243839 0.916357994 0
vt 0.993817389 0.916358113 0
vt 0.993817389 0.921559513 0
vt 0.983832061 0.720405877 0
vt 0.986405611 0.720405877 0
vt 0.983832061 0.733702183 0
vt 0.991206467 0.733702242 0
vt 0.986442924 0.929652274 0
vt 0.986442924 0.925059676 0
vt 0.993817389 0.925059795 0
vt 0.993817389 0.929652452 0
vt 0.947275937 0.161340594 0
vt 0.951870263 0.161340564 0
vt 0.951870263 0.169787645 0
vt 0.947275877 0.169787675 0
vt 0.999450505 0.211617634 0
vt 0.999450505 0.220064729 0
vt 0.995638549 0.220064685 0
vt 0.995638549 0.211617604 0
vt 0.983361304 0.50045532 0
vt 0.990735769 0.500455439 0
vt 0.990735769 0.503956258 0
vt 0.987190425 0.503956258 0
vt 0.959875345 0.475400388 0
vt 0.959875345 0.466953456 0
vt 0.967249811 0.466953397 0
vt 0.967249811 0.475400329 0
vt 0.587712765 0.957117319 0
vt 0.590286314 0.95711726 0
vt 0.590286314 0.96556437 0
vt 0.587712765 0.96556437 0
vt 0.853959739 0.998497665 0
vt 0.848752737 0.998497963 0
vt 0.848752797 0.990050912 0
vt 0.853959739 0.990050554 0
vt 0.697282255 0.989506185 0
vt 0.696310461 0.994707584 0
vt 0.693736911 0.994707525 0
vt 0.693736911 0.989506125 0
vt 0.990735769 0.509158432 0
vt 0.98816216 0.509158432 0
vt 0.990735769 0.495862097 0
vt 0.983361304 0.495862037 0
vt 0.701111376 0.981413245 0
vt 0.701111376 0.986005962 0
vt 0.693736911 0.986005783 0
vt 0.693736911 0.981413186 0
vt 0.980257809 0.381356239 0
vt 0.975663424 0.381356239 0
vt 0.975663424 0.372909158 0
vt 0.98025775 0.372909158 0
vt 0.999780238 0.155726254 0
vt 0.999780238 0.164173335 0
vt 0.995968342 0.16417329 0
vt 0.99094671 0.860015631 0
vt 0.983572304 0.860015631 0
vt 0.983572245 0.856514812 0
vt 0.987117589 0.856514812 0
vt 0.974679172 0.415246218 0
vt 0.974679172 0.406799316 0
vt 0.982053638 0.406799257 0
vt 0.982053638 0.415246189 0
vt 0.392113745 0.953451872 0
vt 0.394687295 0.953451872 0
vt 0.394687295 0.961898923 0
vt 0.392113745 0.961898923 0
vt 0.818247378 0.990603924 0
vt 0.82345432 0.990603566 0
vt 0.82345432 0.999050677 0
vt 0.818247378 0.999050975 0
vt 0.989659488 0.378651649 0
vt 0.990631282 0.37345022 0
vt 0.993204832 0.373450249 0
vt 0.993204832 0.378651708 0
vt 0.983572245 0.851312578 0
vt 0.986145794 0.851312637 0
vt 0.983572304 0.864608943 0
vt 0.99094671 0.864608943 0
vt 0.985830367 0.386744499 0
vt 0.985830367 0.382151872 0
vt 0.993204832 0.382152021 0
vt 0.993204832 0.386744678 0
vt 0.407221198 0.997941732 0
vt 0.402626842 0.997941732 0
vt 0.402626842 0.989494622 0
vt 0.407221198 0.989494622 0
vt 0.9997679 0.507587612 0
vt 0.9997679 0.516034663 0
vt 0.995956004 0.516034663 0
vt 0.995956004 0.507587552 0
vt 0.967936158 0.507425129 0
vt 0.967936158 0.51587224 0
vt 0.960561812 0.51587218 0
vt 0.960561872 0.50742507 0
vt 0.696853995 0.940740705 0
vt 0.694280446 0.940740645 0
vt 0.696853995 0.932293713 0
vt 0.62667191 0.989269733 0
vt 0.631881058 0.989270627 0
vt 0.631881058 0.997717679 0
vt 0.62667191 0.997716844 0
vt 0.983319163 0.880722523 0
vt 0.984290898 0.875520289 0
vt 0.986864507 0.875520289 0
vt 0.986864507 0.880722523 0
vt 0.570681512 0.978274405 0
vt 0.573255062 0.978274345 0
vt 0.570681512 0.991570354 0
vt 0.578055978 0.991570294 0
vt 0.979490042 0.888816774 0
vt 0.979490042 0.884223461 0
vt 0.986864507 0.884223402 0
vt 0.986864507 0.888816774 0
vt 0.99968344 0.495138407 0
vt 0.995089114 0.495138437 0
vt 0.995089114 0.486691356 0
vt 0.99968344 0.486691326 0
vt 0.233139008 0.982065201 0
vt 0.233139008 0.973618209 0
vt 0.23696816 0.973635375 0
vt 0.23696816 0.982082367 0
vt 0.565437734 0.986959636 0
vt 0.558063269 0.986959696 0
vt 0.558063269 0.983458996 0
vt 0.561608613 0.983458936 0
vt 0.968802214 0.132983148 0
vt 0.968802214 0.141430214 0
vt 0.961427927 0.141430154 0
vt 0.961427927 0.132983088 0
vt 0.430104703 0.934726655 0
vt 0.427531123 0.934726655 0
vt 0.427531123 0.926279724 0
vt 0.430104703 0.926279724 0
vt 0.387922704 0.989636362 0
vt 0.393131852 0.989637256 0
vt 0.393131852 0.998084307 0
vt 0.387922704 0.998083472 0
vt 0.607370079 0.981174052 0
vt 0.608341873 0.975971758 0
vt 0.610915422 0.975971758 0
vt 0.610915422 0.981173992 0
vt 0.558063269 0.978256941 0
vt 0.560636878 0.978256881 0
vt 0.558063269 0.991552889 0
vt 0.565437734 0.99155277 0
vt 0.603540957 0.989268243 0
vt 0.603540957 0.984674871 0
vt 0.610915422 0.984674871 0
vt 0.610915422 0.989268243 0
vt 0.995089173 0.478244245 0
vt 0.99968344 0.478244215 0
vt 0.99968344 0.486691296 0
vt 0.995089114 0.486691326 0
vt 0.970315397 0.272100747 0
vt 0.970315397 0.263653755 0
vt 0.974144578 0.263670921 0
vt 0.974144578 0.272117913 0
vt 0.495200425 0.982851863 0
vt 0.502574921 0.982851803 0
vt 0.502574921 0.986352563 0
vt 0.499029547 0.986352563 0
vt 0.969944835 0.679706275 0
vt 0.962570548 0.679706216 0
vt 0.962570548 0.671259105 0
vt 0.177646697 0.934811175 0
vt 0.175073132 0.934811175 0
vt 0.175073132 0.926364183 0
vt 0.177646697 0.926364183 0
vt 0.615108311 0.989268363 0
vt 0.620317459 0.989269197 0
vt 0.620317459 0.997716308 0
vt 0.615108371 0.997715414 0
vt 0.923524261 0.982209146 0
vt 0.922552466 0.987411439 0
vt 0.919978917 0.982209206 0
vt 0.502574861 0.991554558 0
vt 0.500001311 0.991554618 0
vt 0.502574861 0.97825861 0
vt 0.495200425 0.978258729 0
vt 0.927353382 0.974114954 0
vt 0.927353382 0.978708327 0
vt 0.919978917 0.978708327 0
vt 0.919978917 0.974114954 0
vt 0.0614407212 0.991031229 0
vt 0.0660350025 0.991031229 0
vt 0.0660350025 0.999478281 0
vt 0.0614407212 0.999478281 0
vt 0.970319092 0.231627703 0
vt 0.974148273 0.223197877 0
vt 0.974148273 0.231644854 0
vt 0.728583634 0.986971021 0
vt 0.721209168 0.98697114 0
vt 0.721209168 0.98347038 0
vt 0.724754512 0.983470321 0
vt 0.856657445 0.398919433 0
vt 0.856657326 0.390472353 0
vt 0.864031672 0.390472353 0
vt 0.864031732 0.398919433 0
vt 0.903588593 0.186858952 0
vt 0.901015043 0.186858952 0
vt 0.901015043 0.178411976 0
vt 0.903588593 0.178411961 0
vt 0.992994726 0.776680827 0
vt 0.998203874 0.776681721 0
vt 0.998203874 0.785128772 0
vt 0.992994726 0.785127938 0
vt 0.900593519 0.979377806 0
vt 0.901565254 0.974175572 0
vt 0.904138803 0.974175572 0
vt 0.904138803 0.979377806 0
vt 0.721209168 0.978268325 0
vt 0.723782718 0.978268325 0
vt 0.721209168 0.991564274 0
vt 0.728583634 0.991564214 0
vt 0.896764398 0.982878685 0
vt 0.904138803 0.982878685 0
vt 0.904138803 0.987471998 0
vt 0.995067298 0.455390871 0
vt 0.999661565 0.455390841 0
vt 0.999661565 0.463837951 0
vt 0.995067298 0.463837951 0
vt 0.991083682 0.110441513 0
vt 0.983709216 0.110441476 0
vt 0.983709216 0.106940642 0
vt 0.98725456 0.106940657 0
vt 0.97031188 0.251864284 0
vt 0.97031188 0.243417293 0
vt 0.974141002 0.243434459 0
vt 0.974141002 0.25188145 0
vt 0.947912216 0.556571186 0
vt 0.947912216 0.565018117 0
vt 0.940537751 0.565018177 0
vt 0.94053781 0.556571245 0
vt 0.341404885 0.959007025 0
vt 0.343978405 0.959007025 0
vt 0.343978405 0.967454135 0
vt 0.341404885 0.967454135 0
vt 0.993712306 0.346333951 0
vt 0.998919249 0.346333593 0
vt 0.998919249 0.354780674 0
vt 0.993712306 0.354781032 0
vt 0.249686301 0.985995293 0
vt 0.250658065 0.980793893 0
vt 0.253231615 0.980793953 0
vt 0.253231615 0.985995352 0
vt 0.983709216 0.101738453 0
vt 0.986282766 0.101738468 0
vt 0.983709216 0.115034766 0
vt 0.991083682 0.115034804 0
vt 0.245857179 0.994088173 0
vt 0.245857164 0.989495575 0
vt 0.253231615 0.989495695 0
vt 0.253231615 0.994088292 0
vt 0.999113202 0.955186784 0
vt 0.994518876 0.955186784 0
vt 0.999113202 0.946739674 0
vt 0.999744534 0.359294891 0
vt 0.999744534 0.367741972 0
vt 0.995932639 0.367741942 0
vt 0.995932639 0.359294862 0
vt 0.991295278 0.763414979 0
vt 0.983920813 0.763414919 0
vt 0.983920813 0.7599141 0
vt 0.987466156 0.7599141 0
vt 0.961340487 0.740415812 0
vt 0.961340487 0.73196888 0
vt 0.968714893 0.73196882 0
vt 0.968714893 0.740415752 0
vt 0.430104673 0.968514919 0
vt 0.427531183 0.968514919 0
vt 0.427531183 0.960067868 0
vt 0.430104673 0.960067868 0
vt 0.993817687 0.890291631 0
vt 0.99902463 0.890291333 0
vt 0.99902463 0.898738384 0
vt 0.993817687 0.898738742 0
vt 0.991515994 0.440910459 0
vt 0.992487788 0.435709059 0
vt 0.995061338 0.435709089 0
vt 0.995061338 0.440910518 0
vt 0.983920813 0.754711866 0
vt 0.986494362 0.754711926 0
vt 0.983920813 0.768008232 0
vt 0.991295278 0.768008232 0
vt 0.987686872 0.449003309 0
vt 0.987686872 0.444410712 0
vt 0.995061338 0.444410861 0
vt 0.995061338 0.449003458 0
vt 0.515005946 0.990806937 0
vt 0.519600272 0.999253988 0
vt 0.515005946 0.999253988 0
vt 0.999546289 0.596936822 0
vt 0.999546289 0.605383933 0
vt 0.995734334 0.605383873 0
vt 0.995734334 0.596936762 0
vt 0.983900487 0.146250054 0
vt 0.991274953 0.146250099 0
vt 0.991274953 0.149750933 0
vt 0.987729609 0.149750903 0
vt 0.968289018 0.372909158 0
vt 0.968289018 0.38135609 0
vt 0.960914552 0.38135612 0
vt 0.960914552 0.372909218 0
vt 0.732774436 0.935768783 0
vt 0.735347986 0.935768783 0
vt 0.735347986 0.944215894 0
vt 0.732774436 0.944215894 0
vt 0.993714213 0.199960694 0
vt 0.998921156 0.199960351 0
vt 0.998921156 0.208407432 0
vt 0.993714213 0.208407775 0
vt 0.991521955 0.46059227 0
vt 0.992493749 0.455390841 0
vt 0.995067298 0.4553909 0
vt 0.995067298 0.46059233 0
vt 0.991274953 0.154953122 0
vt 0.988701403 0.154953107 0
vt 0.991274953 0.141656816 0
vt 0.983900487 0.141656771 0
vt 0.987692833 0.46868512 0
vt 0.987692833 0.464092523 0
vt 0.995067298 0.464092642 0
vt 0.995067298 0.46868524 0
vt 0.823454261 0.990603566 0
vt 0.828048587 0.990603566 0
vt 0.828048587 0.999050677 0
vt 0.823454261 0.999050677 0
vt 0.9999035 0.110185593 0
vt 0.9999035 0.118632682 0
vt 0.996091604 0.118632644 0
vt 0.996091604 0.110185564 0
vt 0.983668029 0.0450666621 0
vt 0.991042495 0.0450666919 0
vt 0.991042495 0.048567526 0
vt 0.987497151 0.0485674962 0
vt 0.97031188 0.251864195 0
vt 0.962937415 0.251864284 0
vt 0.962937415 0.243417367 0
vt 0.177646667 0.934811175 0
vt 0.177646667 0.943258286 0
vt 0.175073132 0.943258286 0
vt 0.841378331 0.990531325 0
vt 0.846585274 0.990531027 0
vt 0.846585274 0.998978078 0
vt 0.841378331 0.998978436 0
vt 0.991576612 0.4004381 0
vt 0.992548406 0.395236701 0
vt 0.995121956 0.39523676 0
vt 0.995121956 0.40043816 0
vt 0.991042495 0.0537697151 0
vt 0.988468945 0.0537696928 0
vt 0.991042495 0.0404734015 0
vt 0.983668029 0.0404733606 0
vt 0.98774749 0.40853098 0
vt 0.98774749 0.403938353 0
vt 0.995121956 0.403938472 0
vt 0.995121956 0.4085311 0
vt 0.494322687 0.990808666 0
vt 0.494322687 0.999255776 0
vt 0.489728332 0.999255776 0
vt 0.999797046 4.91300973e-08 0
vt 0.999797046 0.00844712462 0
vt 0.99598515 0.00844708551 0
vt 0.99598515 0 0
vt 0.251793981 0.847809136 0
vt 0.251793981 0.867384255 0
vt 0.238780752 0.867384315 0
vt 0.238780752 0.847809255 0
vt 0.854391575 0.940595686 0
vt 0.854391575 0.953941345 0
vt 0.841378331 0.953941107 0
vt 0.150810868 0.861412764 0
vt 0.150810882 0.841837645 0
vt 0.163824096 0.841837585 0
vt 0.163824096 0.861412704 0
vt 0.889449596 0.17756027 0
vt 0.889449596 0.190907851 0
vt 0.876436353 0.190907776 0
vt 0.876436353 0.17756018 0
vt 0.856767654 0.390017748 0
vt 0.856767654 0.366506845 0
vt 0.869780719 0.366506845 0
vt 0.869780719 0.390017748 0
vt 0.43168515 0.860009372 0
vt 0.430465817 0.858041704 0
vt 0.430465758 0.838466167 0
vt 0.43168512 0.836498499 0
vt 0.445035249 0.836498618 0
vt 0.25179252 0.869344175 0
vt 0.238779277 0.869344294 0
vt 0.238779277 0.845833838 0
vt 0.25179252 0.845833778 0
vt 0.842506409 0.596713305 0
vt 0.829155743 0.596713305 0
vt 0.827936351 0.594745576 0
vt 0.827936292 0.5751701 0
vt 0.829155743 0.573202372 0
vt 0.842506349 0.573202372 0
vt 0.831260622 0.940594375 0
vt 0.831260622 0.953939974 0
vt 0.818247378 0.953939795 0
vt 0.919999957 0.381889194 0
vt 0.919999957 0.395236701 0
vt 0.906986713 0.395236701 0
vt 0.906986713 0.381889135 0
vt 0.857076526 0.596713305 0
vt 0.857076526 0.573202431 0
vt 0.870089591 0.573202372 0
vt 0.870089591 0.596713305 0
vt 0.40968734 0.860009611 0
vt 0.396337211 0.860009491 0
vt 0.395117849 0.858041763 0
vt 0.395117849 0.838466287 0
vt 0.396337211 0.836498559 0
vt 0.40968734 0.836498678 0
vt 0.150812343 0.839877725 0
vt 0.163825572 0.839877605 0
vt 0.163825572 0.863388062 0
vt 0.150812358 0.863388121 0
vt 0.618111014 0.858141541 0
vt 0.604760349 0.858141541 0
vt 0.603540957 0.856173813 0
vt 0.603540957 0.836598337 0
vt 0.604760349 0.834630609 0
vt 0.618111014 0.834630609 0
vt 0.785626113 0.865656257 0
vt 0.785626113 0.846081138 0
vt 0.798639357 0.846081078 0
vt 0.798639357 0.865656197 0
vt 0.946026385 0.381889403 0
vt 0.946026385 0.395235032 0
vt 0.933013141 0.395234734 0
vt 0.933013201 0.381889135 0
vt 0.747274101 0.585511148 0
vt 0.747274101 0.598858714 0
vt 0.734260857 0.598858654 0
vt 0.734260857 0.585511029 0
vt 0.264807045 0.845833778 0
vt 0.264807075 0.869344652 0
vt 0.251793981 0.869344652 0
vt 0.251793981 0.845833778 0
vt 0.654469013 0.858142018 0
vt 0.641118824 0.858141899 0
vt 0.639899433 0.856174171 0
vt 0.639899433 0.836598694 0
vt 0.641118884 0.834631026 0
vt 0.654469013 0.834631145 0
vt 0.785627604 0.844121218 0
vt 0.798640847 0.844121099 0
vt 0.798640788 0.867631555 0
vt 0.785627604 0.867631674 0
vt 0.84372586 0.596713305 0
vt 0.842506409 0.594745576 0
vt 0.842506409 0.5751701 0
vt 0.84372586 0.573202372 0
vt 0.356810331 0.798547924 0
vt 0.186808288 0.798549175 0
vt 0.194541886 0.790456116 0
vt 0.349077106 0.790454984 0
vt 0.904281199 0.19520542 0
vt 0.904281199 0.387126505 0
vt 0.89704299 0.387126476 0
vt 0.897043049 0.195205405 0
vt 0.904002309 0.602813005 0
vt 0.904002309 0.794734001 0
vt 0.896764398 0.794733942 0
vt 0.896764398 0.602812946 0
vt 0.904295146 0.390948147 0
vt 0.897056937 0.390948147 0
vt 0.904038608 0.798553526 0
vt 0.896800697 0.798553467 0
vt 0.904295206 0.361346126 0
vt 0.904295206 0.191381171 0
vt 0.911532283 0.191381037 0
vt 0.911532223 0.361345977 0
vt 0.911163986 0 0
vt 0.911163986 0.169964954 0
vt 0.903925896 0.169964984 0
vt 0.903925896 2.94780591e-08 0
vt 0.904038608 0.598986506 0
vt 0.896800697 0.598986447 0
vt 0.904295206 0.191381052 0
vt 0.897056997 0.191381037 0
vt 0.186808303 0.598986089 0
vt 0.356810331 0.598984778 0
vt 0.349077106 0.607079685 0
vt 0.194541916 0.607080817 0
vt 0.182991624 0.794726253 0
vt 0.191072449 0.786981046 0
vt 0.360627055 0.602807701 0
vt 0.352546543 0.610554755 0
vt 0.360627025 0.794724941 0
vt 0.352546543 0.786979795 0
vt 0.182991609 0.602809072 0
vt 0.191072464 0.610556006 0
vt 0.173816845 0.598989785 0
vt 0.00381667074 0.598989785 0
vt 2.94845055e-08 0.595166802 0
vt 0 0.403245717 0
vt 0.00381665118 0.399422675 0
vt 0.17381683 0.399422675 0
vt 0.177633449 0.403245687 0
vt 0.177633479 0.595166743 0
vt 0.962889075 0.659469545 0
vt 0.962889075 0.651022494 0
vt 0.253241628 0.877791762 0
vt 0.253241599 0.886238754 0
vt 0.250668049 0.886238754 0
vt 0.9761917 0.0115629947 0
vt 0.981411994 0.0115638645 0
vt 0.981411994 0.0200109445 0
vt 0.976191759 0.0200100802 0
vt 0.987715125 0.316178232 0
vt 0.986743391 0.321380317 0
vt 0.984169841 0.321380347 0
vt 0.984169781 0.316178292 0
vt 0.980855107 0.974777043 0
vt 0.980855107 0.969574809 0
vt 0.983428717 0.969574809 0
vt 0.984400451 0.974777043 0
vt 0.980855107 0.982871234 0
vt 0.980855107 0.978277922 0
vt 0.988229573 0.978277922 0
vt 0.988229573 0.982871234 0
vt 0.991544247 0.308084309 0
vt 0.991544247 0.312677473 0
vt 0.984169841 0.312677532 0
vt 0.984169841 0.308084369 0
vt 0.465813756 0.991523445 0
vt 0.470407337 0.991523385 0
vt 0.470407337 0.999970436 0
vt 0.465813726 0.999970555 0
vt 0.837194324 0.99519664 0
vt 0.837194324 0.986749649 0
vt 0.841023445 0.986732543 0
vt 0.841023445 0.995179474 0
vt 0.407435298 0.979773939 0
vt 0.414809734 0.979773879 0
vt 0.414809734 0.983274817 0
vt 0.41126439 0.983274758 0
vt 0.979489148 0.829796553 0
vt 0.979489148 0.838243604 0
vt 0.972114861 0.838243604 0
vt 0.972114801 0.829796493 0
vt 0.901015043 0.169964984 0
vt 0.903588593 0.169964984 0
vt 0.903588593 0.178411976 0
vt 0.778030276 0.987184644 0
vt 0.783250511 0.987185538 0
vt 0.783250511 0.995632648 0
vt 0.778030276 0.995631754 0
vt 0.469642848 0.983429432 0
vt 0.470614612 0.978227377 0
vt 0.473188192 0.978227377 0
vt 0.473188162 0.983429372 0
vt 0.414809734 0.988477051 0
vt 0.412236154 0.988477051 0
vt 0.414809734 0.975180566 0
vt 0.407435298 0.975180626 0
vt 0.465813726 0.991523385 0
vt 0.465813726 0.986930192 0
vt 0.473188192 0.986930132 0
vt 0.473188162 0.991523266 0
vt 0.269759238 0.999955893 0
vt 0.265165597 0.999955952 0
vt 0.265165657 0.991508901 0
vt 0.269759238 0.991508842 0
vt 0.092532225 0.995238781 0
vt 0.0925322324 0.98679179 0
vt 0.0963613093 0.986774623 0
vt 0.0963613093 0.995221615 0
vt 0.965216517 0.981054425 0
vt 0.972590983 0.981054485 0
vt 0.972590983 0.984555304 0
vt 0.969045639 0.984555304 0
vt 0.976043344 0.711732388 0
vt 0.976043344 0.720179439 0
vt 0.968669057 0.720179379 0
vt 0.651464939 0.907516479 0
vt 0.654038489 0.907516479 0
vt 0.990840554 0.789975286 0
vt 0.996060789 0.78997612 0
vt 0.996060789 0.798423231 0
vt 0.990840554 0.798422337 0
vt 0.31631282 0.983491063 0
vt 0.317284614 0.978289008 0
vt 0.319858164 0.978288949 0
vt 0.319858164 0.983491004 0
vt 0.972590983 0.989757597 0
vt 0.970017433 0.989757597 0
vt 0.972590983 0.976461112 0
vt 0.965216517 0.976461112 0
vt 0.312483728 0.991584957 0
vt 0.312483728 0.986991823 0
vt 0.319858164 0.986991763 0
vt 0.319858164 0.991584897 0
vt 0.482353926 0.991489172 0
vt 0.486947536 0.991489112 0
vt 0.486947536 0.999936163 0
vt 0.482353926 0.999936223 0
vt 0.995624006 0.672876954 0
vt 0.995624006 0.664429963 0
vt 0.999453127 0.664412796 0
vt 0.999453127 0.672859788 0
vt 0.634046376 0.984676361 0
vt 0.62667191 0.984676421 0
vt 0.62667191 0.981175542 0
vt 0.630217254 0.981175542 0
vt 0.976191163 0.0722725391 0
vt 0.976191163 0.0807196125 0
vt 0.968816876 0.0807195753 0
vt 0.968816876 0.072272487 0
vt 0.430104703 0.926279664 0
vt 0.427531123 0.926279664 0
vt 0.427531153 0.917832673 0
vt 0.430104703 0.917832673 0
vt 0.980612218 0.768232882 0
vt 0.985832512 0.768233776 0
vt 0.985832512 0.776680827 0
vt 0.980612218 0.776679993 0
vt 0.523575664 0.983440697 0
vt 0.524547458 0.978238583 0
vt 0.527121007 0.983440638 0
vt 0.62667197 0.975973308 0
vt 0.62924552 0.975973248 0
vt 0.634046376 0.989269733 0
vt 0.519746542 0.991534591 0
vt 0.519746602 0.986941457 0
vt 0.527121007 0.986941397 0
vt 0.527121007 0.991534531 0
vt 0.274352849 0.999955893 0
vt 0.269759238 0.999956012 0
vt 0.269759268 0.991508901 0
vt 0.274352849 0.991508842 0
vt 0.301175803 0.983502448 0
vt 0.308550239 0.983502567 0
vt 0.308550239 0.98700285 0
vt 0.305004895 0.98700279 0
vt 0.319858164 0.995217264 0
vt 0.319858164 0.986770272 0
vt 0.323687255 0.986753106 0
vt 0.323687255 0.995200098 0
vt 0.961442828 0.0200099628 0
vt 0.961442828 0.011563044 0
vt 0.968817294 0.0115629947 0
vt 0.968817294 0.0200099032 0
vt 0.654038429 0.949751616 0
vt 0.651464939 0.941304564 0
vt 0.654038429 0.941304564 0
vt 0.991054058 0.0316189378 0
vt 0.996266484 0.0316181108 0
vt 0.996266484 0.040065188 0
vt 0.991053998 0.0400660224 0
vt 0.987754405 0.176347062 0
vt 0.988726199 0.171144873 0
vt 0.991299748 0.171144888 0
vt 0.991299748 0.176347107 0
vt 0.308550239 0.992204309 0
vt 0.305976689 0.992204249 0
vt 0.308550239 0.978909969 0
vt 0.301175773 0.97890985 0
vt 0.983925283 0.184441164 0
vt 0.983925283 0.179847881 0
vt 0.991299748 0.179847911 0
vt 0.991299748 0.184441209 0
vt 0.277104378 0.991070271 0
vt 0.281698525 0.99107033 0
vt 0.281698525 0.999517381 0
vt 0.277104348 0.999517381 0
vt 0.9688043 0.100956872 0
vt 0.9688043 0.0925097838 0
vt 0.972650528 0.0925097466 0
vt 0.972650528 0.100956827 0
vt 0.149842456 0.987595737 0
vt 0.142468005 0.987595618 0
vt 0.142467991 0.984095335 0
vt 0.146013349 0.984095395 0
vt 0.983565032 0.031799674 0
vt 0.983565032 0.0402465947 0
vt 0.976190567 0.0402466357 0
vt 0.976190567 0.0317997262 0
vt 0.855517328 0.962388337 0
vt 0.852943778 0.962388337 0
vt 0.852943778 0.953941286 0
vt 0.855517328 0.953941286 0
vt 0.996263087 0.395191759 0
vt 0.991050601 0.395192564 0
vt 0.991050661 0.386745483 0
vt 0.996263087 0.386744678 0
vt 0.987526119 0.619142592 0
vt 0.986554384 0.624344826 0
vt 0.983980775 0.624344826 0
vt 0.983980775 0.619142592 0
vt 0.142467991 0.978893876 0
vt 0.145041555 0.978893936 0
vt 0.142468005 0.992188215 0
vt 0.149842456 0.992188394 0
vt 0.99135524 0.615641773 0
vt 0.983980775 0.615641773 0
vt 0.999818683 0.415472925 0
vt 0.999818683 0.423920006 0
vt 0.995224535 0.423919946 0
vt 0.252741575 0.921355844 0
vt 0.252741575 0.929802895 0
vt 0.248895362 0.929802954 0
vt 0.248895347 0.921355903 0
vt 0.0540662669 0.983008206 0
vt 0.0614407137 0.983008325 0
vt 0.0614407212 0.986508608 0
vt 0.057895381 0.986508548 0
vt 0.983417749 0.711732328 0
vt 0.983417749 0.72017926 0
vt 0.976043344 0.720179319 0
vt 0.0510132089 0.954327166 0
vt 0.0535867251 0.954327166 0
vt 0.0535867251 0.962774277 0
vt 0.0510132164 0.962774277 0
vt 0.996418893 0.740098 0
vt 0.991206467 0.740098834 0
vt 0.991206467 0.731651783 0
vt 0.996418893 0.731650949 0
vt 0.987952113 0.644661784 0
vt 0.988923907 0.63945955 0
vt 0.991497457 0.63945955 0
vt 0.991497457 0.644661784 0
vt 0.0614407212 0.991710067 0
vt 0.0588671602 0.991710007 0
vt 0.0614407212 0.978415668 0
vt 0.0540662669 0.978415549 0
vt 0.984123051 0.652755857 0
vt 0.984123051 0.648162603 0
vt 0.991497457 0.648162603 0
vt 0.991497457 0.652755916 0
vt 0.37794736 0.991283953 0
vt 0.37794736 0.999731064 0
vt 0.373353213 0.999731004 0
vt 0.461577713 0.876721203 0
vt 0.465423942 0.868274093 0
vt 0.465423942 0.876721203 0
vt 0.423270702 0.987497568 0
vt 0.415896237 0.987497449 0
vt 0.415896237 0.983997166 0
vt 0.419441581 0.983997226 0
vt 0.968816161 0.0402466357 0
vt 0.968816161 0.0317997299 0
vt 0.976190627 0.031799674 0
vt 0.976190627 0.040246591 0
vt 0.445035249 0.971962392 0
vt 0.442461729 0.971962392 0
vt 0.991293669 0.132653415 0
vt 0.996506095 0.132652566 0
vt 0.996506095 0.141099662 0
vt 0.991293669 0.141100481 0
vt 0.987750709 0.745844662 0
vt 0.988722444 0.740642428 0
vt 0.991296053 0.745844662 0
vt 0.415896237 0.978795707 0
vt 0.418469787 0.978795767 0
vt 0.415896237 0.992090046 0
vt 0.423270702 0.992090225 0
vt 0.983921587 0.753938735 0
vt 0.983921587 0.749345481 0
vt 0.991296053 0.749345481 0
vt 0.991296053 0.753938794 0
vt 0.294235408 0.991256714 0
vt 0.298829556 0.991256773 0
vt 0.298829556 0.999703884 0
vt 0.294235408 0.999703825 0
vt 0.0667670146 0.982905149 0
vt 0.0741414428 0.982905149 0
vt 0.0741414502 0.986405849 0
vt 0.0705961138 0.986405849 0
vt 0.21698001 0.95461607 0
vt 0.21698001 0.946169019 0
vt 0.220826238 0.946168959 0
vt 0.220826238 0.95461607 0
vt 0.983550727 0.132983133 0
vt 0.983550727 0.141430229 0
vt 0.976176441 0.141430169 0
vt 0.976176441 0.132983088 0
vt 0.928980112 0.769326031 0
vt 0.926406503 0.769325972 0
vt 0.928980112 0.76087904 0
vt 0.457218409 0.988687754 0
vt 0.462427586 0.988688588 0
vt 0.462427586 0.997135699 0
vt 0.457218438 0.997134805 0
vt 0.986895621 0.219711825 0
vt 0.985923886 0.224914089 0
vt 0.983350277 0.224914089 0
vt 0.983350277 0.219711825 0
vt 0.0741414428 0.991607904 0
vt 0.0715678856 0.991607904 0
vt 0.0741414502 0.978311956 0
vt 0.0667670146 0.978311956 0
vt 0.990724683 0.211617604 0
vt 0.990724683 0.216210976 0
vt 0.983350277 0.216210976 0
vt 0.651868224 0.999431431 0
vt 0.647273898 0.999431431 0
vt 0.651868224 0.99098438 0
vt 0.264445186 0.973634601 0
vt 0.264445186 0.982081592 0
vt 0.260616034 0.982064426 0
vt 0.260616004 0.973617435 0
vt 0.654469013 0.98289001 0
vt 0.661843419 0.98288995 0
vt 0.661843419 0.98639065 0
vt 0.658298135 0.98639071 0
vt 0.97608918 0.73196888 0
vt 0.97608918 0.74041599 0
vt 0.968714893 0.740415871 0
vt 0.380117774 0.91783601 0
vt 0.377544194 0.909389019 0
vt 0.380117774 0.909389019 0
vt 0.0520314984 0.997217834 0
vt 0.0468223318 0.99721694 0
vt 0.0468223132 0.988769889 0
vt 0.0520314984 0.988770723 0
vt 0.384093612 0.98491478 0
vt 0.383121848 0.990117073 0
vt 0.380548298 0.990117073 0
vt 0.380548298 0.98491478 0
vt 0.661843419 0.991592705 0
vt 0.659269869 0.991592765 0
vt 0.661843419 0.978296757 0
vt 0.654469013 0.978296816 0
vt 0.387922734 0.976820588 0
vt 0.387922704 0.981413901 0
vt 0.380548298 0.981413901 0
vt 0.380548298 0.976820588 0
vt 0.995089114 0.469797105 0
vt 0.99968344 0.469797105 0
vt 0.99968344 0.478244185 0
vt 0.995089114 0.478244185 0
vt 0.610915422 0.98441875 0
vt 0.614744544 0.975988925 0
vt 0.614744544 0.984435916 0
vt 0.750466049 0.986970544 0
vt 0.743091583 0.986970544 0
vt 0.743091583 0.983469844 0
vt 0.746636927 0.983469784 0
vt 0.976176441 0.132983148 0
vt 0.976176441 0.141430229 0
vt 0.968802154 0.141430169 0
vt 0.968802154 0.132983088 0
vt 0.442100644 0.909383118 0
vt 0.444674224 0.909383118 0
vt 0.444674224 0.91783011 0
vt 0.442100644 0.91783011 0
vt 0.608750165 0.989269137 0
vt 0.608750165 0.997716188 0
vt 0.603540957 0.997715354 0
vt 0.68743819 0.980302274 0
vt 0.688409984 0.97510004 0
vt 0.690983534 0.975099981 0
vt 0.690983534 0.980302274 0
vt 0.743091583 0.978267789 0
vt 0.745665193 0.978267729 0
vt 0.743091583 0.991563737 0
vt 0.750466049 0.991563678 0
vt 0.683609068 0.988396466 0
vt 0.683609068 0.983803153 0
vt 0.690983534 0.983803153 0
vt 0.690983534 0.988396466 0
vt 0.0394478738 0.990913868 0
vt 0.04404217 0.990913868 0
vt 0.04404217 0.999360919 0
vt 0.0394478552 0.999360919 0
vt 0.927353323 0.982561946 0
vt 0.927353323 0.974114954 0
vt 0.931182444 0.974132121 0
vt 0.931182444 0.982579112 0
vt 0.829819918 0.982861638 0
vt 0.837194383 0.982861578 0
vt 0.837194383 0.986362278 0
vt 0.833649039 0.986362338 0
vt 0.976044357 0.691495836 0
vt 0.976044357 0.699942887 0
vt 0.96867007 0.699942827 0
vt 0.96867007 0.691495776 0
vt 0.906868756 0.390029311 0
vt 0.904295206 0.390029311 0
vt 0.904295206 0.38158232 0
vt 0.906868756 0.38158232 0
vt 0.634046376 0.98858887 0
vt 0.639255524 0.988589704 0
vt 0.639255524 0.997036815 0
vt 0.634046376 0.997035921 0
vt 0.987164855 0.66961509 0
vt 0.98813659 0.664412796 0
vt 0.990710199 0.664412796 0
vt 0.990710199 0.66961509 0
vt 0.837194383 0.991564333 0
vt 0.834620774 0.991564333 0
vt 0.837194383 0.978268385 0
vt 0.829819918 0.978268445 0
vt 0.983335733 0.677709281 0
vt 0.983335733 0.673115909 0
vt 0.990710199 0.673115909 0
vt 0.990710199 0.677709281 0
vt 0.57003206 0.999319553 0
vt 0.565437734 0.999319613 0
vt 0.565437794 0.990872502 0
vt 0.57003206 0.990872502 0
vt 0.991054058 0.0289397202 0
vt 0.983679593 0.0289397016 0
vt 0.983679593 0.0254388675 0
vt 0.987224936 0.0254388861 0
vt 0.938764393 0.98173815 0
vt 0.942593515 0.973308325 0
vt 0.942593515 0.981755316 0
vt 0.968816876 0.0807194114 0
vt 0.961442471 0.0807194561 0
vt 0.961442471 0.0722725391 0
vt 0.721110106 0.93905139 0
vt 0.721110106 0.9474985 0
vt 0.0342055261 0.990230441 0
vt 0.0394124687 0.990230083 0
vt 0.0394124687 0.998677194 0
vt 0.0342055261 0.998677552 0
vt 0.989692271 0.96148175 0
vt 0.990664065 0.956280351 0
vt 0.993237615 0.95628041 0
vt 0.993237615 0.96148181 0
vt 0.983679593 0.0202366784 0
vt 0.986253142 0.020236697 0
vt 0.983679593 0.033532992 0
vt 0.991054058 0.033533033 0
vt 0.985863149 0.96957463 0
vt 0.985863149 0.964982033 0
vt 0.993237615 0.964982152 0
vt 0.993237615 0.969574749 0
vt 0.979160607 0.298304379 0
vt 0.983754933 0.298304379 0
vt 0.983754933 0.30675146 0
vt 0.979160607 0.30675146 0
vt 0.9999035 0.101738483 0
vt 0.9999035 0.110185564 0
vt 0.996091604 0.110185534 0
vt 0.996091604 0.101738453 0
vt 0.0342055261 0.986317575 0
vt 0.0268310755 0.986317515 0
vt 0.0268310755 0.982816756 0
vt 0.0303764101 0.982816756 0
vt 0.976044357 0.699942708 0
vt 0.976044357 0.691495776 0
vt 0.983418822 0.691495776 0
vt 0.983418822 0.699942648 0
vt 0.380117685 0.951624155 0
vt 0.380548298 0.990117371 0
vt 0.385755241 0.990117073 0
vt 0.385755241 0.998564124 0
vt 0.380548298 0.998564482 0
vt 0.882919669 0.98602283 0
vt 0.883891463 0.980821431 0
vt 0.886465013 0.980821431 0
vt 0.886465013 0.98602289 0
vt 0.0294046402 0.977614582 0
vt 0.0268310755 0.990910828 0
vt 0.0342055261 0.990910888 0
vt 0.879090548 0.99411571 0
vt 0.879090548 0.989523113 0
vt 0.886465013 0.989523172 0
vt 0.886465013 0.994115829 0
vt 0.289073169 0.998836577 0
vt 0.284478813 0.998836577 0
vt 0.289073169 0.990389526 0
vt 0.999766588 0.851312637 0
vt 0.999766588 0.859759688 0
vt 0.995954633 0.859759688 0
vt 0.995954633 0.851312578 0
vt 0.983744681 0.588180959 0
vt 0.991119146 0.588180959 0
vt 0.991119146 0.591681778 0
vt 0.987573802 0.591681778 0
vt 0.968817294 0.0200099628 0
vt 0.968817294 0.011563044 0
vt 0.9761917 0.0200099088 0
vt 0.377544165 0.934730053 0
vt 0.380117685 0.934730053 0
vt 0.380117685 0.943177164 0
vt 0.993712544 0.321380675 0
vt 0.998919487 0.321380347 0
vt 0.998919487 0.329827428 0
vt 0.993712544 0.329827756 0
vt 0.990272403 0.895492733 0
vt 0.991244137 0.890291333 0
vt 0.993817687 0.890291393 0
vt 0.993817687 0.895492792 0
vt 0.991119146 0.596884012 0
vt 0.988545597 0.596884012 0
vt 0.991119146 0.583587646 0
vt 0.983744681 0.583587646 0
vt 0.986443281 0.903585613 0
vt 0.986443281 0.898992956 0
vt 0.993817687 0.898993134 0
vt 0.993817687 0.903585732 0
vt 0.983549774 0.630728364 0
vt 0.983549774 0.639175415 0
vt 0.978955388 0.639175415 0
vt 0.999939024 0.583587646 0
vt 0.999939024 0.592034757 0
vt 0.996127129 0.592034698 0
vt 0.841378331 0.981827915 0
vt 0.848752797 0.981827974 0
vt 0.848752797 0.985328794 0
vt 0.845207453 0.985328794 0
vt 0.968288958 0.38135612 0
vt 0.968288958 0.372909218 0
vt 0.975663424 0.38135609 0
vt 0.0514231324 0.911810935 0
vt 0.0539966673 0.911810935 0
vt 0.0539966673 0.920257986 0
vt 0.0514231324 0.920258045 0
vt 0.993237555 0.930209756 0
vt 0.998444498 0.930209398 0
vt 0.998444498 0.938656509 0
vt 0.993237495 0.938656807 0
vt 0.871070325 0.989435077 0
vt 0.870098591 0.994636476 0
vt 0.867525041 0.994636416 0
vt 0.867525041 0.989435017 0
vt 0.848752797 0.990530968 0
vt 0.846179247 0.990530968 0
vt 0.848752797 0.977234662 0
vt 0.841378331 0.977234602 0
vt 0.874899447 0.981342196 0
vt 0.874899447 0.985934794 0
vt 0.867525041 0.985934675 0
vt 0.452409685 0.989937246 0
vt 0.45700404 0.989937186 0
vt 0.45700404 0.998384297 0
vt 0.452409685 0.998384297 0
vt 0.999872684 0.789975286 0
vt 0.999872684 0.798422396 0
vt 0.996060789 0.798422337 0
vt 0.996060789 0.789975286 0
vt 0.717430949 0.598985136 0
vt 0.547428906 0.598986447 0
vt 0.555162489 0.590893388 0
vt 0.709697723 0.590892196 0
vt 0.904052556 0.794729173 0
vt 0.904052615 0.602808058 0
vt 0.911290765 0.602808058 0
vt 0.911290765 0.794729173 0
vt 0.897006691 0.195207581 0
vt 0.897006691 0.387128592 0
vt 0.889768779 0.387128502 0
vt 0.889768779 0.195207521 0
vt 0.904038668 0.598986447 0
vt 0.911276817 0.598986447 0
vt 0.89704299 0.390948117 0
vt 0.889805079 0.390948057 0
vt 0.918401003 0 0
vt 0.918401003 0.169964954 0
vt 0.911163986 0.169965088 0
vt 0.911163986 1.47390296e-07 0
vt 0.896687686 0 0
vt 0.896687686 0.169964954 0
vt 0.889449537 0.169964999 0
vt 0.889449537 3.930408e-08 0
vt 0.897043049 0.191381097 0
vt 0.889805079 0.191381037 0
vt 0.911276817 0.798553526 0
vt 0.547428966 0.399423331 0
vt 0.717431009 0.39942205 0
vt 0.709697723 0.407516897 0
vt 0.555162549 0.407518059 0
vt 0.543612242 0.595163524 0
vt 0.551693082 0.587418258 0
vt 0.721247673 0.403244942 0
vt 0.713167191 0.410991997 0
vt 0.721247673 0.595162153 0
vt 0.713167191 0.587417066 0
vt 0.543612242 0.403246284 0
vt 0.551693082 0.410993248 0
vt 0.356808454 0.598984778 0
vt 0.186808288 0.598984778 0
vt 0.182991654 0.595161796 0
vt 0.182991609 0.403240681 0
vt 0.186808273 0.399417669 0
vt 0.356808424 0.399417639 0
vt 0.360625058 0.403240681 0
vt 0.360625118 0.595161736 0
vt 0.975310445 0.536664605 0
vt 0.975310445 0.528217494 0
vt 0.982684731 0.528217554 0
vt 0.982684731 0.536664605 0
vt 0.341117948 0.941443503 0
vt 0.343691498 0.949890494 0
vt 0.341117948 0.949890494 0
vt 0.869251966 0.398920298 0
vt 0.869251966 0.390473217 0
vt 0.535734594 0.983416855 0
vt 0.536706388 0.9782148 0
vt 0.539279938 0.983416796 0
vt 0.590333998 0.981717229 0
vt 0.587760448 0.986919522 0
vt 0.586788714 0.981717229 0
vt 0.590334058 0.973623037 0
vt 0.590333998 0.97821641 0
vt 0.582959592 0.97821641 0
vt 0.582959592 0.973623097 0
vt 0.531905472 0.991510808 0
vt 0.531905472 0.986917615 0
vt 0.539279938 0.986917555 0
vt 0.539279938 0.991510689 0
vt 0.442433834 0.999921858 0
vt 0.437840223 0.999921978 0
vt 0.437840223 0.991474867 0
vt 0.442433834 0.991474807 0
vt 0.319858164 0.986753106 0
vt 0.319858164 0.978306115 0
vt 0.323687255 0.978288949 0
vt 0.323687255 0.98673594 0
vt 0.225764558 0.978211582 0
vt 0.233139008 0.978211582 0
vt 0.233139008 0.981712461 0
vt 0.229593679 0.981712461 0
vt 0.959071219 0.304023176 0
vt 0.959071219 0.312470257 0
vt 0.951696932 0.312470198 0
vt 0.951696932 0.304023117 0
vt 0.377544194 0.926283062 0
vt 0.380117774 0.926283062 0
vt 0.380117774 0.934730053 0
vt 0.377544224 0.934730053 0
vt 0.976191163 0.072272487 0
vt 0.981411397 0.0722733513 0
vt 0.981411397 0.0807204321 0
vt 0.976191163 0.0807195678 0
vt 0.486183017 0.983395159 0
vt 0.487154812 0.978193104 0
vt 0.489728361 0.9833951 0
vt 0.233139008 0.986914754 0
vt 0.230565459 0.986914694 0
vt 0.233139023 0.973618209 0
vt 0.225764573 0.973618269 0
vt 0.482353926 0.991489112 0
vt 0.482353926 0.986895919 0
vt 0.489728361 0.986895859 0
vt 0.489728361 0.991488993 0
vt 0.544848859 0.991535306 0
vt 0.54944247 0.991535246 0
vt 0.54944247 0.999982297 0
vt 0.544848859 0.999982417 0
vt 0.308648616 0.987373948 0
vt 0.308648616 0.978926957 0
vt 0.312477708 0.97890985 0
vt 0.312477708 0.987356782 0
vt 0.915789783 0.982544184 0
vt 0.908415318 0.982544184 0
vt 0.908415318 0.979043305 0
vt 0.911960661 0.979043305 0
vt 0.967935979 0.528217554 0
vt 0.967935979 0.536664605 0
vt 0.960561693 0.536664546 0
vt 0.960561693 0.528217494 0
vt 0.735348046 0.927321792 0
vt 0.735348046 0.935768783 0
vt 0.732774496 0.935768783 0
vt 0.977334976 0.85903734 0
vt 0.972114742 0.859036446 0
vt 0.972114742 0.850589395 0
vt 0.977334976 0.850590289 0
vt 0.548677981 0.983441293 0
vt 0.549649775 0.978239238 0
vt 0.552223325 0.983441234 0
vt 0.908415318 0.973841012 0
vt 0.910988867 0.973841012 0
vt 0.908415318 0.987137496 0
vt 0.915789783 0.987137496 0
vt 0.544848859 0.991535246 0
vt 0.544848859 0.986942053 0
vt 0.552223325 0.986941993 0
vt 0.552223325 0.991535187 0
vt 0.562656879 0.99999994 0
vt 0.558063269 1 0
vt 0.558063328 0.991552949 0
vt 0.562656879 0.99155283 0
vt 0.125604257 0.991796315 0
vt 0.125604272 0.983349323 0
vt 0.129433349 0.983332157 0
vt 0.129433349 0.991779149 0
vt 0.457218409 0.979984581 0
vt 0.464592874 0.979984581 0
vt 0.464592874 0.98348546 0
vt 0.46104753 0.98348546 0
vt 0.961579204 0.585211873 0
vt 0.961579204 0.576764762 0
vt 0.96895349 0.576764822 0
vt 0.96895349 0.585211873 0
vt 0.654038489 0.932857513 0
vt 0.651464939 0.932857513 0
vt 0.973937213 0.191155881 0
vt 0.968716979 0.191155002 0
vt 0.968716919 0.182707921 0
vt 0.973937213 0.1827088 0
vt 0.268994719 0.983414888 0
vt 0.269966483 0.978212833 0
vt 0.272540063 0.978212833 0
vt 0.272540063 0.983414829 0
vt 0.464592874 0.988687694 0
vt 0.462019295 0.988687694 0
vt 0.464592874 0.975391269 0
vt 0.457218438 0.975391269 0
vt 0.265165597 0.991508842 0
vt 0.265165597 0.986915648 0
vt 0.272540063 0.986915588 0
vt 0.272540063 0.991508722 0
vt 0.519746542 0.99153471 0
vt 0.524340153 0.991534591 0
vt 0.524340153 0.999981701 0
vt 0.519746542 0.999981761 0
vt 0.020308027 0.987367868 0
vt 0.0129335793 0.98736769 0
vt 0.0129335746 0.983867347 0
vt 0.0164789148 0.983867407 0
vt 0.874899447 0.989806175 0
vt 0.874899447 0.981359184 0
vt 0.878728569 0.981342018 0
vt 0.878728569 0.989789009 0
vt 0.925775409 0.161893442 0
vt 0.925775409 0.170340374 0
vt 0.918400943 0.170340434 0
vt 0.918401003 0.161893517 0
vt 0.363405168 0.756845891 0
vt 0.365978718 0.748398781 0
vt 0.758204162 0.996759057 0
vt 0.752991736 0.996759892 0
vt 0.752991736 0.98831284 0
vt 0.758204162 0.988312006 0
vt 0.987379372 0.364497095 0
vt 0.988351166 0.359294862 0
vt 0.990924716 0.359294862 0
vt 0.990924716 0.364497095 0
vt 0.0155071244 0.978665948 0
vt 0.0129335746 0.991960287 0
vt 0.020308027 0.991960466 0
vt 0.983550251 0.372591168 0
vt 0.983550251 0.367997885 0
vt 0.990924716 0.367997944 0
vt 0.990924716 0.372591227 0
vt 0.995224535 0.423920006 0
vt 0.999818683 0.423920035 0
vt 0.999818683 0.432367116 0
vt 0.995224595 0.432367086 0
vt 0.968953431 0.585211873 0
vt 0.968953431 0.576764822 0
vt 0.972799659 0.576764762 0
vt 0.972799659 0.585211873 0
vt 0.855959535 0.983263612 0
vt 0.863334 0.983263791 0
vt 0.863334 0.986764073 0
vt 0.859788656 0.986764073 0
vt 0.961342514 0.191154897 0
vt 0.961342514 0.18270798 0
vt 0.968716979 0.182707921 0
vt 0.968716979 0.191154823 0
vt 0.430104673 0.943173766 0
vt 0.427531123 0.943173766 0
vt 0.427531123 0.934726715 0
vt 0.430104673 0.934726715 0
vt 0.996189654 0.0793816298 0
vt 0.990977168 0.0793824643 0
vt 0.990977228 0.0709353909 0
vt 0.996189654 0.070934549 0
vt 0.0432769693 0.982819736 0
vt 0.0442487486 0.977617502 0
vt 0.0468223132 0.977617502 0
vt 0.0468223132 0.982819736 0
vt 0.863334 0.991965532 0
vt 0.860760391 0.991965473 0
vt 0.863334 0.978671193 0
vt 0.855959535 0.978671014 0
vt 0.0394478552 0.990913808 0
vt 0.0394478552 0.986320496 0
vt 0.0468223132 0.986320555 0
vt 0.0468223132 0.990913868 0
vt 0.020308027 0.991281569 0
vt 0.0249021854 0.991281629 0
vt 0.0249021854 0.99972868 0
vt 0.020308027 0.99972862 0
vt 0.971782386 0.50742507 0
vt 0.971782386 0.51587218 0
vt 0.967936218 0.51587224 0
vt 0.967936218 0.507425129 0
vt 0.437840194 0.987560987 0
vt 0.430465758 0.987560809 0
vt 0.430465758 0.984060526 0
vt 0.434011102 0.984060526 0
vt 0.966445684 0.312470049 0
vt 0.959071279 0.312470108 0
vt 0.959071279 0.304023176 0
vt 0.430104703 0.960067868 0
vt 0.430104703 0.951620758 0
vt 0.991261661 0.711414695 0
vt 0.996474087 0.71141386 0
vt 0.996474087 0.719860971 0
vt 0.991261661 0.719861805 0
vt 0.987713933 0.286711723 0
vt 0.986742198 0.291913927 0
vt 0.984168649 0.291913927 0
vt 0.984168649 0.286711723 0
vt 0.430465758 0.978859067 0
vt 0.433039308 0.978859127 0
vt 0.430465758 0.992153406 0
vt 0.437840194 0.992153585 0
vt 0.991543055 0.27861762 0
vt 0.991543055 0.283210933 0
vt 0.984168649 0.283210874 0
vt 0.984168649 0.278617591 0
vt 0.995291352 0.516654432 0
vt 0.999885559 0.516654491 0
vt 0.999885559 0.525101542 0
vt 0.995291412 0.525101542 0
vt 0.96192354 0.910301387 0
vt 0.96192354 0.901854277 0
vt 0.965769768 0.901854277 0
vt 0.965769768 0.910301328 0
vt 0.675329149 0.982961297 0
vt 0.682703614 0.982961476 0
vt 0.682703555 0.986461759 0
vt 0.67915827 0.986461699 0
vt 0.961295664 0.699942768 0
vt 0.961295664 0.691495836 0
vt 0.96867007 0.699942708 0
vt 0.590286314 0.957117319 0
vt 0.587712765 0.948670208 0
vt 0.996254921 0.0591449589 0
vt 0.991042435 0.0591457933 0
vt 0.991042495 0.0506987162 0
vt 0.996254921 0.050697878 0
vt 0.987496912 0.0861489475 0
vt 0.988468707 0.0809467211 0
vt 0.991042256 0.0809467435 0
vt 0.991042256 0.0861489475 0
vt 0.682703614 0.991663218 0
vt 0.680130005 0.991663158 0
vt 0.682703614 0.978368819 0
vt 0.675329149 0.9783687 0
vt 0.983667791 0.0942430347 0
vt 0.983667791 0.089649722 0
vt 0.991042256 0.0896497667 0
vt 0.991042256 0.094243072 0
vt 0.294235408 0.991256773 0
vt 0.294235408 0.999703884 0
vt 0.289641261 0.999703825 0
vt 0.452409714 0.986929417 0
vt 0.445035279 0.986929476 0
vt 0.445035279 0.983428717 0
vt 0.448580593 0.983428717 0
vt 0.967249811 0.475400537 0
vt 0.967249811 0.466953456 0
vt 0.971095979 0.466953397 0
vt 0.971095979 0.475400507 0
vt 0.976178944 0.0604834594 0
vt 0.983553231 0.0520364232 0
vt 0.983553231 0.0604835078 0
vt 0.811330557 0.91320914 0
vt 0.808757007 0.91320914 0
vt 0.808756948 0.904762149 0
vt 0.811330557 0.904762149 0
vt 0.608750165 0.989268243 0
vt 0.613959312 0.989269137 0
vt 0.613959312 0.997716188 0
vt 0.608750165 0.997715354 0
vt 0.209221631 0.978900075 0
vt 0.210193396 0.973697782 0
vt 0.21276696 0.973697782 0
vt 0.21276696 0.978900075 0
vt 0.445035249 0.978226721 0
vt 0.447608829 0.978226662 0
vt 0.445035249 0.99152267 0
vt 0.452409714 0.991522551 0
vt 0.205392525 0.986994267 0
vt 0.205392525 0.982400894 0
vt 0.212766975 0.982400894 0
vt 0.995061278 0.435709089 0
vt 0.999655604 0.435709059 0
vt 0.999655604 0.44415614 0
vt 0.995061278 0.44415617 0
vt 0.915789723 0.982288003 0
vt 0.915789723 0.973841012 0
vt 0.919618905 0.973858178 0
vt 0.919618905 0.982305169 0
vt 0.092532225 0.987013221 0
vt 0.0851577893 0.98701328 0
vt 0.0851577818 0.98351258 0
vt 0.0887031257 0.983512521 0
vt 0.975044489 0.427035958 0
vt 0.975044489 0.435483038 0
vt 0.967670202 0.435482979 0
vt 0.967670202 0.427035898 0
vt 0.394756764 0.917830944 0
vt 0.392183185 0.917830944 0
vt 0.392183185 0.909383953 0
vt 0.394756764 0.909383953 0
vt 0.992563248 0.841171205 0
vt 0.997772396 0.841172099 0
vt 0.997772396 0.84961915 0
vt 0.992563248 0.849618256 0
vt 0.986936152 0.48138395 0
vt 0.987907887 0.476181716 0
vt 0.990481436 0.476181686 0
vt 0.990481436 0.48138395 0
vt 0.0851577818 0.978310525 0
vt 0.0877313465 0.978310525 0
vt 0.0851577818 0.991606474 0
vt 0.092532225 0.991606414 0
vt 0.98310703 0.489478171 0
vt 0.98310703 0.484884799 0
vt 0.990481436 0.484884799 0
vt 0.0119687533 0.990839303 0
vt 0.0119687533 0.999286413 0
vt 0.00737443846 0.999286413 0
vt 0.760366142 0.983462453 0
vt 0.760366142 0.975015521 0
vt 0.764195263 0.975032628 0
vt 0.764195263 0.983479619 0
vt 0.0741414577 0.982905209 0
vt 0.0815158859 0.98290509 0
vt 0.0815158933 0.986405849 0
vt 0.0779705569 0.986405849 0
vt 0.964740455 0.859036505 0
vt 0.964740455 0.850589395 0
vt 0.972114742 0.850589454 0
vt 0.972114742 0.859036565 0
vt 0.427531123 0.917832673 0
vt 0.427531123 0.909385681 0
vt 0.430104703 0.909385681 0
vt 0.997825623 0.820292234 0
vt 0.992616475 0.8202914 0
vt 0.997825623 0.811845183 0
vt 0.78157562 0.98198241 0
vt 0.780603826 0.987184644 0
vt 0.778030276 0.98198241 0
vt 0.0815158933 0.991607845 0
vt 0.0789423361 0.991607904 0
vt 0.0815158859 0.978311956 0
vt 0.0741414502 0.978312016 0
vt 0.785404742 0.973888159 0
vt 0.785404742 0.978481531 0
vt 0.778030276 0.978481591 0
vt 0.778030276 0.973888218 0
vt 0.543874264 0.999277413 0
vt 0.539279938 0.999277472 0
vt 0.539279938 0.990830421 0
vt 0.543874264 0.990830362 0
vt 0.979159892 0.361164778 0
vt 0.979159892 0.352717787 0
vt 0.982989013 0.352734923 0
vt 0.982989013 0.361181915 0
vt 0.639899433 0.982961953 0
vt 0.647273898 0.982961833 0
vt 0.647273898 0.986462593 0
vt 0.643728554 0.986462653 0
vt 0.975044489 0.435482979 0
vt 0.975044489 0.427035898 0
vt 0.982418776 0.427035958 0
vt 0.982418776 0.435483038 0
vt 0.808757007 0.896315157 0
vt 0.811330557 0.896315157 0
vt 0.997825623 0.82874018 0
vt 0.992616475 0.828739345 0
vt 0.992616475 0.820292234 0
vt 0.997825623 0.820293069 0
vt 0.756820798 0.980217755 0
vt 0.757792592 0.975015521 0
vt 0.760366142 0.980217755 0
vt 0.647273898 0.991664648 0
vt 0.644700348 0.991664648 0
vt 0.647273898 0.9783687 0
vt 0.639899433 0.978368759 0
vt 0.752991736 0.988312006 0
vt 0.752991736 0.983718634 0
vt 0.760366142 0.983718574 0
vt 0.760366142 0.988311946 0
vt 0.556817651 0.9908548 0
vt 0.556817651 0.99930191 0
vt 0.552223325 0.99930191 0
vt 0.825621843 0.986010253 0
vt 0.818247378 0.986010194 0
vt 0.818247378 0.982509375 0
vt 0.821792722 0.982509375 0
vt 0.904138803 0.982622564 0
vt 0.907967925 0.974192739 0
vt 0.907967925 0.98263973 0
vt 0.970276415 0.20294416 0
vt 0.970276415 0.211391062 0
vt 0.96290195 0.211391136 0
vt 0.96290195 0.202944204 0
vt 0.654038429 0.966645598 0
vt 0.654038429 0.975092709 0
vt 0.651464939 0.975092709 0
vt 0.999024332 0.924805105 0
vt 0.993817389 0.924805403 0
vt 0.993817389 0.916358352 0
vt 0.999024332 0.916357994 0
vt 0.81308347 0.985771954 0
vt 0.814055204 0.980570555 0
vt 0.816628814 0.980570614 0
vt 0.816628814 0.985772073 0
vt 0.818247378 0.977307141 0
vt 0.820820928 0.9773072 0
vt 0.818247378 0.990603507 0
vt 0.825621843 0.990603566 0
vt 0.809254348 0.993864894 0
vt 0.809254348 0.989272237 0
vt 0.816628814 0.989272356 0
vt 0.816628814 0.993865013 0
vt 0.502574921 0.988929272 0
vt 0.507169247 0.988929331 0
vt 0.507169247 0.997376382 0
vt 0.502574921 0.997376382 0
vt 0.999666393 0.57364893 0
vt 0.999666393 0.58209604 0
vt 0.995854497 0.582095981 0
vt 0.995854497 0.57364887 0
vt 0.990977228 0.0087030828 0
vt 0.983602762 0.0087030232 0
vt 0.983602762 0.00520220911 0
vt 0.987148106 0.00520220911 0
vt 0.964740515 0.850589395 0
vt 0.964740515 0.859036326 0
vt 0.957366049 0.859036386 0
vt 0.957366049 0.850589454 0
vt 0.732774556 0.961109936 0
vt 0.735348046 0.961109936 0
vt 0.735348046 0.969557047 0
vt 0.732774556 0.969557047 0
vt 0.998444557 0.964727402 0
vt 0.993237615 0.964727759 0
vt 0.993237615 0.956280708 0
vt 0.998444557 0.956280351 0
vt 0.989165664 0.784773827 0
vt 0.98819387 0.789975286 0
vt 0.98562032 0.789975226 0
vt 0.98562032 0.784773767 0
vt 0.986176312 1.965204e-08 0
vt 0.983602762 0.0132963341 0
vt 0.990977228 0.0132963927 0
vt 0.992994726 0.776680946 0
vt 0.992994726 0.781273544 0
vt 0.98562032 0.781273484 0
vt 0.98562026 0.776680827 0
vt 0.531715333 0.988909185 0
vt 0.531715333 0.997356236 0
vt 0.527121007 0.997356236 0
vt 0.999666393 0.565201819 0
vt 0.999666393 0.57364887 0
vt 0.995854497 0.565201759 0
vt 0.983351946 0.601530075 0
vt 0.990726411 0.601530135 0
vt 0.990726411 0.605031013 0
vt 0.987181067 0.605030954 0
vt 0.961441755 0.0402466394 0
vt 0.961441755 0.0317997262 0
vt 0.968816161 0.031799674 0
vt 0.968816161 0.0402465947 0
vt 0.694280446 0.940740705 0
vt 0.696853936 0.940740705 0
vt 0.696853936 0.949187756 0
vt 0.694280446 0.949187756 0
vt 0.964066982 0.989757955 0
vt 0.969273925 0.989757597 0
vt 0.969273925 0.998204648 0
vt 0.964066982 0.998205006 0
vt 0.990409791 0.883613288 0
vt 0.989437997 0.888814688 0
vt 0.986864448 0.888814688 0
vt 0.986864448 0.883613229 0
vt 0.990726411 0.610233188 0
vt 0.988152862 0.610233188 0
vt 0.990726411 0.596936822 0
vt 0.983351946 0.596936762 0
vt 0.994238913 0.875520408 0
vt 0.994238913 0.880113065 0
vt 0.986864448 0.880112886 0
vt 0.986864448 0.875520289 0
vt 0.688821554 0.988396466 0
vt 0.69341594 0.988396466 0
vt 0.69341594 0.996843576 0
vt 0.688821554 0.996843576 0
vt 0.999862134 0.0809467584 0
vt 0.999862134 0.0893938467 0
vt 0.996050239 0.089393802 0
vt 0.990727007 0.558557034 0
vt 0.983352602 0.558556974 0
vt 0.983352602 0.555056155 0
vt 0.986897945 0.555056155 0
vt 0.975310504 0.528217494 0
vt 0.975310504 0.536664426 0
vt 0.967936039 0.536664486 0
vt 0.967936039 0.528217554 0
vt 0.732774436 0.952662885 0
vt 0.735347986 0.952662885 0
vt 0.735347986 0.961109936 0
vt 0.732774436 0.961109936 0
vt 0.993665814 0.652756214 0
vt 0.998872757 0.652755916 0
vt 0.998872757 0.661202967 0
vt 0.993665814 0.661203325 0
vt 0.989692211 0.935410798 0
vt 0.990664005 0.930209398 0
vt 0.993237555 0.930209458 0
vt 0.993237555 0.935410857 0
vt 0.985926151 0.549853921 0
vt 0.983352602 0.563150287 0
vt 0.98586309 0.943503737 0
vt 0.98586309 0.93891108 0
vt 0.993237555 0.9389112 0
vt 0.993237555 0.943503797 0
vt 0.582650363 0.986721456 0
vt 0.578055978 0.986721456 0
vt 0.578055978 0.978274345 0
vt 0.582650363 0.978274345 0
vt 0.999873877 0.0202367175 0
vt 0.999873877 0.0286838021 0
vt 0.996061981 0.028683763 0
vt 0.996061981 0.0202366784 0
vt 0.225764558 0.867368937 0
vt 0.225764573 0.847793818 0
vt 0.238777786 0.847793698 0
vt 0.238777786 0.867368817 0
vt 0.950330436 0.585639119 0
vt 0.950330436 0.598984718 0
vt 0.937317193 0.59898448 0
vt 0.937317193 0.585638881 0
vt 0.142773598 0.841847062 0
vt 0.142773598 0.861422181 0
vt 0.12976037 0.8614223 0
vt 0.12976037 0.841847181 0
vt 0.919999957 0.395236671 0
vt 0.919999897 0.381889135 0
vt 0.933013141 0.381889135 0
vt 0.933013141 0.395236671 0
vt 0.218405604 0.846613646 0
vt 0.218405604 0.870124519 0
vt 0.205392525 0.870124519 0
vt 0.205392525 0.846613646 0
vt 0.380548298 0.860009551 0
vt 0.367198169 0.860009491 0
vt 0.365978807 0.858041763 0
vt 0.365978748 0.838466227 0
vt 0.367198169 0.836498559 0
vt 0.380548298 0.836498678 0
vt 0.225766033 0.845833838 0
vt 0.238779262 0.845833778 0
vt 0.238779262 0.869344175 0
vt 0.225766033 0.869344294 0
vt 0.63146168 0.834630609 0
vt 0.632681072 0.836598337 0
vt 0.632681072 0.856173813 0
vt 0.63146168 0.858141482 0
vt 0.380548298 0.953451633 0
vt 0.380548298 0.940106034 0
vt 0.393561512 0.940106273 0
vt 0.393561512 0.953451812 0
vt 0.924303949 0.58563894 0
vt 0.924304008 0.598986447 0
vt 0.911290765 0.598986447 0
vt 0.911290705 0.585638881 0
vt 0.76600486 0.872055888 0
vt 0.76600486 0.848544955 0
vt 0.779017925 0.848544955 0
vt 0.779017925 0.872055829 0
vt 0.417115629 0.860009372 0
vt 0.415896237 0.858041704 0
vt 0.415896237 0.838466167 0
vt 0.417115629 0.836498499 0
vt 0.430465758 0.836498618 0
vt 0.142772123 0.863382161 0
vt 0.129758894 0.86338228 0
vt 0.129758894 0.839871824 0
vt 0.142772123 0.839871705 0
vt 0.669039011 0.858141899 0
vt 0.655688405 0.858141899 0
vt 0.654469013 0.856174231 0
vt 0.654469013 0.836598694 0
vt 0.655688345 0.834631026 0
vt 0.669039011 0.834631026 0
vt 0.798640788 0.865656257 0
vt 0.798640788 0.846081138 0
vt 0.811654031 0.846081078 0
vt 0.811654031 0.865656197 0
vt 0.924304008 0.59898448 0
vt 0.924304008 0.585638881 0
vt 0.937317252 0.585639119 0
vt 0.937317252 0.598984778 0
vt 0.734260917 0.585511208 0
vt 0.734260917 0.598858774 0
vt 0.721247673 0.598858654 0
vt 0.721247673 0.585511029 0
vt 0.766004801 0.848544955 0
vt 0.766004801 0.872055888 0
vt 0.752991736 0.872055888 0
vt 0.752991736 0.848544955 0
vt 0.395117849 0.860009551 0
vt 0.38176766 0.860009432 0
vt 0.380548328 0.858041763 0
vt 0.380548298 0.838466227 0
vt 0.38176769 0.836498559 0
vt 0.395117849 0.836498678 0
vt 0.798642278 0.844121218 0
vt 0.811655521 0.867631555 0
vt 0.798642278 0.867631674 0
vt 0.683609068 0.858141899 0
vt 0.670258403 0.858141899 0
vt 0.669039011 0.856174231 0
vt 0.669039071 0.836598694 0
vt 0.670258403 0.834631026 0
vt 0.683609068 0.834631026 0
vt 0.456600636 0.966709554 0
vt 0.445035249 0.966709554 0
vt 0.445035249 0.95514667 0
vt 0.456600636 0.95514667 0
vt 0.973006666 0.031799674 0
vt 0.961441755 0.0317995921 0
vt 0.973006666 0.0202367567 0
vt 0.929554403 0.353274047 0
vt 0.917990863 0.353274256 0
vt 0.917990863 0.333037794 0
vt 0.929554403 0.333037585 0
vt 0.2373299 0.90981698 0
vt 0.2373299 0.889580786 0
vt 0.248895347 0.90981698 0
vt 0.925788939 0.49641794 0
vt 0.925788939 0.516654432 0
vt 0.914223731 0.516654313 0
vt 0.914223731 0.49641788 0
vt 0.162376076 0.903304636 0
vt 0.162376076 0.923541129 0
vt 0.150810868 0.923541009 0
vt 0.150810868 0.903304577 0
vt 0.929554403 0.272327334 0
vt 0.917990863 0.272327513 0
vt 0.917990863 0.25209105 0
vt 0.929554403 0.252090871 0
vt 0.626671851 0.964408755 0
vt 0.615106463 0.964408696 0
vt 0.615106463 0.952845812 0
vt 0.626671851 0.952845812 0
vt 0.797191024 0.971984148 0
vt 0.785626113 0.971984029 0
vt 0.797191024 0.960421205 0
vt 0.841378331 0.900677323 0
vt 0.841378331 0.88044107 0
vt 0.852943778 0.88044107 0
vt 0.852943778 0.900677323 0
vt 0.965218484 0.930209398 0
vt 0.965218484 0.941772282 0
vt 0.953653038 0.941772282 0
vt 0.953653038 0.930209398 0
vt 0.972904503 0.754711866 0
vt 0.972904503 0.766274273 0
vt 0.961339056 0.766274393 0
vt 0.961339056 0.754711986 0
vt 0.929964542 0.0202364642 0
vt 0.918400943 0.0202366784 0
vt 0.918400943 2.11259419e-07 0
vt 0.929964483 0 0
vt 0.747282624 0.900969744 0
vt 0.735717177 0.900969744 0
vt 0.735717177 0.88073349 0
vt 0.392113537 0.89992696 0
vt 0.392113537 0.920163393 0
vt 0.380548298 0.920163333 0
vt 0.380548298 0.899926841 0
vt 0.965218484 0.953335106 0
vt 0.965218484 0.96489799 0
vt 0.953653038 0.96489799 0
vt 0.953653038 0.953335166 0
vt 0.972860634 0.691495717 0
vt 0.961295664 0.691495657 0
vt 0.972860634 0.679932833 0
vt 0.679518163 0.955349445 0
vt 0.667954624 0.955349684 0
vt 0.667954624 0.937974393 0
vt 0.679518163 0.937974155 0
vt 0.804055989 0.398450345 0
vt 0.804055989 0.381075203 0
vt 0.815621436 0.381075203 0
vt 0.815621436 0.398450345 0
vt 0.942983806 0.907666624 0
vt 0.942983806 0.890291333 0
vt 0.954549074 0.890291393 0
vt 0.954549074 0.907666683 0
vt 0.0783324689 0.955269337 0
vt 0.0783324689 0.966832221 0
vt 0.0667670146 0.966832221 0
vt 0.0667670146 0.955269396 0
vt 0.355543613 0.906127334 0
vt 0.355543613 0.926363766 0
vt 0.343978405 0.926363707 0
vt 0.343978435 0.906127214 0
vt 0.942954838 0.973291159 0
vt 0.931389928 0.973291039 0
vt 0.931389928 0.961728096 0
vt 0.942954838 0.961728215 0
vt 0.929964483 0.141656533 0
vt 0.918400943 0.141656756 0
vt 0.918400943 0.121420294 0
vt 0.929964483 0.121420063 0
vt 0.558063269 0.902204752 0
vt 0.558063269 0.881968498 0
vt 0.569628716 0.881968498 0
vt 0.569628716 0.902204752 0
vt 0.301229864 0.901527166 0
vt 0.301229864 0.921763659 0
vt 0.289664626 0.921763539 0
vt 0.289664626 0.901527107 0
vt 0.380548298 0.965014696 0
vt 0.380548298 0.953451872 0
vt 0.392113745 0.965014756 0
vt 0.343978405 0.906127214 0
vt 0.343978405 0.885890961 0
vt 0.355543852 0.885890961 0
vt 0.355543882 0.906127214 0
vt 0.971440852 0.455390841 0
vt 0.971440852 0.466953278 0
vt 0.959875345 0.466953397 0
vt 0.959875345 0.45539102 0
vt 0.24889341 0.930053473 0
vt 0.2373299 0.930053711 0
vt 0.2373299 0.909817278 0
vt 0.24889341 0.90981704 0
vt 0.253241599 0.889580905 0
vt 0.264807045 0.869344652 0
vt 0.264807075 0.889580905 0
vt 0.818247378 0.920913815 0
vt 0.818247378 0.900677323 0
vt 0.829812586 0.900677443 0
vt 0.829812586 0.920913875 0
vt 0.288669735 0.96604687 0
vt 0.277104348 0.96604681 0
vt 0.277104378 0.954483926 0
vt 0.288669735 0.954483926 0
vt 0.929964483 0.0607098117 0
vt 0.918400943 0.0607100315 0
vt 0.918400943 0.0404735766 0
vt 0.929964483 0.0404733606 0
vt 0.973007798 8.84341773e-08 0
vt 0.973007798 0.0115629947 0
vt 0.961442828 0.0115629165 0
vt 0.929964483 0.101183191 0
vt 0.918400943 0.1011834 0
vt 0.918400943 0.0809469298 0
vt 0.929964483 0.0809467211 0
vt 0.495200425 0.902202964 0
vt 0.506765902 0.902202964 0
vt 0.406817585 0.899926305 0
vt 0.406817585 0.920162797 0
vt 0.395252377 0.920162678 0
vt 0.395252377 0.899926245 0
vt 0.972905457 0.73196888 0
vt 0.961340487 0.73196882 0
vt 0.972905457 0.720405936 0
vt 0.966114402 0.901854277 0
vt 0.954549074 0.901854217 0
vt 0.954549074 0.890291333 0
vt 0.966114402 0.890291333 0
vt 0.556414306 0.955087066 0
vt 0.556414306 0.96664995 0
vt 0.127626404 0.960524201 0
vt 0.127626404 0.972087145 0
vt 0.116061486 0.972087026 0
vt 0.929964483 0.0809465051 0
vt 0.918400943 0.0809467211 0
vt 0.918400943 0.0607102476 0
vt 0.929964483 0.0607100315 0
vt 0.855959535 0.900678635 0
vt 0.855959535 0.880442441 0
vt 0.867524981 0.880442441 0
vt 0.867524981 0.900678635 0
vt 0.365978748 0.920168042 0
vt 0.365978748 0.89993155 0
vt 0.377543986 0.899931669 0
vt 0.377543986 0.920168102 0
vt 0.974507987 0.303570658 0
vt 0.962944448 0.303570867 0
vt 0.962944448 0.292007983 0
vt 0.974507987 0.292007774 0
vt 0.96763593 0.870826066 0
vt 0.956070662 0.870826125 0
vt 0.956070662 0.859263241 0
vt 0.917750835 0.659696043 0
vt 0.917750835 0.63945955 0
vt 0.929315746 0.63945967 0
vt 0.31279543 0.901527107 0
vt 0.312795401 0.881290615 0
vt 0.324360728 0.881290615 0
vt 0.324360728 0.901527107 0
vt 0.544848919 0.902205408 0
vt 0.556414306 0.902205348 0
vt 0.556414306 0.922441423 0
vt 0.569628716 0.955085993 0
vt 0.569628716 0.966648817 0
vt 0.558063269 0.955085993 0
vt 0.679519892 0.918293774 0
vt 0.667954624 0.918293834 0
vt 0.667954624 0.898057401 0
vt 0.679519892 0.898057342 0
vt 0.973144114 0.576764762 0
vt 0.961579204 0.576764703 0
vt 0.973144114 0.565201879 0
vt 0.918401003 0.0202368833 0
vt 0.929964483 0.0202366784 0
vt 0.929964483 0.0404731482 0
vt 0.918400943 0.0404733606 0
vt 0.603540957 0.898061633 0
vt 0.615106404 0.877825379 0
vt 0.615106463 0.898061633 0
vt 0.582246721 0.902202427 0
vt 0.582246721 0.92243886 0
vt 0.570681512 0.9224388 0
vt 0.570681512 0.902202308 0
vt 0.974500954 0.243417099 0
vt 0.962937415 0.243417293 0
vt 0.962937415 0.231854379 0
vt 0.974500954 0.231854171 0
vt 0.0656315163 0.96703583 0
vt 0.0540662669 0.955472946 0
vt 0.0656315163 0.955472887 0
vt 0.917750835 0.659696162 0
vt 0.929315746 0.659696281 0
vt 0.917750835 0.679932654 0
vt 0.430465758 0.899926007 0
vt 0.430465758 0.879689515 0
vt 0.442031085 0.899926007 0
vt 0.914223731 0.476181746 0
vt 0.91422379 0.455945671 0
vt 0.925789177 0.455945581 0
vt 0.925789177 0.476181656 0
vt 0.925789177 0.415472895 0
vt 0.925789177 0.43570894 0
vt 0.91422379 0.435709029 0
vt 0.914223731 0.415472984 0
vt 0.250344604 0.869344294 0
vt 0.250344604 0.889580786 0
vt 0.238779277 0.889580786 0
vt 0.764557064 0.872055888 0
vt 0.764557064 0.89229238 0
vt 0.752991736 0.89229238 0
vt 0.919978917 0.973840833 0
vt 0.908415318 0.962278128 0
vt 0.919978917 0.962277889 0
vt 0.194237739 0.92783308 0
vt 0.182672828 0.927832961 0
vt 0.182672784 0.907596529 0
vt 0.194237739 0.907596588 0
vt 0.915860653 0.361346126 0
vt 0.915860653 0.38158223 0
vt 0.904295206 0.361346215 0
vt 0.312483788 0.95524621 0
vt 0.324049056 0.95524615 0
vt 0.324049056 0.966809094 0
vt 0.312483728 0.966809154 0
vt 0.976782024 0.96489805 0
vt 0.965218484 0.964898229 0
vt 0.965218544 0.953335285 0
vt 0.976782024 0.953335106 0
vt 0.929555714 0.231854185 0
vt 0.917990863 0.231854066 0
vt 0.917990863 0.211617604 0
vt 0.929555714 0.211617708 0
vt 0.651464701 0.966913879 0
vt 0.639899433 0.966913998 0
vt 0.639899433 0.955351055 0
vt 0.651464701 0.955350935 0
vt 0.127626434 0.928444862 0
vt 0.116061509 0.928444803 0
vt 0.116061471 0.908208311 0
vt 0.127626389 0.90820837 0
vt 0.127626806 0.887971818 0
vt 0.116061471 0.887971818 0
vt 0.116061471 0.867735326 0
vt 0.915860653 0.171144873 0
vt 0.915860653 0.191380948 0
vt 0.904295206 0.191381037 0
vt 0.904295206 0.171144962 0
vt 0.66603446 0.955353081 0
vt 0.66603446 0.966915786 0
vt 0.654469013 0.966915727 0
vt 0.654469013 0.955353022 0
vt 0.896764398 0.962612689 0
vt 0.908327937 0.96261245 0
vt 0.908327937 0.974175394 0
vt 0.896764398 0.974175572 0
vt 0.972903967 0.752205491 0
vt 0.961339056 0.752205372 0
vt 0.972903967 0.740642548 0
vt 0.732774496 0.966773331 0
vt 0.721209168 0.955210388 0
vt 0.732774496 0.955210388 0
vt 0.910855532 0.839026749 0
vt 0.92242074 0.859263182 0
vt 0.910855532 0.859263182 0
vt 0.312795401 0.901526868 0
vt 0.301229954 0.901526809 0
vt 0.301229954 0.881290615 0
vt 0.324360967 0.901527166 0
vt 0.324360937 0.921763659 0
vt 0.312795728 0.921763539 0
vt 0.312795728 0.901527107 0
vt 0.972992659 0.153219789 0
vt 0.961427748 0.15321967 0
vt 0.972992659 0.141656876 0
vt 0 0.955122769 0
vt 0.0115653807 0.955122769 0
vt 0.0115653807 0.966685653 0
vt 9.8281685e-09 0.966685653 0
vt 0.747282386 0.921206236 0
vt 0.735717177 0.921206295 0
vt 0.735717177 0.900969803 0
vt 0.747282386 0.900969744 0
vt 0.808756948 0.90810436 0
vt 0.797191501 0.90810436 0
vt 0.797191501 0.887868106 0
vt 0.914223731 0.536890924 0
vt 0.914223731 0.516654432 0
vt 0.925788999 0.516654491 0
vt 0.925788999 0.536890984 0
vt 0.972992659 0.167289242 0
vt 0.961427748 0.167289123 0
vt 0.972992659 0.155726328 0
vt 0.289641261 0.966234684 0
vt 0.289641261 0.95467186 0
vt 0.301206708 0.95467186 0
vt 0.301206708 0.966234744 0
vt 0.107970543 0.955269635 0
vt 0.0964053273 0.955269694 0
vt 0.0964053273 0.937894344 0
vt 0.107970543 0.937894285 0
vt 0.804055929 0.381075203 0
vt 0.804055929 0.398450345 0
vt 0.792490482 0.398450345 0
vt 0.792490482 0.381075203 0
vt 0.0783322379 0.937894046 0
vt 0.0783322379 0.955269396 0
vt 0.0667670146 0.955269277 0
vt 0.0667670146 0.937893987 0
vt 0.972994745 0.0925097466 0
vt 0.961429894 0.0925096497 0
vt 0.972994745 0.0809468254 0
vt 0.925788939 0.536891043 0
vt 0.925788939 0.557127535 0
vt 0.914223731 0.557127416 0
vt 0.914223731 0.536890984 0
vt 0.518876612 0.96665144 0
vt 0.507311225 0.96665144 0
vt 0.507311225 0.955088496 0
vt 0.518876612 0.955088496 0
vt 0.764556944 0.912528813 0
vt 0.752991736 0.89229244 0
vt 0.764556944 0.89229238 0
vt 0.556414306 0.881969094 0
vt 0.556414306 0.902205288 0
vt 0.544848859 0.902205288 0
vt 0.544848859 0.881969094 0
vt 0.520482123 0.922439277 0
vt 0.520482123 0.902202785 0
vt 0.532047391 0.902202904 0
vt 0.532047391 0.922439337 0
vt 0.971495867 0.395236701 0
vt 0.971495867 0.406799167 0
vt 0.95993042 0.39523679 0
vt 0.0394478552 0.900922656 0
vt 0.0394478552 0.880686402 0
vt 0.0510133132 0.880686402 0
vt 0.0510133132 0.900922656 0
vt 0.953653038 0.953335106 0
vt 0.216957793 0.910597265 0
vt 0.205392525 0.910597324 0
vt 0.205392554 0.890360832 0
vt 0.216957793 0.890360773 0
vt 0.651464939 0.89805913 0
vt 0.639899433 0.89805913 0
vt 0.639899433 0.877822876 0
vt 0.445035279 0.91809088 0
vt 0.445035249 0.897854447 0
vt 0.456600517 0.897854507 0
vt 0.456600517 0.918090999 0
vt 0.972859561 0.711732328 0
vt 0.961294651 0.711732209 0
vt 0.972859561 0.700169384 0
vt 0.87909025 0.925370574 0
vt 0.867525041 0.925370634 0
vt 0.867525041 0.905134141 0
vt 0.87909025 0.905134082 0
vt 0.335926354 0.966489315 0
vt 0.324360967 0.954926372 0
vt 0.335926354 0.954926431 0
vt 0.615106225 0.918298125 0
vt 0.603540957 0.918298185 0
vt 0.603540957 0.898061693 0
vt 0.615106225 0.898061633 0
vt 0.519612074 0.881969869 0
vt 0.519612074 0.902206063 0
vt 0.508046627 0.902206063 0
vt 0.910855532 0.83902657 0
vt 0.910855532 0.818790138 0
vt 0.92242074 0.818790197 0
vt 0.0129335746 0.967076719 0
vt 0.0129335746 0.955513895 0
vt 0.0244990233 0.955513895 0
vt 0.0244990233 0.967076719 0
vt 0.972479463 0.372909188 0
vt 0.960914552 0.372909039 0
vt 0.960914552 0.361346126 0
vt 0.972479463 0.361346245 0
vt 0.808756411 0.971983969 0
vt 0.797191501 0.97198385 0
vt 0.808756411 0.960421085 0
vt 0.531905472 0.955156863 0
vt 0.543470979 0.955156863 0
vt 0.543470979 0.966719687 0
vt 0.0268311147 0.900921226 0
vt 0.0383963138 0.900921166 0
vt 0.0383963138 0.921157658 0
vt 0.0268310755 0.921157718 0
vt 0.62667191 0.877825379 0
vt 0.62667191 0.898061633 0
vt 0.615106463 0.877825379 0
vt 0.415896237 0.920165062 0
vt 0.415896237 0.89992857 0
vt 0.427461475 0.899928689 0
vt 0.427461475 0.920165122 0
vt 0.406817794 0.956103504 0
vt 0.406817824 0.967666268 0
vt 0.395252377 0.967666209 0
vt 0.974464178 0.324363798 0
vt 0.962900639 0.324363798 0
vt 0.962900877 0.312800884 0
vt 0.974464417 0.312800884 0
vt 0.602172792 0.886071026 0
vt 0.590607405 0.886070967 0
vt 0.590607405 0.865834534 0
vt 0.701690972 0.9057616 0
vt 0.701690972 0.885525167 0
vt 0.71325624 0.885525167 0
vt 0.71325624 0.9057616 0
vt 0.175391018 0.906128049 0
vt 0.175391018 0.926364124 0
vt 0.163825586 0.926364183 0
vt 0.163825586 0.906128109 0
vt 0.972715437 0.597201884 0
vt 0.961150527 0.597201765 0
vt 0.961150527 0.585638881 0
vt 0.972715437 0.585639 0
vt 0.917990863 0.292564392 0
vt 0.929554403 0.292564183 0
vt 0.929554403 0.312800676 0
vt 0.917990863 0.312800884 0
vt 0.0383965336 0.954321444 0
vt 0.0383965336 0.965884268 0
vt 0.0268310755 0.965884268 0
vt 0.0268310811 0.954321444 0
vt 0.442030996 0.920162499 0
vt 0.430465758 0.920162559 0
vt 0.430465758 0.899926066 0
vt 0.442030996 0.899926007 0
vt 0.264807016 0.889580905 0
vt 0.264807016 0.909817159 0
vt 0.253241599 0.909817159 0
vt 0.508046627 0.922442555 0
vt 0.508046627 0.902206123 0
vt 0.519611835 0.902206182 0
vt 0.519611835 0.922442675 0
vt 0.867524981 0.955808342 0
vt 0.867524981 0.967371106 0
vt 0.855959535 0.967371047 0
vt 0.97450465 0.263653785 0
vt 0.96294111 0.263653785 0
vt 0.962941349 0.252090871 0
vt 0.355543792 0.88589102 0
vt 0.355543792 0.865654528 0
vt 0.602172732 0.886071026 0
vt 0.602172732 0.906307459 0
vt 0.590607405 0.906307459 0
vt 0.914223731 0.476181805 0
vt 0.925789177 0.476181716 0
vt 0.925789177 0.496417791 0
vt 0.482353926 0.922444224 0
vt 0.482353926 0.902208149 0
vt 0.493919343 0.90220809 0
vt 0.493919343 0.922444165 0
vt 0.879090428 0.905134082 0
vt 0.879090428 0.88489759 0
vt 0.890655696 0.88489759 0
vt 0.890655756 0.905134082 0
vt 0.785626113 0.867631674 0
vt 0.797191441 0.867631674 0
vt 0.797191441 0.887868106 0
vt 0.785626173 0.887868106 0
vt 0.968944848 0.798553646 0
vt 0.968944848 0.810116291 0
vt 0.957379401 0.810116231 0
vt 0.957379401 0.798553526 0
vt 0.626671851 0.975971639 0
vt 0.615108311 0.975971878 0
vt 0.615108371 0.964408934 0
vt 0.63823539 0.975973248 0
vt 0.62667191 0.975973248 0
vt 0.626672149 0.964410305 0
vt 0.638235629 0.964410305 0
vt 0.182672784 0.867123544 0
vt 0.194238141 0.867123544 0
vt 0.194238141 0.887360036 0
vt 0.182672799 0.887359977 0
vt 0.477379084 0.8776173 0
vt 0.477379084 0.897853792 0
vt 0.465813756 0.897853792 0
vt 0.465813726 0.8776173 0
vt 0.289664656 0.901527107 0
vt 0.289664656 0.921763182 0
vt 0.278099209 0.901527166 0
vt 0.968931615 0.818233848 0
vt 0.968931615 0.829796553 0
vt 0.957366168 0.829796493 0
vt 0.957366168 0.818233788 0
vt 0.253241628 0.909817398 0
vt 0.264805108 0.909817159 0
vt 0.264805108 0.930053651 0
vt 0.876138031 0.169718742 0
vt 0.873787761 0.169944003 0
vt 0.858454943 0.0100298207 0
vt 0.860805273 0.00980454963 0
vt 0.914008498 0.764277339 0
vt 0.911290705 0.764216006 0
vt 0.914915621 0.603609681 0
vt 0.917633474 0.603671074 0
vt 0.873906434 0.196339741 0
vt 0.87624675 0.196582109 0
vt 0.859107971 0.356309623 0
vt 0.856767654 0.3560673 0
vt 0.878588438 0.196841881 0
vt 0.861449659 0.356569409 0
vt 0.911532283 0.197924525 0
vt 0.914250135 0.197862044 0
vt 0.917944074 0.358466834 0
vt 0.915226221 0.358529299 0
vt 0.87847507 0.169494778 0
vt 0.863142312 0.00958058517 0
vt 0.876807392 0.191381037 0
vt 0.879065752 0.192415059 0
vt 0.915320992 0.767211556 0
vt 0.913060665 0.768721461 0
vt 0.913300276 0.193418309 0
vt 0.915561557 0.194927275 0
vt 0.876346231 0.171832085 0
vt 0.874071598 0.172833949 0
vt 0.874383688 0.191912949 0
vt 0.878758967 0.172384724 0
vt 0.755000651 0.596363008 0
vt 0.753901958 0.594009876 0
vt 0.756376743 0.594010949 0
vt 0.756354988 0.596363664 0
vt 0.917935789 0.191381037 0
vt 0.917990863 0.193775415 0
vt 0.805208683 0.56675297 0
vt 0.802855372 0.565634608 0
vt 0.802855372 0.560966194 0
vt 0.805208683 0.56097424 0
vt 0.807564259 0.565636456 0
vt 0.807564259 0.560968041 0
vt 0.917750835 0.768362403 0
vt 0.917696774 0.770756781 0
vt 0.753902018 0.598717749 0
vt 0.756376743 0.598718822 0
vt 0.861477792 0.00634489674 0
vt 0.859362662 0.00529809156 0
vt 0.917750835 0.59904778 0
vt 0.915032983 0.598986447 0
vt 0.857621849 0.360808849 0
vt 0.85974139 0.359776586 0
vt 0.861862302 0.358761787 0
vt 0.915272951 0.360664934 0
vt 0.917990804 0.360602438 0
vt 0.863579631 0.00739298901 0
vt 0.873852074 0.363645405 0
vt 0.874117434 0.361315161 0
vt 0.878555477 0.361828893 0
vt 0.879065812 0.364248395 0
vt 0.698647797 0.911461353 0
vt 0.695974708 0.911954463 0
vt 0.697003961 0.907224894 0
vt 0.699475825 0.908355772 0
vt 0.0793683529 0.967401445 0
vt 0.0820158273 0.968019128 0
vt 0.0826982185 0.971160233 0
vt 0.0801759139 0.972174168 0
vt 0.875631154 0.00263559399 0
vt 0.875386357 0.000294377736 0
vt 0.878282666 0 0
vt 0.877749801 0.00242024683 0
vt 0.873588204 0.365993083 0
vt 0.878026247 0.366506815 0
vt 0.875862718 0.00497810729 0
vt 0.878758967 0.00468369992 0
vt 0.767381132 0.596376181 0
vt 0.768729627 0.59637177 0
vt 0.768741012 0.59871763 0
vt 0.766275525 0.598724782 0
vt 0.0848400518 0.972785056 0
vt 0.0842957273 0.975117445 0
vt 0.788046598 0.566150129 0
vt 0.78804636 0.560365915 0
vt 0.790393412 0.560355604 0
vt 0.790393412 0.565028489 0
vt 0.785684645 0.565040529 0
vt 0.785684586 0.560367584 0
vt 0.701255977 0.904477715 0
vt 0.701690912 0.906832933 0
vt 0.816447139 0.569475412 0
vt 0.818582296 0.567920327 0
vt 0.820717394 0.569006324 0
vt 0.820717394 0.571647346 0
vt 0.818582296 0.573202372 0
vt 0.816447198 0.572116435 0
vt 0.766275585 0.594017029 0
vt 0.768741012 0.594009876 0
vt 0.865604997 0.00622456754 0
vt 0.865373492 0.00388205401 0
vt 0.081714496 0.9573434 0
vt 0.0821926147 0.955269694 0
vt 0.0848400518 0.955887377 0
vt 0.0843619332 0.957961082 0
vt 0.863609016 0.3622832 0
vt 0.863874376 0.359952956 0
vt 0.863345087 0.364630908 0
vt 0.700526774 0.921617091 0
vt 0.701690912 0.92760551 0
vt 0.699017823 0.928098619 0
vt 0.697853684 0.9221102 0
vt 0.865128696 0.00154084759 0
vt 0.890576363 0.854775786 0
vt 0.890576363 0.837162256 0
vt 0.89292413 0.837162256 0
vt 0.89292413 0.854775846 0
vt 0.360182405 0.80494374 0
vt 0.360182405 0.82255733 0
vt 0.357463807 0.822557271 0
vt 0.357463777 0.80494374 0
vt 0.17764923 0.821255744 0
vt 0.17764923 0.803642511 0
vt 0.180005327 0.803651094 0
vt 0.180005327 0.821264267 0
vt 0.182358131 0.803642511 0
vt 0.182358116 0.821255684 0
vt 0.109509423 0.804948807 0
vt 0.109509423 0.822562397 0
vt 0.106790908 0.822562337 0
vt 0.106790952 0.804948807 0
vt 0.888215303 0.854775846 0
vt 0.888215303 0.837162256 0
vt 0.182355866 0.825708151 0
vt 0.180002749 0.826495469 0
vt 0.359334975 0.800479352 0
vt 0.361560941 0.802039862 0
vt 0.105412453 0.802044928 0
vt 0.107638255 0.800484419 0
vt 0.892930865 0.857679665 0
vt 0.890581906 0.856899381 0
vt 0.17764698 0.82570821 0
vt 0.888222039 0.857679665 0
vt 0.76022768 0.59636569 0
vt 0.758873343 0.596365035 0
vt 0.758851528 0.594009876 0
vt 0.761326253 0.594010949 0
vt 0.102957375 0.800949216 0
vt 0.102957413 0.798554182 0
vt 0.890561819 0.863466501 0
vt 0.890561879 0.857687771 0
vt 0.892917395 0.857681453 0
vt 0.892917395 0.862349927 0
vt 0.888208508 0.862348139 0
vt 0.888208508 0.857679665 0
vt 0.364016116 0.798549116 0
vt 0.364016116 0.800944149 0
vt 0.761326253 0.598718762 0
vt 0.758851528 0.598717749 0
vt 0.890576363 0.788378179 0
vt 0.89292413 0.788378179 0
vt 0.360182434 0.871341348 0
vt 0.357463807 0.871341348 0
vt 0.177649245 0.754859447 0
vt 0.180005342 0.754868031 0
vt 0.182358131 0.754859388 0
vt 0.109509423 0.871346414 0
vt 0.10679087 0.871346414 0
vt 0.888215303 0.788378179 0
vt 0.180002764 0.749610066 0
vt 0.182355866 0.750383258 0
vt 0.361560941 0.874245226 0
vt 0.359335005 0.875805736 0
vt 0.107638292 0.875810802 0
vt 0.105412453 0.874250233 0
vt 0.890581906 0.786254585 0
vt 0.892930865 0.7854743 0
vt 0.177646965 0.750383317 0
vt 0.888222039 0.7854743 0
vt 0.7698493 0.596363127 0
vt 0.768741071 0.594009876 0
vt 0.771202803 0.59401089 0
vt 0.77119559 0.596363723 0
vt 0.102957413 0.877740979 0
vt 0.102957413 0.875345945 0
vt 0.359420985 0.926202536 0
vt 0.357067823 0.925074756 0
vt 0.359421045 0.92045331 0
vt 0.36177671 0.925076842 0
vt 0.36177671 0.920432627 0
vt 0.364016086 0.875340939 0
vt 0.364016116 0.877735972 0
vt 0.768741071 0.598717749 0
vt 0.771202743 0.598718762 0
vt 0.180003628 0.895796955 0
vt 0.180003628 0.878183365 0
vt 0.182351395 0.878183365 0
vt 0.182351395 0.895796955 0
vt 0.870243669 0.791868925 0
vt 0.870243669 0.809482455 0
vt 0.867525041 0.809482455 0
vt 0.867525041 0.791868925 0
vt 0.883497357 0.790714085 0
vt 0.883497417 0.808327258 0
vt 0.881141305 0.808318734 0
vt 0.881141305 0.790705502 0
vt 0.878788471 0.808327317 0
vt 0.878788471 0.790714145 0
vt 0.0898532793 0.871346295 0
vt 0.0898532793 0.853732765 0
vt 0.092571795 0.853732765 0
vt 0.0925717503 0.871346354 0
vt 0.177642554 0.895796955 0
vt 0.177642554 0.878183365 0
vt 0.878790736 0.786261678 0
vt 0.881143868 0.7854743 0
vt 0.869396269 0.787404537 0
vt 0.871622205 0.788965046 0
vt 0.0939502493 0.874250233 0
vt 0.0917243659 0.875810742 0
vt 0.182358146 0.898700774 0
vt 0.180009171 0.897920489 0
vt 0.883499622 0.786261618 0
vt 0.177649304 0.898700774 0
vt 0.764899433 0.596363008 0
vt 0.766253769 0.596363664 0
vt 0.766275525 0.598718822 0
vt 0.763800919 0.598717749 0
vt 0.0964052901 0.875345945 0
vt 0.0964053273 0.877740979 0
vt 0.792746723 0.56614238 0
vt 0.792746723 0.56036365 0
vt 0.795102298 0.560357451 0
vt 0.795102298 0.565025866 0
vt 0.790393412 0.565024018 0
vt 0.87407732 0.7854743 0
vt 0.87407732 0.787869334 0
vt 0.763800919 0.594009876 0
vt 0.766275525 0.594010949 0
vt 0.180003613 0.829399288 0
vt 0.182351381 0.829399347 0
vt 0.870243669 0.858266532 0
vt 0.867525041 0.858266532 0
vt 0.883497357 0.857110381 0
vt 0.881141305 0.857101798 0
vt 0.878788471 0.857110381 0
vt 0.089853242 0.804948747 0
vt 0.092571795 0.804948747 0
vt 0.177642554 0.829399347 0
vt 0.881143868 0.862359762 0
vt 0.878790736 0.861586571 0
vt 0.871622205 0.861170411 0
vt 0.869396269 0.86273092 0
vt 0.0917244107 0.800484359 0
vt 0.0939502493 0.802044868 0
vt 0.180009171 0.827275693 0
vt 0.182358131 0.826495469 0
vt 0.883499622 0.861586511 0
vt 0.177649304 0.826495469 0
vt 0.777234435 0.596363068 0
vt 0.776126206 0.594009876 0
vt 0.778587878 0.59401089 0
vt 0.778580666 0.596363723 0
vt 0.0964052901 0.798554182 0
vt 0.0964052901 0.800949216 0
vt 0.922004521 0.56289959 0
vt 0.91965133 0.56177175 0
vt 0.92200458 0.557150364 0
vt 0.924360216 0.561773837 0
vt 0.924360216 0.557129562 0
vt 0.87407732 0.862266123 0
vt 0.87407738 0.864661157 0
vt 0.776126206 0.598717749 0
vt 0.778587878 0.598718762 0
vt 0.695174515 0.963537037 0
vt 0.683609068 0.963537037 0
vt 0.695174515 0.951974154 0
vt 0.971861303 0.476181686 0
vt 0.971861303 0.487744123 0
vt 0.960295856 0.487744212 0
vt 0.960295856 0.476181775 0
vt 0.929964483 0.121419869 0
vt 0.918400943 0.121420063 0
vt 0.918400943 0.101183593 0
vt 0.929964483 0.1011834 0
vt 0.829812825 0.900677323 0
vt 0 0.921768486 0
vt 0 0.901532054 0
vt 0.011565228 0.901532114 0
vt 0.011565228 0.921768606 0
vt 0.974508226 0.223180518 0
vt 0.962944686 0.223180726 0
vt 0.962944686 0.211617798 0
vt 0.974508226 0.211617604 0
vt 0.427461684 0.955933094 0
vt 0.427461684 0.967495799 0
vt 0.415896237 0.967495799 0
vt 0.415896237 0.955933034 0
vt 0.785626113 0.908104718 0
vt 0.797191083 0.908104777 0
vt 0.797191083 0.928341269 0
vt 0.785626113 0.92834115 0
vt 0.0782879218 0.897977531 0
vt 0.0782879069 0.877741039 0
vt 0.089853242 0.877741039 0
vt 0.089853242 0.897977531 0
vt 0.495200425 0.922439098 0
vt 0.495200425 0.902203023 0
vt 0.506765902 0.922439039 0
vt 0.752991736 0.963452458 0
vt 0.752991736 0.951889575 0
vt 0.764557183 0.951889515 0
vt 0.764557183 0.963452458 0
vt 0.971860826 0.427035928 0
vt 0.960295856 0.427035809 0
vt 0.960295856 0.415472895 0
vt 0.971860826 0.415473014 0
vt 0.929554403 0.252090633 0
vt 0.917990863 0.252090842 0
vt 0.917990863 0.231854379 0
vt 0.929554403 0.231854171 0
vt 0.615106463 0.918298125 0
vt 0.626671672 0.898061752 0
vt 0.626671672 0.918298185 0
vt 0.97453779 0.634221137 0
vt 0.96297431 0.634221137 0
vt 0.962974489 0.622658193 0
vt 0.974538028 0.622658193 0
vt 0.377543986 0.967368245 0
vt 0.365978748 0.967368305 0
vt 0.365978748 0.955805361 0
vt 0.377543986 0.955805302 0
vt 0.917750835 0.619222879 0
vt 0.917750835 0.598986447 0
vt 0.929315746 0.598986506 0
vt 0.265165627 0.901526988 0
vt 0.265165597 0.881290495 0
vt 0.276730925 0.881290495 0
vt 0.276730925 0.901526988 0
vt 0.65146488 0.89805913 0
vt 0.651464939 0.918295205 0
vt 0.639899492 0.918295324 0
vt 0.639899433 0.898059249 0
vt 0.974134326 0.659696162 0
vt 0.974134088 0.671259105 0
vt 0.962570786 0.659696162 0
vt 0.929315746 0.679932833 0
vt 0.917750835 0.700169206 0
vt 0.917750835 0.679932714 0
vt 0.956622243 0.877517223 0
vt 0.96818769 0.877517283 0
vt 0.96818769 0.889079988 0
vt 0.956622243 0.889079988 0
vt 0.713256359 0.885525167 0
vt 0.701690972 0.865288675 0
vt 0.0383963883 0.900921166 0
vt 0.0268310755 0.900921166 0
vt 0.0268310811 0.880684674 0
vt 0.0383963883 0.880684674 0
vt 0.683609068 0.892377257 0
vt 0.695174515 0.892377198 0
vt 0.695174575 0.912613273 0
vt 0.683609128 0.912613392 0
vt 0.965219915 0.910527885 0
vt 0.965219915 0.922090828 0
vt 0.953654528 0.922090828 0
vt 0.972126603 0.516654551 0
vt 0.972126603 0.528217494 0
vt 0.960561693 0.528217375 0
vt 0.960561693 0.516654432 0
vt 0.870020211 0.172833949 0
vt 0.870020211 0.190209284 0
vt 0.858454943 0.190209329 0
vt 0.858455002 0.172833994 0
vt 0.780925035 0.381075203 0
vt 0.780925035 0.398450345 0
vt 0.0783322379 0.937893987 0
vt 0.0898974761 0.937894046 0
vt 0.0898974761 0.955269337 0
vt 0.0783322528 0.955269277 0
vt 0.0510132089 0.954327226 0
vt 0.0510132089 0.96589011 0
vt 0.0394478552 0.96589011 0
vt 0.0394478552 0.954327166 0
vt 0.972126782 0.495862156 0
vt 0.972126782 0.50742507 0
vt 0.960561812 0.507424951 0
vt 0.960561812 0.495862037 0
vt 0.477378964 0.897853792 0
vt 0.477378994 0.918090284 0
vt 0.465813726 0.918090343 0
vt 0.465813726 0.897853851 0
vt 0.638237417 0.898061633 0
vt 0.638237357 0.877825379 0
vt 0.301229954 0.901527107 0
vt 0.312795192 0.901527166 0
vt 0.312795192 0.921763659 0
vt 0.301229954 0.921763539 0
vt 0.276731074 0.966492712 0
vt 0.265165627 0.954929888 0
vt 0.276731074 0.954929829 0
vt 0.973007917 0.0722723901 0
vt 0.961442471 0.072272487 0
vt 0.961442471 0.0607101135 0
vt 0.973007917 0.0607100315 0
vt 0.276730835 0.901526988 0
vt 0.276730835 0.92176348 0
vt 0.265165597 0.921763539 0
vt 0.265165597 0.901527107 0
vt 0.890655875 0.884897351 0
vt 0.879090428 0.884897351 0
vt 0.879090428 0.864661098 0
vt 0.721209168 0.900970638 0
vt 0.732774377 0.900970697 0
vt 0.732774377 0.92120713 0
vt 0.721209168 0.92120707 0
vt 0.915860653 0.171144962 0
vt 0.9274261 0.171144873 0
vt 0.9274261 0.191380948 0
vt 0.915860653 0.191381037 0
vt 0.896764398 0.890291333 0
vt 0.908329666 0.890291333 0
vt 0.908329666 0.910527766 0
vt 0.896764398 0.910527766 0
vt 0.969364762 0.785119712 0
vt 0.969364762 0.796682656 0
vt 0.957799494 0.796682656 0
vt 0.957799494 0.785119772 0
vt 0.929315686 0.700169384 0
vt 0.929315746 0.720405877 0
vt 0.917750835 0.720405757 0
vt 0.917750835 0.700169325 0
vt 0.752991736 0.975015521 0
vt 0.752991736 0.963452578 0
vt 0.764555216 0.963452399 0
vt 0.764555216 0.975015342 0
vt 0.929315746 0.720405996 0
vt 0.929315746 0.740642428 0
vt 0.917750835 0.740642369 0
vt 0.917750835 0.720405877 0
vt 0.867525041 0.88489759 0
vt 0.879090309 0.88489759 0
vt 0.879090309 0.905134082 0
vt 0.867525041 0.905134082 0
vt 0.925789177 0.415472806 0
vt 0.914223731 0.415472865 0
vt 0.91422379 0.39523679 0
vt 0.925789177 0.395236701 0
vt 0.974472821 0.598986447 0
vt 0.974472582 0.610549331 0
vt 0.962909043 0.610549331 0
vt 0.962909281 0.598986447 0
vt 0.890655994 0.969576299 0
vt 0.879090548 0.96957624 0
vt 0.879090548 0.958013594 0
vt 0.890655994 0.958013654 0
vt 0.264807016 0.973617315 0
vt 0.253241599 0.962055027 0
vt 0.264807016 0.962054968 0
vt 0.735717177 0.955211341 0
vt 0.747282505 0.955211341 0
vt 0.747282505 0.966774285 0
vt 0.639899433 0.955350935 0
vt 0.639899492 0.937975585 0
vt 0.651462972 0.937975407 0
vt 0.651462972 0.955350757 0
vt 0.827186882 0.398450345 0
vt 0.827186882 0.381075203 0
vt 0.477378964 0.955146074 0
vt 0.465813726 0.955145955 0
vt 0.465813726 0.937770665 0
vt 0.477378964 0.937770724 0
vt 0.237329468 0.962055266 0
vt 0.237329468 0.973618209 0
vt 0.225764588 0.97361815 0
vt 0.225764558 0.962055206 0
vt 0.141324118 0.923534989 0
vt 0.129758894 0.92353493 0
vt 0.129758894 0.903298438 0
vt 0.141324118 0.903298497 0
vt 0.493919402 0.966653287 0
vt 0.482353926 0.966653287 0
vt 0.482353926 0.955090463 0
vt 0.493919373 0.955090463 0
vt 0.91855216 0.58543849 0
vt 0.91855216 0.565201998 0
vt 0.93011564 0.585438251 0
vt 0.570681512 0.881966054 0
vt 0.582246959 0.881966054 0
vt 0.582246959 0.902202308 0
vt 0.0129335746 0.899444759 0
vt 0.0244988035 0.899444818 0
vt 0.0244988129 0.919681311 0
vt 0.0129335746 0.919681191 0
vt 0.971434832 0.435709208 0
vt 0.971434832 0.447272122 0
vt 0.959869862 0.447272003 0
vt 0.959869862 0.435709059 0
vt 0.163825586 0.885891795 0
vt 0.175391033 0.885891795 0
vt 0.175391033 0.906127989 0
vt 0.163825586 0.906127989 0
vt 0.638237298 0.952847362 0
vt 0.638237298 0.964410305 0
vt 0.62667191 0.964410305 0
vt 0.62667191 0.952847362 0
vt 0.929554403 0.272327513 0
vt 0.929554403 0.292564005 0
vt 0.917990863 0.292564183 0
vt 0.917990863 0.272327721 0
vt 0.0129335746 0.879208505 0
vt 0.0244990382 0.879208505 0
vt 0.0244990382 0.899444759 0
vt 0.0964053273 0.897977471 0
vt 0.107970573 0.897977531 0
vt 0.107970566 0.918214023 0
vt 0.0964053348 0.918213904 0
vt 0.908327878 0.910527825 0
vt 0.908327878 0.930764258 0
vt 0.896764398 0.910528004 0
vt 0.531312048 0.966649354 0
vt 0.519746542 0.966649354 0
vt 0.531312048 0.955086529 0
vt 0.972992837 0.121420167 0
vt 0.972992837 0.132983088 0
vt 0.961427927 0.132982999 0
vt 0.852943778 0.920913398 0
vt 0.841378331 0.920913517 0
vt 0.841378331 0.900677443 0
vt 0.732774436 0.880734146 0
vt 0.732774436 0.900970638 0
vt 0.456600606 0.877617955 0
vt 0.456600606 0.897854447 0
vt 0.445035279 0.897854447 0
vt 0.445035249 0.877617955 0
vt 0.976783395 0.910527885 0
vt 0.976783395 0.922090828 0
vt 0.965219915 0.922091007 0
vt 0.965219915 0.910528064 0
vt 0.71325618 0.958641171 0
vt 0.71325618 0.970204115 0
vt 0.701690972 0.970204175 0
vt 0.701690972 0.958641231 0
vt 0.150810868 0.967749834 0
vt 0.150810882 0.956186891 0
vt 0.162376061 0.956186771 0
vt 0.162376061 0.967749715 0
vt 0.810206115 0.867631674 0
vt 0.810206175 0.887868106 0
vt 0.798640847 0.887868106 0
vt 0.798640788 0.867631674 0
vt 0.107970655 0.877740979 0
vt 0.107970662 0.897977471 0
vt 0.0964053348 0.897977471 0
vt 0.0540662669 0.8994928 0
vt 0.0656317249 0.899492681 0
vt 0.0656317323 0.919728756 0
vt 0.0540662669 0.919728875 0
vt 0.683609068 0.975099981 0
vt 0.683609247 0.963537037 0
vt 0.695172787 0.963537037 0
vt 0.695172548 0.975099981 0
vt 0.974452615 0.651022494 0
vt 0.962889254 0.63945955 0
vt 0.797191501 0.928340912 0
vt 0.797191501 0.90810442 0
vt 0.808756471 0.908104479 0
vt 0.0964053199 0.955269694 0
vt 0.0964053273 0.966832578 0
vt 0.0848400518 0.966832638 0
vt 0.0848400593 0.955269754 0
vt 0.867525041 0.884897649 0
vt 0.867525041 0.864661098 0
vt 0.879090428 0.864661157 0
vt 0.879090428 0.884897649 0
vt 0.406817675 0.899926245 0
vt 0.395252377 0.879689753 0
vt 0.406817675 0.879689753 0
vt 0.638237357 0.918297768 0
vt 0.62667191 0.918297827 0
vt 0.62667191 0.898061752 0
vt 0.638237357 0.898061633 0
vt 0.77612257 0.951889575 0
vt 0.77612257 0.963452458 0
vt 0.972126186 0.54985404 0
vt 0.972126186 0.561416924 0
vt 0.960561216 0.561416864 0
vt 0.960561216 0.549853921 0
vt 0.838752389 0.398450583 0
vt 0.838752389 0.381075263 0
vt 0.850317657 0.381075203 0
vt 0.850317657 0.398450553 0
vt 0.769359529 0.398450345 0
vt 0.769359529 0.381075203 0
vt 0.0656315014 0.882117391 0
vt 0.0656315014 0.899492741 0
vt 0.0540662706 0.899492621 0
vt 0.506765783 0.955086172 0
vt 0.506765783 0.966649055 0
vt 0.914223731 0.435709059 0
vt 0.925788999 0.435709149 0
vt 0.925788999 0.455945611 0
vt 0.91422379 0.455945522 0
vt 0.972994089 0.101738527 0
vt 0.972994089 0.113301463 0
vt 0.961429179 0.113301381 0
vt 0.911290765 0.770756841 0
vt 0.922855973 0.790993214 0
vt 0.66603446 0.898058414 0
vt 0.654469013 0.898058414 0
vt 0.66603446 0.877822161 0
vt 0.051013086 0.921159208 0
vt 0.0394478589 0.921159148 0
vt 0.051013086 0.900922775 0
vt 0.841378331 0.953941286 0
vt 0.852943778 0.96550411 0
vt 0.841378331 0.96550411 0
vt 0.901014984 0.190201223 0
vt 0.889449537 0.190201223 0
vt 0.889449537 0.169964984 0
vt 0.901014984 0.169964984 0
vt 0.972907424 0.171144977 0
vt 0.972907424 0.182707921 0
vt 0.961342514 0.182707816 0
vt 0.961342514 0.171144873 0
vt 0.92242074 0.879499674 0
vt 0.910855532 0.859263241 0
vt 0.216958001 0.890360773 0
vt 0.205392525 0.890360773 0
vt 0.777570069 0.912528932 0
vt 0.76600486 0.912528813 0
vt 0.76600486 0.89229238 0
vt 0.777570069 0.89229244 0
vt 0.785626113 0.908104658 0
vt 0.785626113 0.887868226 0
vt 0.797191381 0.887868106 0
vt 0.797191381 0.908104599 0
vt 0.194237739 0.960736811 0
vt 0.194237739 0.972299695 0
vt 0.182672799 0.972299635 0
vt 0.829812765 0.953940034 0
vt 0.829812765 0.965502977 0
vt 0.818247378 0.953940034 0
vt 0.590607464 0.906307578 0
vt 0.602172852 0.906307459 0
vt 0.602172852 0.926543534 0
vt 0.590607405 0.926543653 0
vt 0.0115653165 0.901532054 0
vt 9.8281685e-09 0.881295562 0
vt 0.0115653118 0.881295562 0
vt 0.182672784 0.887360036 0
vt 0.194238082 0.887360036 0
vt 0.194238096 0.907596469 0
vt 0.182672784 0.907596469 0
vt 0.442031205 0.967559099 0
vt 0.430465758 0.96755904 0
vt 0.442031205 0.955996394 0
vt 0.929315746 0.619223118 0
vt 0.917750835 0.639459491 0
vt 0.917750835 0.619222999 0
vt 0.890655994 0.925369978 0
vt 0.879090548 0.905133963 0
vt 0.890655994 0.905133843 0
vt 0.974464536 0.272327513 0
vt 0.974464357 0.283890456 0
vt 0.962900817 0.283890456 0
vt 0.962900996 0.272327513 0
vt 0.129758894 0.96774292 0
vt 0.129758894 0.956180036 0
vt 0.141324133 0.956179976 0
vt 0.141324133 0.96774286 0
vt 0.929315746 0.740642548 0
vt 0.929315746 0.76087904 0
vt 0.917750835 0.760878921 0
vt 0.917750835 0.740642428 0
vt 0.974507272 0.333037585 0
vt 0.974507272 0.344600469 0
vt 0.962943733 0.344600707 0
vt 0.962943733 0.333037794 0
vt 0.929555774 0.191381127 0
vt 0.929555774 0.211617604 0
vt 0.917990863 0.211617514 0
vt 0.917990863 0.191381037 0
vt 0.127626762 0.887971818 0
vt 0.127626792 0.908208311 0
vt 0.116061479 0.908208311 0
vt 0.569628716 0.922440827 0
vt 0.558063269 0.922440946 0
vt 0.558063269 0.902204871 0
vt 0.976782024 0.941772282 0
vt 0.965218484 0.941772461 0
vt 0.965218484 0.930209577 0
vt 0.969364643 0.782319665 0
vt 0.957799435 0.782319725 0
vt 0.957799435 0.770756781 0
vt 0.205392525 0.962135434 0
vt 0.216957957 0.962135315 0
vt 0.216957957 0.973697662 0
vt 0.205392525 0.973697782 0
vt 0.0964053348 0.955269694 0
vt 0.107970782 0.955269694 0
vt 0.107970782 0.966832519 0
vt 0.0964053273 0.966832519 0
vt 0.666032553 0.937977433 0
vt 0.666032553 0.955352783 0
vt 0.654469013 0.955352962 0
vt 0.654469013 0.937977672 0
vt 0.827186942 0.381075203 0
vt 0.838752389 0.381075203 0
vt 0.838752389 0.398450345 0
vt 0.827186942 0.398450345 0
vt 0.456600487 0.93777138 0
vt 0.456600457 0.95514667 0
vt 0.445035249 0.955146611 0
vt 0.248894796 0.962054968 0
vt 0.248894796 0.973617911 0
vt 0.237329915 0.973617852 0
vt 0.2373299 0.962054908 0
vt 0.71325618 0.925998151 0
vt 0.701690972 0.925998092 0
vt 0.701690972 0.905761659 0
vt 0.71325618 0.905761719 0
vt 0.5822469 0.955085218 0
vt 0.5822469 0.966648102 0
vt 0.570681512 0.966648102 0
vt 0.570681512 0.955085158 0
vt 0.237328067 0.909817278 0
vt 0.237328067 0.930053711 0
vt 0.225764558 0.930053949 0
vt 0.225764558 0.909817457 0
vt 0.544392288 0.881966054 0
vt 0.544392288 0.902202308 0
vt 0.532826841 0.902202308 0
vt 0.92242074 0.818790078 0
vt 0.910855532 0.818790019 0
vt 0.910855532 0.798553526 0
vt 0.92242074 0.798553646 0
vt 0.960561216 0.536891103 0
vt 0.972126663 0.536890984 0
vt 0.972126663 0.548453391 0
vt 0.960561216 0.54845351 0
vt 0.141324356 0.903298438 0
vt 0.129758909 0.903298438 0
vt 0.141324341 0.883062184 0
vt 0.603541017 0.952845812 0
vt 0.615106463 0.964408636 0
vt 0.603540957 0.964408636 0
vt 0.929554403 0.312800884 0
vt 0.929554403 0.333037347 0
vt 0.917990863 0.333037555 0
vt 0.917990863 0.312801093 0
vt 0.377544194 0.89993155 0
vt 0.377544194 0.879695296 0
vt 0.919894934 0.890291393 0
vt 0.929964483 0.141656771 0
vt 0.929964483 0.161893219 0
vt 0.918400943 0.161893442 0
vt 0.918400943 0.141656995 0
vt 0.477379113 0.955146015 0
vt 0.477379113 0.966708958 0
vt 0.465813726 0.966708958 0
vt 0.465813726 0.955146015 0
vt 0.972995043 0.04047345 0
vt 0.972995043 0.0520363748 0
vt 0.961430132 0.0520362779 0
vt 0.961430073 0.0404733606 0
vt 0.974882245 0.61104846 0
vt 0.974882007 0.622611403 0
vt 0.963318527 0.622611403 0
vt 0.963318765 0.61104852 0
vt 0.879090488 0.958534241 0
vt 0.879090488 0.970096886 0
vt 0.867525041 0.970096827 0
vt 0.2373299 0.869344294 0
vt 0.225764558 0.889580786 0
vt 0.225764558 0.869344294 0
vt 0.23732987 0.909817278 0
vt 0.225764558 0.909817278 0
vt 0.225764573 0.889580786 0
vt 0.23732987 0.889580786 0
vt 0.906986713 0.565201879 0
vt 0.91855216 0.565201759 0
vt 0.91855216 0.585437834 0
vt 0.615104437 0.964408636 0
vt 0.615104437 0.97597158 0
vt 0.603540957 0.975971818 0
vt 0.603541017 0.964408875 0
vt 0.163825586 0.970570147 0
vt 0.163825586 0.959007204 0
vt 0.17539078 0.959007204 0
vt 0.17539078 0.970570087 0
vt 0.335926265 0.881290615 0
vt 0.335926265 0.901527107 0
vt 0.324360996 0.901527107 0
vt 0.324360967 0.881290615 0
vt 0.289664626 0.881290615 0
vt 0.654469013 0.898058534 0
vt 0.66603446 0.918294489 0
vt 0.77612263 0.963452458 0
vt 0.776122391 0.975015402 0
vt 0.764558911 0.975015402 0
vt 0.76455915 0.963452458 0
vt 0.355543882 0.959007084 0
vt 0.355543882 0.97056973 0
vt 0.343978435 0.97056967 0
vt 0.278099209 0.901527107 0
vt 0.289664507 0.881290615 0
vt 0.289664507 0.901527107 0
vt 0.777570188 0.872055888 0
vt 0.777570188 0.89229238 0
vt 0.855959535 0.900678754 0
vt 0.867524981 0.900678694 0
vt 0.867524981 0.920914769 0
vt 0.855959535 0.920914829 0
vt 0.965216517 0.964898229 0
vt 0.976779997 0.96489799 0
vt 0.976779997 0.976460934 0
vt 0.968931496 0.839026749 0
vt 0.968931496 0.850589395 0
vt 0.957366049 0.850589335 0
vt 0.667954624 0.898057282 0
vt 0.667954624 0.877820849 0
vt 0.679519951 0.898057282 0
vt 0.493919224 0.90220809 0
vt 0.482353926 0.90220809 0
vt 0.482353926 0.881971598 0
vt 0.493919224 0.881971598 0
vt 0.0782879144 0.897977591 0
vt 0.0898533762 0.897977531 0
vt 0.0898533762 0.918213606 0
vt 0.841378272 0.920913398 0
vt 0.829812825 0.920913517 0
vt 0.829812825 0.900677443 0
vt 0.841378272 0.900677323 0
vt 0.520482123 0.881966293 0
vt 0.532047451 0.881966352 0
vt 0.532047451 0.902202785 0
vt 0.392113596 0.879690409 0
vt 0.392113596 0.899926901 0
vt 0.602172613 0.959186852 0
vt 0.602172613 0.970749795 0
vt 0.590607405 0.970749855 0
vt 0.590607405 0.959186912 0
vt 0.953653038 0.964898229 0
vt 0.965216517 0.96489799 0
vt 0.965216517 0.976460934 0
vt 0.958009362 0.39345178 0
vt 0.958009362 0.381889135 0
vt 0.969574809 0.381889194 0
vt 0.969574809 0.39345184 0
vt 0.974505603 0.356616974 0
vt 0.962942064 0.356617182 0
vt 0.962942123 0.345054269 0
vt 0.974505603 0.34505406 0
vt 0.16237618 0.903304577 0
vt 0.695174396 0.872140706 0
vt 0.695174396 0.892377198 0
vt 0.683609068 0.892377198 0
vt 0.683609068 0.872140706 0
vt 0.324360967 0.921763241 0
vt 0.335926414 0.901527107 0
vt 0.335926414 0.921763182 0
vt 0.974465489 0.191381037 0
vt 0.974465489 0.202943951 0
vt 0.96290195 0.20294416 0
vt 0.96290195 0.191381246 0
vt 0.927425623 0.361346215 0
vt 0.927425623 0.381582707 0
vt 0.915860713 0.381582618 0
vt 0.679520071 0.955349743 0
vt 0.679520071 0.966912508 0
vt 0.667954624 0.966912448 0
vt 0.163825601 0.885891795 0
vt 0.175390974 0.865655303 0
vt 0.175390974 0.885891795 0
vt 0.415896237 0.879692078 0
vt 0.427461535 0.879692078 0
vt 0.427461565 0.899928629 0
vt 0.415896237 0.899928629 0
vt 0.532826841 0.902202427 0
vt 0.544392288 0.922438443 0
vt 0.0679862425 0.830191195 0
vt 0.0679862499 0.847804785 0
vt 0.0656384826 0.847804785 0
vt 0.0656384751 0.830191195 0
vt 0.0805822834 0.871346414 0
vt 0.0805822834 0.853732824 0
vt 0.0833009183 0.853732824 0
vt 0.0833009183 0.871346414 0
vt 0.719885528 0.803423643 0
vt 0.719885528 0.821036816 0
vt 0.717529416 0.821028233 0
vt 0.717529416 0.80341506 0
vt 0.715176642 0.821036875 0
vt 0.715176642 0.803423643 0
vt 0.0964053273 0.871346295 0
vt 0.0964053646 0.853732765 0
vt 0.0991238803 0.853732765 0
vt 0.0991238803 0.871346354 0
vt 0.0703473166 0.830191195 0
vt 0.070347324 0.847804785 0
vt 0.715178907 0.798971176 0
vt 0.717531979 0.798183858 0
vt 0.0814297497 0.875810802 0
vt 0.0792037845 0.874250293 0
vt 0.100502297 0.874250233 0
vt 0.0982764959 0.875810742 0
vt 0.0656317323 0.827287316 0
vt 0.0679806992 0.82806766 0
vt 0.719887793 0.798971176 0
vt 0.0703405663 0.827287316 0
vt 0.757752955 0.59636569 0
vt 0.756398618 0.596365035 0
vt 0.756376743 0.594009876 0
vt 0.758851528 0.594010949 0
vt 0.102957375 0.875345945 0
vt 0.102957375 0.877740979 0
vt 0.885852933 0.863466501 0
vt 0.885852993 0.857687771 0
vt 0.888208508 0.857681513 0
vt 0.888208508 0.862349927 0
vt 0.883499682 0.862348139 0
vt 0.883499622 0.857679665 0
vt 0.0767486319 0.877740979 0
vt 0.0767486319 0.875346005 0
vt 0.758851528 0.598718822 0
vt 0.756376803 0.598717749 0
vt 0.0679862425 0.896588862 0
vt 0.0656384826 0.896588802 0
vt 0.0805822834 0.804948807 0
vt 0.0833009183 0.804948807 0
vt 0.719885528 0.869819939 0
vt 0.717529416 0.869811356 0
vt 0.715176642 0.869819939 0
vt 0.0964053273 0.804948747 0
vt 0.0991238803 0.804948747 0
vt 0.070347324 0.896588802 0
vt 0.717531979 0.875069261 0
vt 0.715178907 0.874296069 0
vt 0.07920371 0.802044928 0
vt 0.0814296678 0.800484359 0
vt 0.0982764512 0.800484359 0
vt 0.100502297 0.802044928 0
vt 0.0679806992 0.898712456 0
vt 0.0656317323 0.899492681 0
vt 0.719887793 0.874296069 0
vt 0.0703405589 0.899492681 0
vt 0.772311091 0.596363127 0
vt 0.771202862 0.594009876 0
vt 0.773664534 0.59401089 0
vt 0.773657322 0.596363723 0
vt 0.102957375 0.798554182 0
vt 0.102957338 0.800949216 0
vt 0.920344055 0.35904631 0
vt 0.917990863 0.357918471 0
vt 0.920344055 0.353297085 0
vt 0.922699749 0.357920498 0
vt 0.922699749 0.353276342 0
vt 0.0767485574 0.800949216 0
vt 0.0767485574 0.798554182 0
vt 0.771202862 0.598717749 0
vt 0.773664534 0.598718762 0
vt 0.885854185 0.788378179 0
vt 0.885854185 0.805991769 0
vt 0.883506417 0.805991709 0
vt 0.883506417 0.788378179 0
vt 0.0871346146 0.871346414 0
vt 0.0871346146 0.853732824 0
vt 0.0898532048 0.853732824 0
vt 0.089853242 0.871346414 0
vt 0.874079585 0.857119977 0
vt 0.874079585 0.839506805 0
vt 0.876435697 0.839515388 0
vt 0.876435697 0.857128561 0
vt 0.878788471 0.839506745 0
vt 0.878788471 0.857119977 0
vt 0.109509423 0.871346295 0
vt 0.109509423 0.853732765 0
vt 0.112227969 0.853732765 0
vt 0.112227932 0.871346354 0
vt 0.888215244 0.788378179 0
vt 0.888215244 0.805991709 0
vt 0.878786266 0.861572444 0
vt 0.876433134 0.862359762 0
vt 0.0879820362 0.875810802 0
vt 0.0857560337 0.874250293 0
vt 0.113606431 0.874250233 0
vt 0.11138051 0.875810742 0
vt 0.883499622 0.7854743 0
vt 0.885848641 0.786254644 0
vt 0.87407732 0.861572444 0
vt 0.888208508 0.7854743 0
vt 0.762702405 0.59636569 0
vt 0.761348069 0.596365035 0
vt 0.761326253 0.594009876 0
vt 0.763800919 0.594010949 0
vt 0.116061471 0.875345945 0
vt 0.116061471 0.877740979 0
vt 0.797455549 0.56614238 0
vt 0.797455609 0.56036377 0
vt 0.799811184 0.560357451 0
vt 0.799811184 0.565025866 0
vt 0.795102298 0.565024078 0
vt 0.795102298 0.560355604 0
vt 0.0833009183 0.877740979 0
vt 0.083300963 0.875346005 0
vt 0.763800919 0.598718822 0
vt 0.761326253 0.598717749 0
vt 0.885854185 0.854775846 0
vt 0.883506417 0.854775786 0
vt 0.0871346518 0.804948807 0
vt 0.089853242 0.804948807 0
vt 0.874079585 0.790723681 0
vt 0.876435697 0.790732265 0
vt 0.878788471 0.790723681 0
vt 0.109509423 0.804948747 0
vt 0.112227932 0.804948747 0
vt 0.888215244 0.854775786 0
vt 0.876433134 0.7854743 0
vt 0.878786266 0.786247551 0
vt 0.0857561156 0.802044928 0
vt 0.0879820362 0.800484419 0
vt 0.111380547 0.800484359 0
vt 0.113606393 0.802044928 0
vt 0.885848641 0.85689944 0
vt 0.87407732 0.786247551 0
vt 0.774772763 0.596363127 0
vt 0.773664534 0.594009876 0
vt 0.776126206 0.59401089 0
vt 0.776119053 0.596363723 0
vt 0.116061427 0.798554182 0
vt 0.116061471 0.800949216 0
vt 0.924498856 0.796765208 0
vt 0.922145665 0.795637429 0
vt 0.924498916 0.791015983 0
vt 0.926854551 0.795639455 0
vt 0.926854551 0.79099524 0
vt 0.083300963 0.800949216 0
vt 0.0833009183 0.798554182 0
vt 0.773664534 0.598717749 0
vt 0.776126206 0.598718762 0
vt 0.00354612106 3.36713128e-05 0
vt 0.182991594 3.21359985e-05 0
vt 0.182991594 0.0917808935 0
vt 0.00354610127 0.0917824283 0
vt 0.369524837 0.307648629 0
vt 0.369524866 0 0
vt 0.527328432 8.64689753e-07 0
vt 0.527328372 0.307649523 0
vt 0.202462807 0.0917654559 0
vt 0.202462807 0.399417579 0
vt 0.182991609 0.399417609 0
vt 0.182991609 0.0917654783 0
vt 0.530867994 2.21281971e-05 0
vt 0.530867994 0.307670772 0
vt 0.365978748 0.307669848 0
vt 0.365978748 2.1224203e-05 0
vt 0.182991549 0.399421155 0
vt 0.00354606216 0.399422675 0
vt 0.241405219 0.0917653963 0
vt 0.304023564 0.0917653143 0
vt 0.304023564 0.39941746 0
vt 0.241405204 0.399417549 0
vt 0.896764398 0.890291274 0
vt 0.896764398 0.798553526 0
vt 0.900235713 0.798553586 0
vt 0.900235713 0.890291333 0
vt 0.365978748 0.399421126 0
vt 0.369524837 0.399399906 0
vt 0.527328372 0.3994008 0
vt 0.530867934 0.39942205 0
vt 0.202462807 1.31423876e-05 0
vt 0.182991609 1.31690349e-05 0
vt 0.412424952 0.899103165 0
vt 0.415896207 0.899103165 0
vt 0.241405219 1.30940034e-05 0
vt 0.221934021 0.0917654261 0
vt 0.221934006 1.31132811e-05 0
vt 0.221934006 0.399417579 0
vt 0.530867994 0.0917377397 0
vt 0.688671529 0.0917406306 0
vt 0.688671529 0.399343938 0
vt 0.530867934 0.399341017 0
vt 0.342965961 0.0917652622 0
vt 0.362437159 0.0917652473 0
vt 0.362437159 0.3994174 0
vt 0.342965961 0.399417341 0
vt 3.9312674e-08 0.0917487666 0
vt 0 0.399389029 0
vt 0.365978748 0.0917523056 0
vt 0.365978748 0.399404466 0
vt 0.89640224 0.877225578 0
vt 0.892930925 0.877225578 0
vt 0.892930925 0.7854743 0
vt 0.89640224 0.78547436 0
vt 0.362437159 1.29339232e-05 0
vt 0.365978748 0 0
vt 5.8969011e-08 0 0
vt 0.342965961 1.29605705e-05 0
vt 0.530867994 0 0
vt 0.688671529 2.89145987e-06 0
vt 0.304023564 1.30114131e-05 0
vt 0.323494762 1.29823075e-05 0
vt 0.323494762 0.0917652994 0
vt 0.323494762 0.39941743 0
vt 0.800557256 0.491174459 0
vt 0.800557256 0.560355604 0
vt 0.785684586 0.560355544 0
vt 0.843884587 0.854654074 0
vt 0.831065953 0.854654193 0
vt 0.831066012 0.78547442 0
vt 0.843884587 0.7854743 0
vt 0.701690972 0.867365062 0
vt 0.69086957 0.867364943 0
vt 0.701690972 0.798183978 0
vt 0.603541017 0.952845573 0
vt 0.603540957 0.937978566 0
vt 0.616359591 0.937978804 0
vt 0.616359591 0.952845812 0
vt 0.867524981 0.78547436 0
vt 0.856703162 0.854655445 0
vt 0.856703162 0.7854743 0
vt 0.831065953 0.854654074 0
vt 0.818247378 0.78547442 0
vt 0.831065953 0.7854743 0
vt 0.12975888 0.867735326 0
vt 0.122910306 0.867735267 0
vt 0.122910306 0.798554182 0
vt 0.12975888 0.798554242 0
vt 0.950330377 0.58563906 0
vt 0.961150467 0.585638881 0
vt 0.961150467 0.598454654 0
vt 0.950330377 0.598454833 0
vt 0.116061471 0.798554182 0
vt 0.122910298 0.867735326 0
vt 0.843884587 0.78547442 0
vt 0.856703162 0.854654074 0
vt 0.843884587 0.854654193 0
vt 0.848752737 0.977234721 0
vt 0.855600536 0.977234602 0
vt 0.855600536 0.990050375 0
vt 0.848752737 0.990050554 0
vt 0.62667191 0.937978089 0
vt 0.639490485 0.937978148 0
vt 0.639490485 0.952847362 0
vt 0.62667191 0.952847302 0
vt 0.960914552 0.374161929 0
vt 0.950092852 0.374161988 0
vt 0.950092852 0.361346185 0
vt 0.394771487 0.976820588 0
vt 0.394771487 0.989636362 0
vt 0.387922704 0.989636421 0
vt 0.815429389 0.560355663 0
vt 0.800557315 0.560355544 0
vt 0.800557315 0.49117443 0
vt 0.815429389 0.491174549 0
vt 0.882555485 0.598986447 0
vt 0.886098266 0.602528393 0
vt 0.886098325 0.781931102 0
vt 0.882555485 0.785473108 0
vt 0.724751949 0.78547436 0
vt 0.721209168 0.781932354 0
vt 0.721209168 0.762465835 0
vt 0.721209168 0.742999256 0
vt 0.721209168 0.723532677 0
vt 0.721209168 0.660929322 0
vt 0.721209168 0.641462743 0
vt 0.721209168 0.621996224 0
vt 0.721209168 0.602529645 0
vt 0.724752009 0.598987639 0
vt 0.395117253 0.969371021 0
vt 0.391795844 0.969370902 0
vt 0.391797632 0.965014756 0
vt 0.395119071 0.965014756 0
vt 0.951731443 0.768997133 0
vt 0.948410034 0.768997133 0
vt 0.948401272 0.764672875 0
vt 0.951722622 0.764672875 0
vt 0.948410034 0.760348558 0
vt 0.951731443 0.760348558 0
vt 0.406834126 0.958876252 0
vt 0.410155535 0.958876193 0
vt 0.410153896 0.963211238 0
vt 0.406832457 0.963211238 0
vt 0.410155535 0.967524588 0
vt 0.406834126 0.967524588 0
vt 0.852633655 0.929562032 0
vt 0.855955064 0.929561973 0
vt 0.855952919 0.933874846 0
vt 0.852631509 0.933874905 0
vt 0.867261887 0.975361347 0
vt 0.863951504 0.978671014 0
vt 0.859269977 0.978670955 0
vt 0.855959535 0.975361288 0
vt 0.855959654 0.970680714 0
vt 0.859269917 0.967371106 0
vt 0.863951564 0.967371106 0
vt 0.867261887 0.970680833 0
vt 0.855955064 0.938210428 0
vt 0.852633655 0.938210428 0
vt 0.395119071 0.9736619 0
vt 0.391797632 0.97366184 0
vt 0.403244048 0.967666268 0
vt 0.406554282 0.970975876 0
vt 0.406554282 0.97565645 0
vt 0.403243989 0.978966177 0
vt 0.39856261 0.978966236 0
vt 0.395252377 0.975656688 0
vt 0.395252377 0.970976114 0
vt 0.39856264 0.967666388 0
vt 0.150442109 0.966945231 0
vt 0.147120684 0.966945171 0
vt 0.147122487 0.962588966 0
vt 0.150443912 0.962589025 0
vt 0.343909293 0.92353946 0
vt 0.340587914 0.92353946 0
vt 0.340579122 0.919215202 0
vt 0.343900532 0.919215202 0
vt 0.340587914 0.914890885 0
vt 0.343909293 0.914890885 0
vt 0.459938556 0.959086418 0
vt 0.456617117 0.959086418 0
vt 0.456618786 0.954751432 0
vt 0.459940195 0.954751432 0
vt 0.456617117 0.950437963 0
vt 0.459938556 0.950437963 0
vt 0.441711992 0.920162618 0
vt 0.445033431 0.920162559 0
vt 0.445031285 0.924475431 0
vt 0.441709846 0.924475491 0
vt 0.44176805 0.9755494 0
vt 0.438457727 0.978859067 0
vt 0.4337762 0.978859007 0
vt 0.430465758 0.97554934 0
vt 0.430465817 0.970868766 0
vt 0.43377614 0.967559099 0
vt 0.438457727 0.967559159 0
vt 0.44176805 0.970868826 0
vt 0.445033431 0.928810954 0
vt 0.441712022 0.928811014 0
vt 0.150443912 0.97123611 0
vt 0.147122487 0.97123605 0
vt 0.154121101 0.979049802 0
vt 0.150810868 0.975740194 0
vt 0.150810868 0.97105962 0
vt 0.154121146 0.967749894 0
vt 0.158802614 0.967749834 0
vt 0.162112787 0.971059382 0
vt 0.162112787 0.975739956 0
vt 0.158802494 0.979049683 0
vt 0.111397743 0.966112792 0
vt 0.108076319 0.966112733 0
vt 0.108078122 0.961756527 0
vt 0.111399546 0.961756587 0
vt 0.395121217 0.937460661 0
vt 0.391799808 0.937460661 0
vt 0.391791046 0.933136404 0
vt 0.395112425 0.933136404 0
vt 0.391799808 0.928812087 0
vt 0.395121217 0.928812087 0
vt 0.111397743 0.961756468 0
vt 0.108076319 0.961756468 0
vt 0.108077973 0.957421482 0
vt 0.111399405 0.957421541 0
vt 0.108076319 0.953108013 0
vt 0.111397743 0.953108072 0
vt 0.441712022 0.928811073 0
vt 0.445033431 0.928811014 0
vt 0.445031285 0.933123946 0
vt 0.441709846 0.933123946 0
vt 0.419206649 0.978795707 0
vt 0.415896237 0.975485981 0
vt 0.415896297 0.970805526 0
vt 0.419206679 0.967495859 0
vt 0.423888296 0.967495918 0
vt 0.427198648 0.970805466 0
vt 0.427198648 0.97548604 0
vt 0.423888236 0.978795707 0
vt 0.445033431 0.937459469 0
vt 0.441712022 0.937459469 0
vt 0.111399546 0.970403731 0
vt 0.108078122 0.970403612 0
vt 0.979490042 0.885507405 0
vt 0.976179659 0.888816714 0
vt 0.971498072 0.888816655 0
vt 0.96818769 0.885507047 0
vt 0.96818769 0.880826592 0
vt 0.971498072 0.877517223 0
vt 0.976179659 0.877517343 0
vt 0.979490042 0.88082695 0
vt 0.855947256 0.969860435 0
vt 0.852625847 0.969860375 0
vt 0.852627635 0.965504169 0
vt 0.855949044 0.965504229 0
vt 0.0506954081 0.929807901 0
vt 0.054016795 0.929807842 0
vt 0.0540255718 0.934132159 0
vt 0.0507041849 0.934132159 0
vt 0.0540168062 0.938456476 0
vt 0.0506954156 0.938456476 0
vt 0.456618786 0.959086418 0
vt 0.459940195 0.959086478 0
vt 0.459938556 0.963421404 0
vt 0.456617117 0.963421404 0
vt 0.459940195 0.967734814 0
vt 0.456618786 0.967734754 0
vt 0.44171387 0.946419775 0
vt 0.445035279 0.946419716 0
vt 0.445033133 0.950732589 0
vt 0.441711694 0.950732648 0
vt 0.945025563 0.882253051 0
vt 0.945025563 0.886933625 0
vt 0.941715181 0.890243232 0
vt 0.937033594 0.890243292 0
vt 0.933723152 0.886933625 0
vt 0.933723152 0.882253051 0
vt 0.937033534 0.878943443 0
vt 0.941715121 0.878943443 0
vt 0.445035279 0.955068171 0
vt 0.44171384 0.955068171 0
vt 0.855949044 0.974151313 0
vt 0.852627635 0.974151254 0
vt 0.137750804 0.979042828 0
vt 0.133069336 0.979042709 0
vt 0.129758969 0.975733042 0
vt 0.129758894 0.971052527 0
vt 0.133069098 0.96774292 0
vt 0.137750521 0.96774298 0
vt 0.141060889 0.971052706 0
vt 0.141060889 0.97573328 0
vt 0.0540168136 0.970246375 0
vt 0.0506953821 0.970246315 0
vt 0.0506971888 0.96589011 0
vt 0.0540186167 0.965890169 0
vt 0.0540255718 0.929807842 0
vt 0.0507041849 0.929807842 0
vt 0.0506954081 0.925483584 0
vt 0.0540167987 0.925483584 0
vt 0.0507041812 0.921159267 0
vt 0.0540255718 0.921159267 0
vt 0.406834126 0.950227737 0
vt 0.410155535 0.950227737 0
vt 0.410153896 0.954562783 0
vt 0.406832457 0.954562783 0
vt 0.406834126 0.958876193 0
vt 0.44171387 0.937771261 0
vt 0.445035279 0.937771261 0
vt 0.445033103 0.942084134 0
vt 0.441711694 0.942084193 0
vt 0.377281159 0.970677972 0
vt 0.377281159 0.975358605 0
vt 0.373970777 0.978668153 0
vt 0.36928916 0.978668213 0
vt 0.365978807 0.975358486 0
vt 0.365978748 0.970678031 0
vt 0.36928913 0.967368364 0
vt 0.373970717 0.967368364 0
vt 0.445035279 0.946419656 0
vt 0.44171387 0.946419716 0
vt 0.0540186167 0.974537313 0
vt 0.0506971888 0.974537253 0
vt 0.980234027 0.82622391 0
vt 0.976923645 0.829533279 0
vt 0.972242057 0.829533219 0
vt 0.968931675 0.826223552 0
vt 0.968931675 0.821543157 0
vt 0.972242057 0.818233788 0
vt 0.976923645 0.818233907 0
vt 0.980234027 0.821543515 0
vt 0.205149725 0.976923823 0
vt 0.201828301 0.976923764 0
vt 0.201830089 0.972567618 0
vt 0.205151528 0.972567677 0
vt 0.395112425 0.920163453 0
vt 0.395121217 0.92448771 0
vt 0.391799808 0.92448771 0
vt 0.395112425 0.928812027 0
vt 0.391791046 0.928812027 0
vt 0.147122338 0.95394057 0
vt 0.150443763 0.95394063 0
vt 0.150442109 0.958275557 0
vt 0.147120684 0.958275557 0
vt 0.150443763 0.962589025 0
vt 0.147122338 0.962588966 0
vt 0.852633655 0.920913517 0
vt 0.855955064 0.920913517 0
vt 0.855952919 0.92522639 0
vt 0.852631509 0.92522639 0
vt 0.925731122 0.890243351 0
vt 0.92242074 0.886933684 0
vt 0.9224208 0.88225317 0
vt 0.925731182 0.878943443 0
vt 0.930412829 0.878943503 0
vt 0.933723152 0.88225317 0
vt 0.933723211 0.886933744 0
vt 0.93041271 0.890243292 0
vt 0.855955064 0.929561913 0
vt 0.852633655 0.929561973 0
vt 0.205151528 0.981214821 0
vt 0.201830104 0.981214762 0
vt 0.309167475 0.967609823 0
vt 0.312477708 0.97091943 0
vt 0.312477678 0.975600004 0
vt 0.309167415 0.978909731 0
vt 0.304486066 0.97890985 0
vt 0.301175773 0.975600243 0
vt 0.301175833 0.970919669 0
vt 0.304486096 0.967609942 0

# 1053 vertex normals
vn 0 1.83187149e-05 100
vn 0 1.62920678e-05 100
vn 0 -0.000179849158 99.9999924
vn 100 0 0
vn 0 -0.000218053872 100
vn 0 99.9999924 -1.6292066e-05
vn 0 0.000277813291 100
vn 0 0.000179153896 100
vn 0 -0.000310609466 100
vn 0 -99.9999924 1.6292066e-05
vn 0 0.000685408479 100
vn 0 -0.000583288085 100
vn 0 0.000160441094 100
vn 100 1.60264171e-05 -2.61103487e-12
vn 0 -0.000485539 100
vn 0 100 -1.62920678e-05
vn 0 -100 1.62920678e-05
vn 0 -0.000296223559 100
vn 0 -0.000485542085 99.9999924
vn 0 0.000685404346 99.9999924
vn 0 0.000815738225 100
vn 0 0.000432979199 100
vn 99.9999924 0 0
vn -100 0 -0
vn -99.9999924 0 -0
vn -100 -7.90523791e-06 1.28792669e-12
vn 2.81324219e-06 -100 1.62920678e-05
vn -100 8.27194526e-06 -1.34767089e-12
vn -100 6.89328863e-06 -1.12305922e-12
vn 0 1.6292066e-05 99.9999924
vn -100 -2.951444e-06 4.80851253e-13
vn -100 -1.60264171e-05 2.61103487e-12
vn -100 -3.36244057e-06 5.47811091e-13
vn -99.9999924 8.38377309e-06 -1.36589004e-12
vn 100 7.90523791e-06 -1.28792669e-12
vn 100 -8.27194526e-06 1.34767089e-12
vn 0 -0.000105854422 100
vn 0 1.81593805e-05 100
vn 0 -6.18232443e-05 100
vn -6.01067859e-06 99.9999924 -1.6292066e-05
vn 0 -0.000179848837 100
vn 0 0.000277813262 100
vn 0 -0.000583288027 100
vn -1.20213572e-05 -99.9999924 1.6292066e-05
vn 0 -0.000296223589 100
vn 0 -0.000485542085 100
vn 0 0.000685404288 100
vn 0 3.31670344e-05 100
vn 0 0.000432978704 100
vn 100 1.34497668e-05 -2.19124523e-12
vn -8.43972612e-06 -100 1.62920678e-05
vn 0 9.60565594e-05 100
vn -100 -3.20528343e-05 5.22206974e-12
vn 100 1.61905082e-05 -2.63776848e-12
vn 100 -3.16209516e-05 5.15170675e-12
vn 0 5.70075572e-05 100
vn 0 7.74898217e-05 100
vn 100 -3.23386303e-05 5.26863145e-12
vn 0 9.95638111e-05 100
vn 99.9999924 5.67725692e-05 -9.24942588e-12
vn 0 -0.000539816567 100
vn 0 -0.000405292667 100
vn -10.6497307 99.4312973 -1.61994139e-05
vn -5.03592491 99.8731155 -1.6271395e-05
vn 10.6499929 -99.4312668 1.61994103e-05
vn 99.9999924 0.000390579575 -6.36334943e-11
vn 10.648365 -99.4314575 1.61994394e-05
vn 0 0.000183386641 100
vn 0 0.00015531911 99.9999924
vn 10.6497307 99.4312973 -1.61994139e-05
vn 5.03590202 99.8731155 -1.6271395e-05
vn -10.6499557 -99.4312744 1.61994103e-05
vn -10.6482801 -99.4314499 1.61994394e-05
vn 0 0.000383685692 100
vn 0 -0.000539823377 100
vn -10.6494656 99.4313278 -1.61994194e-05
vn -5.03612995 99.8731079 -1.6271395e-05
vn 10.6504345 -99.431221 1.6199403e-05
vn 10.6482801 -99.4314499 1.61994394e-05
vn 0 0.000245913194 100
vn 0 -0.000539823435 100
vn 10.6494656 99.4313278 -1.61994194e-05
vn 5.03611803 99.8731079 -1.6271395e-05
vn -10.6504345 -99.431221 1.6199403e-05
vn 99.9999924 -4.94328342e-05 8.05363068e-12
vn 100 5.67725219e-05 -9.24941807e-12
vn -100 -3.23386303e-05 5.26863145e-12
vn 0 2.3286213e-05 100
vn 0 4.09121731e-06 100
vn 0 -6.69796718e-05 100
vn -99.9999924 5.67725692e-05 -9.24942588e-12
vn 0 0.000183386495 100
vn 0 -0.000331275805 100
vn 5.03592491 99.8731155 -1.6271395e-05
vn -10.6499929 -99.4312668 1.61994103e-05
vn -10.648365 -99.4314575 1.61994394e-05
vn 0 -0.000539816334 100
vn -10.6496773 99.4313049 3.73650037e-05
vn -100 4.04847596e-13 2.48493689e-06
vn -99.9999924 5.22507341e-12 3.20712716e-05
vn -5.03590202 99.8731155 -1.6271395e-05
vn -100 8.70901008e-13 5.34555238e-06
vn 0 -100 -3.65165906e-05
vn 0 0.000245912961 100
vn 0 -0.000470308645 99.9999924
vn 10.6494541 99.4313278 -1.61994194e-05
vn 5.03612995 99.8731079 -1.6271395e-05
vn 0 0.000383685867 100
vn -5.03611803 99.8731079 -1.6271395e-05
vn -99.9999924 -4.94328342e-05 8.05363068e-12
vn 0 4.33205878e-06 100
vn -100 5.67725219e-05 -9.24941807e-12
vn 0 2.6772359e-05 100
vn 0 5.45275325e-05 100
vn -10.6494541 99.4313278 -1.61994194e-05
vn -100 -4.87132145e-13 -2.98999589e-06
vn -100 1.11004374e-05 -6.14673627e-06
vn -99.9999924 2.85358851e-06 -3.16028172e-06
vn -100 3.0203189e-06 -4.45991554e-06
vn -100 1.85021884e-06 -3.01438914e-13
vn 99.9999924 -4.06870504e-06 6.62876221e-13
vn 100 -3.55238672e-06 5.78757257e-13
vn 100 -2.21393793e-06 3.60696282e-13
vn 0 0.000245913136 100
vn 0 -0.000539823261 100
vn 0 3.80122674e-06 100
vn -100 8.72987039e-06 -1.42227636e-12
vn 100 -8.72987039e-06 1.42227636e-12
vn 0 0.000108140433 100
vn 0 -0.000470309024 100
vn -10.6494427 99.4313278 -1.61994194e-05
vn -100 3.22167434e-05 -5.24877364e-12
vn 100 -3.54230069e-05 5.77114051e-12
vn 100 -3.49195361e-05 5.68911411e-12
vn -100 -4.94329361e-05 8.05364716e-12
vn 0 8.88877184e-06 100
vn -100 3.49195361e-05 -5.68911411e-12
vn -100 5.67723873e-05 -9.24939552e-12
vn 0 -0.00053982361 100
vn 0 0.000245913165 100
vn 10.649477 99.4313202 -1.61994194e-05
vn 0 8.88869727e-06 100
vn 100 -4.94329361e-05 8.05364716e-12
vn 100 5.67723873e-05 -9.24939552e-12
vn 0 -7.55563815e-05 100
vn 0 -0.000470308965 100
vn 0 9.35906646e-05 100
vn -100 -2.84191465e-05 4.6300663e-12
vn -10.6482897 -99.4314575 1.61994394e-05
vn 0 -5.39755783e-05 100
vn -10.6494656 99.4313278 -1.7873308e-05
vn -100 1.07993155e-05 -1.7594319e-12
vn -99.9999924 -1.99751285e-05 -3.16027808e-06
vn -100 2.01354578e-06 -4.45990918e-06
vn -100 -2.77532909e-05 4.52158493e-12
vn 100 -4.06869685e-06 6.62874866e-13
vn 100 1.06571797e-05 -1.73627497e-12
vn 100 4.42787587e-06 -7.21392564e-13
vn 100 8.72988403e-06 -1.42227853e-12
vn 100 7.09649021e-06 -1.15616501e-12
vn 0 7.30873435e-05 100
vn 0 2.87828443e-05 100
vn -100 -8.72988403e-06 1.42227853e-12
vn 0 2.67723699e-05 99.9999924
vn 0 5.0526367e-05 100
vn 0 -7.55565488e-05 100
vn 99.9999924 -0.000118413831 1.92920627e-11
vn -100 0.000130198023 -2.12119506e-11
vn -10.6467323 -99.4316101 1.61994649e-05
vn 10.6467323 -99.4316101 1.61994649e-05
vn -100 -4.94328851e-05 8.05363935e-12
vn 0 2.67724099e-05 100
vn 0 0.000383686041 100
vn 0 -0.000121480647 100
vn 100 -4.94328851e-05 8.05363935e-12
vn 0 0.000291837379 100
vn -100 -2.84191974e-05 4.63007497e-12
vn -10.6467419 -99.4316177 1.61994667e-05
vn -100 1.07993983e-05 -1.75944535e-12
vn -100 -5.00715084e-13 -3.07336722e-06
vn -100 3.02031958e-06 -4.92072529e-13
vn -99.9999924 -2.59030348e-05 4.22013986e-12
vn 100 -4.06868821e-06 6.62873456e-13
vn 100 1.06571997e-05 -1.73627822e-12
vn 100 6.6418138e-06 -1.08208885e-12
vn 100 7.09650794e-06 -1.15616793e-12
vn 0 1.52432349e-05 100
vn 0 4.2885491e-05 100
vn 0 -1.63595814e-05 100
vn 0 -2.63309448e-06 100
vn 0 1.51759987e-05 99.9999924
vn 0 1.51760023e-05 100
vn 0 4.32804736e-05 100
vn 0 4.87030266e-05 100
vn 0 -2.12792565e-05 100
vn 0 -1.01038677e-05 100
vn 0 -2.35408334e-06 100
vn 0 58.4430809 81.1443558
vn 0 58.443058 81.144371
vn 0 58.4430618 81.1443634
vn 0 58.4430885 81.1443481
vn 0 58.4430618 81.144371
vn 0 58.4430389 81.1443787
vn 100 -3.78947516e-05 6.17383878e-12
vn -3.11892876e-07 100 -1.62920678e-05
vn 2.4964178e-05 -1.6292066e-05 -99.9999924
vn 100 -1.06533107e-11 -6.53895549e-05
vn -4.43877298e-06 100 -1.62920678e-05
vn 0 -1.62920678e-05 -100
vn 1.87115169 -99.9818268 0.367121071
vn -0.854232073 99.8247528 -5.85578823
vn 4.99283306e-05 -1.62920678e-05 -100
vn -3.70264912 -99.0334549 13.3665361
vn -1.74866641 99.9623413 2.11484122
vn 100 1.28379017e-11 7.87984754e-05
vn -99.9999924 -4.40806246e-11 -3.94777198e-05
vn 2.49641744e-05 -1.6292066e-05 -99.9999924
vn -100 -1.36909876e-11 -8.40346838e-05
vn -0.108015619 99.9997864 -0.176927656
vn 4.99283669e-05 -1.62920678e-05 -100
vn -2.71813965 -99.8445129 4.86682701
vn 1.16523314 99.9724121 2.0393095
vn 4.99283487e-05 -1.62920678e-05 -100
vn 1.2583071 -99.9678345 2.2021699
vn 1.21115804 99.9887238 -0.8881253
vn -100 -5.82858553e-11 -0.000121223777
vn -100 -1.12925606e-11 -6.93132461e-05
vn 0.912170291 99.9316483 -3.58249855
vn 9.98567193e-05 -1.62920678e-05 -100
vn -2.09151864 -99.9315109 3.05288196
vn 100 6.5848698e-12 4.04176426e-05
vn -100 -1.27264952e-11 -7.81146664e-05
vn -1.71241891 99.9792786 -1.10097146
vn 1.77098083 -99.9362564 3.0994482
vn 0.19896324 99.9991913 -0.348213375
vn -100 -1.12195676e-05 -1.92400294e-05
vn 7.4902011e-05 -0.000107922489 -100
vn 99.9999924 1.10107439e-05 -1.79387776e-12
vn -100 2.68698909e-06 -4.43155295e-05
vn -0.0215879343 99.8925171 4.63505459
vn -0.824936509 -99.8893051 4.63099623
vn -100 -9.22578246e-12 -5.66274466e-05
vn 1.48437119 99.9037247 -4.12824488
vn -1.58181381 -99.9539108 -2.59064627
vn 1.14303231 99.9759521 1.87200928
vn 100 1.27378438e-11 1.99104143e-05
vn -100 -6.87295143e-12 -4.21858749e-05
vn 3.59351216e-05 -0.000106116226 -100
vn 100 -2.83178429e-06 2.07571011e-05
vn -100 3.20134284e-12 1.96497022e-05
vn -1.533584 99.9790955 -1.35213327
vn 4.9928356e-05 -3.80626625e-06 -100
vn 3.5823729 -99.8921738 -2.95281959
vn 100 2.61714717e-12 1.60639338e-05
vn -100 -1.40499027e-12 -8.62376874e-06
vn -0.479653329 99.7029953 -7.68658447
vn -1.32681561 -99.9085007 4.06596136
vn -0.612518728 99.9418488 -3.35442448
vn 99.9999924 5.35294205e-12 3.28561255e-05
vn 0 -1.6292066e-05 -99.9999924
vn 100 1.23578257e-11 7.58517926e-05
vn -99.9999924 -6.16523195e-12 -3.78419245e-05
vn -2.23984194 99.6702652 -7.79879141
vn 0.125222832 -99.9997101 0.205102369
vn 100 6.76541852e-12 4.15258437e-05
vn -6.97699625e-06 100 -1.62920678e-05
vn 2.05476665 -99.9141998 -3.59605861
vn 100 5.22377835e-11 8.16524334e-05
vn 2.5475947e-05 -1.62920678e-05 -100
vn 100 -6.20343447e-12 -3.80764104e-05
vn -100 6.81272053e-12 4.18161835e-05
vn -1.16062534 99.9014893 4.28308916
vn -3.20205092 -99.9403915 -1.29046404
vn 100 1.63486377e-11 0.000100347221
vn -2.16402674 99.7928467 -6.05853319
vn 4.99283415e-05 -1.62920678e-05 -100
vn -1.91796553 -99.9797668 0.605310678
vn -2.07475591 99.9764175 0.641358733
vn 7.50061517e-05 -0.000109112778 -100
vn -100 -1.81917901e-11 -0.000111660418
vn 0.174235955 99.9997787 -0.112147495
vn 6.45894688e-05 -1.62920678e-05 -100
vn -0.677744269 -99.9976196 -0.137364343
vn -100 -6.45019541e-12 -3.95910174e-05
vn 0.52361685 99.9937744 -0.985897243
vn 4.99283706e-05 -1.62920678e-05 -100
vn 1.18279099 -99.9715729 2.07005167
vn -0.547992587 99.9478607 -3.18184733
vn -3.22947126e-05 1.62920678e-05 100
vn -3.74462652e-05 1.6292066e-05 99.9999924
vn -2.4964178e-05 1.62920678e-05 100
vn 1.22794275e-11 -0.000119299373 -100
vn -3.76822791e-05 -1.62920678e-05 -100
vn 3.76823082e-05 1.62920678e-05 100
vn -2.79255892e-05 99.9999924 -1.94125878e-05
vn 0.379636943 -99.981781 -1.87112951
vn -6.05487108 99.8128662 0.854109526
vn 13.7662468 -98.9787598 3.70060301
vn 2.1792438 99.9609528 1.74861538
vn -4.36902956e-05 -1.62920678e-05 -100
vn 4.36903065e-05 1.62920678e-05 100
vn -2.18451314e-05 1.62920678e-05 100
vn -0.189048767 99.9997559 0.108003505
vn -100 -7.44621899e-12 -4.57045644e-05
vn 4.86681557 -99.8445129 2.71815848
vn 2.03929377 99.9724121 -1.16525996
vn 2.13679194 -99.9692459 -1.25828946
vn -0.861733675 99.9889603 -1.2112025
vn -3.13481687e-05 -3.31203955e-06 100
vn 2.1845146e-05 -1.62920678e-05 -100
vn -3.47624493 99.9354019 -0.912225962
vn -100 -7.39113805e-12 -4.53664834e-05
vn 3.65964699 -99.9111328 2.0911026
vn -4.36902737e-05 -1.62920678e-05 -100
vn -2.18451441e-05 1.62920678e-05 100
vn -1.32001746 99.9766312 1.71235037
vn 3.09943771 -99.9362564 -1.77096808
vn -0.348200083 99.9991913 -0.198972449
vn 2.18451332e-05 -1.62920678e-05 -100
vn 1.38015508e-07 2.14320389e-05 100
vn -1.09225721e-05 1.62920678e-05 100
vn 4.95227861 99.8772964 0.0215757824
vn 4.63044071 -99.8777237 1.73171973
vn 1.88411468e-05 -1.62920678e-05 -100
vn -4.12665749 99.8662491 -3.11519384
vn -2.38781261 -99.9589691 1.58192062
vn 1.72538257 99.9785767 -1.14308083
vn 8.19192974e-06 -1.62920678e-05 -100
vn -100 7.68090713e-12 4.71450694e-05
vn 1.09225703e-05 -1.62920678e-05 -100
vn -2.1845146e-05 1.62920678e-05 100
vn -1.35157573 99.9390564 3.21835494
vn -100 3.97235283e-12 2.43821287e-05
vn -2.95281982 -99.8921738 -3.58235955
vn 4.09596487e-06 -1.6292066e-05 -99.9999924
vn -7.68658209 99.7029877 0.479644001
vn 4.87186527 -99.8424606 2.78374314
vn -4.02068043 99.9108582 1.28550911
vn -1.88411468e-05 1.6292066e-05 99.9999924
vn 2.11965562e-05 -1.62920678e-05 -100
vn -8.06317234 99.6492386 2.23935437
vn -100 -7.52882479e-12 -4.62115968e-05
vn 0.212643459 -99.9997025 -0.125206664
vn -3.59605265 -99.9141922 -2.05474448
vn 2.18451441e-05 -1.62920678e-05 -100
vn 4.36902883e-05 1.62920678e-05 100
vn 4.36902737e-05 1.62920678e-05 100
vn 4.28311777 99.9014893 1.16060174
vn -100 7.70335098e-12 4.72828324e-05
vn -1.290483 -99.9403915 3.20206666
vn 2.18451496e-05 -1.62920678e-05 -100
vn 4.36902847e-05 1.62920678e-05 100
vn -6.05849791 99.7928467 2.1639924
vn -100 -7.69467389e-12 -4.72295724e-05
vn 0.605269849 -99.9797668 1.91798949
vn 0.641381025 99.9764175 2.07472897
vn -4.36903065e-05 -1.62920678e-05 -100
vn 4.36902628e-05 1.62920678e-05 100
vn -100 -7.56120513e-12 -4.64103468e-05
vn -5.5320379e-05 -1.62920678e-05 -100
vn -0.000110640722 1.6292066e-05 99.9999924
vn -0.112136908 99.9997864 -0.17425023
vn -0.124985635 -99.9978638 0.640919745
vn 4.3690241e-05 1.6292066e-05 99.9999924
vn -0.896935165 99.994751 -0.49516663
vn -100 -7.45311798e-12 -4.57469105e-05
vn 2.07000875 -99.9715729 -1.18278015
vn -3.18182302 99.9478607 0.547996223
vn -9.81246776e-05 -1.62920678e-05 -100
vn 99.9999924 7.85426498e-12 4.82091382e-05
vn 4.36902374e-05 1.62920678e-05 100
vn 0.491379768 99.9987183 0.124999575
vn 100 -7.47479422e-12 -4.58799586e-05
vn -0.440152645 -99.9815216 1.87116468
vn -9.81247795e-05 -1.62920678e-05 -100
vn 7.01584005 99.7499313 -0.85360384
vn 100 7.5443124e-12 4.63066608e-05
vn -6.40185261 -99.650177 -5.37194347
vn 3.60770154 99.9345322 -0.27135241
vn 9.81249032e-05 1.62920678e-05 100
vn -9.8124634e-05 -1.62920678e-05 -100
vn 99.9999924 7.85426758e-12 4.82091527e-05
vn 3.71539572e-05 1.62920678e-05 100
vn 1.8576995e-05 -1.62920678e-05 -100
vn 3.11309958 99.9483871 0.791993499
vn 100 -7.44622072e-12 -4.57045753e-05
vn -4.14006948 -99.8772583 -2.71901608
vn 9.81250851e-05 1.62920678e-05 100
vn -9.81246703e-05 -1.62920678e-05 -100
vn -1.73428416 99.9781723 1.16529918
vn 100 7.17562121e-12 4.40436488e-05
vn -4.61033821 -99.8867722 -1.1729219
vn -8.65259933 99.6217041 -0.805075288
vn 9.81246412e-05 1.62920678e-05 100
vn 100 -7.72530824e-12 -4.74176049e-05
vn -2.25253934e-05 1.6292066e-05 99.9999924
vn -1.12626831e-05 -1.62920678e-05 -100
vn -1.02112734 99.9944534 -0.25980255
vn 100 1.47822744e-11 9.07329522e-05
vn -3.77346992 -99.9068985 -2.09098744
vn 9.8124634e-05 1.62920678e-05 100
vn 1.3611145 99.9760818 -1.71237409
vn 100 -1.45931548e-11 -8.9572146e-05
vn -7.96804667 -99.6614304 -2.02715564
vn 4.62849903 99.8335953 -3.43951559
vn -3.0715853e-06 -1.91021627e-05 -100
vn -1.09225657e-05 1.62920678e-05 100
vn -5.46129058e-06 -1.62920678e-05 -100
vn -5.22317648 99.8525467 1.47854614
vn 100 -1.4807983e-11 -9.08907532e-05
vn -4.63045073 -99.8777237 -1.73168933
vn -6.13280099e-06 -1.62920678e-05 -100
vn 4.1266551 99.8662415 3.11516213
vn 6.20765591 -99.7946472 -1.57928693
vn -2.0379045 99.9636078 1.76731098
vn -1.10716144e-06 2.03593354e-05 100
vn 2.63755082e-05 -1.62920678e-05 -100
vn 100 -7.68090626e-12 -4.71450658e-05
vn 2.18451623e-05 -1.62920678e-05 -100
vn -0.237338752 99.9718018 -2.36267066
vn 100 -7.94470652e-12 -4.87642646e-05
vn 2.9528203 -99.8921738 3.58239555
vn 2.4531224e-05 -1.62920678e-05 -100
vn 7.68656063 99.7029877 -0.479676574
vn -4.63445282 -99.8855972 1.17908752
vn -1.75524592 99.9835968 -0.446545154
vn -3.5979825e-05 1.62920678e-05 100
vn -4.36902774e-05 1.62920678e-05 100
vn 16.9887943 98.4881973 -3.38469076
vn -0.219138637 -99.9996796 0.125243172
vn -2.45312349e-05 1.62920678e-05 100
vn -0.181959167 -99.9998245 -0.0462826081
vn 9.33865643 99.5346451 -2.37588072
vn 6.49434241e-07 -6.20929131e-06 100
vn -9.8124714e-05 -1.62920678e-05 -100
vn 100 -1.44794506e-11 4.61251693e-05
vn 4.36902992e-05 1.62920678e-05 100
vn -4.36903028e-05 -1.62920678e-05 -100
vn -5.49129629 99.8246918 -2.20813656
vn 100 -7.70335185e-12 -4.72828397e-05
vn 1.29049528 -99.9403915 -3.20203352
vn 6.05850172 99.7928467 -2.16403055
vn 100 7.69467389e-12 4.72295724e-05
vn 11.433177 -99.3251038 -1.95087552
vn -4.65638113 99.8840866 -1.21950006
vn 9.8124794e-05 1.62920678e-05 100
vn -0.000146425969 -1.62920678e-05 -100
vn 5.55758161e-05 1.6292066e-05 99.9999924
vn 0.000111151494 -1.62920678e-05 -100
vn -7.97649717 99.6811905 -0.189998671
vn 100 9.27730896e-12 5.69437179e-05
vn 0.12556465 -99.9978104 -0.648809433
vn 9.81249323e-05 1.62920678e-05 100
vn -9.81249541e-05 -1.62920678e-05 -100
vn 0.901075363 99.9946899 0.501252651
vn -8.02215672 -99.6568069 -2.04092479
vn 2.82579803 99.957489 -0.718940675
vn -100 1.67767779e-11 0.000102975129
vn 100 -5.49657672e-12 -3.37377496e-05
vn -6.39924929e-06 99.9999924 -1.6292066e-05
vn 4.99283669e-05 1.62920678e-05 100
vn -1.87114739 -99.9817505 -0.385396838
vn 99.9999924 -1.60946742e-11 -9.8788405e-05
vn 0.854074001 99.8072586 6.14665985
vn 3.70620942 -99.1289902 -12.6374826
vn 1.74870789 99.9647522 -1.99761856
vn -9.98566757e-05 1.6292066e-05 99.9999924
vn 0.108027577 99.9997635 0.185580581
vn 2.71813941 -99.8445129 -4.86679745
vn 100 -6.1894604e-12 -3.79906378e-05
vn -1.16524208 99.9724121 -2.03933144
vn -4.99283269e-05 1.6292066e-05 99.9999924
vn -1.25829518 -99.9678268 -2.20214772
vn -1.21120334 99.9887314 0.888106644
vn -100 6.69118537e-12 4.10702014e-05
vn 100 1.64582193e-12 1.01019832e-05
vn 100 -1.1337861e-05 1.84717194e-12
vn -0.757478714 99.9329376 3.58251977
vn 2.87266636 -99.8917465 -3.65891838
vn -100 1.31697457e-11 8.08353216e-05
vn 2.35254908 99.9636078 1.31982362
vn -1.47068059 -99.9411316 -3.09956694
vn -0.165218726 99.9992523 0.348181963
vn -100 6.7635216e-12 4.15142022e-05
vn -7.92202806 -99.6421967 2.94545937
vn 1.06332326 99.698494 7.68620634
vn 99.9999924 -1.31763394e-11 -8.08757904e-05
vn 2.41152692 99.5338516 9.33792019
vn -0.125209004 -99.9996796 -0.219138786
vn -2.21520424 -99.9107666 3.59596896
vn -1.23302852e-05 99.9999924 -1.6292066e-05
vn -100 -6.01587226e-12 -3.69251611e-05
vn -100 1.2406875e-11 7.61528572e-05
vn 1.16081202 99.9181671 -3.87450027
vn 3.20204496 -99.9403915 1.29049671
vn 2.16401529 99.7928467 6.05849791
vn 1.91798472 -99.9798508 -0.593273818
vn 2.07474351 99.9765015 -0.628670633
vn 100 1.23108546e-11 7.55634828e-05
vn 99.9999924 1.83953287e-11 0.000112909722
vn -0.174237013 99.999794 0.104520649
vn 0.644497454 -99.9978256 0.138935268
vn -100 1.30437241e-11 8.00618072e-05
vn -0.497899264 99.9937973 0.996893942
vn -1.18278229 -99.9715729 -2.0700295
vn 0.548013985 99.9478607 3.18182611
vn -2.4964178e-05 -1.62920678e-05 -100
vn 0 2.33420596e-05 100
vn -99.9999924 -2.52172328e-12 -1.54782265e-05
vn 0 86.9262085 49.4351425
vn 100 -1.48959213e-11 -9.14305128e-05
vn -7.4602227e-05 -100 1.62920678e-05
vn 0 -86.9261093 -49.4353142
vn 99.9999924 7.56516984e-12 4.64346813e-05
vn 7.4602598e-05 -100 2.00332397e-05
vn 0 -86.926384 -49.4348373
vn 99.9999924 -3.83182851e-06 -7.73911233e-06
vn 0 86.9262009 49.4351425
vn -100 -3.72398033e-12 -2.28576282e-05
vn 100 7.91035802e-14 4.85534315e-07
vn 9.94708098e-05 -99.9999924 1.6292066e-05
vn 99.9999924 3.13646163e-13 1.92514653e-06
vn -1.20229306e-05 -100 -1.34934799e-05
vn 0 -86.9261017 -49.43536
vn 100 -5.62660261e-06 9.16689901e-13
vn -99.9999924 1.26086164e-12 7.73911324e-06
vn -9.94701259e-05 -100 1.25508723e-05
vn 0 -86.9262085 -49.4351425
vn 0 58.4430351 81.1443939
vn 0 58.443058 81.1443634
vn -99.9999924 -0.000120646648 -5.37520355e-05
vn 99.9999924 -6.03233202e-05 9.82791626e-12
vn 0 5.45147705e-05 100
vn -100 -0.000241292524 -5.37518426e-05
vn 0 9.27377623e-05 100
vn 0 58.4430809 81.1443634
vn 0 58.4430695 81.1443634
vn 99.9999924 -0.00012064664 1.96558325e-11
vn -99.9999924 7.41353506e-12 4.55039553e-05
vn 1.69766117e-05 100 4.95259519e-06
vn 100 -0.000241292524 -0.000107503729
vn 0 -0.000176526039 100
vn 0.000112893315 99.9999924 -1.6292066e-05
vn 0 58.4430885 81.1443558
vn 0 58.4430389 81.1443863
vn -99.9999924 2.97925476e-06 -1.19945491e-06
vn 0 58.4430504 81.1443787
vn -100 -0.000237522283 -8.73467725e-05
vn 0 -0.000112728725 99.9999924
vn -100 -1.65565912e-13 -1.0162363e-06
vn 0 58.4430084 81.1444092
vn 99.9999924 -0.000241294605 -5.3752301e-05
vn 0 -0.000176525995 100
vn 0 58.4430504 81.144371
vn -99.9999924 -0.000241294605 -5.3752301e-05
vn 0 -0.000100080346 100
vn -100 -5.05447304e-07 1.5436377e-05
vn 0 58.4430733 81.1443634
vn 0 58.4430504 81.1443863
vn 99.9999924 -0.000241294605 -8.06284734e-05
vn -99.9999924 -2.73667753e-13 -1.67976066e-06
vn -100 1.82475978e-05 -2.9729112e-12
vn -100 1.82475651e-05 -2.03247555e-06
vn 0 58.4429359 81.144455
vn 100 -7.57895323e-05 1.23476828e-11
vn 100 -0.000241294096 -0.00010750442
vn -100 -0.000241294096 -5.37521883e-05
vn 0 9.27377769e-05 100
vn -100 -5.05448043e-07 1.56450005e-05
vn 100 -0.000241294096 -8.0628306e-05
vn -100 3.77022002e-06 -6.14246826e-13
vn -100 -3.31131823e-13 -2.03247259e-06
vn 0 58.4431038 81.1443481
vn -70.7106628 1.15202338e-05 70.7106857
vn 0 -4.35105467e-05 -100
vn 70.7107849 1.15202138e-05 70.7105713
vn -70.7105942 -2.67169798e-05 -70.7107697
vn 70.7105942 -2.67169798e-05 -70.7107697
vn 4.05194914e-05 100 -1.62920678e-05
vn 4.05194914e-05 100 -1.99549813e-05
vn 5.69699077e-05 100 -1.472232e-05
vn -5.69699077e-05 100 -1.62920678e-05
vn -4.05194914e-05 100 -1.62920678e-05
vn 0 2.16880235e-05 100
vn 99.9999924 -3.76599132e-06 -4.6280033e-07
vn -1.78113282 99.9841385 -1.6289483e-05
vn 70.6444397 1.15310131e-05 70.7768555
vn -70.6444397 -1.15310131e-05 -70.7768555
vn 70.6444397 -1.15310131e-05 -70.7768555
vn -70.6444397 1.15310131e-05 70.7768555
vn 1.78113604 99.9841309 -1.6289483e-05
vn -0.910426676 99.9916992 0.911866248
vn 0.910425901 99.9916992 -0.91190213
vn 0 99.9840775 -1.78446519
vn 0 99.9840775 1.78443253
vn -0.910339773 99.9916992 -0.911899507
vn 0.910337806 99.9916992 0.911869109
vn -7.861791e-07 -100 1.62920678e-05
vn 70.7107697 1.15202192e-05 70.7106018
vn -70.7107697 -1.15202192e-05 -70.7106018
vn 70.7107697 -1.15202192e-05 -70.7106018
vn -70.7107697 1.15202192e-05 70.7106018
vn 0.00035488396 100 -1.62920678e-05
vn -70.7107697 -1.15202165e-05 -70.7105865
vn 70.7105408 1.15202538e-05 70.7108154
vn -70.7107697 1.15202165e-05 70.7105865
vn 70.7105408 -1.15202538e-05 -70.7108154
vn 98.3004379 -18.3582191 2.99093335e-06
vn 0 -6.32366136e-05 100
vn 67.4849854 -73.7954941 1.20228124e-05
vn 0 4.9402588e-05 100
vn 98.3004379 -18.3582134 2.99093267e-06
vn 0 3.61742386e-05 100
vn 0 -4.9402588e-05 -100
vn 67.484993 -73.7954865 1.20228106e-05
vn 98.3004379 -18.3582268 2.99093495e-06
vn 67.4849319 -73.7955475 1.20228206e-05
vn 0 -0.000116150019 100
vn 98.3004379 -18.3582039 2.99093108e-06
vn 0 -9.58207529e-05 -100
vn 0 0.000116150019 -100
vn 0 -18.3582478 -98.3004379
vn 0 -73.7956772 -67.4847946
vn 0 -18.3582668 -98.3004303
vn 0 -73.7956619 -67.4848022
vn 99.9999924 -3.50840419e-05 5.71591602e-12
vn 0 -18.3582592 -98.3004303
vn 0 -18.3582573 -98.3004303
vn 0 0.000116149844 -100
vn 0 -18.3582897 -98.3004303
vn 0 -18.3582973 -98.3004227
vn 100 -3.50838927e-05 5.7158913e-12
vn 0 -18.3583012 -98.3004303
vn 0 -73.7956696 -67.4848022
vn 0 -0.000116150717 100
vn 98.3004303 -18.3581963 2.99092972e-06
vn 0 5.60564076e-05 100
vn 0 -0.000148734849 -100
vn 67.4849319 -73.7955627 1.20228233e-05
vn 0 -1.68186289e-05 100
vn 98.3004456 -18.3581944 2.99092949e-06
vn 0 -3.59010301e-06 100
vn 98.3004456 -18.3581867 2.99092835e-06
vn 0 1.68186289e-05 -100
vn 0 -2.34722738e-05 100
vn 0 -0.000148734325 -100
vn 0 0.000116150717 -100
vn -98.3004456 -18.3581848 2.9909279e-06
vn 0 -6.32361116e-05 100
vn 0 -5.60561602e-05 -100
vn -67.4849854 -73.7955017 1.20228133e-05
vn 0 1.68184979e-05 -100
vn -98.3004456 -18.3581944 2.99092949e-06
vn 0 -2.34720228e-05 100
vn 0 3.5899775e-06 -100
vn 0 4.94026317e-05 100
vn -67.4849777 -73.795517 1.20228151e-05
vn 0 -3.61741113e-05 -100
vn 0 -1.68184979e-05 100
vn 0 0.000116150193 -100
vn -98.3004608 -18.3581161 2.99091676e-06
vn -67.4847031 -73.7957535 1.20228542e-05
vn 0 -18.3582668 98.3004227
vn 0 -73.7956619 67.4848251
vn 0 -18.3582706 98.3004303
vn 100 7.49930814e-06 -7.95291926e-05
vn 99.9999924 -6.08799816e-12 -3.73678668e-05
vn 100 -1.04790251e-05 -6.62209568e-05
vn 0 -73.7956543 67.4848328
vn 100 1.49986163e-05 -0.000159058385
vn 99.9999924 -1.21759963e-11 -7.47357335e-05
vn 100 4.92097388e-05 -6.62209641e-05
vn 0 -18.3582783 98.3004303
vn -98.3004379 -18.3582191 2.99093335e-06
vn 0 -9.58206219e-05 -100
vn 0 0.000148733976 100
vn -67.4849319 -73.7955475 1.20228215e-05
vn 0 1.68184106e-05 -100
vn -98.3004379 -18.3582134 2.99093267e-06
vn 0 3.59007026e-06 -100
vn 0 4.94025444e-05 100
vn -67.4849472 -73.7955475 1.20228206e-05
vn 0 -1.68184106e-05 100
vn -67.4849548 -73.7955475 1.20228206e-05
vn 0 -6.32364827e-05 100
vn 0 -5.60563421e-05 -100
vn -67.4850006 -73.7954941 1.20228115e-05
vn 0 -18.3582993 98.3004227
vn 0 -73.7955399 67.4849472
vn -100 -4.92098006e-05 9.93315771e-05
vn 0 -18.3584194 98.3003922
vn -100 -1.49986663e-05 0.000159057294
vn -100 1.21760145e-11 7.47358426e-05
vn 100 -3.50839036e-05 5.71589347e-12
vn 0 -73.7955246 67.4849701
vn -100 -9.47726439e-05 6.62210587e-05
vn 0 -18.3584175 98.3003998
vn 0 -73.7955704 67.4849091
vn 0 58.442997 81.1444168
vn 100 -3.68075416e-05 5.99671007e-12
vn -100 3.68075416e-05 -5.99671007e-12
vn 0 -2.09453574e-05 -100
vn -52.6672783 85.0068054 -1.3849366e-05
vn 52.6672783 85.0068054 -1.3849366e-05
vn 0 -1.57491013e-06 100
vn 0 -5.12855877e-06 -100
vn -52.6671753 85.0068741 -1.38493779e-05
vn 52.6671753 85.0068741 -1.38493779e-05
vn 0 1.51703607e-05 100
vn 0 -2.74555823e-05 -100
vn 0 1.07103106e-05 100
vn -1.78076303 99.9841461 -1.62894848e-05
vn 70.6444092 1.15310186e-05 70.776886
vn -70.6445389 -1.15309967e-05 -70.7767563
vn 70.6444092 -1.15310186e-05 -70.776886
vn -70.6445389 1.15309967e-05 70.7767563
vn 1.78076947 99.9841461 -1.62894848e-05
vn -0.909944177 99.9916992 0.911742866
vn 0.909944654 99.9916992 -0.911777139
vn 0 99.9840775 -1.78422201
vn 0 99.9840775 1.78418934
vn -0.909945011 99.9916992 -0.911776245
vn 0.909944654 99.9916992 0.911744595
vn -3.00177521e-06 -100 1.62920678e-05
vn 0 -6.3236359e-05 100
vn 67.4848099 -73.7956772 1.20228415e-05
vn 0 1.68185416e-05 -100
vn 98.3004456 -18.3581791 2.99092721e-06
vn 0 6.35101424e-06 100
vn 67.4848251 -73.795639 1.2022836e-05
vn 0 -0.000116150368 100
vn 98.3004456 -18.3581848 2.9909279e-06
vn 0 -9.58204982e-05 -100
vn 0 0.000116150368 -100
vn 0 -18.3582268 -98.3004303
vn 0 -18.358223 -98.3004379
vn -100 5.3479449e-05 -8.712908e-12
vn 0 -5.30623292e-05 -100
vn 0 -18.3582363 -98.3004303
vn -98.3004303 -18.3581963 2.99092972e-06
vn 0 0.000148734849 100
vn -67.4848862 -73.7955933 1.20228278e-05
vn 0 4.99293237e-05 -100
vn -98.3004456 -18.3581905 2.99092881e-06
vn -98.3004456 -18.3581581 2.9909238e-06
vn 0 3.59003934e-06 -100
vn -67.4848785 -73.7956009 1.20228287e-05
vn -98.3004456 -18.3581562 2.99092335e-06
vn 0 -5.60562839e-05 -100
vn -99.9999924 -4.92099934e-05 9.93319627e-05
vn 0 -18.3583889 98.3004074
vn -100 -1.49986236e-05 0.000159056857
vn -100 5.34791761e-05 7.47355007e-05
vn 0 -73.7956238 67.4848557
vn -99.9999924 -9.47730223e-05 1.54404857e-11
vn 70.6443405 1.15310286e-05 70.7769547
vn -70.6444702 -1.15310086e-05 -70.776825
vn 70.6443405 -1.15310286e-05 -70.7769547
vn -70.6444702 1.15310086e-05 70.776825
vn -0.910295069 99.9916992 0.911742866
vn 0.910295546 99.9916992 -0.911777139
vn -0.910120487 99.9916992 -0.911776245
vn 0.91012007 99.9916992 0.911744595
vn 2.28706676e-06 -100 1.62920678e-05
vn 67.4849548 -73.7955322 1.20228187e-05
vn 0 -18.3582287 -98.3004303
vn -67.4850235 -73.7954788 1.20228096e-05
vn -98.3004303 -18.3582001 2.99093017e-06
vn -67.4850082 -73.7954788 1.20228096e-05
vn -67.4847641 -73.7957077 1.2022846e-05
vn -100 -4.92097352e-05 9.93314461e-05
vn 0 -18.3583927 98.3004074
vn -100 -1.49986718e-05 0.000159057367
vn -99.9999924 1.21759963e-11 7.47357335e-05
vn 0 -73.7956314 67.4848557
vn -100 -9.47725348e-05 1.54404059e-11
vn 0 -2.5797086e-05 -100
vn 0 2.33427309e-05 100
vn 0 -1.25708984e-05 -100
vn -52.6671906 85.0068665 -1.3849377e-05
vn 52.6671906 85.0068665 -1.3849377e-05
vn 0 -2.70545934e-06 100
vn 0 -6.46672997e-05 -100
vn 0 3.30373368e-05 99.9999924
vn 2.12446557e-05 -1.62920678e-05 -100
vn -4.32665656e-05 -100 1.62920678e-05
vn 2.12446721e-05 -1.62920678e-05 -100
vn -1.32779178e-06 1.57004924e-05 100
vn 2.12446685e-05 -1.62920678e-05 -100
vn 4.32665656e-05 100 -1.62920678e-05
vn -100 2.12446193e-05 -3.46118793e-12
vn 0 -1.34081747e-05 -100
vn -4.24893733e-05 2.05362376e-05 100
vn -100 4.24893478e-05 -6.92239321e-12
vn 4.24893769e-05 -7.5074031e-06 -100
vn 0 7.50657819e-06 100
vn -100 4.24893624e-05 -6.92239538e-12
vn -4.32666129e-05 -100 1.62920678e-05
vn 0 2.15687633e-05 -100
vn 0 4.11162837e-05 100
vn -99.9999924 -8.49787029e-05 1.38447873e-11
vn 4.24892714e-05 2.15686068e-05 -100
vn -4.24892714e-05 3.22486885e-05 100
vn -100 -8.49785793e-05 1.38447682e-11
vn 5.31116802e-06 -1.62920678e-05 -100
vn 0 -100 2.8431059e-05
vn 0 100 -2.8431059e-05
vn -4.24893369e-05 1.62920678e-05 100
vn 4.2489326e-05 -1.62920678e-05 -100
vn -4.32665547e-05 -100 1.62920678e-05
vn -100 -6.16830762e-12 -3.7860802e-05
vn 100 -5.31118076e-06 3.78610057e-05
vn 0 -86.6023788 -50.0002708
vn -2.31856902e-05 86.6029968 -49.9992142
vn 0 86.6022873 50.0004311
vn 3.05825984e-06 1.62920678e-05 100
vn 0 -86.602272 50.0004616
vn -33.3099709 81.0973663 48.1005478
vn 0 0.000138285162 99.9999924
vn 39.2418785 -78.599762 -47.7719002
vn -33.3099213 81.0974197 -48.100502
vn 39.2419624 -78.5995789 47.77211
vn 81.6530457 -38.1574402 43.3219376
vn 0 -5.61137786e-05 100
vn -83.5146866 34.1113434 -43.1475677
vn -83.5145187 34.1114388 43.1478271
vn 81.6535797 -38.1569595 -43.3213425
vn 14.5291271 -85.7308731 -49.3874588
vn 28.1220169 -1.56345741e-05 -95.9643402
vn 14.5289898 85.7316208 -49.3861923
vn -14.7004395 85.7301407 49.3380127
vn -28.8685627 1.55984162e-05 95.7424011
vn -14.7007656 -85.7300873 49.3380203
vn -47.9074364 81.0976486 33.586441
vn 99.9983368 9.09245791e-05 -0.575808048
vn -99.9983368 -2.75452021e-05 0.576296031
vn 47.5452614 -78.5994034 -39.5168724
vn 48.2922935 81.0971298 33.0319481
vn -47.9975624 -78.5994034 -38.9662552
vn -43.79179 -38.158329 -81.4016037
vn -99.9983444 5.72269673e-05 0.576064706
vn 43.6280098 34.1119156 83.2644806
vn -42.6657562 34.1116867 83.7617188
vn 99.9983368 0.000114171664 -0.576350927
vn 42.8504601 -38.1585999 -81.9009018
vn -49.5094948 -83.4454422 24.2005901
vn -90.9889526 6.75877391e-06 41.4850578
vn -49.5103836 83.4449692 24.2004204
vn 48.9344597 83.4704666 -25.2606564
vn 88.6049118 -7.55286237e-06 -46.3591385
vn 48.9355774 -83.4698563 -25.2604675
vn 49.9904785 -86.5987396 -1.26907539
vn 99.9677811 -4.13452682e-07 -2.53775454
vn 49.9915771 86.598114 -1.26909482
vn -49.9916687 86.598053 1.26897895
vn -99.967804 4.13438045e-07 2.53766465
vn -49.9905739 -86.5986786 1.26901579
vn 0 -86.6023712 50.0003014
vn -1.39466647e-05 1.62920678e-05 100
vn 0 86.6023712 50.0002785
vn 0 86.6023178 -50.0004044
vn 0 -86.6023331 -50.0003586
vn -33.3099174 81.0974503 -48.1004524
vn -9.69992107e-05 0.000138282863 100
vn 39.2431641 -78.5995407 47.7711792
vn -33.3098869 81.0974731 48.1004257
vn 39.2431641 -78.599556 -47.7711563
vn 81.6528625 -38.1578865 -43.3218803
vn 0 0.000128520463 -99.9999924
vn -83.5144196 34.1113129 43.1481171
vn -83.514389 34.1113739 -43.1481094
vn 0 0.000161104588 99.9999924
vn 81.6529312 -38.1576767 43.3219376
vn 0 -86.6023102 50.0004082
vn -1.00709321e-05 0.000321701373 100
vn 0 86.602272 50.0004692
vn 0 86.6024094 -50.0002365
vn 0 -0.000168996718 -100
vn 0 -86.6024017 -50.0002403
vn 33.3100624 81.0973816 -48.1004639
vn 0.000234123174 -1.62920678e-05 -100
vn -39.2431717 -78.5996399 47.7710075
vn 33.3098907 81.0975418 48.1003189
vn -39.2430115 -78.5996246 -47.7711678
vn -81.6528854 -38.1581306 -43.3216209
vn 0 -0.000161103919 -100
vn 83.5144958 34.111515 43.1478119
vn 83.5144958 34.1114998 -43.1478195
vn -81.6529236 -38.15802 43.3216553
vn 2.97295628e-05 -86.6023178 50.0003891
vn -2.78933294e-05 1.62920678e-05 100
vn 0 86.6023331 50.0003738
vn 1.83682141e-06 86.6023178 -50.0004044
vn 2.78933294e-05 -1.62920678e-05 -100
vn -33.309845 81.0975418 -48.1003456
vn 0 -0.000105698731 100
vn 0 4.47033308e-05 -100
vn 39.2431831 -78.5995255 47.7711983
vn -33.3099022 81.0974503 48.1004524
vn 81.6535187 -38.1572151 -43.3212471
vn -83.514389 34.1113892 43.1481018
vn -83.5146027 34.1111794 -43.1478615
vn 81.6528473 -38.1579247 43.321888
vn 0 -86.6023407 50.0003357
vn 0 86.6023788 50.0002823
vn 0 86.6023102 -50.0004196
vn 0 -86.6023254 -50.0003777
vn 33.3100243 81.0973892 -48.1004715
vn 0 -0.000227689219 99.9999924
vn 0.000117061587 0.000105698578 -100
vn 33.3098373 81.0975952 48.1002502
vn -39.2429085 -78.599762 -47.7710495
vn 83.514473 34.1115952 43.1478004
vn -0.000173066146 100 -1.62920678e-05
vn -99.9999924 -3.9833827e-05 6.48975405e-12
vn 0 2.69745669e-05 -100
vn 0.000201564646 -99.9999924 1.6292066e-05
vn -0.00012667304 99.9999924 -1.6292066e-05
vn -2.12446521e-05 1.62920678e-05 100
vn 99.9999924 -8.49788848e-05 1.38448168e-11
vn 6.28497946e-05 -100 1.62920678e-05
vn 0.000173066073 100 -1.62920678e-05
vn -2.12446612e-05 2.15686505e-05 -100
vn 4.24893224e-05 1.62920678e-05 100
vn 100 -8.49785574e-05 1.38447639e-11
vn 0.000129000851 -100 1.62920678e-05
vn 7.6639386e-05 99.9999924 -1.6292066e-05
vn -100 6.16833147e-12 3.78609475e-05
vn -5.31116257e-06 1.62920678e-05 100
vn 5.31116257e-06 -1.62920678e-05 -100
vn 4.84787961e-05 -100 1.62920678e-05
vn -4.87689358e-05 100 -1.62920678e-05
vn 1.32778803e-06 -1.27426165e-05 -100
vn 1.12556627e-05 -100 1.62920678e-05
vn 100 -2.1244663e-05 3.46119509e-12
vn -99.9999924 -4.24894206e-05 6.92240536e-12
vn 2.12446485e-05 4.04992679e-05 -99.9999924
vn 100 -8.49788703e-05 1.38448151e-11
vn 0.000100782287 -100 1.62920678e-05
vn -1.42762212e-06 99.9999924 -1.6292066e-05
vn 100 -8.49788048e-05 1.38448046e-11
vn -2.67894825e-06 -100 1.62920678e-05
vn -2.12446284e-05 2.15685923e-05 -100
vn 4.24892569e-05 5.41527261e-05 100
vn 100 -0.000169957144 2.7689533e-11
vn -4.91581068e-06 -100 1.62920678e-05
vn 9.6810918e-06 99.9999924 -1.6292066e-05
vn 99.9999924 -8.49787975e-05 1.38448029e-11
vn -100 5.39729025e-12 3.312833e-05
vn -100 7.7104139e-12 4.73261862e-05
vn -100 2.12447776e-05 3.78609438e-05
vn -100 6.16834058e-12 3.78610057e-05
vn 99.9999924 -3.31946535e-06 4.43682293e-05
vn 100 7.7103791e-13 4.73259706e-06
vn 0 -86.6024246 50.000206
vn -2.78933294e-05 0.000227764103 100
vn -33.3099289 81.0974426 -48.1004639
vn -0.000193998421 0.000138282863 100
vn 39.2431145 -78.5996094 47.7711182
vn -33.3099022 81.0974579 48.1004486
vn 39.2431831 -78.5995407 -47.7711754
vn -83.5144043 34.1113358 -43.1481209
vn 0 5.24951975e-05 99.9999924
vn 81.6529007 -38.1577759 43.3219185
vn 0 86.6023712 50.0002937
vn 0 86.6023865 -50.0002708
vn 0 -86.602356 -50.0003052
vn 33.3099632 81.097496 -48.1003265
vn 0 -0.000105698578 99.9999924
vn 0.000234123174 -0.000260273373 -100
vn -39.2432289 -78.5995789 47.77108
vn 33.3099442 81.0974808 48.1003914
vn -39.2431717 -78.5996552 -47.7709923
vn -81.6529236 -38.1580353 -43.3216248
vn 0 9.23168191e-05 -100
vn 83.5145035 34.1114998 43.1478195
vn 83.514473 34.1115379 -43.1478119
vn 0 -5.61138586e-05 100
vn 2.97295373e-05 -86.6023483 50.000351
vn 0 86.6023483 50.0003242
vn 1.83681959e-06 86.6023331 -50.0003548
vn 0 -86.6023636 -50.0003204
vn -33.3098755 81.097496 -48.1003876
vn 0 -4.47033308e-05 100
vn 39.2431984 -78.5995026 47.7712173
vn -33.3098946 81.0974655 48.100441
vn 39.2431297 -78.5996017 -47.7711105
vn 81.6534653 -38.1573601 -43.3212166
vn -83.514595 34.1112175 -43.1478615
vn 0 -5.61141969e-05 99.9999924
vn 81.6528778 -38.1578217 43.321907
vn 0 -86.6023712 50.000309
vn 0 86.6023178 -50.0003891
vn 33.3099785 81.0974503 -48.1004028
vn 0.000117061587 -1.62920678e-05 -100
vn -39.2432289 -78.5995789 47.7710686
vn 33.3099556 81.097435 48.1004257
vn -39.2429314 -78.5997162 -47.7710762
vn -81.6529083 -38.1580849 -43.3216324
vn 83.5144882 34.1115227 -43.1478195
vn -99.9999924 -3.19385185e-06 5.2034451e-13
vn -70.7106323 -9.87790827e-06 -70.7107239
vn -70.7106018 1.09041803e-05 70.7107468
vn 0 -1.33572948e-05 -100
vn 100 -2.67730275e-06 4.36187951e-13
vn -70.7106628 1.53065139e-05 70.7106857
vn -70.7106323 -6.01337842e-06 -70.7107162
vn -100 5.35460867e-06 -8.72376498e-13
vn 99.9999924 -3.19385185e-06 5.2034451e-13
vn 70.7106323 -1.15202392e-05 -70.7107239
vn 70.7106018 9.877911e-06 70.7107468
vn -100 5.35460549e-06 8.32247167e-07
vn 70.7107544 1.15202201e-05 70.7106018
vn 70.7107315 -1.15202238e-05 -70.7106323
vn 0 0.000124497761 100
vn 100 -5.94769199e-12 -3.65066735e-05
vn 0 0.000187266938 100
vn 7.13677537e-07 100 -1.86880425e-05
vn -100 5.94769199e-12 3.65066735e-05
vn 92.3879013 -38.2684479 6.23472124e-06
vn 38.2683945 -92.3879395 1.50519054e-05
vn -38.2683945 -92.3879395 1.50519054e-05
vn -92.3879471 -38.268383 6.23471078e-06
vn -92.3878174 38.2686806 -6.23475989e-06
vn -38.2695045 92.3874741 -1.50518299e-05
vn 38.2694855 92.3874817 -5.57619678e-05
vn 92.387825 38.2686424 -0.000169077452
vn 38.2683563 -92.3879471 -6.63687388e-05
vn -38.2684097 -92.3879242 1.50519027e-05
vn -92.38797 -38.2683105 6.23469896e-06
vn -92.3878403 38.2686119 -6.23474807e-06
vn 38.2695045 92.3874741 -1.50518299e-05
vn 92.3878174 38.2686806 -6.23475989e-06
vn 38.2684021 -92.3879242 1.50519036e-05
vn -38.2683945 -92.3879395 3.54070871e-05
vn -92.3879013 -38.2684479 6.23472124e-06
vn 0 4.02191727e-05 99.9999924
vn 92.3878174 38.2686729 -6.23475808e-06
vn 0 -4.02191763e-05 -100
vn 92.3878937 -38.268486 6.23472761e-06
vn -92.3878021 38.2687149 -6.2347649e-06
vn 0 4.32851448e-06 99.9999924
vn 38.2695274 92.3874741 -5.57620151e-05
vn 38.2683716 -92.3879395 -6.63687752e-05
vn -38.2684021 -92.3879242 1.50519036e-05
vn 0 2.82556084e-05 100
vn 92.3878021 38.2687149 -6.2347649e-06
vn 38.2684097 -92.3879242 1.50519027e-05
vn -38.2683334 -92.3879547 1.50519081e-05
vn -92.3878937 -38.268486 6.23472761e-06
vn -38.269474 92.3874817 -1.50518317e-05
vn 92.3878098 38.2686958 -6.23476171e-06
vn 0 -4.32851357e-06 -100

# Mesh 'Cube.024' with 1004 faces
g Cube.024
usemtl Windows
f  1/1/1 2/2/1 3/3/1 4/4/1
f  5/5/2 6/6/2 7/7/2 8/8/2
f  9/9/3 10/10/3 11/11/3 5/5/3
f  2/2/2 12/12/2 13/13/2 14/14/2
f  14/15/4 13/16/4 15/17/4 16/18/4
f  17/19/5 18/20/5 3/3/5 2/2/5
f  19/21/6 20/22/6 21/23/6 7/24/6
f  22/25/4 11/26/4 23/27/4 24/28/4
f  22/29/7 25/30/7 26/31/7 12/12/7
f  10/32/6 27/33/6 23/34/6 11/35/6
f  28/36/6 29/37/6 15/38/6 13/39/6
f  12/12/2 5/5/2 11/11/2 22/29/2
f  8/8/8 30/40/8 9/9/8 5/5/8
f  26/31/9 28/41/9 13/13/9 12/12/9
f  14/14/7 31/42/7 17/19/7 2/2/7
f  32/43/10 33/44/10 34/45/10 4/46/10
f  35/47/11 36/48/11 37/49/11 24/50/11
f  38/51/12 39/52/12 40/53/12 41/54/12
f  32/55/2 41/54/2 40/53/2 42/56/2
f  24/50/2 23/57/2 43/58/2 35/47/2
f  8/59/4 7/60/4 21/61/4 44/62/4
f  4/4/13 34/63/13 45/64/13 1/1/13
f  44/65/10 46/66/10 30/67/10 8/68/10
f  24/69/10 37/70/10 25/71/10 22/72/10
f  4/73/14 3/74/14 41/75/14 32/76/14
f  16/77/10 47/71/10 31/78/10 14/79/10
f  18/80/6 38/81/6 41/82/6 3/83/6
f  27/84/15 48/85/15 43/58/15 23/57/15
f  49/86/16 50/87/16 51/88/16 52/89/16
f  53/90/17 54/91/17 36/92/17 35/93/17
f  39/94/16 55/95/16 56/96/16 40/21/16
f  42/97/4 40/98/4 56/99/4 57/100/4
f  20/101/18 49/102/18 52/103/18 21/104/18
f  16/105/2 15/106/2 58/107/2 59/108/2
f  29/109/19 60/110/19 58/107/19 15/106/19
f  59/108/20 61/111/20 47/112/20 16/105/20
f  44/113/2 21/104/2 52/103/2 62/114/2
f  42/56/21 63/115/21 33/116/21 32/55/21
f  62/114/22 64/117/22 46/118/22 44/113/22
f  48/119/16 65/120/16 66/121/16 43/122/16
f  59/123/4 58/124/4 67/125/4 68/126/4
f  60/127/16 69/128/16 67/129/16 58/130/16
f  68/131/17 70/132/17 61/133/17 59/134/17
f  62/135/4 52/136/4 51/137/4 71/138/4
f  57/139/17 72/140/17 63/141/17 42/142/17
f  71/143/17 73/144/17 64/145/17 62/43/17
f  45/146/16 74/147/16 75/148/16 1/149/16
f  35/150/23 43/151/23 66/152/23 53/153/23
f  6/154/24 5/155/24 76/156/24 77/157/24
f  5/155/25 12/158/25 78/159/25 76/156/25
f  2/160/26 1/161/26 75/162/26 79/163/26
f  77/164/27 80/165/27 81/166/27 6/167/27
f  12/158/28 2/160/28 79/163/28 78/159/28
f  45/64/2 34/63/2 18/20/2 17/19/2
f  9/9/2 30/40/2 19/168/2 81/169/2
f  17/19/2 31/42/2 28/41/2 26/31/2
f  31/170/24 47/44/24 29/171/24 28/172/24
f  25/61/29 37/173/29 27/174/29 10/175/29
f  26/31/30 25/30/30 10/10/30 9/9/30
f  33/116/2 63/115/2 39/52/2 38/51/2
f  37/49/2 36/48/2 48/85/2 27/84/2
f  30/176/31 46/177/31 20/178/31 19/179/31
f  34/180/32 33/181/32 38/182/32 18/183/32
f  63/184/24 72/185/24 55/175/24 39/186/24
f  47/112/2 61/111/2 60/110/2 29/109/2
f  46/118/2 64/117/2 49/102/2 20/101/2
f  61/187/24 70/188/24 69/145/24 60/189/24
f  64/190/33 73/191/33 50/192/33 49/193/33
f  36/194/34 54/195/34 65/196/34 48/197/34
f  81/198/4 80/199/4 82/200/4 9/201/4
f  9/201/23 82/200/23 83/202/23 26/203/23
f  17/204/35 84/205/35 74/206/35 45/207/35
f  26/203/36 83/202/36 84/205/36 17/204/36
f  81/169/37 19/168/37 7/7/37 6/6/37
f  85/208/38 86/209/38 87/210/38 88/211/38
f  89/212/2 90/213/2 91/214/2 92/215/2
f  93/216/3 94/217/3 95/218/3 89/212/3
f  86/209/2 96/219/2 97/220/2 98/221/2
f  98/222/4 97/223/4 99/224/4 100/225/4
f  101/226/39 102/227/39 87/210/39 86/209/39
f  103/228/40 104/229/40 105/89/40 91/230/40
f  106/231/4 95/232/4 107/233/4 108/234/4
f  106/235/2 109/236/2 110/237/2 96/219/2
f  94/238/6 111/239/6 107/69/6 95/240/6
f  112/241/6 113/242/6 99/243/6 97/244/6
f  96/219/30 89/212/30 95/218/30 106/235/30
f  92/215/2 114/245/2 93/216/2 89/212/2
f  110/237/41 112/246/41 97/220/41 96/219/41
f  98/221/42 115/247/42 101/226/42 86/209/42
f  116/248/10 117/249/10 118/250/10 88/251/10
f  119/252/11 120/253/11 121/51/11 108/254/11
f  122/255/43 123/256/43 124/257/43 125/258/43
f  116/259/2 125/258/2 124/257/2 126/260/2
f  108/254/2 107/261/2 127/262/2 119/252/2
f  92/263/4 91/177/4 105/176/4 128/264/4
f  88/211/2 118/265/2 129/266/2 85/208/2
f  128/68/44 130/267/44 114/268/44 92/65/44
f  108/269/10 121/270/10 109/119/10 106/91/10
f  88/271/14 87/272/14 125/273/14 116/274/14
f  100/46/10 131/269/10 115/91/10 98/43/10
f  102/275/6 122/276/6 125/277/6 87/278/6
f  111/279/15 132/280/15 127/262/15 107/261/15
f  133/281/16 134/140/16 135/282/16 136/283/16
f  137/138/17 138/284/17 120/285/17 119/135/17
f  123/286/16 139/287/16 140/288/16 124/289/16
f  126/290/4 124/291/4 140/292/4 141/293/4
f  104/294/45 133/295/45 136/296/45 105/297/45
f  100/298/2 99/299/2 142/300/2 143/301/2
f  113/302/46 144/303/46 142/300/46 99/299/46
f  143/301/47 145/304/47 131/305/47 100/298/47
f  128/306/48 105/297/48 136/296/48 146/307/48
f  126/260/21 147/308/21 117/309/21 116/259/21
f  146/307/49 148/310/49 130/311/49 128/306/49
f  132/312/16 149/313/16 150/314/16 127/315/16
f  143/316/4 142/317/4 151/318/4 152/319/4
f  144/320/16 153/321/16 151/322/16 142/323/16
f  152/324/17 154/325/17 145/326/17 143/327/17
f  146/328/50 136/329/50 135/190/50 155/330/50
f  141/331/17 156/315/17 147/332/17 126/333/17
f  155/334/17 157/335/17 148/336/17 146/337/17
f  129/338/16 158/339/16 159/340/16 85/341/16
f  119/342/23 127/343/23 150/232/23 137/344/23
f  90/345/24 89/346/24 160/347/24 161/348/24
f  89/346/25 96/349/25 162/350/25 160/347/25
f  86/351/26 85/352/26 159/353/26 163/354/26
f  161/355/51 164/356/51 165/34/51 90/357/51
f  96/349/28 86/351/28 163/354/28 162/350/28
f  129/266/52 118/265/52 102/227/52 101/226/52
f  93/216/2 114/245/2 103/358/2 165/359/2
f  101/226/2 115/247/2 112/246/2 110/237/2
f  115/360/24 131/361/24 113/33/24 112/362/24
f  109/363/24 121/364/24 111/365/24 94/264/24
f  110/237/2 109/236/2 94/217/2 93/216/2
f  117/309/30 147/308/30 123/256/30 122/255/30
f  121/51/2 120/253/2 132/280/2 111/279/2
f  114/366/25 130/62/25 104/367/25 103/368/25
f  118/369/53 117/370/53 122/125/53 102/371/53
f  147/364/24 156/372/24 139/373/24 123/374/24
f  131/305/30 145/304/30 144/303/30 113/302/30
f  130/311/30 148/310/30 133/295/30 104/294/30
f  145/375/24 154/376/24 153/377/24 144/378/24
f  148/193/24 157/379/24 134/380/24 133/381/24
f  120/382/25 138/383/25 149/384/25 132/385/25
f  165/386/54 164/387/54 166/388/54 93/389/54
f  93/389/23 166/388/23 167/390/23 110/391/23
f  101/392/55 168/393/55 158/394/55 129/395/55
f  110/391/4 167/390/4 168/393/4 101/392/4
f  165/359/56 103/358/56 91/214/56 90/213/56
f  169/396/6 170/397/6 171/398/6 172/399/6
f  173/400/6 174/401/6 175/402/6 176/403/6
f  177/404/57 178/405/57 179/406/57 180/407/57
f  179/408/16 178/51/16 181/409/16 182/410/16
f  183/411/2 184/412/2 185/413/2 178/405/2
f  177/414/17 180/415/17 186/416/17 187/417/17
f  188/418/58 189/419/58 190/420/58 191/421/58
f  192/422/59 183/411/59 178/405/59 177/404/59
f  193/423/24 177/424/24 187/425/24 194/426/24
f  195/427/2 192/422/2 177/404/2 193/428/2
f  178/429/25 185/430/25 196/431/25 181/432/25
f  190/433/30 197/434/30 198/435/30 199/436/30
f  195/427/2 191/437/2 190/433/2 192/422/2
f  198/438/16 200/439/16 201/440/16 199/441/16
f  183/411/30 199/436/30 202/442/30 184/412/30
f  190/443/17 189/444/17 203/445/17 197/446/17
f  192/422/2 190/433/2 199/436/2 183/411/2
f  199/447/60 201/448/60 204/449/60 202/450/60
f  205/451/2 206/452/2 207/453/2 208/454/2
f  209/455/30 210/456/30 211/457/30 212/458/30
f  205/451/61 213/459/61 214/460/61 206/452/61
f  215/461/2 216/462/2 211/457/2 210/456/2
f  208/454/62 207/453/62 216/462/62 215/461/62
f  217/463/2 209/455/2 212/458/2 218/464/2
f  213/459/2 219/465/2 220/466/2 214/460/2
f  206/467/63 214/468/63 221/469/63 222/470/63
f  216/471/24 223/472/24 224/473/24 211/474/24
f  207/475/25 225/476/25 223/472/25 216/471/25
f  218/477/17 212/478/17 226/479/17 227/480/17
f  214/468/64 220/481/64 228/482/64 221/469/64
f  206/483/24 222/484/24 225/476/24 207/475/24
f  212/478/10 211/485/10 224/486/10 226/479/10
f  205/487/4 208/488/4 229/489/4 230/490/4
f  210/491/16 209/492/16 231/493/16 232/494/16
f  213/495/65 205/496/65 230/497/65 233/498/65
f  215/499/4 210/500/4 232/501/4 234/502/4
f  208/488/66 215/499/66 234/502/66 229/489/66
f  209/492/16 217/503/16 235/504/16 231/493/16
f  219/505/67 213/495/67 233/498/67 236/506/67
f  237/507/2 238/508/2 239/509/2 240/510/2
f  241/511/68 242/512/68 243/513/68 244/514/68
f  237/507/69 240/510/69 245/515/69 246/516/69
f  247/517/2 244/514/2 243/513/2 248/518/2
f  238/508/2 247/517/2 248/518/2 239/509/2
f  217/463/2 218/464/2 242/512/2 241/511/2
f  246/516/2 245/515/2 220/466/2 219/465/2
f  240/519/70 249/520/70 250/521/70 245/522/70
f  248/523/4 243/524/4 251/525/4 252/526/4
f  239/527/23 248/523/23 252/526/23 253/528/23
f  218/477/17 227/480/17 254/529/17 242/530/17
f  245/522/71 250/521/71 228/482/71 220/481/71
f  240/531/4 239/527/4 253/528/4 249/532/4
f  242/530/10 254/529/10 251/533/10 243/534/10
f  237/535/24 255/536/24 256/537/24 238/538/24
f  244/539/16 257/540/16 258/541/16 241/542/16
f  246/543/72 259/544/72 255/545/72 237/546/72
f  247/547/24 260/548/24 257/549/24 244/550/24
f  238/538/25 256/537/25 260/548/25 247/547/25
f  241/542/16 258/541/16 235/504/16 217/503/16
f  219/505/73 236/506/73 259/544/73 246/543/73
f  261/551/2 262/552/2 263/553/2 264/554/2
f  265/555/74 266/556/74 267/557/74 268/558/74
f  261/551/75 269/559/75 270/560/75 262/552/75
f  271/561/2 272/562/2 273/563/2 274/564/2
f  264/554/2 263/553/2 275/565/2 276/566/2
f  277/567/2 265/555/2 268/558/2 278/568/2
f  274/564/2 273/563/2 267/557/2 266/556/2
f  276/566/2 275/565/2 272/562/2 271/561/2
f  269/559/2 279/569/2 280/570/2 270/560/2
f  262/473/76 270/571/76 281/572/76 282/573/76
f  272/574/24 283/575/24 284/576/24 273/577/24
f  263/578/24 285/579/24 286/580/24 275/581/24
f  278/582/17 268/583/17 287/584/17 288/585/17
f  273/577/25 284/576/25 289/586/25 267/587/25
f  275/581/24 286/580/24 283/575/24 272/574/24
f  270/571/77 280/588/77 290/589/77 281/572/77
f  262/590/24 282/591/24 285/579/24 263/578/24
f  268/583/17 267/592/17 289/593/17 287/584/17
f  261/594/23 264/595/23 291/596/23 292/597/23
f  266/598/16 265/599/16 293/600/16 294/601/16
f  269/602/78 261/603/78 292/604/78 295/605/78
f  271/606/23 274/607/23 296/608/23 297/609/23
f  264/595/4 276/610/4 298/611/4 291/596/4
f  265/599/16 277/612/16 299/613/16 293/600/16
f  274/607/4 266/614/4 294/615/4 296/608/4
f  276/610/4 271/606/4 297/609/4 298/611/4
f  279/616/79 269/602/79 295/605/79 300/617/79
f  301/618/2 302/619/2 303/620/2 304/621/2
f  305/622/80 306/623/80 307/624/80 308/625/80
f  301/618/81 304/621/81 309/626/81 310/627/81
f  311/628/2 312/629/2 313/630/2 314/631/2
f  302/619/2 315/632/2 316/633/2 303/620/2
f  277/567/2 278/568/2 306/623/2 305/622/2
f  312/629/2 308/625/2 307/624/2 313/630/2
f  315/632/2 311/628/2 314/631/2 316/633/2
f  310/627/2 309/626/2 280/570/2 279/569/2
f  304/634/82 317/635/82 318/636/82 309/637/82
f  314/638/4 313/639/4 319/640/4 320/641/4
f  303/642/4 316/643/4 321/644/4 322/645/4
f  278/582/17 288/585/17 323/646/17 306/647/17
f  313/639/23 307/648/23 324/649/23 319/640/23
f  316/643/4 314/638/4 320/641/4 321/644/4
f  309/637/83 318/636/83 290/589/83 280/588/83
f  304/650/4 303/642/4 322/645/4 317/651/4
f  306/647/17 323/646/17 324/652/17 307/653/17
f  301/654/25 325/655/25 326/656/25 302/657/25
f  308/658/16 327/659/16 328/660/16 305/661/16
f  310/662/84 329/663/84 325/664/84 301/665/84
f  311/666/25 330/667/25 331/668/25 312/669/25
f  302/657/24 326/656/24 332/670/24 315/671/24
f  305/661/16 328/660/16 299/613/16 277/612/16
f  312/669/24 331/668/24 327/672/24 308/673/24
f  315/671/24 332/670/24 330/667/24 311/666/24
f  279/616/73 300/617/73 329/663/73 310/662/73
f  333/674/2 334/675/2 335/676/2 336/677/2
f  337/678/25 338/679/25 339/680/25 340/681/25
f  335/682/16 334/683/16 341/684/16 342/685/16
f  343/686/2 344/687/2 345/688/2 334/675/2
f  333/689/17 336/690/17 346/691/17 347/692/17
f  338/693/17 348/694/17 349/695/17 339/696/17
f  350/697/2 351/698/2 333/674/2 352/699/2
f  353/51/16 352/700/16 354/701/16 355/409/16
f  351/698/2 343/686/2 334/675/2 333/674/2
f  356/702/2 350/697/2 352/699/2 338/703/2
f  338/703/2 352/699/2 353/704/2 348/705/2
f  352/706/24 333/707/24 347/708/24 354/709/24
f  334/710/24 345/711/24 357/712/24 341/713/24
f  358/714/2 356/702/2 338/703/2 337/715/2
f  359/716/30 360/717/30 361/718/30 362/719/30
f  363/720/85 364/721/85 365/722/85 366/723/85
f  361/724/16 367/725/16 368/726/16 362/727/16
f  343/686/2 362/719/2 369/728/2 344/687/2
f  359/729/17 370/730/17 371/731/17 360/732/17
f  366/733/17 365/734/17 372/735/17 373/736/17
f  350/697/2 374/737/2 359/716/2 351/698/2
f  375/738/16 376/739/16 377/740/16 374/741/16
f  351/698/2 359/716/2 362/719/2 343/686/2
f  356/702/2 366/742/2 374/737/2 350/697/2
f  366/742/2 373/743/2 375/744/2 374/737/2
f  374/745/4 377/746/4 370/747/4 359/748/4
f  362/749/86 368/750/86 378/751/86 369/752/86
f  358/714/2 363/753/2 366/742/2 356/702/2
f  379/754/2 380/755/2 381/756/2 382/757/2
f  381/758/16 383/759/16 384/760/16 382/761/16
f  385/762/2 382/757/2 386/763/2 387/764/2
f  379/765/17 388/766/17 389/767/17 380/768/17
f  390/769/87 391/770/87 392/771/87 393/421/87
f  394/772/2 379/754/2 382/757/2 385/762/2
f  395/773/4 396/774/4 388/775/4 379/776/4
f  397/777/2 395/778/2 379/754/2 394/772/2
f  382/779/23 384/780/23 398/781/23 386/782/23
f  392/783/30 399/784/30 400/785/30 401/786/30
f  397/777/88 394/772/88 392/783/88 391/787/88
f  400/788/16 399/408/16 402/410/16 403/789/16
f  385/762/89 387/764/89 404/790/89 399/784/89
f  392/791/17 401/792/17 405/793/17 393/794/17
f  394/772/90 385/762/90 399/784/90 392/783/90
f  399/795/91 404/796/91 406/797/91 402/798/91
f  407/799/2 408/800/2 409/801/2 410/802/2
f  411/803/92 412/804/92 413/805/92 414/806/92
f  407/799/93 410/802/93 415/807/93 416/808/93
f  417/809/2 414/806/2 413/805/2 418/810/2
f  408/800/2 417/809/2 418/810/2 409/801/2
f  419/811/2 420/812/2 412/804/2 411/803/2
f  416/808/2 415/807/2 421/813/2 422/814/2
f  410/815/70 423/816/70 424/817/70 415/818/70
f  418/819/4 413/820/4 425/821/4 426/822/4
f  409/823/23 418/819/23 426/822/23 427/824/23
f  420/825/17 428/826/17 429/827/17 412/828/17
f  415/818/94 424/817/94 430/829/94 421/830/94
f  410/831/4 409/823/4 427/824/4 423/832/4
f  412/828/10 429/827/10 425/833/10 413/834/10
f  407/501/24 431/835/24 432/836/24 408/837/24
f  414/838/16 433/839/16 434/840/16 411/841/16
f  416/842/95 435/843/95 431/844/95 407/845/95
f  417/846/24 436/847/24 433/848/24 414/849/24
f  408/837/25 432/836/25 436/847/25 417/846/25
f  411/841/16 434/840/16 437/850/16 419/851/16
f  422/852/96 438/853/96 435/843/96 416/842/96
f  439/854/2 440/855/2 441/856/2 442/857/2
f  443/858/2 444/859/2 445/513/2 446/860/2
f  439/854/97 447/861/97 448/862/97 440/855/97
f  449/863/2 450/864/2 445/513/2 444/859/2
f  442/857/30 441/856/30 450/864/30 449/863/30
f  419/811/2 443/858/2 446/860/2 420/812/2
f  447/861/2 422/814/2 421/813/2 448/862/2
f  440/865/98 448/866/98 451/867/98 452/868/98
f  450/869/99 453/870/99 454/871/99 445/872/99
f  441/873/100 455/874/100 453/870/100 450/869/100
f  420/825/17 446/875/17 456/876/17 428/826/17
f  448/866/101 421/830/101 430/829/101 451/867/101
f  440/877/102 452/878/102 455/874/102 441/873/102
f  446/875/103 445/879/103 454/880/103 456/876/103
f  439/881/4 442/882/4 457/883/4 458/884/4
f  444/885/16 443/886/16 459/887/16 460/888/16
f  447/889/65 439/890/65 458/891/65 461/892/65
f  449/893/4 444/894/4 460/535/4 462/895/4
f  442/882/23 449/893/23 462/895/23 457/883/23
f  443/886/16 419/851/16 437/850/16 459/887/16
f  422/852/79 447/889/79 461/892/79 438/853/79
f  463/896/2 464/897/2 465/898/2 466/899/2
f  467/900/104 468/901/104 469/902/104 470/903/104
f  463/896/105 466/899/105 471/904/105 472/905/105
f  473/906/2 474/907/2 475/908/2 476/909/2
f  464/897/2 477/910/2 478/911/2 465/898/2
f  479/912/2 480/913/2 468/901/2 467/900/2
f  474/907/2 470/903/2 469/902/2 475/908/2
f  477/910/2 473/906/2 476/909/2 478/911/2
f  472/905/2 471/904/2 481/914/2 482/915/2
f  466/916/106 483/917/106 484/918/106 471/919/106
f  476/920/4 475/921/4 485/922/4 486/923/4
f  465/924/4 478/925/4 487/926/4 488/927/4
f  480/928/17 489/929/17 490/930/17 468/931/17
f  475/921/23 469/932/23 491/933/23 485/922/23
f  478/925/4 476/920/4 486/923/4 487/926/4
f  471/919/107 484/918/107 492/934/107 481/935/107
f  466/936/4 465/924/4 488/927/4 483/937/4
f  468/931/17 490/930/17 491/938/17 469/939/17
f  463/940/25 493/672/25 494/941/25 464/942/25
f  470/943/16 495/944/16 496/945/16 467/946/16
f  472/947/84 497/948/84 493/949/84 463/950/84
f  473/951/25 498/952/25 499/953/25 474/954/25
f  464/942/24 494/941/24 500/955/24 477/956/24
f  467/946/16 496/945/16 501/957/16 479/958/16
f  474/954/24 499/953/24 495/959/24 470/960/24
f  477/956/24 500/955/24 498/952/24 473/951/24
f  482/961/73 502/962/73 497/948/73 472/947/73
f  503/963/2 504/964/2 505/965/2 506/966/2
f  507/967/108 508/968/108 509/969/108 510/970/108
f  503/963/81 511/971/81 512/972/81 504/964/81
f  513/973/2 514/974/2 515/975/2 516/976/2
f  506/966/2 505/965/2 517/977/2 518/978/2
f  479/912/2 507/967/2 510/970/2 480/913/2
f  516/976/2 515/975/2 509/969/2 508/968/2
f  518/978/2 517/977/2 514/974/2 513/973/2
f  511/971/2 482/915/2 481/914/2 512/972/2
f  504/979/76 512/980/76 519/981/76 520/982/76
f  514/983/24 521/984/24 522/985/24 515/986/24
f  505/987/24 523/988/24 524/989/24 517/990/24
f  480/928/17 510/991/17 525/992/17 489/929/17
f  515/986/25 522/985/25 526/993/25 509/994/25
f  517/990/24 524/989/24 521/984/24 514/983/24
f  512/980/109 481/935/109 492/934/109 519/981/109
f  504/995/24 520/996/24 523/988/24 505/987/24
f  510/991/17 509/997/17 526/998/17 525/992/17
f  503/999/23 506/1000/23 527/1001/23 528/1002/23
f  508/1003/16 507/1004/16 529/1005/16 530/1006/16
f  511/1007/78 503/1008/78 528/1009/78 531/1010/78
f  513/1011/23 516/1012/23 532/1013/23 533/1014/23
f  506/1000/4 518/1015/4 534/1016/4 527/1001/4
f  507/1004/16 479/958/16 501/957/16 529/1005/16
f  516/1012/4 508/615/4 530/1017/4 532/1013/4
f  518/1015/4 513/1011/4 533/1014/4 534/1016/4
f  482/961/79 511/1007/79 531/1010/79 502/962/79
f  535/1018/2 536/1019/2 537/1020/2 538/1021/2
f  539/1022/23 540/1023/23 541/1024/23 542/1025/23
f  537/1026/16 543/1027/16 544/1028/16 538/1029/16
f  545/1030/2 538/1021/2 546/1031/2 547/1032/2
f  535/1033/17 548/1034/17 549/441/17 536/440/17
f  542/1035/17 541/1036/17 550/695/17 551/1037/17
f  552/1038/2 553/1039/2 535/1018/2 554/1040/2
f  555/1041/16 556/1042/16 557/1043/16 553/1044/16
f  554/1040/2 535/1018/2 538/1021/2 545/1030/2
f  558/1045/2 542/1046/2 553/1039/2 552/1038/2
f  542/1046/2 551/1047/2 555/1048/2 553/1039/2
f  553/1049/4 557/1050/4 548/1051/4 535/1052/4
f  538/1053/4 544/432/4 559/1054/4 546/1055/4
f  560/1056/2 539/1057/2 542/1046/2 558/1045/2
f  561/1058/2 562/1059/2 563/1060/2 564/1061/2
f  565/1062/110 566/1063/110 567/1064/110 568/1065/110
f  563/1066/16 562/1067/16 569/1068/16 570/1069/16
f  545/1030/111 547/1032/111 571/1070/111 562/1059/111
f  561/1071/17 564/1072/17 572/1073/17 573/1074/17
f  566/1075/17 574/1076/17 575/1077/17 567/1078/17
f  552/1038/2 554/1040/2 561/1058/2 576/1079/2
f  577/1080/16 576/1081/16 578/1082/16 579/1083/16
f  554/1040/2 545/1030/2 562/1059/2 561/1058/2
f  558/1045/2 552/1038/2 576/1079/2 566/1084/2
f  566/1084/2 576/1079/2 577/1085/2 574/1086/2
f  576/1087/24 561/1088/24 573/1089/24 578/1090/24
f  562/1091/112 571/1092/112 580/1093/112 569/1094/112
f  560/1056/113 558/1045/113 566/1084/113 565/1095/113
f  581/1096/30 582/1097/30 583/1098/30 584/1099/30
f  585/1100/2 586/1101/2 587/1102/2 588/1103/2
f  581/1096/81 589/1104/81 590/1105/81 582/1097/81
f  591/1106/2 592/1107/2 593/1108/2 594/1109/2
f  584/1099/2 583/1098/2 595/1110/2 596/1111/2
f  597/1112/2 585/1100/2 588/1103/2 598/1113/2
f  594/1109/2 593/1108/2 587/1102/2 586/1101/2
f  596/1111/114 595/1110/114 592/1107/114 591/1106/114
f  589/1104/30 599/1114/30 600/1115/30 590/1105/30
f  582/1116/115 590/1117/115 601/1118/115 602/1119/115
f  592/1120/116 603/1121/116 604/1122/116 593/1123/116
f  583/1124/117 605/1125/117 606/1126/117 595/1127/117
f  598/1128/17 588/1129/17 607/1130/17 608/1131/17
f  593/1123/118 604/1122/118 609/1132/118 587/1133/118
f  595/1127/119 606/1126/119 603/1121/119 592/1120/119
f  590/1117/77 600/1134/77 610/1135/77 601/1118/77
f  582/1136/120 602/1137/120 605/1125/120 583/1124/120
f  588/1129/10 587/1138/10 609/1139/10 607/1130/10
f  581/1140/121 584/1141/121 611/1142/121 612/1143/121
f  586/1144/16 585/1145/16 613/1146/16 614/1147/16
f  589/1148/78 581/1149/78 612/1150/78 615/1151/78
f  591/1152/23 594/1153/23 616/1154/23 617/1155/23
f  584/1141/4 596/1156/4 618/1157/4 611/1142/4
f  585/1145/16 597/1158/16 619/1159/16 613/1146/16
f  594/1153/122 586/655/122 614/654/122 616/1154/122
f  596/1156/123 591/1152/123 617/1155/123 618/1157/123
f  599/1160/79 589/1148/79 615/1151/79 620/1161/79
f  621/1162/2 622/1163/2 623/1164/2 624/1165/2
f  625/1166/124 626/1167/124 627/1168/124 628/1169/124
f  621/1162/125 624/1165/125 629/1170/125 630/1171/125
f  631/1172/30 632/1173/30 633/1174/30 634/1175/30
f  622/1163/2 635/1176/2 636/1177/2 623/1164/2
f  597/1112/2 598/1113/2 626/1167/2 625/1166/2
f  632/1173/30 628/1169/30 627/1168/30 633/1174/30
f  635/1176/2 631/1172/2 634/1175/2 636/1177/2
f  630/1171/2 629/1170/2 600/1115/2 599/1114/2
f  624/1178/82 637/1179/82 638/1180/82 629/1181/82
f  634/1182/4 633/1183/4 639/1184/4 640/1185/4
f  623/1186/4 636/1187/4 641/1188/4 642/1189/4
f  598/1128/17 608/1131/17 643/1190/17 626/1191/17
f  633/1183/23 627/1192/23 644/1193/23 639/1184/23
f  636/1187/4 634/1182/4 640/1185/4 641/1188/4
f  629/1181/83 638/1180/83 610/1135/83 600/1134/83
f  624/1194/4 623/1186/4 642/1189/4 637/1195/4
f  626/1191/17 643/1190/17 644/1196/17 627/1197/17
f  621/1198/25 645/1199/25 646/1200/25 622/1201/25
f  628/1202/16 647/1203/16 648/1204/16 625/1205/16
f  630/1206/84 649/1207/84 645/1208/84 621/277/84
f  631/1209/25 650/1210/25 651/1211/25 632/1212/25
f  622/1201/24 646/1200/24 652/1213/24 635/1214/24
f  625/1205/16 648/1204/16 619/1159/16 597/1158/16
f  632/1212/24 651/1211/24 647/1215/24 628/1216/24
f  635/1214/24 652/1213/24 650/1210/24 631/1209/24
f  599/1160/73 620/1161/73 649/1207/73 630/1206/73
f  653/1217/30 654/1218/30 655/1219/30 656/1220/30
f  657/648/25 658/1221/25 659/1222/25 660/1223/25
f  655/1224/16 654/1225/16 661/1226/16 662/1227/16
f  663/1228/2 664/1229/2 665/1230/2 654/1218/2
f  653/1231/17 656/1232/17 666/1233/17 667/1234/17
f  658/1235/17 668/1236/17 669/1237/17 659/1238/17
f  670/1239/126 671/1240/126 653/1217/126 672/1241/126
f  673/1242/16 672/1243/16 674/1244/16 675/1245/16
f  671/1240/2 663/1228/2 654/1218/2 653/1217/2
f  676/1246/2 670/1239/2 672/1241/2 658/1247/2
f  658/1247/2 672/1241/2 673/1248/2 668/1249/2
f  672/1250/127 653/1251/127 667/1252/127 674/776/127
f  654/1253/24 665/1254/24 677/1255/24 661/1256/24
f  678/1257/2 676/1246/2 658/1247/2 657/1258/2
f  679/1259/30 680/1260/30 681/1261/30 682/1262/30
f  683/1263/85 684/1264/85 685/1265/85 686/1266/85
f  681/1267/16 687/1268/16 688/1269/16 682/1270/16
f  663/1228/2 682/1262/2 689/1271/2 664/1229/2
f  679/1075/17 690/1078/17 691/1272/17 680/1273/17
f  686/1068/17 685/1274/17 692/1275/17 693/1276/17
f  670/1239/2 694/1277/2 679/1259/2 671/1240/2
f  695/1278/16 696/1279/16 697/1036/16 694/1280/16
f  671/1240/30 679/1259/30 682/1262/30 663/1228/30
f  676/1246/2 686/1281/2 694/1277/2 670/1239/2
f  686/1281/2 693/1282/2 695/1283/2 694/1277/2
f  694/1284/128 697/1285/128 690/1286/128 679/1287/128
f  682/1288/86 688/1289/86 698/1290/86 689/1291/86
f  678/1257/30 683/1292/30 686/1281/30 676/1246/30
f  699/1293/30 700/1294/30 701/1295/30 702/1296/30
f  703/1297/129 704/1298/129 705/1299/129 706/1300/129
f  699/1293/130 702/1296/130 707/1301/130 708/1302/130
f  709/1303/2 710/1304/2 711/1305/2 712/1306/2
f  700/1294/2 713/1307/2 714/1308/2 701/1295/2
f  715/1309/2 716/1310/2 704/1298/2 703/1297/2
f  710/1304/2 706/1300/2 705/1299/2 711/1305/2
f  713/1307/2 709/1303/2 712/1306/2 714/1308/2
f  708/1302/2 707/1301/2 717/1311/2 718/1312/2
f  702/1313/106 719/1314/106 720/1315/106 707/1316/106
f  712/1317/4 711/1318/4 721/1319/4 722/1320/4
f  701/1321/4 714/1322/4 723/1323/4 724/1324/4
f  716/1325/17 725/1326/17 726/1327/17 704/1328/17
f  711/1318/23 705/1329/23 727/1330/23 721/1319/23
f  714/1322/4 712/1317/4 722/1320/4 723/1323/4
f  707/1316/107 720/1315/107 728/1331/107 717/1332/107
f  702/1333/4 701/1321/4 724/1324/4 719/1334/4
f  704/1328/17 726/1327/17 727/1335/17 705/1336/17
f  699/1337/24 729/1198/24 730/1338/24 700/1339/24
f  706/1340/16 731/1341/16 732/1342/16 703/1343/16
f  708/1344/84 733/1345/84 729/1346/84 699/1347/84
f  709/1348/24 734/1349/24 735/1350/24 710/1351/24
f  700/1339/24 730/1338/24 736/1352/24 713/1353/24
f  703/1343/16 732/1342/16 737/1354/16 715/1355/16
f  710/1351/24 735/1350/24 731/1356/24 706/1357/24
f  713/1353/24 736/1352/24 734/1349/24 709/1348/24
f  718/1358/73 738/1359/73 733/1345/73 708/1344/73
f  739/1360/2 740/1361/2 741/1362/2 742/1363/2
f  743/1364/74 744/1365/74 745/1366/74 746/1367/74
f  739/1360/125 747/1368/125 748/1369/125 740/1361/125
f  749/1370/2 750/1371/2 751/1372/2 752/1373/2
f  742/1363/2 741/1362/2 753/1374/2 754/1375/2
f  715/1309/2 743/1364/2 746/1367/2 716/1310/2
f  752/1373/2 751/1372/2 745/1366/2 744/1365/2
f  754/1375/2 753/1374/2 750/1371/2 749/1370/2
f  747/1368/2 718/1312/2 717/1311/2 748/1369/2
f  740/1376/131 748/1377/131 755/1378/131 756/1379/131
f  750/1380/24 757/1381/24 758/1382/24 751/1383/24
f  741/1384/24 759/1385/24 760/1386/24 753/1387/24
f  716/1325/17 746/1388/17 761/1389/17 725/1326/17
f  751/1383/25 758/1382/25 762/1390/25 745/1391/25
f  753/1387/132 760/1386/132 757/1381/132 750/1380/132
f  748/1377/109 717/1332/109 728/1331/109 755/1378/109
f  740/1392/24 756/1393/24 759/1385/24 741/1384/24
f  746/1388/17 745/534/17 762/533/17 761/1389/17
f  739/848/4 742/1394/4 763/1395/4 764/1396/4
f  744/1397/16 743/1398/16 765/1399/16 766/1400/16
f  747/1401/78 739/1402/78 764/1403/78 767/1404/78
f  749/1405/4 752/1406/4 768/1407/4 769/1408/4
f  742/1394/4 754/1409/4 770/1410/4 763/1395/4
f  743/1398/16 715/1355/16 737/1354/16 765/1399/16
f  752/1406/4 744/1411/4 766/1412/4 768/1407/4
f  754/1409/133 749/1405/133 769/1408/133 770/1410/133
f  718/1358/79 747/1401/79 767/1404/79 738/1359/79
f  771/1413/2 772/1414/2 773/1415/2 774/1416/2
f  775/1417/4 776/1418/4 777/1419/4 778/1420/4
f  773/1421/16 779/1422/16 780/1423/16 774/1424/16
f  781/1425/2 774/1416/2 782/1426/2 783/1427/2
f  771/1428/17 784/1429/17 785/1430/17 772/1431/17
f  778/1432/17 777/1232/17 786/1433/17 787/1434/17
f  788/1435/2 789/1436/2 771/1413/2 790/1437/2
f  791/1438/16 792/1439/16 793/1231/16 789/1234/16
f  790/1437/2 771/1413/2 774/1416/2 781/1425/2
f  794/1440/2 778/1441/2 789/1436/2 788/1435/2
f  778/1441/2 787/1442/2 791/1443/2 789/1436/2
f  789/1444/134 793/1445/134 784/1446/134 771/1447/134
f  774/712/4 780/1448/4 795/1449/4 782/1450/4
f  796/1451/2 775/1452/2 778/1441/2 794/1440/2
f  797/1453/30 798/1454/30 799/1455/30 800/1456/30
f  801/1457/135 802/1458/135 803/1459/135 804/1460/135
f  799/1461/16 798/1462/16 805/1463/16 806/1464/16
f  781/1425/111 783/1427/111 807/1465/111 798/1454/111
f  797/1466/17 800/1467/17 808/1468/17 809/1469/17
f  802/1470/17 810/1471/17 811/1472/17 803/1473/17
f  788/1435/136 790/1437/136 797/1453/136 812/1474/136
f  813/1475/16 812/1476/16 814/1477/16 815/1478/16
f  790/1437/2 781/1425/2 798/1454/2 797/1453/2
f  794/1440/2 788/1435/2 812/1474/2 802/1479/2
f  802/1479/2 812/1474/2 813/1480/2 810/1481/2
f  812/1482/137 797/1483/137 809/1484/137 814/1485/137
f  798/1486/138 807/1487/138 816/1488/138 805/1489/138
f  796/1451/113 794/1440/113 802/1479/113 801/1490/113
f  817/1491/2 818/1492/2 819/1493/2 820/1494/2
f  821/1495/108 822/1496/108 823/1497/108 824/1498/108
f  817/1491/139 825/1499/139 826/1500/139 818/1492/139
f  827/1501/2 828/1502/2 829/1503/2 830/1504/2
f  820/1494/2 819/1493/2 831/1505/2 832/1506/2
f  833/1507/2 821/1495/2 824/1498/2 834/1508/2
f  830/1504/30 829/1503/30 823/1497/30 822/1496/30
f  832/1506/30 831/1505/30 828/1502/30 827/1501/30
f  825/1499/2 835/1509/2 836/1510/2 826/1500/2
f  818/1511/115 826/1512/115 837/1513/115 838/1514/115
f  828/1515/24 839/1516/24 840/1517/24 829/1518/24
f  819/1519/24 841/1520/24 842/1521/24 831/1522/24
f  834/1523/17 824/1524/17 843/1525/17 844/1526/17
f  829/1518/25 840/1517/25 845/1527/25 823/1528/25
f  831/1522/132 842/1521/132 839/1516/132 828/1515/132
f  826/1512/77 836/1529/77 846/1530/77 837/1513/77
f  818/1531/24 838/1532/24 841/1520/24 819/1519/24
f  824/1524/17 823/1533/17 845/1534/17 843/1525/17
f  817/1411/4 820/1535/4 847/1536/4 848/1412/4
f  822/1537/16 821/1538/16 849/1539/16 850/1540/16
f  825/1541/78 817/1542/78 848/1543/78 851/1544/78
f  827/1545/4 830/1546/4 852/1547/4 853/1548/4
f  820/1535/4 832/1549/4 854/1550/4 847/1536/4
f  821/1538/16 833/1551/16 855/1552/16 849/1539/16
f  830/1546/4 822/1553/4 850/1554/4 852/1547/4
f  832/1549/133 827/1545/133 853/1548/133 854/1550/133
f  835/1555/79 825/1541/79 851/1544/79 856/1556/79
f  857/1557/2 858/1558/2 859/1559/2 860/1560/2
f  861/1561/140 862/1562/140 863/1563/140 864/1564/140
f  857/1557/2 860/1560/2 865/1565/2 866/1566/2
f  867/1567/30 868/1568/30 869/1569/30 870/1570/30
f  858/1558/2 871/1571/2 872/1572/2 859/1559/2
f  833/1507/2 834/1508/2 862/1562/2 861/1561/2
f  868/1568/2 864/1564/2 863/1563/2 869/1569/2
f  871/1571/2 867/1567/2 870/1570/2 872/1572/2
f  866/1566/2 865/1565/2 836/1510/2 835/1509/2
f  860/1573/141 873/1574/141 874/1575/141 865/1576/141
f  870/1577/4 869/1578/4 875/1579/4 876/1580/4
f  859/1581/4 872/1582/4 877/1583/4 878/1584/4
f  834/1523/17 844/1526/17 879/1585/17 862/1586/17
f  869/1578/23 863/1587/23 880/1588/23 875/1579/23
f  872/1582/4 870/1577/4 876/1580/4 877/1583/4
f  865/1576/83 874/1575/83 846/1530/83 836/1529/83
f  860/1589/4 859/1581/4 878/1584/4 873/1590/4
f  862/1586/17 879/1585/17 880/1591/17 863/1592/17
f  857/960/24 881/1593/24 882/1594/24 858/1595/24
f  864/1596/16 883/1597/16 884/1598/16 861/1599/16
f  866/1600/84 885/1601/84 881/1602/84 857/1603/84
f  867/1604/24 886/1605/24 887/1606/24 868/1607/24
f  858/1595/24 882/1594/24 888/1608/24 871/1609/24
f  861/1599/16 884/1598/16 855/1552/16 833/1551/16
f  868/1607/24 887/1606/24 883/1610/24 864/1611/24
f  871/1609/24 888/1608/24 886/1605/24 867/1604/24
f  835/1555/73 856/1556/73 885/1601/73 866/1600/73
f  889/1612/2 890/1613/2 891/1614/2 892/1615/2
f  893/1616/24 894/1617/24 895/1618/24 896/1619/24
f  891/1438/16 890/1620/16 897/447/16 898/1439/16
f  899/1621/2 900/1622/2 901/1623/2 890/1613/2
f  889/1624/17 892/1625/17 902/1626/17 903/1627/17
f  894/1628/17 904/1629/17 905/1630/17 895/1631/17
f  906/1632/142 907/1633/142 889/1612/142 908/1634/142
f  909/1635/16 908/1636/16 910/1637/16 911/1638/16
f  907/1633/2 899/1621/2 890/1613/2 889/1612/2
f  912/1639/2 906/1632/2 908/1634/2 894/1640/2
f  894/1640/2 908/1634/2 909/1641/2 904/1642/2
f  908/1643/137 889/1644/137 903/1645/137 910/1646/137
f  890/1647/24 901/1648/24 913/1649/24 897/1650/24
f  914/1651/2 912/1639/2 894/1640/2 893/1652/2
f  915/1653/2 916/1654/2 917/1655/2 918/1656/2
f  919/1273/143 920/1272/143 921/1657/143 922/1658/143
f  917/1659/16 923/1660/16 924/1661/16 918/1662/16
f  899/1621/2 918/1656/2 925/1663/2 900/1622/2
f  915/1664/17 926/1665/17 927/1666/17 916/1667/17
f  922/691/17 921/690/17 928/1668/17 929/1669/17
f  906/1632/2 930/1670/2 915/1653/2 907/1633/2
f  931/1671/16 932/1672/16 933/1673/16 930/1674/16
f  907/1633/2 915/1653/2 918/1656/2 899/1621/2
f  912/1639/2 922/1675/2 930/1670/2 906/1632/2
f  922/1675/2 929/1676/2 931/1677/2 930/1670/2
f  930/1484/134 933/1678/134 926/1658/134 915/1679/134
f  918/1680/144 924/1681/144 934/1463/144 925/1682/144
f  914/1651/2 919/1683/2 922/1675/2 912/1639/2
f  935/1684/30 936/1685/30 937/1686/30 938/1687/30
f  939/1688/145 940/1689/145 941/1690/145 942/1691/145
f  935/1684/146 938/1687/146 943/1692/146 944/1693/146
f  945/1694/2 946/1695/2 947/1696/2 948/1697/2
f  936/1685/2 949/1698/2 950/1699/2 937/1686/2
f  951/1700/2 952/1701/2 940/1689/2 939/1688/2
f  946/1695/2 942/1691/2 941/1690/2 947/1696/2
f  949/1698/2 945/1694/2 948/1697/2 950/1699/2
f  944/1693/147 943/1692/147 953/1702/147 954/1703/147
f  938/1704/106 955/1705/106 956/1706/106 943/1707/106
f  948/1708/4 947/1709/4 957/1710/4 958/1711/4
f  937/1712/4 950/1713/4 959/1714/4 960/1715/4
f  952/1716/17 961/1717/17 962/1718/17 940/1719/17
f  947/1709/23 941/1720/23 963/1721/23 957/1710/23
f  950/1713/4 948/1708/4 958/1711/4 959/1714/4
f  943/1707/107 956/1706/107 964/1722/107 953/1723/107
f  938/1724/4 937/1712/4 960/1715/4 955/1725/4
f  940/1719/17 962/1718/17 963/1726/17 941/1727/17
f  935/1728/24 965/1729/24 966/1730/24 936/1731/24
f  942/1732/16 967/1733/16 968/1734/16 939/1735/16
f  944/1736/84 969/1737/84 965/1738/84 935/1739/84
f  945/1740/24 970/1741/24 971/1742/24 946/1743/24
f  936/1731/24 966/1730/24 972/1744/24 949/1745/24
f  939/1735/16 968/1734/16 973/1746/16 951/1747/16
f  946/1743/148 971/1742/148 967/1216/148 942/1215/148
f  949/1745/24 972/1744/24 970/1741/24 945/1740/24
f  954/1748/149 974/1749/149 969/1737/149 944/1736/149
f  975/1750/150 976/1751/150 977/1752/150 978/1753/150
f  979/1754/2 980/1755/2 981/1756/2 982/1757/2
f  975/1750/2 983/1758/2 984/1759/2 976/1751/2
f  985/1760/30 986/1761/30 987/1762/30 988/1763/30
f  978/1753/30 977/1752/30 989/1764/30 990/1765/30
f  951/1700/2 979/1754/2 982/1757/2 952/1701/2
f  988/1763/2 987/1762/2 981/1756/2 980/1755/2
f  990/1765/2 989/1764/2 986/1761/2 985/1760/2
f  983/1758/2 954/1703/2 953/1702/2 984/1759/2
f  976/1766/151 984/1767/151 991/1768/151 992/1769/151
f  986/1770/152 993/1771/152 994/1772/152 987/1773/152
f  977/1774/117 995/1775/117 996/1776/117 989/1777/117
f  952/1716/17 982/1778/17 997/1779/17 961/1717/17
f  987/1773/153 994/1772/153 998/1780/153 981/1781/153
f  989/1777/154 996/1776/154 993/1771/154 986/1770/154
f  984/1767/109 953/1723/109 964/1722/109 991/1768/109
f  976/1782/155 992/1783/155 995/1775/155 977/1774/155
f  982/1778/17 981/1784/17 998/1785/17 997/1779/17
f  975/1002/156 978/1786/156 999/1787/156 1000/999/156
f  980/1668/16 979/1788/16 1001/1789/16 1002/1790/16
f  983/1791/78 975/1792/78 1000/1793/78 1003/1794/78
f  985/1795/4 988/1796/4 1004/1797/4 1005/1798/4
f  978/1786/4 990/1799/4 1006/1800/4 999/1787/4
f  979/1788/16 951/1747/16 973/1746/16 1001/1789/16
f  988/1796/157 980/1801/157 1002/1143/157 1004/1797/157
f  990/1799/158 985/1795/158 1005/1798/158 1006/1800/158
f  954/1748/79 983/1791/79 1003/1794/79 974/1749/79
f  1007/1802/2 1008/1803/2 1009/1804/2 1010/1805/2
f  1011/1806/4 1012/1807/4 1013/1808/4 1014/1809/4
f  1009/1810/16 1015/1811/16 1016/1812/16 1010/1813/16
f  1017/1814/2 1010/1805/2 1018/1815/2 1019/1816/2
f  1007/1665/17 1020/1817/17 1021/1818/17 1008/1819/17
f  1014/1820/17 1013/1821/17 1022/1822/17 1023/1823/17
f  1024/1824/2 1025/1825/2 1007/1802/2 1026/1826/2
f  1027/1475/16 1028/1827/16 1029/1828/16 1025/1829/16
f  1026/1826/2 1007/1802/2 1010/1805/2 1017/1814/2
f  1030/1830/2 1014/1831/2 1025/1825/2 1024/1824/2
f  1014/1831/2 1023/1832/2 1027/1833/2 1025/1825/2
f  1025/1834/159 1029/1835/159 1020/721/159 1007/720/159
f  1010/1836/160 1016/1837/160 1031/1838/160 1018/1839/160
f  1032/1840/2 1011/1841/2 1014/1831/2 1030/1830/2
f  1033/1842/30 1034/1843/30 1035/1844/30 1036/1845/30
f  1037/1846/135 1038/1847/135 1039/1848/135 1040/1849/135
f  1035/1076/16 1034/1486/16 1041/1489/16 1042/1077/16
f  1017/1814/161 1019/1816/161 1043/1850/161 1034/1843/161
f  1033/1540/17 1036/1235/17 1044/1238/17 1045/1851/17
f  1038/1852/17 1046/1853/17 1047/1854/17 1039/1855/17
f  1024/1824/162 1026/1826/162 1033/1842/162 1048/1856/162
f  1049/1857/16 1048/1858/16 1050/1859/16 1051/1860/16
f  1026/1826/30 1017/1814/30 1034/1843/30 1033/1842/30
f  1030/1830/2 1024/1824/2 1048/1856/2 1038/1861/2
f  1038/1861/30 1048/1856/30 1049/1862/30 1046/1863/30
f  1048/1864/163 1033/1865/163 1045/1866/163 1050/1867/163
f  1034/1868/138 1043/1869/138 1052/685/138 1041/1870/138
f  1032/1840/164 1030/1830/164 1038/1861/164 1037/1871/164
f  1053/1872/165 1054/1873/165 1055/1874/165 1056/1875/165
f  1057/1876/166 1058/1877/166 1059/1878/166 1060/1879/166
f  1053/1872/130 1056/1875/130 1061/1880/130 1062/1881/130
f  1063/1882/2 1064/1883/2 1065/1884/2 1066/1885/2
f  1054/1873/2 1067/1886/2 1068/1887/2 1055/1874/2
f  1069/1888/2 1070/1889/2 1058/1877/2 1057/1876/2
f  1064/1883/2 1060/1879/2 1059/1878/2 1065/1884/2
f  1067/1886/2 1063/1882/2 1066/1885/2 1068/1887/2
f  1062/1881/2 1061/1880/2 1071/1890/2 1072/1891/2
f  1056/1892/106 1073/1893/106 1074/1894/106 1061/1895/106
f  1066/1896/4 1065/1897/4 1075/1898/4 1076/1899/4
f  1055/1900/4 1068/1901/4 1077/1902/4 1078/1903/4
f  1070/1904/17 1079/1905/17 1080/1906/17 1058/1907/17
f  1065/1897/23 1059/1457/23 1081/1908/23 1075/1898/23
f  1068/1901/4 1066/1896/4 1076/1899/4 1077/1902/4
f  1061/1895/107 1074/1894/107 1082/1909/107 1071/1910/107
f  1056/1911/167 1055/1900/167 1078/1903/167 1073/1912/167
f  1058/1907/17 1080/1906/17 1081/1913/17 1059/1914/17
f  1053/1915/168 1083/1916/168 1084/1917/168 1054/1918/168
f  1060/1919/16 1085/1627/16 1086/1920/16 1057/1921/16
f  1062/1922/84 1087/1923/84 1083/1924/84 1053/1925/84
f  1063/1926/24 1088/1927/24 1089/1928/24 1064/1929/24
f  1054/1918/24 1084/1917/24 1090/1930/24 1067/1931/24
f  1057/1921/16 1086/1920/16 1091/1932/16 1069/1933/16
f  1064/1929/24 1089/1928/24 1085/1357/24 1060/1934/24
f  1067/1931/24 1090/1930/24 1088/1927/24 1063/1926/24
f  1072/1935/169 1092/1936/169 1087/1923/169 1062/1922/169
f  1093/1937/2 1094/1687/2 1095/1938/2 1096/1939/2
f  1097/1940/74 1098/1941/74 1099/1942/74 1100/1943/74
f  1093/1937/125 1101/1944/125 1102/1945/125 1094/1687/125
f  1103/1946/2 1104/1947/2 1105/1948/2 1106/1949/2
f  1096/1939/2 1095/1938/2 1107/1699/2 1108/1950/2
f  1069/1888/2 1097/1940/2 1100/1943/2 1070/1889/2
f  1106/1949/2 1105/1948/2 1099/1942/2 1098/1941/2
f  1108/1950/2 1107/1699/2 1104/1947/2 1103/1946/2
f  1101/1944/2 1072/1891/2 1071/1890/2 1102/1945/2
f  1094/1951/131 1102/1952/131 1109/1953/131 1110/1954/131
f  1104/1955/24 1111/1956/24 1112/1957/24 1105/1958/24
f  1095/1959/24 1113/1960/24 1114/1961/24 1107/1962/24
f  1070/1904/17 1100/1963/17 1115/1964/17 1079/1905/17
f  1105/1958/25 1112/1957/25 1116/1965/25 1099/1966/25
f  1107/1962/24 1114/1961/24 1111/1956/24 1104/1955/24
f  1102/1952/109 1071/1910/109 1082/1909/109 1109/1953/109
f  1094/1967/25 1110/1968/25 1113/1960/25 1095/1959/25
f  1100/1963/17 1099/1969/17 1116/1970/17 1115/1964/17
f  1093/1971/4 1096/1972/4 1117/1973/4 1118/1974/4
f  1098/496/16 1097/1975/16 1119/1976/16 1120/497/16
f  1101/1977/78 1093/1978/78 1118/1979/78 1121/1980/78
f  1103/1981/4 1106/1982/4 1122/1983/4 1123/1984/4
f  1096/1972/4 1108/1985/4 1124/1986/4 1117/1973/4
f  1097/1975/16 1069/1933/16 1091/1932/16 1119/1976/16
f  1106/1982/4 1098/1987/4 1120/1988/4 1122/1983/4
f  1108/1985/4 1103/1981/4 1123/1984/4 1124/1986/4
f  1072/1935/170 1101/1977/170 1121/1980/170 1092/1936/170
f  1125/1989/2 1126/1990/2 1127/1991/2 1128/1992/2
f  1129/1993/4 1130/1994/4 1131/1995/4 1132/1996/4
f  1127/1997/16 1133/1998/16 1134/1999/16 1128/2000/16
f  1135/2001/2 1128/1992/2 1136/2002/2 1137/2003/2
f  1125/2004/17 1138/2005/17 1139/2006/17 1126/1423/17
f  1132/2007/17 1131/2008/17 1140/759/17 1141/758/17
f  1142/2009/2 1143/2010/2 1125/1989/2 1144/2011/2
f  1145/2012/16 1146/2013/16 1147/730/16 1143/729/16
f  1144/2011/2 1125/1989/2 1128/1992/2 1135/2001/2
f  1148/2014/2 1132/2015/2 1143/2010/2 1142/2009/2
f  1132/2015/2 1141/2016/2 1145/2017/2 1143/2010/2
f  1143/2018/4 1147/2019/4 1138/2020/4 1125/2021/4
f  1128/2022/4 1134/1870/4 1149/2023/4 1136/2024/4
f  1150/2025/2 1129/2026/2 1132/2015/2 1148/2014/2
f  1151/2027/30 1152/2028/30 1153/2029/30 1154/2030/30
f  1155/1251/171 1156/2031/171 1157/2032/171 1158/1252/171
f  1153/2033/16 1152/2034/16 1159/2035/16 1160/2036/16
f  1135/2001/111 1137/2003/111 1161/2037/111 1152/2028/111
f  1151/2038/17 1154/748/17 1162/747/17 1163/2039/17
f  1156/2040/17 1164/1144/17 1165/2041/17 1157/2042/17
f  1142/2009/2 1144/2011/2 1151/2027/2 1166/2043/2
f  1167/2044/16 1166/2045/16 1168/2046/16 1169/1237/16
f  1144/2011/2 1135/2001/2 1152/2028/2 1151/2027/2
f  1148/2014/2 1142/2009/2 1166/2043/2 1156/2047/2
f  1156/2047/2 1166/2043/2 1167/2048/2 1164/2049/2
f  1166/2050/24 1151/2051/24 1163/2052/24 1168/2053/24
f  1152/2054/112 1161/1279/112 1170/2055/112 1159/2056/112
f  1150/2025/172 1148/2014/172 1156/2047/172 1155/2057/172
f  1171/2058/2 1172/1875/2 1173/2059/2 1174/2060/2
f  1175/2061/173 1176/2062/173 1177/1878/173 1178/2063/173
f  1171/2058/139 1179/2064/139 1180/2065/139 1172/1875/139
f  1181/2066/2 1182/2067/2 1183/2068/2 1184/2069/2
f  1174/2060/2 1173/2059/2 1185/2070/2 1186/2071/2
f  1187/2072/2 1175/2061/2 1178/2063/2 1188/2073/2
f  1184/2069/2 1183/2068/2 1177/1878/2 1176/2062/2
f  1186/2071/30 1185/2070/30 1182/2067/30 1181/2066/30
f  1179/2064/2 1189/2074/2 1190/2075/2 1180/2065/2
f  1172/2076/115 1180/2077/115 1191/2078/115 1192/2079/115
f  1182/2080/24 1193/2081/24 1194/2082/24 1183/2083/24
f  1173/2084/24 1195/2085/24 1196/2086/24 1185/2087/24
f  1188/2088/17 1178/2089/17 1197/2090/17 1198/2091/17
f  1183/2083/25 1194/2082/25 1199/2092/25 1177/1590/25
f  1185/2087/24 1196/2086/24 1193/2081/24 1182/2080/24
f  1180/2077/77 1190/2093/77 1200/2094/77 1191/2078/77
f  1172/2095/25 1192/2096/25 1195/2085/25 1173/2084/25
f  1178/2089/17 1177/2097/17 1199/2098/17 1197/2090/17
f  1171/2099/4 1174/2100/4 1201/2101/4 1202/1988/4
f  1176/2102/16 1175/2103/16 1203/2104/16 1204/2105/16
f  1179/2106/78 1171/2107/78 1202/2108/78 1205/2109/78
f  1181/2110/4 1184/2111/4 1206/2112/4 1207/2113/4
f  1174/2100/4 1186/2114/4 1208/2115/4 1201/2101/4
f  1175/2103/16 1187/2116/16 1209/2117/16 1203/2104/16
f  1184/2111/4 1176/2118/4 1204/2119/4 1206/2112/4
f  1186/2114/4 1181/2110/4 1207/2113/4 1208/2115/4
f  1189/2120/170 1179/2106/170 1205/2109/170 1210/2121/170
f  1211/2122/2 1212/2123/2 1213/2124/2 1214/2125/2
f  1215/2126/174 1216/2127/174 1217/2128/174 1218/2129/174
f  1211/2122/2 1214/2125/2 1219/2130/2 1220/2131/2
f  1221/2132/30 1222/2133/30 1223/2134/30 1224/2135/30
f  1212/2123/2 1225/2136/2 1226/2137/2 1213/2124/2
f  1187/2072/2 1188/2073/2 1216/2127/2 1215/2126/2
f  1222/2133/2 1218/2129/2 1217/2128/2 1223/2134/2
f  1225/2136/2 1221/2132/2 1224/2135/2 1226/2137/2
f  1220/2131/2 1219/2130/2 1190/2075/2 1189/2074/2
f  1214/2138/141 1227/2139/141 1228/2140/141 1219/2141/141
f  1224/2142/4 1223/2143/4 1229/2144/4 1230/2145/4
f  1213/2146/4 1226/2147/4 1231/2148/4 1232/2149/4
f  1188/2088/17 1198/2091/17 1233/2150/17 1216/2151/17
f  1223/2143/23 1217/2152/23 1234/2153/23 1229/2144/23
f  1226/2147/4 1224/2142/4 1230/2145/4 1231/2148/4
f  1219/2141/83 1228/2140/83 1200/2094/83 1190/2093/83
f  1214/2154/23 1213/2146/23 1232/2149/23 1227/2155/23
f  1216/2151/17 1233/2150/17 1234/2156/17 1217/2157/17
f  1211/2158/24 1235/2159/24 1236/2160/24 1212/2161/24
f  1218/2162/16 1237/2163/16 1238/2164/16 1215/2165/16
f  1220/2166/84 1239/2167/84 1235/2168/84 1211/2169/84
f  1221/2170/24 1240/2171/24 1241/2172/24 1222/2173/24
f  1212/2161/24 1236/2160/24 1242/2174/24 1225/2175/24
f  1215/2165/16 1238/2164/16 1209/2117/16 1187/2116/16
f  1222/2173/24 1241/2172/24 1237/2176/24 1218/1728/24
f  1225/2175/24 1242/2174/24 1240/2171/24 1221/2170/24
f  1189/2120/169 1210/2121/169 1239/2167/169 1220/2166/169
f  1243/2177/2 1244/2178/2 1245/2179/2 1246/2180/2
f  1247/2181/24 1248/2182/24 1249/2183/24 1250/2184/24
f  1245/2185/16 1244/2186/16 1251/2187/16 1252/2188/16
f  1253/2189/2 1254/2190/2 1255/2191/2 1244/2178/2
f  1243/2192/17 1246/2193/17 1256/796/17 1257/2194/17
f  1248/726/17 1258/309/17 1259/2195/17 1249/727/17
f  1260/2196/2 1261/2197/2 1243/2177/2 1262/2198/2
f  1263/2199/16 1262/2200/16 1264/2201/16 1265/2202/16
f  1261/2197/2 1253/2189/2 1244/2178/2 1243/2177/2
f  1266/2203/2 1260/2196/2 1262/2198/2 1248/2204/2
f  1248/2204/2 1262/2198/2 1263/2205/2 1258/2206/2
f  1262/2207/24 1243/2208/24 1257/2209/24 1264/2210/24
f  1244/2211/24 1255/2212/24 1267/2213/24 1251/2214/24
f  1268/2215/2 1266/2203/2 1248/2204/2 1247/2216/2
f  1269/2217/2 1270/2218/2 1271/2219/2 1272/2220/2
f  1273/2221/175 1274/2222/175 1275/2223/175 1276/2224/175
f  1271/2225/16 1277/2226/16 1278/1066/16 1272/1069/16
f  1253/2189/2 1272/2220/2 1279/2227/2 1254/2190/2
f  1269/2228/17 1280/2229/17 1281/2230/17 1270/2231/17
f  1276/768/17 1275/2232/17 1282/2000/17 1283/1999/17
f  1260/2196/2 1284/2233/2 1269/2217/2 1261/2197/2
f  1285/2234/16 1286/2235/16 1287/2236/16 1284/2237/16
f  1261/2197/2 1269/2217/2 1272/2220/2 1253/2189/2
f  1266/2203/2 1276/2238/2 1284/2233/2 1260/2196/2
f  1276/2238/2 1283/2239/2 1285/2240/2 1284/2233/2
f  1284/2241/4 1287/2242/4 1280/2243/4 1269/2244/4
f  1272/2245/86 1278/2246/86 1288/2247/86 1279/2248/86
f  1268/2215/2 1273/2249/2 1276/2238/2 1266/2203/2
f  1289/2250/30 1290/2251/30 1291/2252/30 1292/2253/30
f  1293/2254/176 1294/2255/176 1295/2256/176 1296/2257/176
f  1289/2250/146 1292/2253/146 1297/2258/146 1298/2259/146
f  1299/2260/2 1300/2261/2 1301/2262/2 1302/2263/2
f  1290/2251/2 1303/2264/2 1304/2265/2 1291/2252/2
f  1305/2266/2 1306/2267/2 1294/2255/2 1293/2254/2
f  1300/2261/2 1296/2257/2 1295/2256/2 1301/2262/2
f  1303/2264/2 1299/2260/2 1302/2263/2 1304/2265/2
f  1298/2259/147 1297/2258/147 1307/2268/147 1308/2269/147
f  1292/2270/106 1309/2271/106 1310/2272/106 1297/2273/106
f  1302/2274/4 1301/2275/4 1311/2276/4 1312/2277/4
f  1291/2278/4 1304/2279/4 1313/2280/4 1314/2281/4
f  1306/2282/17 1315/2283/17 1316/2284/17 1294/2285/17
f  1301/2275/23 1295/2286/23 1317/2287/23 1311/2276/23
f  1304/2279/4 1302/2274/4 1312/2277/4 1313/2280/4
f  1297/2273/107 1310/2272/107 1318/2288/107 1307/2289/107
f  1292/2290/23 1291/2278/23 1314/2281/23 1309/2291/23
f  1294/2285/17 1316/2284/17 1317/2292/17 1295/2293/17
f  1289/2294/24 1319/2295/24 1320/2296/24 1290/2297/24
f  1296/2298/16 1321/765/16 1322/2299/16 1293/2300/16
f  1298/2301/84 1323/2302/84 1319/2303/84 1289/2304/84
f  1299/2305/24 1324/2306/24 1325/2307/24 1300/2308/24
f  1290/2297/24 1320/2296/24 1326/2309/24 1303/2310/24
f  1293/2300/16 1322/2299/16 1327/2311/16 1305/2312/16
f  1300/2308/177 1325/2307/177 1321/1611/177 1296/2313/177
f  1303/2310/24 1326/2309/24 1324/2306/24 1299/2305/24
f  1308/2314/178 1328/2315/178 1323/2302/178 1298/2301/178
f  1329/2316/150 1330/2317/150 1331/2318/150 1332/2319/150
f  1333/2320/2 1334/2321/2 1335/2322/2 1336/2323/2
f  1329/2316/2 1337/2324/2 1338/2325/2 1330/2317/2
f  1339/2326/2 1340/2135/2 1341/2327/2 1342/2328/2
f  1332/2319/30 1331/2318/30 1343/2329/30 1344/2330/30
f  1305/2266/2 1333/2320/2 1336/2323/2 1306/2267/2
f  1342/2328/2 1341/2327/2 1335/2322/2 1334/2321/2
f  1344/2330/2 1343/2329/2 1340/2135/2 1339/2326/2
f  1337/2324/2 1308/2269/2 1307/2268/2 1338/2325/2
f  1330/2331/115 1338/2332/115 1345/2333/115 1346/2334/115
f  1340/2335/179 1347/2336/179 1348/2337/179 1341/2338/179
f  1331/2339/180 1349/2340/180 1350/2341/180 1343/2342/180
f  1306/2282/17 1336/2343/17 1351/2344/17 1315/2283/17
f  1341/2338/153 1348/2337/153 1352/2345/153 1335/2346/153
f  1343/2342/181 1350/2341/181 1347/2336/181 1340/2335/181
f  1338/2332/109 1307/2289/109 1318/2288/109 1345/2333/109
f  1330/2347/182 1346/2348/182 1349/2340/182 1331/2339/182
f  1336/2343/17 1335/2349/17 1352/2350/17 1351/2344/17
f  1329/2351/183 1332/2352/183 1353/2353/183 1354/2354/183
f  1334/2355/16 1333/2356/16 1355/2357/16 1356/2358/16
f  1337/2359/78 1329/2360/78 1354/2361/78 1357/2362/78
f  1339/2363/4 1342/2364/4 1358/2365/4 1359/2366/4
f  1332/2352/4 1344/2367/4 1360/2368/4 1353/2353/4
f  1333/2356/16 1305/2312/16 1327/2311/16 1355/2357/16
f  1342/2364/184 1334/2369/184 1356/2370/184 1358/2365/184
f  1344/2367/185 1339/2363/185 1359/2366/185 1360/2368/185
f  1308/2314/170 1337/2359/170 1357/2362/170 1328/2315/170
f  1361/2371/2 1362/2372/2 1363/2373/2 1364/2374/2
f  1365/1618/4 1366/2375/4 1367/2376/4 1368/1275/4
f  1363/2237/16 1369/2377/16 1370/761/16 1364/760/16
f  1371/2378/2 1364/2374/2 1372/2379/2 1373/2380/2
f  1361/2381/17 1374/2382/17 1375/2383/17 1362/2384/17
f  1368/2385/17 1367/2386/17 1376/2387/17 1377/2388/17
f  1378/2389/2 1379/2390/2 1361/2371/2 1380/2391/2
f  1381/689/16 1382/2392/16 1383/1270/16 1379/2393/16
f  1380/2391/2 1361/2371/2 1364/2374/2 1371/2378/2
f  1384/2394/2 1368/2395/2 1379/2390/2 1378/2389/2
f  1368/2395/2 1377/2396/2 1381/2397/2 1379/2390/2
f  1379/2398/4 1383/2399/4 1374/2400/4 1361/2401/4
f  1364/2402/186 1370/2403/186 1385/2404/186 1372/2405/186
f  1386/2406/2 1365/2407/2 1368/2395/2 1384/2394/2
f  1387/2408/30 1388/2409/30 1389/2410/30 1390/2411/30
f  1391/2412/171 1392/2413/171 1393/2414/171 1394/2415/171
f  1389/2416/16 1388/2417/16 1395/2418/16 1396/2419/16
f  1371/2378/161 1373/2380/161 1397/2420/161 1388/2409/161
f  1387/2202/17 1390/2421/17 1398/2194/17 1399/2199/17
f  1392/1995/17 1400/736/17 1401/735/17 1393/2422/17
f  1378/2389/2 1380/2391/2 1387/2408/2 1402/2423/2
f  1403/430/16 1402/1422/16 1404/2424/16 1405/431/16
f  1380/2391/30 1371/2378/30 1388/2409/30 1387/2408/30
f  1384/2394/2 1378/2389/2 1402/2423/2 1392/2425/2
f  1392/2425/2 1402/2423/2 1403/2426/2 1400/2427/2
f  1402/2428/24 1387/1835/24 1399/2429/24 1404/2430/24
f  1388/2431/112 1397/2046/112 1406/2045/112 1395/2432/112
f  1386/2406/164 1384/2394/164 1392/2425/164 1391/2433/164

# Mesh 'Cube.024' with 70 faces
g Cube.024
usemtl Glass
f  56/2434/2 55/2435/2 72/2436/2 57/2437/2
f  67/2438/2 69/2439/2 70/2440/2 68/2441/2
f  66/2442/2 65/2443/2 54/2444/2 53/2445/2
f  51/2446/2 50/2447/2 73/2448/2 71/2449/2
f  140/2450/2 139/2451/2 156/2452/2 141/2453/2
f  151/2454/2 153/2455/2 154/2456/2 152/2457/2
f  150/2458/2 149/2459/2 138/2460/2 137/2461/2
f  135/2462/2 134/2463/2 157/2464/2 155/2465/2
f  1407/2466/187 203/2467/187 189/2468/187 188/2469/187
f  181/2470/2 196/2471/2 1408/2472/2 182/2473/2
f  187/2474/2 186/2475/2 1409/2476/2 194/2477/2
f  201/2478/2 200/2479/2 1410/2480/2 204/2481/2
f  340/2482/2 339/2483/2 349/2484/2 1411/2485/2
f  341/2486/2 357/2487/2 1412/2488/2 342/2489/2
f  354/2490/2 347/2491/2 346/2492/2 355/2493/2
f  364/2494/2 1413/2495/2 372/2496/2 365/2497/2
f  368/2498/2 367/2499/2 1414/2500/2 378/2501/2
f  377/2502/2 376/2503/2 371/2504/2 370/2505/2
f  1415/2506/2 390/2507/2 393/2508/2 405/2509/2
f  384/2510/2 383/2511/2 1416/2512/2 398/2513/2
f  388/2514/2 396/2515/2 1417/2516/2 389/2517/2
f  402/2518/30 406/2519/30 1418/2520/30 403/2521/30
f  540/2522/2 1419/2523/2 550/2524/2 541/2525/2
f  544/2526/2 543/2489/2 1420/2527/2 559/2528/2
f  557/2529/2 556/2530/2 549/2531/2 548/2532/2
f  568/2533/2 567/2534/2 575/2535/2 1421/2536/2
f  569/2537/2 580/2538/2 1422/2539/2 570/2540/2
f  578/2541/2 573/2542/2 572/2543/2 579/2544/2
f  660/2545/188 659/2546/188 669/2547/188 1423/2548/188
f  661/2549/189 677/2550/189 1424/2551/189 662/2552/189
f  674/2553/190 667/2554/190 666/2555/190 675/2556/190
f  684/2557/30 1425/2558/30 692/2559/30 685/2560/30
f  688/2561/2 687/2562/2 1426/2563/2 698/2564/2
f  697/2565/2 696/2566/2 691/2567/2 690/2568/2
f  776/2569/2 1427/2570/2 786/2571/2 777/2572/2
f  780/2573/2 779/2574/2 1428/2575/2 795/2576/2
f  793/2577/2 792/2578/2 785/2579/2 784/2580/2
f  804/2581/2 803/2582/2 811/2583/2 1429/2584/2
f  805/2585/30 816/2586/30 1430/2587/30 806/2588/30
f  814/2589/191 809/2590/191 808/2591/191 815/2592/191
f  896/2593/2 895/2594/2 905/2595/2 1431/2596/2
f  897/2597/2 913/2598/2 1432/2599/2 898/2600/2
f  910/2601/192 903/2602/192 902/2603/192 911/2604/192
f  920/2605/30 1433/2606/30 928/2607/30 921/2608/30
f  924/2609/2 923/2610/2 1434/2611/2 934/2612/2
f  933/2613/2 932/2614/2 927/2615/2 926/2616/2
f  1012/2617/2 1435/2618/2 1022/2619/2 1013/2620/2
f  1016/2621/2 1015/2622/2 1436/2623/2 1031/2624/2
f  1029/2625/2 1028/2626/2 1021/2591/2 1020/2590/2
f  1040/2627/193 1039/2628/193 1047/2536/193 1437/2629/193
f  1041/2630/194 1052/2631/194 1438/2632/194 1042/2633/194
f  1050/2634/195 1045/2635/195 1044/2636/195 1051/2637/195
f  1130/2638/2 1439/2639/2 1140/2640/2 1131/2641/2
f  1134/2642/2 1133/2643/2 1440/2644/2 1149/2645/2
f  1147/2646/30 1146/2647/30 1139/2648/30 1138/2649/30
f  1158/2650/2 1157/2651/2 1165/2652/2 1441/2653/2
f  1159/2654/30 1170/2655/30 1442/2656/30 1160/2657/30
f  1168/2658/2 1163/2659/2 1162/2660/2 1169/2661/2
f  1250/2662/2 1249/2663/2 1259/2664/2 1443/2665/2
f  1251/2666/2 1267/2667/2 1444/2668/2 1252/2669/2
f  1264/2670/2 1257/2671/2 1256/2672/2 1265/2673/2
f  1274/2674/30 1445/2675/30 1282/2676/30 1275/2677/30
f  1278/2678/2 1277/2679/2 1446/2680/2 1288/2681/2
f  1287/2682/2 1286/2673/2 1281/2683/2 1280/2684/2
f  1366/2685/2 1447/2686/2 1376/2687/2 1367/2688/2
f  1370/2689/2 1369/2690/2 1448/2691/2 1385/2692/2
f  1383/2693/2 1382/2694/2 1375/2695/2 1374/2696/2
f  1394/2697/196 1393/2698/196 1401/2699/196 1449/2700/196
f  1395/2701/194 1406/2702/194 1450/2703/194 1396/2704/194
f  1404/2705/197 1399/2706/197 1398/2707/197 1405/2708/197

# Mesh 'Cube.024' with 755 faces
g Cube.024
usemtl Dark
f  1451/2709/198 1452/2710/198 1453/2256/198 1454/2711/198
f  1454/2712/24 1453/2713/24 1455/2714/24 1456/2715/24
f  1455/2716/16 1453/2717/16 1452/2718/16 1457/2719/16
f  1458/2720/6 1459/2721/6 1460/2722/6 1461/2723/6
f  1462/2724/16 1463/2725/16 1464/2726/16 1465/2727/16
f  1466/2728/16 1467/2729/16 1468/2730/16 1469/2731/16
f  1470/2732/199 1464/2733/199 1463/2734/199 1471/2735/199
f  1472/2736/198 1460/2737/198 1459/2738/198 1473/2739/198
f  1474/2740/200 1475/2741/200 1476/2742/200 1477/2743/200
f  1478/2744/201 1479/2745/201 1469/2746/201 1468/2747/201
f  1480/2748/16 1481/2749/16 1477/2750/16 1476/2751/16
f  1482/2752/6 1483/2753/6 1484/2754/6 1485/2755/6
f  1486/2756/16 1487/2757/16 1488/2758/16 1489/2759/16
f  1490/2760/202 1491/2761/202 1489/2762/202 1488/2763/202
f  1492/2764/198 1493/2765/198 1485/2766/198 1484/2767/198
f  1494/2768/203 1495/2769/203 1496/2770/203 1497/2771/203
f  1495/2772/204 1498/2773/204 1499/2774/204 1496/2775/204
f  1499/2776/16 1500/2777/16 1497/2778/16 1496/2779/16
f  1501/2780/6 1502/2781/6 1503/2782/6 1504/2783/6
f  1505/2784/200 1506/2785/200 1504/2786/200 1503/2787/200
f  1507/2788/205 1508/2789/205 1509/2790/205 1510/2791/205 1511/2792/205 1512/2793/205 1513/2794/205 1514/2795/205
f  1515/2796/4 1516/2797/4 1517/2798/4 1518/2799/4
f  1519/2800/25 1520/2801/25 1521/2802/25 1522/2803/25
f  1522/2804/206 1521/2805/206 1516/2806/206 1515/2807/206
f  1523/2808/207 1524/2809/207 1525/2810/207 1526/2811/207
f  1527/2812/24 1528/2813/24 1529/2814/24 1530/2815/24
f  1520/2816/208 1517/2817/208 1516/2818/208 1521/2819/208
f  1530/2820/209 1529/2821/209 1524/2822/209 1523/2823/209
f  1526/2824/210 1527/2825/210 1530/2826/210 1523/2827/210
f  1531/2828/4 1532/2829/4 1533/2830/4 1534/2831/4
f  1535/2832/25 1536/2833/25 1537/2834/25 1538/2835/25
f  1528/2836/211 1525/2837/211 1524/2838/211 1529/2839/211
f  1538/2840/212 1537/2841/212 1532/2842/212 1531/2843/212
f  1534/2844/213 1535/2845/213 1538/2846/213 1531/2847/213
f  1536/2848/214 1533/2849/214 1532/2850/214 1537/2851/214
f  1539/2852/215 1540/2853/215 1541/2854/215 1542/2855/215
f  1543/2856/216 1544/2857/216 1545/2858/216 1546/2859/216
f  1546/2860/217 1545/2861/217 1540/2862/217 1539/2863/217
f  1547/2864/4 1548/2865/4 1549/2866/4 1550/2665/4
f  1551/2867/218 1552/2868/218 1553/2869/218 1554/2870/218
f  1544/2871/219 1541/2872/219 1540/2873/219 1545/2874/219
f  1554/2875/220 1553/2876/220 1548/2877/220 1547/2878/220
f  1550/2879/221 1551/2880/221 1554/2881/221 1547/2882/221
f  1555/2883/4 1556/2884/4 1557/2885/4 1558/2886/4
f  1559/2887/24 1560/2888/24 1561/2889/24 1562/2890/24
f  1552/2891/222 1549/2892/222 1548/2893/222 1553/2894/222
f  1562/2895/223 1561/2896/223 1556/2897/223 1555/2898/223
f  1558/2899/224 1559/2900/224 1562/2901/224 1555/2902/224
f  1560/2903/225 1557/2904/225 1556/2905/225 1561/2906/225
f  1563/2907/4 1564/2908/4 1565/2909/4 1566/2910/4
f  1567/2911/226 1568/2912/226 1569/2913/226 1570/2914/226
f  1570/2915/209 1569/2916/209 1564/2917/209 1563/2918/209
f  1571/2919/4 1572/2920/4 1573/2921/4 1574/2922/4
f  1575/2923/227 1576/2924/227 1577/2925/227 1578/2926/227
f  1568/2927/228 1565/2928/228 1564/2929/228 1569/2930/228
f  1578/2931/229 1577/2932/229 1572/2933/229 1571/2934/229
f  1574/2935/230 1575/2936/230 1578/2937/230 1571/233/230
f  1579/2938/231 1580/2939/231 1581/2940/231 1582/2941/231
f  1583/2942/232 1584/2943/232 1585/2944/232 1586/2945/232
f  1576/2946/233 1573/2947/233 1572/2948/233 1577/2949/233
f  1586/2950/209 1585/2951/209 1580/2952/209 1579/2953/209
f  1582/2954/234 1583/2955/234 1586/2956/234 1579/2957/234
f  1584/2958/235 1581/2959/235 1580/2960/235 1585/2961/235
f  1587/2962/4 1588/2963/4 1589/2964/4 1590/2965/4
f  1591/2966/236 1592/2967/236 1593/2968/236 1594/2969/236
f  1594/2970/237 1593/2971/237 1588/2972/237 1587/2973/237
f  1595/2974/238 1596/2975/238 1597/2976/238 1598/2977/238
f  1599/2978/239 1600/2979/239 1601/2980/239 1602/2981/239
f  1592/2982/240 1589/2983/240 1588/2984/240 1593/2985/240
f  1602/2986/209 1601/2987/209 1596/2988/209 1595/2989/209
f  1598/2990/241 1599/2991/241 1602/2992/241 1595/2993/241
f  1603/2994/4 1604/2995/4 1605/2996/4 1606/2997/4
f  1607/2998/242 1608/2999/242 1609/3000/242 1610/3001/242
f  1600/3002/243 1597/3003/243 1596/3004/243 1601/3005/243
f  1610/3006/220 1609/3007/220 1604/3008/220 1603/3009/220
f  1606/2983/244 1607/3010/244 1610/3011/244 1603/3012/244
f  1608/3013/245 1605/3014/245 1604/3015/245 1609/3016/245
f  1611/3017/246 1612/3018/246 1613/3019/246 1614/3020/246
f  1615/3021/247 1616/3022/247 1617/3023/247 1618/3024/247
f  1618/3025/248 1617/3026/248 1612/3027/248 1611/3028/248
f  1619/3029/249 1620/3030/249 1621/3031/249 1622/3032/249
f  1623/3033/250 1624/3034/250 1625/3035/250 1626/3036/250
f  1616/3037/251 1613/3038/251 1612/3039/251 1617/3040/251
f  1626/3041/252 1625/3042/252 1620/3043/252 1619/3044/252
f  1622/3045/253 1623/3046/253 1626/3047/253 1619/3048/253
f  1627/3049/254 1628/3050/254 1629/3051/254 1630/3052/254
f  1631/3053/255 1632/3054/255 1633/3055/255 1634/3056/255
f  1624/3057/256 1621/3058/256 1620/3059/256 1625/3060/256
f  1634/3061/209 1633/3062/209 1628/3063/209 1627/3064/209
f  1630/3065/257 1631/3066/257 1634/3067/257 1627/3068/257
f  1632/3069/258 1629/3070/258 1628/3071/258 1633/3072/258
f  1635/3073/259 1636/3074/259 1637/3075/259 1638/3076/259
f  1639/3077/24 1640/3078/24 1641/3079/24 1642/3080/24
f  1642/3081/260 1641/3082/260 1636/3083/260 1635/3084/260
f  1643/3085/261 1644/3086/261 1645/3087/261 1646/3088/261
f  1647/3089/262 1648/3090/262 1649/3091/262 1650/3092/262
f  1640/3093/263 1637/3094/263 1636/2210/263 1641/3095/263
f  1650/3096/220 1649/3097/220 1644/3098/220 1643/3099/220
f  1646/3100/264 1647/3101/264 1650/3102/264 1643/3103/264
f  1651/3104/265 1652/3105/265 1653/3106/265 1654/3107/265
f  1655/3108/24 1656/3109/24 1657/3110/24 1658/3111/24
f  1648/3112/266 1645/3113/266 1644/3114/266 1649/3115/266
f  1658/3116/209 1657/3117/209 1652/3118/209 1651/3119/209
f  1654/3120/267 1655/3121/267 1658/3122/267 1651/3123/267
f  1656/3124/16 1653/3125/16 1652/3126/16 1657/3127/16
f  1659/3128/268 1660/3129/268 1661/3130/268 1662/3131/268
f  1663/3132/24 1664/3133/24 1665/3134/24 1666/3135/24
f  1666/3136/269 1665/3137/269 1660/3138/269 1659/3139/269
f  1667/3140/270 1668/3141/270 1669/3142/270 1670/3143/270
f  1671/3144/271 1672/3145/271 1673/3146/271 1674/3147/271
f  1664/3148/272 1661/3149/272 1660/3150/272 1665/3151/272
f  1674/3152/209 1673/3153/209 1668/3154/209 1667/3155/209
f  1670/3156/273 1671/3157/273 1674/3158/273 1667/3159/273
f  1675/3160/274 1676/3161/274 1677/3162/274 1678/3163/274
f  1679/3164/24 1680/3165/24 1681/3166/24 1682/3167/24
f  1672/3168/275 1669/3169/275 1668/3170/275 1673/3171/275
f  1682/3172/276 1681/3173/276 1676/3174/276 1675/3175/276
f  1678/3176/277 1679/3177/277 1682/3178/277 1675/3179/277
f  1680/3180/278 1677/3181/278 1676/3182/278 1681/3183/278
f  1683/3184/4 1684/3185/4 1685/3186/4 1686/3187/4
f  1687/3188/24 1688/3189/24 1689/3190/24 1690/3191/24
f  1690/3192/279 1689/3193/279 1684/3194/279 1683/3195/279
f  1691/3196/4 1692/3197/4 1693/3198/4 1694/3199/4
f  1695/3200/280 1696/3201/280 1697/3202/280 1698/3203/280
f  1688/3204/281 1685/3205/281 1684/3206/281 1689/3207/281
f  1698/3208/282 1697/3209/282 1692/3210/282 1691/3211/282
f  1694/3212/283 1695/3213/283 1698/938/283 1691/3214/283
f  1699/3215/4 1700/3216/4 1701/3217/4 1702/3218/4
f  1703/3219/284 1704/3220/284 1705/3221/284 1706/3222/284
f  1696/3223/285 1693/1970/285 1692/3224/285 1697/3225/285
f  1706/3226/286 1705/3227/286 1700/3228/286 1699/3229/286
f  1702/3230/287 1703/3231/287 1706/3232/287 1699/3233/287
f  1704/3234/288 1701/3235/288 1700/3236/288 1705/3237/288
f  1694/3238/289 1693/3239/289 1696/3240/289 1695/3241/289
f  1518/3242/290 1517/3243/290 1520/3244/290 1519/2693/290
f  1534/3245/291 1533/3121/291 1536/3246/291 1535/3247/291
f  1707/3248/292 1708/3249/292 1709/3250/292 1710/3251/292
f  1711/3252/2 1712/3253/2 1713/3254/2 1714/3255/2
f  1714/3256/24 1713/3257/24 1708/3258/24 1707/3259/24
f  1715/3260/293 1716/3261/293 1717/3262/293 1718/3263/293
f  1719/3264/294 1720/3265/294 1721/3266/294 1722/3267/294
f  1712/3268/295 1709/3269/295 1708/3270/295 1713/3271/295
f  1722/3272/24 1721/3273/24 1716/3274/24 1715/3275/24
f  1718/3276/296 1719/3277/296 1722/3278/296 1715/3279/296
f  1723/3280/209 1724/3281/209 1725/3282/209 1726/3283/209
f  1727/3284/2 1728/3285/2 1729/3286/2 1730/3287/2
f  1720/3288/297 1717/3289/297 1716/3290/297 1721/3291/297
f  1730/3292/24 1729/3293/24 1724/3294/24 1723/3295/24
f  1726/3296/298 1727/3297/298 1730/3298/298 1723/3299/298
f  1728/3300/299 1725/3301/299 1724/3302/299 1729/3303/299
f  1731/3304/300 1732/3305/300 1733/3306/300 1734/3307/300
f  1735/3308/301 1736/3309/301 1737/3310/301 1738/3311/301
f  1738/3312/25 1737/3313/25 1732/3314/25 1731/3315/25
f  1739/3316/300 1740/3317/300 1741/3318/300 1742/3319/300
f  1743/3320/302 1744/3321/302 1745/3322/302 1746/3323/302
f  1736/3324/303 1733/3325/303 1732/3326/303 1737/3327/303
f  1746/3328/304 1745/3329/304 1740/3330/304 1739/3331/304
f  1742/3332/305 1743/3333/305 1746/3334/305 1739/3335/305
f  1747/3336/260 1748/3337/260 1749/3338/260 1750/3339/260
f  1751/3340/2 1752/3341/2 1753/3342/2 1754/3343/2
f  1744/3344/306 1741/3345/306 1740/3346/306 1745/3347/306
f  1754/3348/24 1753/3349/24 1748/3350/24 1747/3351/24
f  1750/3228/307 1751/3352/307 1754/3353/307 1747/3354/307
f  1752/3355/308 1749/3356/308 1748/3357/308 1753/3358/308
f  1755/3359/209 1756/3360/209 1757/3361/209 1758/3362/209
f  1759/3363/309 1760/3364/309 1761/3365/309 1762/3366/309
f  1762/3367/24 1761/3368/24 1756/3369/24 1755/3370/24
f  1763/3371/310 1764/3372/310 1765/3373/310 1766/3374/310
f  1767/3375/2 1768/3376/2 1769/3377/2 1770/3378/2
f  1760/3379/311 1757/3380/311 1756/3381/311 1761/3382/311
f  1770/3383/312 1769/3384/312 1764/3385/312 1763/3386/312
f  1766/3387/313 1767/3388/313 1770/3389/313 1763/3390/313
f  1771/3391/314 1772/3392/314 1773/3393/314 1774/3394/314
f  1775/3395/315 1776/3396/315 1777/3397/315 1778/3398/315
f  1768/3399/316 1765/3400/316 1764/3401/316 1769/3402/316
f  1778/3403/24 1777/3404/24 1772/3405/24 1771/3406/24
f  1774/3407/317 1775/3408/317 1778/3409/317 1771/3410/317
f  1776/3411/318 1773/3412/318 1772/3413/318 1777/3414/318
f  1779/3415/319 1780/3416/319 1781/3417/319 1782/3418/319
f  1783/3419/320 1784/3420/320 1785/3421/320 1786/3422/320
f  1786/3423/24 1785/3424/24 1780/3425/24 1779/3426/24
f  1787/2594/209 1788/3427/209 1789/3428/209 1790/3429/209
f  1791/3430/321 1792/3431/321 1793/3432/321 1794/3433/321
f  1784/3434/322 1781/3435/322 1780/3436/322 1785/3437/322
f  1794/3438/24 1793/3439/24 1788/3440/24 1787/3441/24
f  1790/3442/323 1791/3443/323 1794/3444/323 1787/3445/323
f  1795/3446/324 1796/3447/324 1797/3448/324 1798/3449/324
f  1799/3450/2 1800/3451/2 1801/3452/2 1802/3453/2
f  1792/3454/325 1789/3455/325 1788/3456/325 1793/3457/325
f  1802/3458/24 1801/3459/24 1796/3460/24 1795/3461/24
f  1798/3462/326 1799/3463/326 1802/3464/326 1795/3465/326
f  1800/3466/327 1797/3467/327 1796/3468/327 1801/3469/327
f  1803/3470/328 1804/3471/328 1805/3472/328 1806/3473/328
f  1807/3474/2 1808/3475/2 1809/3476/2 1810/3477/2
f  1810/3478/329 1809/3479/329 1804/3480/329 1803/3481/329
f  1811/3482/330 1812/3483/330 1813/3484/330 1814/3485/330
f  1815/3486/331 1816/3487/331 1817/3488/331 1818/3489/331
f  1808/3490/332 1805/3491/332 1804/3492/332 1809/3493/332
f  1818/3494/333 1817/3495/333 1812/3496/333 1811/3497/333
f  1814/3498/334 1815/3499/334 1818/3500/334 1811/3501/334
f  1819/3502/335 1820/3503/335 1821/3504/335 1822/3505/335
f  1823/3506/2 1824/3507/2 1825/3508/2 1826/3509/2
f  1816/3510/336 1813/3511/336 1812/3512/336 1817/3513/336
f  1826/3514/24 1825/3515/24 1820/3516/24 1819/3517/24
f  1822/3518/337 1823/3519/337 1826/3520/337 1819/3521/337
f  1824/3522/338 1821/3523/338 1820/3524/338 1825/3525/338
f  1827/3526/209 1828/3527/209 1829/3528/209 1830/3529/209
f  1831/3530/339 1832/3531/339 1833/3532/339 1834/3533/339
f  1834/3534/25 1833/3535/25 1828/3536/25 1827/3537/25
f  1835/3538/340 1836/3539/340 1837/3540/340 1838/3541/340
f  1839/3542/2 1840/3543/2 1841/3544/2 1842/3545/2
f  1832/3546/341 1829/3547/341 1828/3548/341 1833/3549/341
f  1842/3550/342 1841/3551/342 1836/3552/342 1835/3553/342
f  1838/3554/343 1839/3381/343 1842/3555/343 1835/3556/343
f  1843/3557/209 1844/3558/209 1845/3559/209 1846/3560/209
f  1847/3561/315 1848/3562/315 1849/3563/315 1850/3564/315
f  1840/3565/16 1837/3566/16 1836/3567/16 1841/3568/16
f  1850/3569/24 1849/2875/24 1844/3570/24 1843/3571/24
f  1846/3572/344 1847/3573/344 1850/3574/344 1843/3575/344
f  1848/3576/16 1845/3577/16 1844/3578/16 1849/3579/16
f  1851/3580/345 1852/3581/345 1853/3582/345 1854/3583/345
f  1855/3584/346 1856/3585/346 1857/3586/346 1858/3587/346
f  1858/3588/24 1857/3589/24 1852/3590/24 1851/3591/24
f  1859/3592/314 1860/3593/314 1861/3594/314 1862/3595/314
f  1863/3596/347 1864/3597/347 1865/3598/347 1866/3599/347
f  1856/3600/348 1853/3601/348 1852/3602/348 1857/3603/348
f  1866/3604/349 1865/3605/349 1860/3606/349 1859/3607/349
f  1862/2981/350 1863/3608/350 1866/3609/350 1859/3610/350
f  1867/3611/351 1868/3612/351 1869/3613/351 1870/3614/351
f  1871/3615/352 1872/3616/352 1873/3617/352 1874/3618/352
f  1864/3619/353 1861/3620/353 1860/3621/353 1865/3622/353
f  1874/3623/354 1873/3624/354 1868/3175/354 1867/3625/354
f  1870/3626/355 1871/3627/355 1874/3628/355 1867/3629/355
f  1872/3630/356 1869/3631/356 1868/3632/356 1873/3633/356
f  1875/3634/357 1876/2698/357 1877/3635/357 1878/3636/357
f  1879/3637/358 1880/3638/358 1881/3639/358 1882/3640/358
f  1882/3641/359 1881/3642/359 1876/3643/359 1875/3644/359
f  1883/3645/360 1884/3646/360 1885/3647/360 1886/3648/360
f  1887/3649/361 1888/3650/361 1889/3651/361 1890/3652/361
f  1880/3653/362 1877/3654/362 1876/1254/362 1881/3655/362
f  1890/3656/24 1889/3657/24 1884/3658/24 1883/3659/24
f  1886/3660/363 1887/3661/363 1890/3662/363 1883/3663/363
f  1891/3664/357 1892/3665/357 1893/3666/357 1894/3667/357
f  1895/3668/364 1896/3669/364 1897/3670/364 1898/3671/364
f  1888/3672/365 1885/305/365 1884/3673/365 1889/3674/365
f  1898/3675/366 1897/3676/366 1892/3677/366 1891/3678/366
f  1894/3679/367 1895/3680/367 1898/3681/367 1891/3682/367
f  1896/3683/368 1893/3684/368 1892/3685/368 1897/3686/368
f  1886/3687/4 1885/3688/4 1888/3689/4 1887/3690/4
f  1710/3691/23 1709/3692/23 1712/3693/23 1711/3694/23
f  1726/3695/4 1725/3696/4 1728/3697/4 1727/3698/4
f  1899/3699/2 1900/3700/2 1901/3701/2 1902/3702/2
f  1903/3703/369 1904/3704/369 1905/3705/369 1906/3706/369
f  1906/3707/370 1905/3708/370 1900/3709/370 1899/3710/370
f  1907/3711/371 1908/3712/371 1909/3217/371 1910/3713/371
f  1911/3714/357 1912/3715/357 1913/3716/357 1914/3717/357
f  1904/3718/372 1901/3719/372 1900/3720/372 1905/3721/372
f  1914/3722/373 1913/3723/373 1908/3724/373 1907/3725/373
f  1910/3726/374 1911/3727/374 1914/3450/374 1907/3728/374
f  1915/3729/2 1916/3730/2 1917/3731/2 1918/3732/2
f  1919/3733/375 1920/3734/375 1921/3735/375 1922/3703/375
f  1912/3736/376 1909/3737/376 1908/3738/376 1913/3739/376
f  1922/3740/377 1921/3741/377 1916/3742/377 1915/3231/377
f  1918/3743/378 1919/3744/378 1922/3745/378 1915/1534/378
f  1920/3746/379 1917/3747/379 1916/3748/379 1921/3749/379
f  1923/3750/380 1924/3751/380 1925/3752/380 1926/3753/380
f  1927/3754/381 1928/3755/381 1929/3756/381 1930/3757/381
f  1930/3758/382 1929/3759/382 1924/3760/382 1923/3761/382
f  1931/3762/383 1932/3763/383 1933/3764/383 1934/3765/383
f  1935/3766/384 1936/3767/384 1937/3057/384 1938/3768/384
f  1928/3769/385 1925/3770/385 1924/3771/385 1929/3772/385
f  1938/3773/386 1937/3774/386 1932/3775/386 1931/3776/386
f  1934/3777/387 1935/3778/387 1938/3779/387 1931/3780/387
f  1939/3781/388 1940/3782/388 1941/3783/388 1942/3746/388
f  1943/3784/389 1944/3785/389 1945/3786/389 1946/3787/389
f  1936/3788/390 1933/3789/390 1932/3790/390 1937/3791/390
f  1946/3792/391 1945/3793/391 1940/3794/391 1939/3795/391
f  1942/3796/392 1943/3797/392 1946/3798/392 1939/3799/392
f  1944/3800/393 1941/3801/393 1940/3802/393 1945/3803/393
f  1947/3804/394 1948/3754/394 1949/3805/394 1950/3806/394
f  1951/3807/209 1952/3808/209 1953/3809/209 1954/3810/209
f  1954/3811/395 1953/3812/395 1948/3813/395 1947/3814/395
f  1955/3815/396 1956/3816/396 1957/3817/396 1958/3818/396
f  1959/3819/397 1960/3820/397 1961/3821/397 1962/3822/397
f  1952/3823/398 1949/3824/398 1948/3825/398 1953/3826/398
f  1962/3827/399 1961/3828/399 1956/3829/399 1955/3830/399
f  1958/3831/400 1959/3832/400 1962/3833/400 1955/3834/400
f  1963/3835/401 1964/3836/401 1965/3837/401 1966/3838/401
f  1967/3839/209 1968/3840/209 1969/3841/209 1970/3842/209
f  1960/3843/402 1957/3844/402 1956/3845/402 1961/3846/402
f  1970/3847/403 1969/3848/403 1964/3849/403 1963/3850/403
f  1966/3851/404 1967/3852/404 1970/3853/404 1963/3854/404
f  1968/3855/405 1965/2157/405 1964/3856/405 1969/3857/405
f  1971/3858/2 1972/3859/2 1973/3860/2 1974/3861/2
f  1975/3862/406 1976/3863/406 1977/3864/406 1978/3865/406
f  1978/3866/4 1977/3867/4 1972/3868/4 1971/3869/4
f  1979/3870/407 1980/3871/407 1981/3872/407 1982/3873/407
f  1983/3874/408 1984/3875/408 1985/3876/408 1986/3877/408
f  1976/3878/409 1973/3879/409 1972/3880/409 1977/3881/409
f  1986/3882/410 1985/3883/410 1980/3884/410 1979/3885/410
f  1982/3886/411 1983/3887/411 1986/3888/411 1979/3889/411
f  1987/3890/2 1988/3891/2 1989/3892/2 1990/3893/2
f  1991/3894/412 1992/3895/412 1993/3896/412 1994/3897/412
f  1984/3898/413 1981/3899/413 1980/3900/413 1985/3901/413
f  1994/3902/4 1993/3903/4 1988/3904/4 1987/3905/4
f  1990/3906/414 1991/3907/414 1994/3908/414 1987/3796/414
f  1992/3909/415 1989/3910/415 1988/3911/415 1993/3912/415
f  1995/3913/416 1996/3914/416 1997/3915/416 1998/3916/416
f  1999/3917/417 2000/3918/417 2001/3919/417 2002/3920/417
f  2002/3921/418 2001/3922/418 1996/3923/418 1995/3924/418
f  2003/3925/30 2004/3926/30 2005/3927/30 2006/3928/30
f  2007/3929/419 2008/3930/419 2009/3931/419 2010/3932/419
f  2000/3933/420 1997/2438/420 1996/3934/420 2001/3935/420
f  2010/3936/421 2009/3937/421 2004/3938/421 2003/3939/421
f  2006/3940/422 2007/3941/422 2010/3942/422 2003/3943/422
f  2011/3944/2 2012/3945/2 2013/3946/2 2014/3947/2
f  2015/3948/423 2016/3949/423 2017/3950/423 2018/3951/423
f  2008/3952/424 2005/3953/424 2004/3954/424 2009/3955/424
f  2018/3956/4 2017/3957/4 2012/3958/4 2011/3959/4
f  2014/3960/425 2015/2510/425 2018/3961/425 2011/3962/425
f  2016/3963/426 2013/3964/426 2012/3965/426 2017/3966/426
f  2019/3967/427 2020/3968/427 2021/3969/427 2022/3970/427
f  2023/3971/209 2024/3972/209 2025/3973/209 2026/3974/209
f  2026/3975/23 2025/3976/23 2020/3977/23 2019/2491/23
f  2027/3978/428 2028/3979/428 2029/3980/428 2030/3981/428
f  2031/3982/300 2032/3983/300 2033/3984/300 2034/3985/300
f  2024/3986/429 2021/3987/429 2020/3988/429 2025/3989/429
f  2034/3990/4 2033/3991/4 2028/3992/4 2027/3993/4
f  2030/3994/430 2031/3995/430 2034/3996/430 2027/3997/430
f  2035/3998/431 2036/3999/431 2037/4000/431 2038/4001/431
f  2039/4002/209 2040/4003/209 2041/4004/209 2042/4005/209
f  2032/4006/16 2029/4007/16 2028/4008/16 2033/4009/16
f  2042/4010/4 2041/4011/4 2036/4012/4 2035/4013/4
f  2038/4014/432 2039/4015/432 2042/4016/432 2035/4017/432
f  2040/4018/433 2037/4019/433 2036/4020/433 2041/4021/433
f  2043/4022/434 2044/4023/434 2045/4024/434 2046/4025/434
f  2047/4026/435 2048/4027/435 2049/4028/435 2050/4029/435
f  2050/4030/436 2049/4031/436 2044/4032/436 2043/2917/436
f  2051/4033/437 2052/4034/437 2053/4035/437 2054/4036/437
f  2055/4037/438 2056/4038/438 2057/4039/438 2058/4040/438
f  2048/4041/439 2045/4042/439 2044/4043/439 2049/3105/439
f  2058/4044/440 2057/3832/440 2052/4045/440 2051/4046/440
f  2054/4047/441 2055/4048/441 2058/4049/441 2051/4050/441
f  2059/4051/2 2060/4052/2 2061/4053/2 2062/4054/2
f  2063/4055/209 2064/4056/209 2065/4057/209 2066/4058/209
f  2056/4059/442 2053/4060/442 2052/4061/442 2057/4062/442
f  2066/4063/443 2065/4064/443 2060/4065/443 2059/2457/443
f  2062/4066/444 2063/4067/444 2066/4068/444 2059/4069/444
f  2064/4070/445 2061/4071/445 2060/4072/445 2065/4073/445
f  2067/4074/446 2068/4075/446 2069/4076/446 2070/4077/446
f  2071/4078/447 2072/4079/447 2073/4080/447 2074/4081/447
f  2074/4082/4 2073/4083/4 2068/4084/4 2067/4085/4
f  2075/4086/448 2076/4087/448 2077/4088/448 2078/4089/448
f  2079/4090/449 2080/4091/449 2081/4092/449 2082/4093/449
f  2072/4094/450 2069/4095/450 2068/4096/450 2073/4097/450
f  2082/4098/451 2081/4099/451 2076/4100/451 2075/4101/451
f  2078/4102/452 2079/4103/452 2082/4104/452 2075/4105/452
f  2083/4106/453 2084/4107/453 2085/4108/453 2086/4109/453
f  2087/4110/454 2088/4111/454 2089/4112/454 2090/4113/454
f  2080/4114/455 2077/4115/455 2076/4116/455 2081/4117/455
f  2090/4118/4 2089/4119/4 2084/4120/4 2083/4121/4
f  2086/4122/456 2087/4123/456 2090/4124/456 2083/4125/456
f  2088/4126/457 2085/4127/457 2084/4128/457 2089/4129/457
f  1918/4130/24 1917/4131/24 1920/4132/24 1919/4133/24
f  1902/4134/24 1901/4135/24 1904/4136/24 1903/4137/24
f  2078/4138/24 2077/4139/24 2080/4140/24 2079/4141/24
f  2091/4142/24 2092/4143/24 2093/4144/24 2094/4145/24
f  2095/4146/4 2096/4147/4 2097/4148/4 2098/4149/4
f  2098/4049/2 2097/4150/2 2092/4151/2 2091/4152/2
f  2099/4153/458 2100/4154/458 2101/4155/458 2102/4156/458
f  2103/4157/459 2104/4158/459 2105/4159/459 2106/4160/459
f  2096/4161/460 2093/4162/460 2092/4163/460 2097/4164/460
f  2106/4165/461 2105/4166/461 2100/4167/461 2099/4168/461
f  2102/4169/462 2103/4170/462 2106/4171/462 2099/4172/462
f  2107/4173/24 2108/4174/24 2109/4175/24 2110/4176/24
f  2111/4177/463 2112/4178/463 2113/4179/463 2114/4180/463
f  2104/4181/464 2101/4182/464 2100/4183/464 2105/4184/464
f  2114/4185/2 2113/4186/2 2108/4187/2 2107/4188/2
f  2110/4189/465 2111/4190/465 2114/4191/465 2107/4192/465
f  2112/4193/466 2109/4194/466 2108/4195/466 2113/4196/466
f  2115/4197/24 2116/4198/24 2117/4199/24 2118/4200/24
f  2119/4201/4 2120/4202/4 2121/3692/4 2122/4203/4
f  2122/4204/467 2121/4205/467 2116/4206/467 2115/4207/467
f  2123/4208/24 2124/4209/24 2125/4210/24 2126/4211/24
f  2127/4212/4 2128/4213/4 2129/4214/4 2130/4215/4
f  2120/4216/468 2117/4217/468 2116/4218/468 2121/4219/468
f  2130/4220/2 2129/4221/2 2124/4222/2 2123/4223/2
f  2126/4224/469 2127/4225/469 2130/4226/469 2123/4227/469
f  2131/4228/24 2132/4229/24 2133/4230/24 2134/4231/24
f  2135/4232/470 2136/4233/470 2137/4234/470 2138/4235/470
f  2128/4236/471 2125/4237/471 2124/4238/471 2129/4239/471
f  2138/4240/472 2137/4241/472 2132/4242/472 2131/4243/472
f  2134/4244/473 2135/4245/473 2138/4246/473 2131/4247/473
f  2136/4248/474 2133/4249/474 2132/4250/474 2137/4251/474
f  2139/4252/475 2140/4253/475 2141/4254/475 2142/4255/475
f  2143/4256/476 2144/4257/476 2145/4258/476 2146/4259/476
f  2146/4260/2 2145/4261/2 2140/4262/2 2139/4263/2
f  2147/4264/24 2148/4265/24 2149/4266/24 2150/4267/24
f  2151/4268/477 2152/4269/477 2153/4270/477 2154/4271/477
f  2144/4272/478 2141/4273/478 2140/4274/478 2145/4275/478
f  2154/4276/2 2153/4277/2 2148/4278/2 2147/4279/2
f  2150/4280/479 2151/4281/479 2154/4282/479 2147/4283/479
f  2155/4284/480 2156/4285/480 2157/4286/480 2158/4287/480
f  2159/4288/4 2160/4289/4 2161/4290/4 2162/4291/4
f  2152/4292/481 2149/4293/481 2148/4294/481 2153/4295/481
f  2162/4296/2 2161/4297/2 2156/2428/2 2155/4298/2
f  2158/603/482 2159/4299/482 2162/4300/482 2155/4301/482
f  2160/4302/483 2157/4303/483 2156/4304/483 2161/4305/483
f  2163/4306/484 2164/4307/484 2165/4308/484 2166/4309/484
f  2167/4310/4 2168/4311/4 2169/4312/4 2170/4313/4
f  2170/3251/2 2169/4314/2 2164/4315/2 2163/4316/2
f  2166/4317/485 2167/4318/485 2170/4319/485 2163/4320/485
f  2168/4321/486 2165/4322/486 2164/4323/486 2169/4324/486
f  2171/4325/24 2172/4326/24 2173/4327/24 2174/4328/24
f  2175/4329/4 2176/4330/4 2177/4331/4 2178/3823/4
f  2178/4332/2 2177/4333/2 2172/4334/2 2171/4335/2
f  2179/4336/24 2180/4337/24 2181/4338/24 2182/4339/24
f  2183/4340/487 2184/4341/487 2185/4342/487 2186/4343/487
f  2176/4344/488 2173/4345/488 2172/4346/488 2177/4347/488
f  2186/4348/2 2185/4334/2 2180/4349/2 2179/4350/2
f  2182/4351/489 2183/4352/489 2186/4353/489 2179/4354/489
f  2187/4355/24 2188/4356/24 2189/4357/24 2190/4358/24
f  2191/4359/4 2192/2562/4 2193/4360/4 2194/4361/4
f  2184/4362/16 2181/4363/16 2180/4364/16 2185/4365/16
f  2194/4366/30 2193/4367/30 2188/4368/30 2187/4369/30
f  2190/4370/490 2191/4371/490 2194/4372/490 2187/4373/490
f  2192/4374/491 2189/4375/491 2188/4376/491 2193/4377/491
f  2195/4378/492 2196/4379/492 2197/4380/492 2198/4091/492
f  2199/4381/4 2200/4382/4 2201/3370/4 2202/4383/4
f  2202/4384/2 2201/4385/2 2196/4386/2 2195/4387/2
f  2203/4388/493 2204/4389/493 2205/4390/493 2206/4391/493
f  2207/4392/4 2208/4393/4 2209/4394/4 2210/4395/4
f  2200/4396/494 2197/4397/494 2196/4398/494 2201/4399/494
f  2210/4400/2 2209/4401/2 2204/4402/2 2203/4403/2
f  2206/4404/495 2207/4405/495 2210/4406/495 2203/4407/495
f  2211/4408/24 2212/4409/24 2213/4410/24 2214/4411/24
f  2215/4412/4 2216/4413/4 2217/4414/4 2218/4415/4
f  2208/4416/496 2205/4226/496 2204/4417/496 2209/4418/496
f  2218/4419/2 2217/4420/2 2212/4421/2 2211/4422/2
f  2214/4423/497 2215/4424/497 2218/4425/497 2211/4426/497
f  2216/4427/498 2213/4428/498 2212/4429/498 2217/4430/498
f  2219/4431/24 2220/4432/24 2221/4433/24 2222/4434/24
f  2223/4435/499 2224/3366/499 2225/4436/499 2226/4437/499
f  2226/4438/2 2225/4439/2 2220/4440/2 2219/4441/2
f  2227/4442/24 2228/4443/24 2229/4444/24 2230/4445/24
f  2231/4446/500 2232/4447/500 2233/4448/500 2234/4449/500
f  2224/4450/501 2221/4451/501 2220/4452/501 2225/4398/501
f  2234/4453/2 2233/4454/2 2228/3461/2 2227/4455/2
f  2230/4456/502 2231/4457/502 2234/4458/502 2227/936/502
f  2235/4459/503 2236/4460/503 2237/4461/503 2238/4462/503
f  2239/4463/4 2240/4464/4 2241/4465/4 2242/4466/4
f  2232/4467/504 2229/4468/504 2228/4469/504 2233/880/504
f  2242/4470/2 2241/4471/2 2236/4472/2 2235/4473/2
f  2238/4474/505 2239/4475/505 2242/4476/505 2235/4477/505
f  2240/4478/506 2237/4479/506 2236/4480/506 2241/4481/506
f  2230/4482/209 2229/4483/209 2232/3883/209 2231/4484/209
f  2094/4485/507 2093/4486/507 2096/4487/507 2095/4488/507
f  2110/4489/507 2109/4490/507 2112/4491/507 2111/4492/507
f  2243/4493/508 2244/4494/508 2245/4495/508 2246/4496/508
f  2247/4497/24 2248/4498/24 2249/4499/24 2250/4500/24
f  2250/4501/209 2249/4502/209 2251/4503/209 2252/4504/209
f  2252/4505/4 2251/4506/4 2253/4507/4 2254/4508/4
f  2255/4509/509 2256/4510/509 2257/4511/509 2258/4512/509
f  2251/4513/16 2249/4514/16 2248/4515/16 2253/4516/16
f  2253/4516/510 2248/4515/510 2259/4517/510 2260/4518/510
f  2254/4508/511 2253/4507/511 2260/4519/511 2261/4520/511
f  2262/4521/2 2263/4522/2 2264/4523/2 2265/4524/2
f  2258/4512/24 2257/4511/24 2266/4525/24 2267/4526/24
f  2260/4518/16 2259/4517/16 2264/4527/16 2263/4528/16
f  2261/4520/23 2260/4519/23 2263/4529/23 2262/4530/23
f  2268/4531/512 2261/4532/512 2262/4533/512 2269/4534/512
f  2259/4535/25 2270/4536/25 2265/4537/25 2264/4538/25
f  2269/4534/17 2262/4533/17 2265/4539/17 2267/4540/17
f  2271/4541/513 2254/4542/513 2261/4532/513 2268/4531/513
f  2248/4498/24 2247/4497/24 2270/4536/24 2259/4535/24
f  2272/4543/17 2252/4544/17 2254/4542/17 2271/4541/17
f  2273/4545/16 2250/4501/16 2252/4504/16 2272/4546/16
f  2255/4547/10 2247/4548/10 2250/4549/10 2273/4550/10
f  2256/4510/24 2255/4509/24 2273/4551/24 2274/4552/24
f  2274/4553/209 2273/4545/209 2272/4546/209 2275/4554/209
f  2275/4555/4 2272/4556/4 2271/4557/4 2276/4558/4
f  2276/4558/514 2271/4557/514 2268/4559/514 2277/4560/514
f  2278/4561/2 2269/4562/2 2267/4563/2 2266/4564/2
f  2277/4560/4 2268/4559/4 2269/4565/4 2278/4566/4
f  2270/4567/515 2258/4568/515 2267/4540/515 2265/4539/515
f  2247/4548/516 2255/4547/516 2258/4568/516 2270/4567/516
f  2279/4569/4 2280/4570/4 2281/4571/4 2282/4572/4
f  2280/4573/209 2283/4574/209 2284/4575/209 2281/4576/209
f  2283/4577/24 2285/4578/24 2286/4579/24 2284/4580/24
f  2287/4581/517 2288/4582/517 2289/4583/517 2290/4584/517
f  2284/4585/16 2286/4586/16 2282/4587/16 2281/4588/16
f  2286/4586/518 2291/4589/518 2292/4590/518 2282/4587/518
f  2285/4578/519 2293/4591/519 2291/4592/519 2286/4579/519
f  2294/4593/2 2295/4594/2 2296/4595/2 2297/4596/2
f  2288/4582/520 2298/4597/520 2299/4598/520 2289/4583/520
f  2291/4589/6 2297/4599/6 2296/4600/6 2292/4590/6
f  2293/4591/25 2294/4601/25 2297/4602/25 2291/4592/25
f  2300/4603/521 2301/4604/521 2294/4605/521 2293/4606/521
f  2292/4607/522 2296/4608/522 2295/4609/522 2302/4610/522
f  2301/4604/523 2298/4611/523 2295/4612/523 2294/4605/523
f  2303/4613/524 2300/4603/524 2293/4606/524 2285/4614/524
f  2282/4572/4 2292/4607/4 2302/4610/4 2279/4569/4
f  2304/4615/17 2303/4613/17 2285/4614/17 2283/4616/17
f  2305/4617/16 2304/4617/16 2283/4617/16 2280/4617/16
f  2287/4618/10 2305/4619/10 2280/4620/10 2279/4621/10
f  2290/4584/525 2306/4622/525 2305/4623/525 2287/4581/525
f  2306/4624/209 2307/4625/209 2304/4626/209 2305/4627/209
f  2307/4628/24 2308/4629/24 2303/4630/24 2304/4631/24
f  2308/4629/526 2309/4632/526 2300/4633/526 2303/4630/526
f  2310/4634/30 2299/4635/30 2298/4636/30 2301/4637/30
f  2309/4632/24 2310/4638/24 2301/4639/24 2300/4633/24
f  2302/4640/527 2295/4612/527 2298/4611/527 2288/4641/527
f  2279/4621/528 2302/4640/528 2288/4641/528 2287/4618/528
f  2311/4642/529 2312/4643/529 2313/4644/529 2314/4645/529
f  2315/4646/16 2316/4647/16 2317/4648/16 2318/4649/16
f  2319/4650/23 2318/4651/23 2317/4652/23 2320/4653/23
f  2314/4654/25 2313/4655/25 2321/4656/25 2322/4657/25
f  2321/4658/6 2313/4659/6 2312/4660/6 2323/4661/6
f  2324/4662/16 2325/4663/16 2326/4664/16 2327/4665/16
f  2328/4666/16 2329/4667/16 2330/4668/16 2331/4669/16
f  2320/4670/530 2317/4671/530 2316/4672/530 2332/4673/530
f  2333/4674/203 2330/4675/203 2329/4676/203 2334/4677/203
f  2335/4678/529 2326/4679/529 2325/4680/529 2336/4681/529
f  2337/4682/531 2338/4683/531 2339/4684/531 2340/4685/531
f  2341/4686/532 2342/4687/532 2343/4688/532 2344/4689/532
f  2344/4690/533 2343/4691/533 2338/4692/533 2337/4693/533
f  2345/4694/17 2346/4695/17 2347/4696/17 2348/4697/17
f  2342/4698/16 2339/4699/16 2338/4700/16 2343/4701/16
f  2347/4702/4 2344/4689/4 2349/4703/4 2350/4704/4
f  2346/4705/4 2341/4686/4 2344/4689/4 2347/4702/4
f  2348/4706/24 2337/4682/24 2340/4685/24 2345/4707/24
f  2350/4708/2 2349/4709/2 2351/4710/2 2352/4711/2
f  2344/4712/16 2337/4713/16 2351/4714/16 2349/4715/16
f  2337/4682/24 2348/4706/24 2352/4716/24 2351/4717/24
f  2348/4697/17 2347/4696/17 2350/4718/17 2352/4719/17
f  2353/4720/534 2354/4721/534 2355/4722/534 2356/4723/534
f  2357/4724/4 2358/4725/4 2359/4726/4 2360/4727/4
f  2360/4728/535 2359/4729/535 2354/4730/535 2353/4731/535
f  2361/4732/17 2362/4733/17 2363/4734/17 2364/4735/17
f  2358/4736/16 2355/4737/16 2354/4738/16 2359/4739/16
f  2363/4740/4 2360/4727/4 2365/4741/4 2366/4742/4
f  2362/4743/4 2357/4724/4 2360/4727/4 2363/4740/4
f  2364/4744/24 2353/4720/24 2356/4723/24 2361/4745/24
f  2366/4711/2 2365/4710/2 2367/4746/2 2368/4747/2
f  2360/4748/16 2353/4749/16 2367/4750/16 2365/4751/16
f  2353/4720/24 2364/4744/24 2368/4752/24 2367/4753/24
f  2364/4735/17 2363/4734/17 2366/4754/17 2368/3069/17
f  2369/4755/536 2370/4756/536 2371/4757/536 2372/4758/536
f  2373/4759/6 2374/4760/6 2375/4761/6 2376/4762/6
f  2377/4763/4 2376/4764/4 2375/4765/4 2378/4766/4
f  2372/4767/25 2371/4768/25 2379/4769/25 2380/4770/25
f  2379/4771/6 2371/4772/6 2370/4773/6 2381/4774/6
f  2382/4775/6 2383/4776/6 2384/4777/6 2385/4778/6
f  2386/4779/6 2387/4780/6 2388/4781/6 2389/4782/6
f  2378/4783/530 2375/4784/530 2374/4785/530 2390/4786/530
f  2391/4787/537 2388/4788/537 2387/4789/537 2392/4790/537
f  2393/4791/200 2384/4792/200 2383/4793/200 2394/4794/200
f  2395/4795/536 2396/4796/536 2397/4797/536 2398/4798/536
f  2399/4799/16 2400/4800/16 2401/4801/16 2402/4802/16
f  2403/4803/25 2404/4804/25 2401/4805/25 2400/4806/25
f  2396/3232/23 2405/4807/23 2406/4808/23 2397/4809/23
f  2406/4810/16 2407/4811/16 2398/4812/16 2397/4813/16
f  2408/4814/16 2409/4815/16 2410/4816/16 2411/4817/16
f  2412/4818/16 2413/4819/16 2414/4820/16 2415/4821/16
f  2404/4822/536 2416/4823/536 2402/4824/536 2401/4825/536
f  2417/4826/536 2418/4827/536 2415/4828/536 2414/4829/536
f  2419/4830/529 2420/4831/529 2411/4832/529 2410/4833/529
f  2421/4834/538 2422/4835/538 2423/4836/538 2424/4837/538
f  2425/4838/539 2426/4839/539 2427/4840/539 2428/4841/539
f  2426/4842/30 2421/4843/30 2424/4844/30 2427/4845/30
f  2429/4718/17 2430/4846/17 2431/4847/17 2432/4719/17
f  2428/4848/540 2427/4849/540 2424/4850/540 2423/4851/540
f  2431/4852/24 2433/4853/24 2434/4854/24 2426/4839/24
f  2432/4855/24 2431/4852/24 2426/4839/24 2425/4838/24
f  2430/4856/4 2429/4857/4 2422/4835/4 2421/4834/4
f  2433/4858/2 2435/4859/2 2436/4860/2 2434/4861/2
f  2426/4862/16 2434/4863/16 2436/4864/16 2421/4865/16
f  2421/4834/4 2436/4866/4 2435/4867/4 2430/4856/4
f  2430/4846/17 2435/4868/17 2433/4869/17 2431/4847/17
f  2437/4870/541 2438/4871/541 2439/4872/541 2440/4873/541
f  2441/4874/24 2442/4875/24 2443/4876/24 2444/4877/24
f  2442/4878/542 2437/4879/542 2440/4880/542 2443/3280/542
f  2445/4881/17 2446/4882/17 2447/4883/17 2448/4884/17
f  2444/4885/16 2443/4886/16 2440/4887/16 2439/4888/16
f  2447/4889/24 2449/4890/24 2450/4891/24 2442/4875/24
f  2448/4892/24 2447/4889/24 2442/4875/24 2441/4874/24
f  2446/4893/4 2445/4894/4 2438/4871/4 2437/4870/4
f  2449/4708/2 2451/4895/2 2452/178/2 2450/4896/2
f  2442/4897/16 2450/4898/16 2452/4899/16 2437/4864/16
f  2437/4870/4 2452/4900/4 2451/4901/4 2446/4893/4
f  2446/4882/17 2451/4902/17 2449/4694/17 2447/4883/17
f  2453/4903/536 2454/4904/536 2455/4905/536 2456/4906/536
f  2457/4907/543 2458/4908/543 2459/4909/543 2460/4910/543
f  2461/4911/25 2462/4912/25 2459/4913/25 2458/4914/25
f  2454/4915/4 2463/4916/4 2464/4917/4 2455/4918/4
f  2464/4919/6 2465/4920/6 2456/4921/6 2455/4922/6
f  2466/4923/6 2467/4924/6 2468/4925/6 2469/4926/6
f  2470/4927/6 2471/4928/6 2472/4929/6 2473/4930/6
f  2462/4931/544 2474/4932/544 2460/4933/544 2459/4934/544
f  2475/4935/536 2476/4936/536 2473/4937/536 2472/4938/536
f  2477/4939/529 2478/4940/529 2469/4941/529 2468/4942/529
f  2479/4943/545 2480/4944/545 2481/4945/545 2482/4946/545
f  2483/4947/16 2484/4948/16 2485/4649/16 2486/4648/16
f  2487/4949/23 2486/4950/23 2485/4951/23 2488/4952/23
f  2482/4953/546 2481/4954/546 2489/4955/546 2490/4956/546
f  2489/4957/6 2481/4958/6 2480/4959/6 2491/4960/6
f  2492/4961/16 2493/4962/16 2494/4963/16 2495/4964/16
f  2496/4965/16 2497/4966/16 2498/4967/16 2499/4968/16
f  2488/4969/203 2485/4970/203 2484/4971/203 2500/4972/203
f  2501/4973/537 2498/4974/537 2497/4975/537 2502/4976/537
f  2503/4977/547 2494/4978/547 2493/4979/547 2504/4980/547
f  2505/4981/548 2506/4982/548 2507/4983/548 2508/4984/548
f  2509/4985/4 2510/4986/4 2511/4987/4 2512/4988/4
f  2512/4989/549 2511/4990/549 2506/4991/549 2505/4992/549
f  2513/4993/17 2514/4994/17 2515/4995/17 2516/4996/17
f  2510/4997/16 2507/4998/16 2506/4999/16 2511/5000/16
f  2515/5001/4 2512/4988/4 2517/5002/4 2518/5003/4
f  2514/5004/4 2509/4985/4 2512/4988/4 2515/5001/4
f  2516/5005/550 2505/4981/550 2508/4984/550 2513/5006/550
f  2518/5007/2 2517/5008/2 2519/4860/2 2520/4859/2
f  2512/4862/16 2505/5009/16 2519/5010/16 2517/5011/16
f  2505/4981/24 2516/5005/24 2520/5012/24 2519/5013/24
f  2516/4996/17 2515/4995/17 2518/5014/17 2520/5015/17
f  2521/5016/551 2522/5017/551 2523/5018/551 2524/5019/551
f  2525/5020/6 2526/5021/6 2527/5022/6 2528/5023/6
f  2529/5024/24 2530/5025/24 2527/5026/24 2526/5027/24
f  2522/4236/4 2531/5028/4 2532/5029/4 2523/5030/4
f  2532/5031/16 2533/5032/16 2524/5033/16 2523/5034/16
f  2534/5035/6 2535/5036/6 2536/5037/6 2537/5038/6
f  2538/5039/16 2539/5040/16 2540/5041/16 2541/5042/16
f  2530/5043/203 2542/5044/203 2528/5045/203 2527/5046/203
f  2543/5047/529 2544/5048/529 2541/5049/529 2540/5050/529
f  2545/5051/529 2546/5052/529 2537/5053/529 2536/5054/529
f  2547/5055/552 2548/5056/552 2549/5057/552 2550/5058/552
f  2551/5059/25 2552/5060/25 2553/5061/25 2554/5062/25
f  2552/5063/553 2547/5064/553 2550/5065/553 2553/5066/553
f  2555/4868/17 2556/5067/17 2557/5068/17 2558/4869/17
f  2554/5069/16 2553/5070/16 2550/5071/16 2549/5072/16
f  2557/5073/24 2559/5074/24 2560/5075/24 2552/5060/24
f  2558/5076/24 2557/5073/24 2552/5060/24 2551/5059/24
f  2556/5077/4 2555/5078/4 2548/5056/4 2547/5055/4
f  2559/5079/2 2561/5080/2 2562/5081/2 2560/5082/2
f  2552/4750/16 2560/4749/16 2562/5083/16 2547/5084/16
f  2547/5055/4 2562/5085/4 2561/5086/4 2556/5077/4
f  2556/5067/17 2561/5087/17 2559/5088/17 2557/5068/17
f  2563/5089/536 2564/5090/536 2565/5091/536 2566/5092/536
f  2567/5093/6 2568/5094/6 2569/5095/6 2570/5096/6
f  2571/5097/4 2570/5098/4 2569/5099/4 2572/5100/4
f  2566/5101/24 2565/5102/24 2573/5103/24 2574/5104/24
f  2573/5105/6 2565/5106/6 2564/5107/6 2575/5108/6
f  2576/5109/6 2577/5110/6 2578/5111/6 2579/5112/6
f  2580/5113/6 2581/5114/6 2582/5115/6 2583/5116/6
f  2572/5117/536 2569/5118/536 2568/5119/536 2584/5120/536
f  2585/5121/554 2582/5122/554 2581/5123/554 2586/5124/554
f  2587/5125/200 2578/5126/200 2577/5127/200 2588/5128/200
f  2589/5129/555 2590/5130/555 2591/5131/555 2592/5132/555
f  2593/5133/23 2594/5134/23 2595/5135/23 2596/5136/23
f  2596/5137/556 2595/5138/556 2590/467/556 2589/5139/556
f  2597/5088/17 2598/5140/17 2599/5141/17 2600/5142/17
f  2594/5143/16 2591/5144/16 2590/5145/16 2595/5146/16
f  2599/5147/4 2596/5136/4 2601/5148/4 2602/5149/4
f  2598/5150/4 2593/5133/4 2596/5136/4 2599/5147/4
f  2600/5151/24 2589/5129/24 2592/5132/24 2597/5152/24
f  2602/5153/30 2601/5154/30 2603/5155/30 2604/5156/30
f  2596/5083/16 2589/5157/16 2603/5158/16 2601/5159/16
f  2589/5129/24 2600/5151/24 2604/5160/24 2603/5161/24
f  2600/5142/17 2599/5141/17 2602/4184/17 2604/5162/17
f  2605/5163/547 2606/2428/547 2607/5164/547 2608/5165/547
f  2609/5166/6 2610/5167/6 2611/5168/6 2612/5169/6
f  2613/5170/557 2614/5171/557 2611/5172/557 2610/5173/557
f  2606/3387/4 2615/5174/4 2616/5175/4 2607/5176/4
f  2616/5177/16 2617/5178/16 2608/5179/16 2607/5180/16
f  2618/5181/6 2619/5182/6 2620/5183/6 2621/5184/6
f  2622/5185/6 2623/5186/6 2624/5187/6 2625/5188/6
f  2614/5189/558 2626/5190/558 2612/5191/558 2611/5192/558
f  2627/5193/547 2628/5194/547 2625/5195/547 2624/5196/547
f  2629/5197/559 2630/5198/559 2621/5199/559 2620/5200/559
f  2631/5201/560 2632/5202/560 2633/5203/560 2634/5204/560
f  2635/5205/561 2636/5206/561 2637/5207/561 2638/5208/561
f  2636/5209/30 2631/5210/30 2634/5211/30 2637/5212/30
f  2639/5213/17 2640/5214/17 2641/5215/17 2642/5216/17
f  2638/5217/16 2637/1485/16 2634/5218/16 2633/5219/16
f  2641/5220/562 2643/5221/562 2644/5222/562 2636/5206/562
f  2642/5223/563 2641/5220/563 2636/5206/563 2635/5205/563
f  2640/5224/4 2639/5225/4 2632/5202/4 2631/5201/4
f  2643/5226/2 2645/5227/2 2646/5153/2 2644/5228/2
f  2636/5158/16 2644/5157/16 2646/4714/16 2631/5229/16
f  2631/5201/4 2646/5230/4 2645/5231/4 2640/5224/4
f  2640/5214/17 2645/3016/17 2643/5232/17 2641/5215/17
f  2647/5233/564 2648/5234/564 2649/5235/564 2650/5236/564
f  2651/5237/6 2652/5238/6 2653/5239/6 2654/5240/6
f  2655/5241/24 2656/5242/24 2653/5243/24 2652/5244/24
f  2648/5245/565 2657/5246/565 2658/5247/565 2649/5248/565
f  2658/5249/16 2659/5250/16 2650/5251/16 2649/5252/16
f  2660/5253/6 2661/5254/6 2662/5255/6 2663/5256/6
f  2664/5257/16 2665/5258/16 2666/5259/16 2667/5260/16
f  2656/5261/203 2668/5262/203 2654/5263/203 2653/5264/203
f  2669/5265/529 2670/5266/529 2667/5267/529 2666/5268/529
f  2671/5269/529 2672/5270/529 2663/5271/529 2662/5272/529
f  2673/5273/566 2674/5274/566 2675/5275/566 2676/5276/566
f  2677/5277/24 2678/5278/24 2679/5279/24 2680/5280/24
f  2678/5281/2 2673/5282/2 2676/4730/2 2679/5283/2
f  2681/5216/10 2682/5284/10 2683/5285/10 2684/3101/10
f  2680/5286/6 2679/5287/6 2676/5288/6 2675/5289/6
f  2683/5290/24 2685/5291/24 2686/5292/24 2678/5278/24
f  2684/5293/24 2683/5290/24 2678/5278/24 2677/5277/24
f  2682/5294/4 2681/5295/4 2674/5274/4 2673/5273/4
f  2685/5296/2 2687/4858/2 2688/4861/2 2686/5297/2
f  2678/4712/16 2686/5298/16 2688/368/16 2673/5299/16
f  2673/5273/4 2688/5300/4 2687/5301/4 2682/5294/4
f  2682/5284/17 2687/5302/17 2685/5303/17 2683/5285/17
f  2689/5304/536 2690/5305/536 2691/5306/536 2692/5307/536
f  2693/5308/6 2694/5309/6 2695/5310/6 2696/5311/6
f  2697/5312/4 2696/5313/4 2695/5314/4 2698/5315/4
f  2692/5316/24 2691/5317/24 2699/5318/24 2700/5319/24
f  2699/5320/6 2691/5321/6 2690/5322/6 2701/5323/6
f  2702/5324/6 2703/5325/6 2704/5326/6 2705/5327/6
f  2706/5328/6 2707/5329/6 2708/5330/6 2709/5331/6
f  2698/5332/536 2695/5333/536 2694/5334/536 2710/5335/536
f  2711/5336/554 2708/5337/554 2707/5338/554 2712/5339/554
f  2713/5340/200 2704/5341/200 2703/5342/200 2714/5343/200
f  2715/5344/567 2716/5345/567 2717/5346/567 2718/5347/567
f  2719/5348/4 2720/5349/4 2721/5350/4 2722/5351/4
f  2722/5352/568 2721/5353/568 2716/5354/568 2715/5355/568
f  2723/5356/10 2724/5357/10 2725/5358/10 2726/5359/10
f  2720/5360/6 2717/5361/6 2716/127/6 2721/5362/6
f  2725/5363/4 2722/5351/4 2727/5364/4 2728/5365/4
f  2724/5366/4 2719/5348/4 2722/5351/4 2725/5363/4
f  2726/5367/24 2715/5344/24 2718/5347/24 2723/5368/24
f  2728/5156/2 2727/5155/2 2729/5081/2 2730/5080/2
f  2722/4897/16 2715/4748/16 2729/4751/16 2727/4898/16
f  2715/5344/24 2726/5367/24 2730/5369/24 2729/5370/24
f  2726/5359/17 2725/5358/17 2728/5232/17 2730/3016/17
f  2731/5371/547 2732/805/547 2733/5372/547 2734/5373/547
f  2735/5374/6 2736/5375/6 2737/5376/6 2738/5377/6
f  2739/5378/569 2740/5379/569 2737/5380/569 2736/5381/569
f  2732/5382/4 2741/5383/4 2742/5384/4 2733/5385/4
f  2742/5386/16 2743/5387/16 2734/5388/16 2733/5389/16
f  2744/5390/6 2745/5391/6 2746/5392/6 2747/5393/6
f  2748/5394/6 2749/5395/6 2750/5396/6 2751/5397/6
f  2740/5398/558 2752/5399/558 2738/5400/558 2737/5401/558
f  2753/5402/530 2754/5403/530 2751/5404/530 2750/5405/530
f  2755/5406/559 2756/5407/559 2747/5408/559 2746/5409/559
f  2757/5410/570 2758/5411/570 2759/5412/570 2760/5413/570
f  2761/5414/571 2762/5415/571 2763/5416/571 2764/5417/571
f  2762/5418/2 2757/5419/2 2760/5420/2 2763/5421/2
f  2765/3067/17 2766/5422/17 2767/5423/17 2768/5424/17
f  2764/5425/16 2763/5426/16 2760/5427/16 2759/5428/16
f  2767/5429/24 2769/5430/24 2770/5431/24 2762/5415/24
f  2768/5432/572 2767/5429/572 2762/5415/572 2761/5414/572
f  2766/5433/4 2765/5434/4 2758/5411/4 2757/5410/4
f  2769/5228/2 2771/5296/2 2772/5297/2 2770/5226/2
f  2762/2295/16 2770/5435/16 2772/5436/16 2757/5437/16
f  2757/5410/4 2772/5438/4 2771/5439/4 2766/5433/4
f  2766/5422/17 2771/80/17 2769/5440/17 2767/5423/17

# Mesh 'Cube.024' with 930 faces
g Cube.024
usemtl White
f  1457/2719/6 1452/2718/6 1459/2721/6 1458/2720/6
f  1461/2723/16 1460/2722/16 1463/2725/16 1462/2724/16
f  1465/2727/16 1464/2726/16 1468/2730/16 1467/2729/16
f  1478/2744/200 1468/2747/200 1464/2733/200 1470/2732/200
f  1471/2735/199 1463/2734/199 1460/2737/199 1472/2736/199
f  1473/2739/198 1459/2738/198 1452/2710/198 1451/2709/198
f  1481/2749/6 1482/2752/6 1485/2755/6 1477/2750/6
f  1483/2753/16 1486/2756/16 1489/2759/16 1484/2754/16
f  1487/2757/16 1466/2728/16 1469/2731/16 1488/2758/16
f  1479/2745/202 1490/2760/202 1488/2763/202 1469/2746/202
f  1491/2761/536 1492/2764/536 1484/2767/536 1489/2762/536
f  1493/2765/198 1474/2740/198 1477/2743/198 1485/2766/198
f  1500/2777/6 1501/2780/6 1504/2783/6 1497/2778/6
f  1502/2781/16 1480/2748/16 1476/2751/16 1503/2782/16
f  1475/2741/200 1505/2784/200 1503/2787/200 1476/2742/200
f  1506/2785/573 1494/2768/573 1497/2771/573 1504/2786/573
f  2773/5441/574 2774/5442/574 2775/5443/574 2776/5444/574
f  2777/5445/2 2778/5446/2 2779/5447/2 2780/5448/2
f  2781/5449/575 2782/5450/575 2783/5451/575 2784/5452/575
f  2785/5453/576 2780/5448/576 2779/5447/576 2786/169/576
f  2787/5454/577 2784/5455/577 2783/5456/577 2788/5457/577
f  2785/5458/4 2786/5459/4 2789/5460/4 2790/5461/4
f  2787/5454/24 2788/5457/24 2775/5443/24 2774/5442/24
f  2781/5449/578 2790/5462/578 2789/5463/578 2782/5450/578
f  2774/5464/579 2773/5465/579 2791/5466/579 2792/5467/579
f  2777/5468/16 2780/5469/16 2793/5470/16 2794/5471/16
f  2781/5472/6 2784/5473/6 2795/5474/6 2796/5475/6
f  2780/5469/580 2785/5476/580 2797/5477/580 2793/5470/580
f  2784/5473/16 2787/5478/16 2798/5479/16 2795/5474/16
f  2785/5476/581 2790/5480/581 2799/5481/581 2797/5477/581
f  2787/5478/582 2774/5464/582 2792/5467/582 2798/5479/582
f  2790/5480/583 2781/5472/583 2796/5475/583 2799/5481/583
f  2773/5465/16 2800/5482/16 2801/5483/16 2791/5466/16
f  2773/5484/584 2776/5485/584 2802/5486/584 2800/5487/584
f  2777/5488/25 2794/5489/25 2803/1391/25 2778/5490/25
f  2801/1951/585 2800/5491/585 2802/5492/585 2804/5493/585
f  2805/5494/586 2806/5495/586 2807/5496/586 2808/5497/586
f  2809/5498/2 2810/5499/2 2811/5500/2 2812/5501/2
f  2813/5502/209 2814/5503/209 2815/5504/209 2816/5505/209
f  2810/5499/587 2817/5506/587 2805/5507/587 2811/5500/587
f  2814/5503/588 2818/5508/588 2819/5509/588 2815/5504/588
f  2817/5510/4 2820/5511/4 2806/5512/4 2805/5513/4
f  2818/5514/24 2821/5515/24 2822/5516/24 2819/5517/24
f  2820/5518/589 2813/5502/589 2816/5505/589 2806/5519/589
f  2821/5520/590 2809/5498/590 2812/5501/590 2822/5521/590
f  2819/5522/591 2822/5523/591 2823/5524/591 2824/5525/591
f  2806/5495/592 2816/5526/592 2825/5527/592 2807/5496/592
f  2822/5523/593 2812/5528/593 2826/5529/593 2823/5524/593
f  2812/5528/594 2811/5530/594 2827/5531/594 2826/5529/594
f  2816/5526/595 2815/5532/595 2828/5533/595 2825/5527/595
f  2811/5530/596 2805/5494/596 2808/5497/596 2827/5531/596
f  2815/5532/597 2819/5522/597 2824/5525/597 2828/5533/597
f  2821/5534/598 2818/5535/598 2814/5536/598 2813/5537/598 2820/5538/598 2817/5539/598 2810/5540/598 2809/5541/598
f  2829/5542/17 2830/5543/17 2831/5544/17 2832/5545/17 2833/5546/17 2834/5547/17 2835/5548/17 2836/5549/17
f  2837/5550/16 2838/5551/16 2839/5552/16 2840/5553/16
f  2835/5554/2 2834/5555/2 2841/5556/2 2842/5557/2
f  2831/5558/209 2830/5559/209 2843/5560/209 2844/5561/209
f  2834/5555/599 2833/5562/599 2837/5563/599 2841/5556/599
f  2830/5564/600 2829/5565/600 2845/5566/600 2843/5567/600
f  2833/5568/4 2832/5569/4 2838/5570/4 2837/5571/4
f  2829/5565/24 2836/5572/24 2846/5573/24 2845/5566/24
f  2832/5574/601 2831/5558/601 2844/5561/601 2838/5575/601
f  2836/5572/602 2835/5576/602 2842/5577/602 2846/5573/602
f  2847/5578/2 2848/5579/2 1514/5580/2 1513/5581/2
f  2845/5582/6 2846/5583/6 2849/5584/6 2850/5585/6
f  2838/5551/16 2844/5586/16 2847/5587/16 2839/5552/16
f  2846/5583/603 2842/5588/603 2851/5589/603 2849/5584/603
f  2842/5588/16 2841/5590/16 2852/5591/16 2851/5589/16
f  2844/5586/16 2843/5592/16 2848/5593/16 2847/5587/16
f  2841/5590/16 2837/5550/16 2840/5553/16 2852/5591/16
f  2843/5592/16 2845/5582/16 2850/5585/16 2848/5593/16
f  2852/5594/604 2840/5595/604 1511/5596/604 1510/5597/604
f  2848/5579/605 2850/5598/605 1507/5599/605 1514/5580/605
f  2840/5595/24 2839/5600/24 1512/5601/24 1511/5596/24
f  2850/5602/4 2849/5603/4 1508/5598/4 1507/5604/4
f  2839/5600/606 2847/5605/606 1513/5606/606 1512/5601/606
f  2849/5607/607 2851/5608/607 1509/5609/607 1508/5610/607
f  2851/5608/209 2852/5611/209 1510/5612/209 1509/5609/209
f  2853/5613/16 2854/5614/16 2855/5615/16 2856/5616/16
f  2857/5617/17 2858/5618/17 2859/5619/17 2860/5620/17
f  2861/5621/608 2859/5622/608 2858/5623/608 2862/5624/608
f  2862/5625/209 2858/5626/209 2857/5627/209 2863/5628/209
f  2864/5629/609 2860/5630/609 2859/5631/609 2861/5632/609
f  2854/5633/2 2865/5634/2 2866/5635/2 2855/5636/2
f  2856/5637/209 2867/5638/209 2868/5639/209 2853/5640/209
f  2855/5641/4 2866/5642/4 2867/5643/4 2856/5644/4
f  2868/5639/209 2867/5638/209 2862/5625/209 2863/5628/209
f  2867/5645/610 2866/5646/610 2861/5647/610 2862/5648/610
f  2869/5649/611 2870/5650/611 2871/5651/611 2872/5652/611
f  2873/5653/16 2874/5654/16 2875/5655/16 2876/5656/16
f  2877/5657/17 2878/5658/17 2879/5659/17 2880/5660/17
f  2872/5661/612 2879/5662/612 2878/5663/612 2881/5664/612
f  2881/5665/209 2878/5666/209 2877/5667/209 2882/5668/209
f  2871/5651/613 2880/5669/613 2879/5670/613 2872/5652/613
f  2874/5671/2 2870/5650/2 2869/5649/2 2875/5672/2
f  2876/5673/209 2883/5674/209 2884/5675/209 2873/5676/209
f  2875/5677/4 2869/5678/4 2883/5679/4 2876/5680/4
f  2884/5675/614 2883/5674/614 2881/5665/614 2882/5668/614
f  2883/5681/615 2869/5682/615 2872/5683/615 2881/5684/615
f  2885/5685/611 2886/5686/611 2887/5687/611 2888/5688/611
f  2889/5689/16 2890/5690/16 2891/5691/16 2892/5692/16
f  2893/5693/10 2894/5694/10 2895/5695/10 2896/5696/10
f  2888/5697/616 2895/5698/616 2894/5699/616 2897/5700/616
f  2897/5701/209 2894/5702/209 2893/5703/209 2898/5704/209
f  2887/5687/613 2896/5705/613 2895/5706/613 2888/5688/613
f  2890/5707/2 2886/5686/2 2885/5685/2 2891/5708/2
f  2892/5709/209 2899/5710/209 2900/5711/209 2889/5712/209
f  2891/5713/4 2885/5714/4 2899/5715/4 2892/5716/4
f  2900/5711/614 2899/5710/614 2897/5701/614 2898/5704/614
f  2899/5717/617 2885/5718/617 2888/5719/617 2897/5720/617
f  2901/5721/618 2902/5722/618 2903/5723/618 2904/5724/618
f  2905/5725/16 2906/5726/16 2907/5727/16 2908/5728/16
f  2909/5729/17 2910/5730/17 2911/5731/17 2912/5732/17
f  2904/5733/619 2911/5734/619 2910/5735/619 2913/5736/619
f  2913/5737/620 2910/5738/620 2909/5739/620 2914/5740/620
f  2903/5723/2 2912/5741/2 2911/5742/2 2904/5724/2
f  2906/5743/2 2902/5722/2 2901/5721/2 2907/5744/2
f  2908/5745/209 2915/5746/209 2916/5747/209 2905/5748/209
f  2907/5749/4 2901/5750/4 2915/5751/4 2908/5752/4
f  2917/5753/23 2918/5754/23 2919/5755/23 2920/5756/23
f  2916/5747/621 2915/5746/621 2913/5737/621 2914/5740/621
f  2915/5757/610 2901/5758/610 2904/5759/610 2913/5760/610
f  2921/5761/16 2922/5762/16 2923/5763/16 2924/5764/16
f  2925/5765/17 2926/5766/17 2927/5767/17 2928/5768/17
f  2920/5769/622 2927/5770/622 2926/5771/622 2929/5772/622
f  2929/5773/24 2926/5774/24 2925/5775/24 2930/5776/24
f  2919/5755/4 2928/5777/4 2927/5778/4 2920/5756/4
f  2922/5779/4 2918/5754/4 2917/5753/4 2923/5780/4
f  2924/5781/24 2931/5782/24 2932/5783/24 2921/5784/24
f  2923/3296/209 2917/5785/209 2931/5786/209 2924/5787/209
f  2932/5783/25 2931/5782/25 2929/5773/25 2930/5776/25
f  2931/5788/623 2917/5789/623 2920/5790/623 2929/5791/623
f  2933/5792/23 2934/5793/23 2935/5794/23 2936/5795/23
f  2937/5796/16 2938/5797/16 2939/5798/16 2940/5799/16
f  2941/5800/17 2942/5801/17 2943/5802/17 2944/5803/17
f  2936/5804/624 2943/5805/624 2942/5806/624 2945/5807/624
f  2945/5808/24 2942/5809/24 2941/5810/24 2946/5811/24
f  2935/5794/4 2944/5812/4 2943/5813/4 2936/5795/4
f  2938/5814/4 2934/5793/4 2933/5792/4 2939/5815/4
f  2940/5816/24 2947/5817/24 2948/5818/24 2937/5819/24
f  2939/5820/209 2933/5786/209 2947/5821/209 2940/5822/209
f  2948/5818/25 2947/5817/25 2945/5808/25 2946/5811/25
f  2947/5823/625 2933/5824/625 2936/5825/625 2945/5826/625
f  2949/5827/626 2950/5828/626 2951/5829/626 2952/5830/626
f  2953/5831/16 2954/5832/16 2955/5833/16 2956/5834/16
f  2957/5835/17 2958/5836/17 2959/5837/17 2960/5838/17
f  2952/5839/627 2959/5840/627 2958/5841/627 2961/5842/627
f  2961/5843/24 2958/5844/24 2957/5845/24 2962/5846/24
f  2951/5829/4 2960/5847/4 2959/5848/4 2952/5830/4
f  2954/5849/4 2950/5828/4 2949/5827/4 2955/5850/4
f  2956/5851/24 2963/5852/24 2964/5853/24 2953/5854/24
f  2955/5855/209 2949/5856/209 2963/5857/209 2956/5858/209
f  2964/5853/25 2963/5852/25 2961/5843/25 2962/5846/25
f  2963/5859/625 2949/5860/625 2952/5861/625 2961/5862/625
f  2965/5863/23 2966/5864/23 2967/5865/23 2968/5866/23
f  2969/5867/16 2970/5868/16 2971/5869/16 2972/5870/16
f  2973/5871/17 2974/5872/17 2975/5873/17 2976/5874/17
f  2968/5875/628 2975/5876/628 2974/5877/628 2977/5878/628
f  2977/5879/24 2974/5880/24 2973/5881/24 2978/5882/24
f  2967/5865/4 2976/5883/4 2975/5884/4 2968/5866/4
f  2970/5885/4 2966/5864/4 2965/5863/4 2971/5886/4
f  2972/5887/24 2979/5888/24 2980/5889/24 2969/5890/24
f  2971/5891/209 2965/5857/209 2979/5892/209 2972/5893/209
f  2981/5894/629 2982/5895/629 2983/5896/629 2984/5897/629
f  2980/5889/25 2979/5888/25 2977/5879/25 2978/5882/25
f  2979/5898/623 2965/5899/623 2968/5900/623 2977/5901/623
f  2985/5902/16 2986/5903/16 2987/5904/16 2988/5905/16
f  2989/5906/17 2990/5907/17 2991/5908/17 2992/5909/17
f  2993/5910/630 2991/5911/630 2990/5912/630 2994/5913/630
f  2994/5914/24 2990/5915/24 2989/5916/24 2995/5917/24
f  2996/5918/4 2992/5919/4 2991/5920/4 2993/5921/4
f  2986/5922/4 2997/5923/4 2998/5924/4 2987/5925/4
f  2988/5926/24 2999/5927/24 3000/5928/24 2985/5929/24
f  2987/2573/209 2998/5930/209 2999/5931/209 2988/5932/209
f  3000/5928/24 2999/5927/24 2994/5914/24 2995/5917/24
f  2999/5933/623 2998/5934/623 2993/5935/623 2994/5936/623
f  3001/5937/4 3002/5938/4 3003/5939/4 3004/5940/4
f  3005/5941/16 3006/5942/16 3007/5943/16 3008/5944/16
f  3009/5945/17 3010/5946/17 3011/5947/17 3012/5948/17
f  3004/5949/631 3011/5950/631 3010/5951/631 3013/5952/631
f  3013/5953/24 3010/5954/24 3009/5955/24 3014/5956/24
f  3003/5939/4 3012/3472/4 3011/5957/4 3004/5940/4
f  3006/5958/4 3002/5938/4 3001/5937/4 3007/5959/4
f  3008/5960/24 3015/5961/24 3016/5962/24 3005/5963/24
f  3007/4000/209 3001/5964/209 3015/5965/209 3008/5966/209
f  3016/5962/24 3015/5961/24 3013/5953/24 3014/5956/24
f  3015/5967/623 3001/5968/623 3004/5969/623 3013/4691/623
f  3017/5970/632 3018/5971/632 3019/5972/632 3020/5973/632
f  3021/5974/16 3022/5975/16 3023/5976/16 3024/5977/16
f  3025/5978/17 3026/5979/17 3027/5980/17 3028/5981/17
f  3020/5982/633 3027/5983/633 3026/5984/633 3029/5985/633
f  3029/5986/24 3026/5987/24 3025/5988/24 3030/5989/24
f  3019/5972/4 3028/5990/4 3027/5991/4 3020/5973/4
f  3022/5992/4 3018/5971/4 3017/5970/4 3023/5993/4
f  3024/5994/24 3031/5995/24 3032/5996/24 3021/5997/24
f  3023/5998/209 3017/5999/209 3031/6000/209 3024/6001/209
f  3032/5996/24 3031/5995/24 3029/5986/24 3030/5989/24
f  3031/6002/634 3017/6003/634 3020/6004/634 3029/6005/634
f  3033/6006/4 3034/6007/4 3035/6008/4 3036/6009/4
f  3037/6010/16 3038/6011/16 3039/6012/16 3040/6013/16
f  3041/6014/17 3042/6015/17 3043/6016/17 3044/6017/17
f  3036/6018/631 3043/6019/631 3042/6020/631 3045/6021/631
f  3045/6022/24 3042/6023/24 3041/6024/24 3046/6025/24
f  3035/6008/4 3044/6026/4 3043/6027/4 3036/6009/4
f  3038/6028/4 3034/6007/4 3033/6006/4 3039/6029/4
f  3040/6030/24 3047/6031/24 3048/6032/24 3037/6033/24
f  3039/6034/209 3033/6035/209 3047/5999/209 3040/6036/209
f  3049/6037/635 3050/6038/635 3051/6039/635 3052/6040/635
f  3048/6032/24 3047/6031/24 3045/6022/24 3046/6025/24
f  3047/6041/623 3033/6042/623 3036/6043/623 3045/6044/623
f  3053/6045/16 3054/6046/16 3055/6047/16 3056/6048/16
f  3057/6049/17 3058/6050/17 3059/6051/17 3060/6052/17
f  3052/6053/636 3059/6054/636 3058/6055/636 3061/6056/636
f  3061/6057/209 3058/6058/209 3057/4143/209 3062/6059/209
f  3051/6039/637 3060/6060/637 3059/6061/637 3052/6040/637
f  3054/6062/2 3050/6038/2 3049/6037/2 3055/6063/2
f  3056/6064/209 3063/6065/209 3064/6066/209 3053/6067/209
f  3055/6068/4 3049/6069/4 3063/6070/4 3056/6071/4
f  3064/6066/638 3063/6065/638 3061/6057/638 3062/6059/638
f  3063/6072/639 3049/6073/639 3052/6074/639 3061/6075/639
f  3065/6076/640 3066/6077/640 3067/6078/640 3068/6079/640
f  3069/6080/16 3070/6081/16 3071/6082/16 3072/6083/16
f  3073/6084/17 3074/6085/17 3075/6086/17 3076/6087/17
f  3068/6088/641 3075/6089/641 3074/6090/641 3077/6091/641
f  3077/6092/209 3074/6093/209 3073/6094/209 3078/6095/209
f  3067/6078/642 3076/6096/642 3075/6097/642 3068/6079/642
f  3070/6098/2 3066/6077/2 3065/6076/2 3071/6099/2
f  3072/6100/209 3079/6101/209 3080/6102/209 3069/6103/209
f  3071/6104/4 3065/6105/4 3079/6106/4 3072/6107/4
f  3080/6102/209 3079/6101/209 3077/6092/209 3078/6095/209
f  3079/6108/617 3065/6109/617 3068/6110/617 3077/6111/617
f  3081/6112/2 3082/6113/2 3083/6114/2 3084/6115/2
f  3085/6116/16 3086/6117/16 3087/6118/16 3088/6119/16
f  3089/6120/17 3090/6121/17 3091/5732/17 3092/5731/17
f  3084/6122/643 3091/6123/643 3090/6124/643 3093/6125/643
f  3093/6126/209 3090/6127/209 3089/6128/209 3094/6129/209
f  3083/6114/613 3092/6130/613 3091/6131/613 3084/6115/613
f  3086/6132/2 3082/6113/2 3081/6112/2 3087/5743/2
f  3088/6133/209 3095/6134/209 3096/6135/209 3085/6136/209
f  3087/6137/4 3081/6138/4 3095/6139/4 3088/6140/4
f  3096/6135/644 3095/6134/644 3093/6126/644 3094/6129/644
f  3095/6141/617 3081/6142/617 3084/6143/617 3093/6144/617
f  3097/6145/2 3098/6146/2 3099/6147/2 3100/6148/2
f  3101/6149/16 3102/6150/16 3103/6151/16 3104/6152/16
f  3105/6153/17 3106/6154/17 3107/6155/17 3108/6156/17
f  3100/6157/636 3107/6158/636 3106/6159/636 3109/6160/636
f  3109/6161/620 3106/6162/620 3105/6163/620 3110/6164/620
f  3099/6147/645 3108/6165/645 3107/6166/645 3100/6148/645
f  3102/6167/2 3098/6146/2 3097/6145/2 3103/6168/2
f  3104/6169/209 3111/6170/209 3112/6171/209 3101/6172/209
f  3103/6173/4 3097/6174/4 3111/6175/4 3104/6176/4
f  3113/6177/646 3114/6178/646 3115/6179/646 3116/6180/646
f  3112/6171/647 3111/6170/647 3109/6161/647 3110/6164/647
f  3111/6181/639 3097/6182/639 3100/6183/639 3109/6184/639
f  3117/6185/16 3118/6186/16 3119/6187/16 3120/6188/16
f  3121/6189/17 3122/5980/17 3123/5249/17 3124/6190/17
f  3116/6191/648 3123/6192/648 3122/6193/648 3125/6194/648
f  3125/6195/649 3122/6196/649 3121/6197/649 3126/6198/649
f  3115/6179/650 3124/6199/650 3123/6200/650 3116/6180/650
f  3118/2797/209 3114/6178/209 3113/6177/209 3119/6201/209
f  3120/6202/2 3127/6203/2 3128/6204/2 3117/6205/2
f  3119/6206/24 3113/6207/24 3127/6208/24 3120/6209/24
f  3128/6204/2 3127/6203/2 3125/6195/2 3126/6198/2
f  3127/6210/651 3113/6211/651 3116/6212/651 3125/6213/651
f  3129/6214/652 3130/6215/652 3131/6216/652 3132/6217/652
f  3133/6218/16 3134/6219/16 3135/6220/16 3136/6221/16
f  3137/6222/17 3138/6223/17 3139/6224/17 3140/6225/17
f  3132/6226/653 3139/6227/653 3138/6228/653 3141/6229/653
f  3141/6230/654 3138/6231/654 3137/6232/654 3142/6233/654
f  3131/6216/655 3140/6234/655 3139/6235/655 3132/6217/655
f  3134/6236/209 3130/6215/209 3129/6214/209 3135/6237/209
f  3136/6238/2 3143/6239/2 3144/6240/2 3133/6241/2
f  3135/6242/24 3129/6243/24 3143/6244/24 3136/6245/24
f  3144/6240/656 3143/6239/656 3141/6230/656 3142/6233/656
f  3143/6246/657 3129/6247/657 3132/6248/657 3141/6249/657
f  3145/6250/652 3146/6251/652 3147/6252/652 3148/6253/652
f  3149/6254/16 3150/6255/16 3151/6256/16 3152/6257/16
f  3153/6258/17 3154/6259/17 3155/6260/17 3156/6261/17
f  3148/6262/653 3155/6263/653 3154/3919/653 3157/6264/653
f  3157/6265/2 3154/6266/2 3153/6267/2 3158/6268/2
f  3147/6252/658 3156/6269/658 3155/6270/658 3148/6253/658
f  3150/2676/209 3146/6251/209 3145/6250/209 3151/6271/209
f  3152/6272/2 3159/6273/2 3160/6274/2 3149/2857/2
f  3151/6275/24 3145/6276/24 3159/6277/24 3152/6278/24
f  3160/6274/659 3159/6273/659 3157/6265/659 3158/6268/659
f  3159/6279/657 3145/6280/657 3148/6281/657 3157/6282/657
f  3161/6283/660 3162/6284/660 3163/6285/660 3164/6286/660
f  3165/6287/16 3166/6288/16 3167/6289/16 3168/6290/16
f  3169/6291/17 3170/6292/17 3171/6293/17 3172/6294/17
f  3164/6295/661 3171/6296/661 3170/6297/661 3173/6298/661
f  3173/6299/2 3170/6300/2 3169/6301/2 3174/6302/2
f  3163/6285/209 3172/6303/209 3171/6304/209 3164/6286/209
f  3166/2582/209 3162/6284/209 3161/6283/209 3167/6305/209
f  3168/6306/2 3175/6307/2 3176/6308/2 3165/6309/2
f  3167/6310/24 3161/6311/24 3175/6312/24 3168/6313/24
f  3177/6314/24 3178/6315/24 3179/6316/24 3180/6317/24
f  3176/6308/2 3175/6307/2 3173/6299/2 3174/6302/2
f  3175/6318/662 3161/5707/662 3164/6319/662 3173/6320/662
f  3181/6321/16 3182/6322/16 3183/6323/16 3184/6324/16
f  3185/6325/17 3186/6326/17 3187/6327/17 3188/6328/17
f  3180/6329/663 3187/6330/663 3186/6331/663 3189/6332/663
f  3189/6333/4 3186/6334/4 3185/6335/4 3190/6336/4
f  3179/6316/24 3188/3165/24 3187/6337/24 3180/6317/24
f  3182/6338/25 3178/6315/25 3177/6314/25 3183/6339/25
f  3184/6340/23 3191/6341/23 3192/6342/23 3181/6343/23
f  3183/6344/2 3177/6345/2 3191/6346/2 3184/6347/2
f  3192/6342/4 3191/6341/4 3189/6333/4 3190/6336/4
f  3191/6348/664 3177/6349/664 3180/6350/664 3189/6351/664
f  3193/6352/24 3194/6353/24 3195/6354/24 3196/6355/24
f  3197/6356/16 3198/6357/16 3199/6358/16 3200/6359/16
f  3201/6360/17 3202/6361/17 3203/6362/17 3204/6363/17
f  3196/6364/665 3203/6365/665 3202/6366/665 3205/6367/665
f  3205/6368/666 3202/6369/666 3201/6370/666 3206/6371/666
f  3195/6354/24 3204/6372/24 3203/6373/24 3196/6355/24
f  3198/6374/25 3194/6353/25 3193/6352/25 3199/6375/25
f  3200/6376/667 3207/6377/667 3208/6378/667 3197/6379/667
f  3199/6380/2 3193/6381/2 3207/6382/2 3200/6383/2
f  3208/6378/668 3207/6377/668 3205/6368/668 3206/6371/668
f  3207/6384/669 3193/6385/669 3196/6386/669 3205/6387/669
f  3209/6388/24 3210/6389/24 3211/6390/24 3212/6391/24
f  3213/6392/16 3214/6393/16 3215/6394/16 3216/6395/16
f  3217/6396/17 3218/6397/17 3219/6398/17 3220/6399/17
f  3212/6400/663 3219/6401/663 3218/6402/663 3221/6403/663
f  3221/6404/670 3218/6405/670 3217/6406/670 3222/6407/670
f  3211/6390/24 3220/6408/24 3219/6409/24 3212/6391/24
f  3214/6410/25 3210/6389/25 3209/6388/25 3215/6411/25
f  3216/6412/671 3223/6413/671 3224/6414/671 3213/6415/671
f  3215/6416/30 3209/6417/30 3223/6418/30 3216/6419/30
f  3224/6414/672 3223/6413/672 3221/6404/672 3222/6407/672
f  3223/6420/664 3209/6421/664 3212/6422/664 3221/4106/664
f  3225/6423/24 3226/6424/24 3227/6425/24 3228/6426/24
f  3229/6427/16 3230/6428/16 3231/6429/16 3232/6430/16
f  3233/6431/17 3234/6432/17 3235/6433/17 3236/6434/17
f  3228/6435/673 3235/6436/673 3234/6437/673 3237/6438/673
f  3237/6439/4 3234/6440/4 3233/6441/4 3238/6442/4
f  3227/6425/24 3236/6443/24 3235/6444/24 3228/6426/24
f  3230/6445/25 3226/6424/25 3225/6423/25 3231/6446/25
f  3232/6447/23 3239/6448/23 3240/6449/23 3229/6450/23
f  3231/6451/2 3225/6452/2 3239/6453/2 3232/6454/2
f  3240/6449/4 3239/6448/4 3237/6439/4 3238/6442/4
f  3239/6455/664 3225/6456/664 3228/6457/664 3237/6458/664
f  3241/6459/16 3242/6460/16 3243/6461/16 3244/6462/16
f  3245/6463/17 3246/6464/17 3247/3759/17 3248/6465/17
f  2984/6466/674 3247/6467/674 3246/6468/674 3249/6469/674
f  3249/6470/2 3246/6471/2 3245/6472/2 3250/6473/2
f  2983/5896/675 3248/6474/675 3247/6475/675 2984/5897/675
f  3242/6476/209 2982/5895/209 2981/5894/209 3243/6477/209
f  3244/6478/2 3251/6479/2 3252/6480/2 3241/6481/2
f  3243/6482/24 2981/6483/24 3251/6484/24 3244/6485/24
f  3252/6480/676 3251/6479/676 3249/6470/676 3250/6473/676
f  3251/6486/677 2981/6487/677 2984/6488/677 3249/6489/677
f  3253/6490/678 3254/6491/678 3255/6492/678 3256/6493/678
f  3257/6494/16 3258/6495/16 3259/6496/16 3260/6497/16
f  3261/6498/17 3262/6499/17 3263/6500/17 3264/6501/17
f  3256/6502/679 3263/6503/679 3262/6504/679 3265/6505/679
f  3265/6506/2 3262/6507/2 3261/6508/2 3266/6509/2
f  3255/6492/680 3264/6510/680 3263/6511/680 3256/6493/680
f  3258/6512/209 3254/6491/209 3253/6490/209 3259/6513/209
f  3260/6514/2 3267/6515/2 3268/6516/2 3257/6517/2
f  3259/6518/24 3253/6519/24 3267/6520/24 3260/6521/24
f  3268/6516/681 3267/6515/681 3265/6506/681 3266/6509/681
f  3267/6522/682 3253/6523/682 3256/6524/682 3265/6525/682
f  3269/6526/209 3270/6527/209 3271/6528/209 3272/6529/209
f  3273/5789/16 3274/6530/16 3275/6531/16 3276/6532/16
f  3277/6533/10 3278/6534/10 3279/6535/10 3280/6536/10
f  3272/6537/679 3279/6538/679 3278/6539/679 3281/6540/679
f  3281/6541/2 3278/6542/2 3277/5661/2 3282/6543/2
f  3271/6528/209 3280/6544/209 3279/6545/209 3272/6529/209
f  3274/6546/209 3270/6527/209 3269/6526/209 3275/6547/209
f  3276/6548/2 3283/6549/2 3284/6550/2 3273/6551/2
f  3275/6552/24 3269/6553/24 3283/6554/24 3276/6555/24
f  3284/6550/683 3283/6549/683 3281/6541/683 3282/6543/683
f  3283/6556/684 3269/6358/684 3272/6557/684 3281/6558/684
f  3285/6559/209 3286/6560/209 3287/6561/209 3288/6562/209
f  3289/6563/16 3290/6564/16 3291/6565/16 3292/6566/16
f  3293/6567/17 3294/6568/17 3295/6569/17 3296/6570/17
f  3288/6571/674 3295/6572/674 3294/6573/674 3297/6574/674
f  3297/6575/685 3294/6576/685 3293/6577/685 3298/6578/685
f  3287/6561/686 3296/6579/686 3295/6580/686 3288/6562/686
f  3290/6581/209 3286/6560/209 3285/6559/209 3291/6582/209
f  3292/5733/2 3299/6583/2 3300/6584/2 3289/6585/2
f  3291/6586/24 3285/6587/24 3299/6588/24 3292/6589/24
f  3301/6590/24 3302/6591/24 3303/6592/24 3304/6593/24
f  3300/6584/676 3299/6583/676 3297/6575/676 3298/6578/676
f  3299/6594/687 3285/6595/687 3288/6596/687 3297/6597/687
f  3305/6598/16 3306/6599/16 3307/6600/16 3308/6601/16
f  3309/6602/17 3310/6603/17 3311/6604/17 3312/6605/17
f  3304/6606/688 3311/6607/688 3310/6608/688 3313/6609/688
f  3313/6610/4 3310/6611/4 3309/6612/4 3314/6613/4
f  3303/6592/24 3312/6614/24 3311/6615/24 3304/6593/24
f  3306/6616/24 3302/6591/24 3301/6590/24 3307/6617/24
f  3308/6618/4 3315/6619/4 3316/6620/4 3305/6621/4
f  3307/6622/2 3301/6623/2 3315/2478/2 3308/6624/2
f  3316/6620/4 3315/6619/4 3313/6610/4 3314/6613/4
f  3315/6625/689 3301/6626/689 3304/6627/689 3313/6628/689
f  3317/6629/690 3318/6630/690 3319/6631/690 3320/6632/690
f  3321/6633/16 3322/6634/16 3323/6635/16 3324/6636/16
f  3325/6637/17 3326/6638/17 3327/6639/17 3328/6640/17
f  3320/6641/691 3327/6642/691 3326/6643/691 3329/6644/691
f  3329/6645/4 3326/6646/4 3325/6647/4 3330/6648/4
f  3319/6631/692 3328/6649/692 3327/6650/692 3320/6632/692
f  3322/6651/693 3318/6630/693 3317/6629/693 3323/6652/693
f  3324/6653/4 3331/6654/4 3332/6655/4 3321/6656/4
f  3323/6657/2 3317/4716/2 3331/6658/2 3324/6659/2
f  3332/6655/694 3331/6654/694 3329/6645/694 3330/6648/694
f  3331/6660/695 3317/6661/695 3320/6662/695 3329/6663/695
f  3333/6664/696 3334/6665/696 3335/6666/696 3336/6667/696
f  3337/6668/16 3338/6669/16 3339/6670/16 3340/6671/16
f  3341/6672/17 3342/6673/17 3343/6674/17 3344/6675/17
f  3336/6676/697 3343/6677/697 3342/6678/697 3345/6679/697
f  3345/6680/4 3342/6681/4 3341/6682/4 3346/6683/4
f  3335/6666/692 3344/6684/692 3343/6685/692 3336/6667/692
f  3338/6686/24 3334/6665/24 3333/6664/24 3339/6687/24
f  3340/6688/4 3347/6689/4 3348/6690/4 3337/6691/4
f  3339/6692/2 3333/6693/2 3347/6694/2 3340/6695/2
f  3348/6690/4 3347/6689/4 3345/6680/4 3346/6683/4
f  3347/6696/698 3333/6697/698 3336/6698/698 3345/6699/698
f  3349/6700/24 3350/6701/24 3351/6702/24 3352/6703/24
f  3353/6595/16 3354/6704/16 3355/6705/16 3356/6706/16
f  3357/6534/17 3358/6707/17 3359/6708/17 3360/6709/17
f  3352/6710/688 3359/6711/688 3358/6712/688 3361/6713/688
f  3361/6714/4 3358/6715/4 3357/6716/4 3362/6717/4
f  3351/6702/24 3360/6718/24 3359/6719/24 3352/6703/24
f  3354/6720/24 3350/6701/24 3349/6700/24 3355/6721/24
f  3356/6722/4 3363/6723/4 3364/6724/4 3353/6725/4
f  3355/4855/2 3349/6726/2 3363/6727/2 3356/6728/2
f  2998/5924/4 2997/5923/4 2996/5918/4 2993/5921/4
f  3364/6724/4 3363/6723/4 3361/6714/4 3362/6717/4
f  3363/6729/698 3349/6730/698 3352/6731/698 3361/6732/698
f  2866/5635/2 2865/5634/2 2864/5629/2 2861/5632/2
f  2323/4661/16 2312/4660/16 2325/4663/16 2324/4662/16
f  2327/4665/16 2326/4664/16 2329/4667/16 2328/4666/16
f  2331/4669/6 2330/4668/6 2316/4647/6 2315/4646/6
f  2332/4673/529 2316/4672/529 2330/4675/529 2333/4674/529
f  2334/4677/536 2329/4676/536 2326/4679/536 2335/4678/536
f  2336/4681/200 2325/4680/200 2312/4643/200 2311/4642/200
f  2381/4774/6 2370/4773/6 2383/4776/6 2382/4775/6
f  2385/4778/6 2384/4777/6 2387/4780/6 2386/4779/6
f  2389/4782/6 2388/4781/6 2374/4760/6 2373/4759/6
f  2390/4786/536 2374/4785/536 2388/4788/536 2391/4787/536
f  2392/4790/536 2387/4789/536 2384/4792/536 2393/4791/536
f  2394/4794/200 2383/4793/200 2370/4756/200 2369/4755/200
f  2407/4811/6 2408/4814/6 2411/4817/6 2398/4812/6
f  2409/4815/16 2412/4818/16 2415/4821/16 2410/4816/16
f  2413/4819/6 2399/4799/6 2402/4802/6 2414/4820/6
f  2416/4823/699 2417/4826/699 2414/4829/699 2402/4824/699
f  2418/4827/536 2419/4830/536 2410/4833/536 2415/4828/536
f  2420/4831/529 2395/4795/529 2398/4798/529 2411/4832/529
f  2465/4920/6 2466/4923/6 2469/4926/6 2456/4921/6
f  2467/4924/6 2470/4927/6 2473/4930/6 2468/4925/6
f  2471/4928/6 2457/4907/6 2460/4910/6 2472/4929/6
f  2474/4932/536 2475/4935/536 2472/4938/536 2460/4933/536
f  2476/4936/536 2477/4939/536 2468/4942/536 2473/4937/536
f  2478/4940/573 2453/4903/573 2456/4906/573 2469/4941/573
f  2491/4960/16 2480/4959/16 2493/4962/16 2492/4961/16
f  2495/4964/16 2494/4963/16 2497/4966/16 2496/4965/16
f  2499/4968/6 2498/4967/6 2484/4948/6 2483/4947/6
f  2500/4972/547 2484/4971/547 2498/4974/547 2501/4973/547
f  2502/4976/547 2497/4975/547 2494/4978/547 2503/4977/547
f  2504/4980/547 2493/4979/547 2480/4944/547 2479/4943/547
f  3365/6733/16 3366/6734/16 3367/6735/16 3368/6736/16
f  3369/6737/700 3370/6738/700 3371/6739/700 3372/3898/700
f  3373/6740/16 3374/6741/16 3375/6742/16 3376/6743/16
f  3377/6744/701 3378/6745/701 3379/6746/701 3380/6747/701
f  3380/6748/17 3369/6749/17 3372/6750/17 3377/6751/17
f  3380/2050/702 3379/6752/702 3366/6753/702 3365/6754/702 3370/6755/702 3369/6756/702
f  3367/6735/703 3366/6734/703 3379/6757/703 3378/6758/703
f  3365/6733/704 3368/6736/704 3371/6759/704 3370/6760/704
f  3372/6761/705 3371/6762/705 3368/6763/705 3367/6764/705 3378/6765/705 3377/6766/705
f  3381/6767/4 3382/6768/4 3383/6769/4 3384/3736/4
f  3385/6770/701 3386/6771/701 3387/6772/701 3388/6773/701
f  3388/6774/17 3381/6775/17 3384/6776/17 3385/6777/17
f  3388/6778/706 3387/6779/706 3374/6780/706 3373/6781/706 3382/6782/706 3381/6783/706
f  3375/6742/707 3374/6741/707 3387/6784/707 3386/6785/707
f  3373/6740/708 3376/6743/708 3383/6786/708 3382/6787/708
f  3384/6788/709 3383/6789/709 3376/6790/709 3375/6791/709 3386/6792/709 3385/6793/709
f  3389/6794/16 3390/6795/16 3391/6796/16 3392/6797/16
f  3393/6798/4 3394/6799/4 3395/6800/4 3396/6801/4
f  3397/6802/24 3398/6803/24 3399/6804/24 3400/6805/24
f  3400/6806/17 3393/6807/17 3396/6808/17 3397/6809/17
f  3400/6810/710 3399/6811/710 3390/6812/710 3389/6813/710 3394/6814/710 3393/6815/710
f  3391/6796/703 3390/6795/703 3399/6816/703 3398/6817/703
f  3389/6794/704 3392/6797/704 3395/6818/704 3394/6819/704
f  3396/6774/711 3395/6820/711 3392/6821/711 3391/6822/711 3398/6823/711 3397/6775/711
f  3401/6824/712 3402/6825/712 3403/6826/712 3404/6827/712
f  3405/6828/2 3406/6829/2 3407/6830/2 3408/6831/2
f  3409/6832/209 3410/6833/209 3411/6834/209 3412/6835/209
f  3406/6829/713 3413/6836/713 3401/6837/713 3407/6830/713
f  3410/6833/714 3414/6838/714 3415/6839/714 3411/6834/714
f  3413/6840/23 3416/6841/23 3402/6842/23 3401/6843/23
f  3414/6844/25 3417/6845/25 3418/6846/25 3415/6847/25
f  3416/6848/715 3409/6832/715 3412/6835/715 3402/6849/715
f  3417/6850/716 3405/6828/716 3408/6831/716 3418/6851/716
f  3415/6852/717 3418/6853/717 3419/6854/717 3420/6855/717
f  3402/6825/718 3412/6856/718 3421/6857/718 3403/6826/718
f  3418/6853/719 3408/6858/719 3422/6859/719 3419/6854/719
f  3408/6858/720 3407/6860/720 3423/6861/720 3422/6859/720
f  3412/6856/721 3411/6862/721 3424/6863/721 3421/6857/721
f  3407/6860/722 3401/6824/722 3404/6827/722 3423/6861/722
f  3411/6862/723 3415/6852/723 3420/6855/723 3424/6863/723
f  3417/6864/724 3414/6865/724 3410/6866/724 3409/6867/724 3416/6868/724 3413/6869/724 3406/6870/724 3405/6871/724
f  3425/5824/16 3426/5823/16 3427/6872/16 3428/6873/16
f  3429/5948/17 3430/6874/17 3431/6875/17 3432/6876/17
f  3433/6877/636 3431/6878/636 3430/6879/636 3434/6880/636
f  3434/6881/209 3430/6882/209 3429/6883/209 3435/6884/209
f  3436/6885/725 3432/6886/725 3431/6887/725 3433/6888/725
f  3426/6889/2 3437/6890/2 3438/6891/2 3427/6892/2
f  3428/6893/209 3439/6894/209 3440/6895/209 3425/6896/209
f  3427/6897/4 3438/6898/4 3439/6899/4 3428/6900/4
f  3440/6895/209 3439/6894/209 3434/6881/209 3435/6884/209
f  3439/6901/726 3438/6902/726 3433/6903/726 3434/6904/726
f  3441/6905/2 3442/6906/2 3443/6907/2 3444/6908/2
f  3445/6909/16 3446/6910/16 3447/6911/16 3448/6912/16
f  3449/6913/17 3450/6914/17 3451/6915/17 3452/6569/17
f  3444/6916/641 3451/6917/641 3450/6918/641 3453/6919/641
f  3453/6920/209 3450/6921/209 3449/6922/209 3454/6923/209
f  3443/6907/2 3452/6924/2 3451/6925/2 3444/6908/2
f  3446/6926/2 3442/6906/2 3441/6905/2 3447/6927/2
f  3448/6928/209 3455/6929/209 3456/6930/209 3445/6931/209
f  3447/6932/4 3441/6933/4 3455/6934/4 3448/6935/4
f  3456/6930/727 3455/6929/727 3453/6920/727 3454/6923/727
f  3455/6936/726 3441/6937/726 3444/6938/726 3453/6939/726
f  3457/6940/2 3458/6941/2 3459/6942/2 3460/6943/2
f  3461/6944/16 3462/6945/16 3463/6946/16 3464/6010/16
f  3465/6947/17 3466/6948/17 3467/6017/17 3468/6016/17
f  3460/6949/728 3467/6950/728 3466/6951/728 3469/6952/728
f  3469/6953/209 3466/6954/209 3465/6955/209 3470/6956/209
f  3459/6942/729 3468/6957/729 3467/6958/729 3460/6943/729
f  3462/6959/2 3458/6941/2 3457/6940/2 3463/6960/2
f  3464/6961/209 3471/6962/209 3472/6963/209 3461/6964/209
f  3463/6965/4 3457/6966/4 3471/6967/4 3464/6968/4
f  3472/6963/209 3471/6962/209 3469/6953/209 3470/6956/209
f  3471/6969/730 3457/6970/730 3460/6971/730 3469/6972/730
f  3473/6973/731 3474/6974/731 3475/6975/731 3476/6976/731
f  3477/6977/16 3478/6978/16 3479/6979/16 3480/6980/16
f  3481/6981/17 3482/6982/17 3483/6983/17 3484/6984/17
f  3476/6985/732 3483/6986/732 3482/6987/732 3485/6988/732
f  3485/6989/733 3482/6990/733 3481/2803/733 3486/6991/733
f  3475/6975/2 3484/6992/2 3483/6993/2 3476/6976/2
f  3478/6466/2 3474/6974/2 3473/6973/2 3479/6994/2
f  3480/6995/209 3487/6996/209 3488/6997/209 3477/6998/209
f  3479/6999/4 3473/7000/4 3487/7001/4 3480/7002/4
f  3489/7003/4 3490/7004/4 3491/7005/4 3492/7006/4
f  3488/6997/734 3487/6996/734 3485/6989/734 3486/6991/734
f  3487/7007/726 3473/7008/726 3476/7009/726 3485/7010/726
f  3493/7011/16 3494/7012/16 3495/7013/16 3496/7014/16
f  3497/7015/17 3498/5729/17 3499/7016/17 3500/7017/17
f  3492/7018/735 3499/7019/735 3498/7020/735 3501/7021/735
f  3501/7022/24 3498/7023/24 3497/7024/24 3502/7025/24
f  3491/7005/4 3500/7026/4 3499/7027/4 3492/7006/4
f  3494/7028/4 3490/7004/4 3489/7003/4 3495/7029/4
f  3496/7030/24 3503/7031/24 3504/7032/24 3493/7033/24
f  3495/7034/209 3489/7035/209 3503/7036/209 3496/7037/209
f  3504/7032/24 3503/7031/24 3501/7022/24 3502/7025/24
f  3503/7038/623 3489/7039/623 3492/7040/623 3501/7041/623
f  3505/7042/4 3506/7043/4 3507/7044/4 3508/7045/4
f  3509/7046/16 3510/7047/16 3511/7048/16 3512/7049/16
f  3513/7050/17 3514/7051/17 3515/7052/17 3516/7053/17
f  3508/7054/735 3515/7055/735 3514/7056/735 3517/7057/735
f  3517/7058/24 3514/7059/24 3513/7060/24 3518/7061/24
f  3507/7044/4 3516/7062/4 3515/7063/4 3508/7045/4
f  3510/7064/4 3506/7043/4 3505/7042/4 3511/7065/4
f  3512/3806/24 3519/7066/24 3520/7067/24 3509/4163/24
f  3511/2844/209 3505/7068/209 3519/7069/209 3512/7070/209
f  3520/7067/24 3519/7066/24 3517/7058/24 3518/7061/24
f  3519/7071/623 3505/7072/623 3508/7073/623 3517/7074/623
f  3521/7075/4 3522/7076/4 3523/7077/4 3524/7078/4
f  3525/7079/16 3526/7080/16 3527/7081/16 3528/6944/16
f  3529/7082/17 3530/7083/17 3531/7084/17 3532/7085/17
f  3524/7086/736 3531/7087/736 3530/7088/736 3533/7089/736
f  3533/7090/24 3530/7091/24 3529/7092/24 3534/7093/24
f  3523/7077/4 3532/7094/4 3531/7095/4 3524/7078/4
f  3526/7096/4 3522/7076/4 3521/7075/4 3527/7097/4
f  3528/7098/737 3535/7099/737 3536/7100/737 3525/7101/737
f  3527/5086/738 3521/7102/738 3535/7103/738 3528/7104/738
f  3536/7100/24 3535/7099/24 3533/7090/24 3534/7093/24
f  3535/7105/625 3521/355/625 3524/7106/625 3533/7107/625
f  3537/7108/4 3538/7109/4 3539/7110/4 3540/7111/4
f  3541/7112/16 3542/7113/16 3543/7114/16 3544/7115/16
f  3545/7116/17 3546/7117/17 3547/5872/17 3548/5871/17
f  3540/7118/739 3547/7119/739 3546/7120/739 3549/7121/739
f  3549/7122/24 3546/7123/24 3545/4081/24 3550/7124/24
f  3539/7110/4 3548/7125/4 3547/7126/4 3540/7111/4
f  3542/7127/4 3538/7109/4 3537/7108/4 3543/7128/4
f  3544/7129/24 3551/7130/24 3552/7131/24 3541/7132/24
f  3543/7133/209 3537/7134/209 3551/7135/209 3544/7136/209
f  3553/7137/209 3554/7138/209 3555/7139/209 3556/7140/209
f  3552/7131/24 3551/7130/24 3549/7122/24 3550/7124/24
f  3551/7141/623 3537/7142/623 3540/7143/623 3549/7144/623
f  3557/7145/16 3558/7146/16 3559/7147/16 3560/7148/16
f  3561/7149/17 3562/7150/17 3563/2600/17 3564/7151/17
f  3556/7152/740 3563/7153/740 3562/7154/740 3565/7155/740
f  3565/7156/2 3562/7157/2 3561/7158/2 3566/7159/2
f  3555/7139/733 3564/7160/733 3563/7161/733 3556/7140/733
f  3558/7162/209 3554/7138/209 3553/7137/209 3559/7163/209
f  3560/7164/2 3567/7165/2 3568/7166/2 3557/4086/2
f  3559/7167/24 3553/7168/24 3567/5149/24 3560/7169/24
f  3568/7166/741 3567/7165/741 3565/7156/741 3566/7159/741
f  3567/7170/742 3553/7171/742 3556/7172/742 3565/7173/742
f  3569/7174/743 3570/7175/743 3571/7176/743 3572/7177/743
f  3573/7178/16 3574/7179/16 3575/7180/16 3576/6635/16
f  3577/7181/17 3578/5767/17 3579/7182/17 3580/7183/17
f  3572/7184/744 3579/7185/744 3578/7186/744 3581/7187/744
f  3581/7188/2 3578/7189/2 3577/7190/2 3582/7191/2
f  3571/7176/209 3580/7192/209 3579/7193/209 3572/7177/209
f  3574/7194/209 3570/7175/209 3569/7174/209 3575/7195/209
f  3576/7196/2 3583/7197/2 3584/7198/2 3573/7199/2
f  3575/7200/24 3569/7201/24 3583/7202/24 3576/7203/24
f  3584/7198/640 3583/7197/640 3581/7188/640 3582/7191/640
f  3583/7204/742 3569/6508/742 3572/7205/742 3581/7206/742
f  3585/7207/209 3586/7208/209 3587/7209/209 3588/7210/209
f  3589/7211/16 3590/7212/16 3591/7213/16 3592/7214/16
f  3593/7215/17 3594/7216/17 3595/7217/17 3596/7218/17
f  3588/6514/745 3595/7219/745 3594/7220/745 3597/7221/745
f  3597/7222/2 3594/7223/2 3593/7224/2 3598/7225/2
f  3587/7209/746 3596/7226/746 3595/7227/746 3588/7210/746
f  3590/7228/209 3586/7208/209 3585/7207/209 3591/7229/209
f  3592/7230/2 3599/7231/2 3600/7232/2 3589/7233/2
f  3591/7234/24 3585/7235/24 3599/7236/24 3592/7237/24
f  3600/7232/2 3599/7231/2 3597/7222/2 3598/7225/2
f  3599/7238/747 3585/7239/747 3588/7240/747 3597/7241/747
f  3601/7242/209 3602/7243/209 3603/7244/209 3604/7245/209
f  3605/7246/16 3606/7247/16 3607/7248/16 3608/7249/16
f  3609/7250/17 3610/7251/17 3611/7252/17 3612/7253/17
f  3604/7254/748 3611/7255/748 3610/7256/748 3613/7257/748
f  3613/7258/725 3610/7259/725 3609/7260/725 3614/7261/725
f  3603/7244/749 3612/7262/749 3611/7263/749 3604/7245/749
f  3606/7264/209 3602/7243/209 3601/7242/209 3607/7265/209
f  3608/7266/2 3615/7267/2 3616/7268/2 3605/7269/2
f  3607/7270/24 3601/7271/24 3615/7272/24 3608/7273/24
f  3617/7274/25 3618/7275/25 3619/7276/25 3620/7277/25
f  3616/7268/2 3615/7267/2 3613/7258/2 3614/7261/2
f  3615/7278/742 3601/6306/742 3604/7279/742 3613/7280/742
f  3621/6980/16 3622/7281/16 3623/7282/16 3624/7283/16
f  3625/1511/17 3626/7284/17 3627/7285/17 3628/5693/17
f  3620/7286/663 3627/7287/663 3626/7288/663 3629/7289/663
f  3629/7290/4 3626/7291/4 3625/7292/4 3630/7293/4
f  3619/7276/24 3628/7294/24 3627/7295/24 3620/7277/24
f  3622/7296/24 3618/7275/24 3617/7274/24 3623/7297/24
f  3624/7298/4 3631/7299/4 3632/7300/4 3621/7301/4
f  3623/7302/2 3617/7303/2 3631/7304/2 3624/7305/2
f  3632/7300/23 3631/7299/23 3629/7290/23 3630/7293/23
f  3631/7306/664 3617/7307/664 3620/7308/664 3629/7309/664
f  3633/7310/750 3634/7311/750 3635/7312/750 3636/7313/750
f  3637/7314/16 3638/7315/16 3639/7316/16 3640/7317/16
f  3641/6326/17 3642/6325/17 3643/6156/17 3644/7318/17
f  3636/7319/751 3643/7320/751 3642/7321/751 3645/7322/751
f  3645/7323/4 3642/7324/4 3641/7325/4 3646/7326/4
f  3635/7312/752 3644/3373/752 3643/7327/752 3636/7313/752
f  3638/7328/753 3634/7311/753 3633/7310/753 3639/7329/753
f  3640/7330/4 3647/7331/4 3648/7332/4 3637/7333/4
f  3639/7334/2 3633/7335/2 3647/4892/2 3640/7336/2
f  3648/7332/23 3647/7331/23 3645/7323/23 3646/7326/23
f  3647/7337/754 3633/7338/754 3636/7339/754 3645/7340/754
f  3649/7341/755 3650/7342/755 3651/7343/755 3652/7344/755
f  3653/7345/16 3654/7346/16 3655/6877/16 3656/7347/16
f  3657/7348/17 3658/7349/17 3659/7350/17 3660/6153/17
f  3652/7351/751 3659/7352/751 3658/7353/751 3661/7354/751
f  3661/7355/4 3658/7356/4 3657/7357/4 3662/7358/4
f  3651/7343/752 3660/7359/752 3659/7360/752 3652/7344/752
f  3654/7361/24 3650/7342/24 3649/7341/24 3655/7362/24
f  3656/7363/4 3663/7364/4 3664/7365/4 3653/7366/4
f  3655/4161/30 3649/7367/30 3663/7368/30 3656/7369/30
f  3664/7365/23 3663/7364/23 3661/7355/23 3662/7358/23
f  3663/7370/664 3649/7371/664 3652/7372/664 3661/3862/664
f  3665/7373/25 3666/7374/25 3667/7375/25 3668/7376/25
f  3669/7377/16 3670/7378/16 3671/6418/16 3672/7379/16
f  3673/7380/17 3674/7381/17 3675/7382/17 3676/7383/17
f  3668/7384/673 3675/7385/673 3674/7386/673 3677/7387/673
f  3677/7388/4 3674/7389/4 3673/7390/4 3678/7391/4
f  3667/7375/24 3676/7392/24 3675/7393/24 3668/7376/24
f  3670/7394/24 3666/7374/24 3665/7373/24 3671/7395/24
f  3672/7396/4 3679/7397/4 3680/7398/4 3669/3109/4
f  3671/7399/2 3665/7400/2 3679/7401/2 3672/7402/2
f  3680/7398/23 3679/7397/23 3677/7388/23 3678/7391/23
f  3679/7403/664 3665/7404/664 3668/7405/664 3677/7406/664
f  3438/6891/2 3437/6890/2 3436/6885/2 3433/6888/2
f  3681/7407/712 3682/7408/712 3683/7409/712 3684/7410/712
f  3685/7411/2 3686/7412/2 3687/7413/2 3688/7414/2
f  3689/7415/209 3690/7416/209 3691/7417/209 3692/7418/209
f  3686/7412/756 3693/7419/756 3681/7420/756 3687/7413/756
f  3690/7416/757 3694/7421/757 3695/7422/757 3691/7417/757
f  3693/7423/23 3696/7424/23 3682/7425/23 3681/7426/23
f  3694/7427/25 3697/7428/25 3698/7429/25 3695/7430/25
f  3696/7431/758 3689/7415/758 3692/7418/758 3682/7432/758
f  3697/6838/759 3685/7411/759 3688/7414/759 3698/7433/759
f  3695/7434/717 3698/7435/717 3699/7436/717 3700/7437/717
f  3682/7408/760 3692/7438/760 3701/7439/760 3683/7409/760
f  3698/7435/761 3688/7440/761 3702/7441/761 3699/7436/761
f  3688/7440/720 3687/7442/720 3703/7443/720 3702/7441/720
f  3692/7438/721 3691/7444/721 3704/7445/721 3701/7439/721
f  3687/7442/762 3681/7407/762 3684/7410/762 3703/7443/762
f  3691/7444/763 3695/7434/763 3700/7437/763 3704/7445/763
f  3697/7446/764 3694/7447/764 3690/7448/764 3689/7449/764 3696/7450/764 3693/7451/764 3686/7452/764 3685/7453/764
f  3705/7454/16 3706/7455/16 3707/7456/16 3708/7457/16
f  3709/7458/17 3710/3199/17 3711/7459/17 3712/7460/17
f  3713/7461/636 3711/6566/636 3710/6565/636 3714/7462/636
f  3714/7463/209 3710/7464/209 3709/5291/209 3715/7465/209
f  3716/7466/725 3712/2689/725 3711/7467/725 3713/7468/725
f  3706/7469/2 3717/7470/2 3718/7471/2 3707/7472/2
f  3708/7473/209 3719/7474/209 3720/7475/209 3705/7476/209
f  3707/7477/4 3718/7478/4 3719/7479/4 3708/7480/4
f  3720/7475/209 3719/7474/209 3714/7463/209 3715/7465/209
f  3719/7481/639 3718/7482/639 3713/7483/639 3714/7484/639
f  3721/7485/2 3722/7486/2 3723/7487/2 3724/7488/2
f  3725/7489/16 3726/7490/16 3727/7491/16 3728/7492/16
f  3729/7493/17 3730/7494/17 3731/7495/17 3732/7496/17
f  3724/7497/641 3731/7498/641 3730/7499/641 3733/7500/641
f  3733/7501/209 3730/7502/209 3729/4853/209 3734/7503/209
f  3723/7487/2 3732/7504/2 3731/7505/2 3724/7488/2
f  3726/7506/2 3722/7486/2 3721/7485/2 3727/7507/2
f  3728/7508/209 3735/7509/209 3736/7510/209 3725/7511/209
f  3727/7512/4 3721/7513/4 3735/7514/4 3728/7515/4
f  3736/7510/727 3735/7509/727 3733/7501/727 3734/7503/727
f  3735/7516/639 3721/7517/639 3724/7518/639 3733/7519/639
f  3737/7520/2 3738/7521/2 3739/7522/2 3740/7523/2
f  3741/7524/16 3742/7525/16 3743/7526/16 3744/7527/16
f  3745/5979/17 3746/7528/17 3747/7529/17 3748/7530/17
f  3740/7531/728 3747/7532/728 3746/7533/728 3749/7534/728
f  3749/7535/209 3746/7536/209 3745/5430/209 3750/7537/209
f  3739/7522/729 3748/7538/729 3747/7539/729 3740/7523/729
f  3742/7540/2 3738/7521/2 3737/7520/2 3743/7541/2
f  3744/7542/209 3751/7543/209 3752/7544/209 3741/7545/209
f  3743/7546/4 3737/7547/4 3751/7548/4 3744/7549/4
f  3752/7544/209 3751/7543/209 3749/7535/209 3750/7537/209
f  3751/7550/765 3737/7551/765 3740/7552/765 3749/7553/765
f  3753/7554/731 3754/7555/731 3755/7556/731 3756/7557/731
f  3757/7558/16 3758/7559/16 3759/7560/16 3760/7561/16
f  3761/6015/17 3762/6014/17 3763/7562/17 3764/7563/17
f  3756/7564/732 3763/7565/732 3762/7566/732 3765/7567/732
f  3765/7568/733 3762/7569/733 3761/7570/733 3766/7571/733
f  3755/7556/2 3764/7572/2 3763/7573/2 3756/7557/2
f  3758/7574/2 3754/7555/2 3753/7554/2 3759/7575/2
f  3760/7576/209 3767/7577/209 3768/7578/209 3757/7579/209
f  3759/7580/4 3753/7581/4 3767/7582/4 3760/7583/4
f  3769/7584/23 3770/7585/23 3771/7586/23 3772/7587/23
f  3768/7578/734 3767/7577/734 3765/7568/734 3766/7571/734
f  3767/7588/639 3753/7589/639 3756/7590/639 3765/7591/639
f  3773/7592/16 3774/7593/16 3775/7594/16 3776/7595/16
f  3777/67/17 3778/7596/17 3779/6259/17 3780/7597/17
f  3772/7598/735 3779/7599/735 3778/7600/735 3781/7601/735
f  3781/7602/24 3778/7603/24 3777/7604/24 3782/7605/24
f  3771/7586/4 3780/3360/4 3779/7606/4 3772/7587/4
f  3774/7607/23 3770/7585/23 3769/7584/23 3775/7608/23
f  3776/7609/25 3783/7610/25 3784/7611/25 3773/7612/25
f  3775/7613/209 3769/7614/209 3783/7615/209 3776/7616/209
f  3784/7611/25 3783/7610/25 3781/7602/25 3782/7605/25
f  3783/7617/623 3769/7618/623 3772/7619/623 3781/7620/623
f  3785/7621/23 3786/7622/23 3787/7623/23 3788/7624/23
f  3789/7625/16 3790/7626/16 3791/7627/16 3792/7628/16
f  3793/7629/17 3794/7630/17 3795/7631/17 3796/7632/17
f  3788/7633/735 3795/7634/735 3794/7635/735 3797/7636/735
f  3797/7637/24 3794/7638/24 3793/7639/24 3798/7640/24
f  3787/7623/4 3796/7641/4 3795/7642/4 3788/7624/4
f  3790/7643/23 3786/7622/23 3785/7621/23 3791/7644/23
f  3792/7645/25 3799/7646/25 3800/7647/25 3789/7648/25
f  3791/7649/209 3785/7650/209 3799/7651/209 3792/7652/209
f  3800/7647/25 3799/7646/25 3797/7637/25 3798/7640/25
f  3799/7653/623 3785/7654/623 3788/7655/623 3797/7656/623
f  3801/7657/23 3802/7658/23 3803/7659/23 3804/7660/23
f  3805/6150/16 3806/7661/16 3807/7662/16 3808/7663/16
f  3809/7664/17 3810/6639/17 3811/6052/17 3812/7665/17
f  3804/7666/766 3811/7667/766 3810/7668/766 3813/7669/766
f  3813/7670/24 3810/7671/24 3809/7672/24 3814/7673/24
f  3803/7659/4 3812/7674/4 3811/7675/4 3804/7660/4
f  3806/7676/23 3802/7658/23 3801/7657/23 3807/7677/23
f  3808/7678/25 3815/7679/25 3816/7680/25 3805/7681/25
f  3807/7682/209 3801/7683/209 3815/7684/209 3808/7685/209
f  3816/7680/25 3815/7679/25 3813/7670/25 3814/7673/25
f  3815/7686/623 3801/7687/623 3804/7688/623 3813/7689/623
f  3817/7690/23 3818/7691/23 3819/7692/23 3820/7693/23
f  3821/7694/16 3822/7695/16 3823/7249/16 3824/7696/16
f  3825/7697/17 3826/6396/17 3827/7698/17 3828/2439/17
f  3820/7699/739 3827/7700/739 3826/7701/739 3829/7702/739
f  3829/7703/24 3826/7704/24 3825/7705/24 3830/7706/24
f  3819/7692/4 3828/7707/4 3827/7708/4 3820/7693/4
f  3822/7709/23 3818/7691/23 3817/7690/23 3823/7710/23
f  3824/7711/25 3831/7712/25 3832/7713/25 3821/7714/25
f  3823/5851/209 3817/7715/209 3831/7716/209 3824/7717/209
f  3833/7718/209 3834/7719/209 3835/7720/209 3836/7721/209
f  3832/7713/25 3831/7712/25 3829/7703/25 3830/7706/25
f  3831/7722/623 3817/7723/623 3820/7724/623 3829/7725/623
f  3837/7726/16 3838/5831/16 3839/7727/16 3840/7728/16
f  3841/7729/17 3842/7730/17 3843/7731/17 3844/7732/17
f  3836/7733/740 3843/7734/740 3842/7735/740 3845/7736/740
f  3845/7737/2 3842/7738/2 3841/7739/2 3846/7740/2
f  3835/7720/733 3844/7741/733 3843/7742/733 3836/7721/733
f  3838/7743/209 3834/7719/209 3833/7718/209 3839/7744/209
f  3840/7745/2 3847/7746/2 3848/7747/2 3837/2642/2
f  3839/7748/24 3833/7749/24 3847/7750/24 3840/7751/24
f  3848/7747/741 3847/7746/741 3845/7737/741 3846/7740/741
f  3847/7752/767 3833/7753/767 3836/7754/767 3845/7755/767
f  3849/7756/743 3850/7757/743 3851/7758/743 3852/7759/743
f  3853/7760/16 3854/7761/16 3855/7762/16 3856/7763/16
f  3857/7764/17 3858/7765/17 3859/7766/17 3860/7767/17
f  3852/7768/744 3859/7769/744 3858/7770/744 3861/7771/744
f  3861/7772/2 3858/7773/2 3857/7774/2 3862/7775/2
f  3851/7758/209 3860/7776/209 3859/7777/209 3852/7759/209
f  3854/7778/209 3850/7757/209 3849/7756/209 3855/7779/209
f  3856/7780/2 3863/7781/2 3864/7782/2 3853/3302/2
f  3855/5152/24 3849/7783/24 3863/7784/24 3856/7785/24
f  3864/7782/640 3863/7781/640 3861/7772/640 3862/7775/640
f  3863/7786/767 3849/7787/767 3852/7788/767 3861/7789/767
f  3865/7790/209 3866/7791/209 3867/7792/209 3868/7793/209
f  3869/7794/16 3870/7795/16 3871/7796/16 3872/7797/16
f  3873/6984/17 3874/7798/17 3875/7799/17 3876/7800/17
f  3868/7801/768 3875/7802/768 3874/5850/768 3877/7803/768
f  3877/7804/2 3874/7805/2 3873/6916/2 3878/7806/2
f  3867/7792/746 3876/7807/746 3875/7808/746 3868/7793/746
f  3870/7809/209 3866/7791/209 3865/7790/209 3871/7810/209
f  3872/7811/2 3879/7812/2 3880/7813/2 3869/7814/2
f  3871/7815/24 3865/7816/24 3879/7817/24 3872/7818/24
f  3880/7813/2 3879/7812/2 3877/7804/2 3878/7806/2
f  3879/7819/769 3865/7820/769 3868/7821/769 3877/7822/769
f  3881/7823/209 3882/7824/209 3883/7825/209 3884/7826/209
f  3885/7827/16 3886/7828/16 3887/7829/16 3888/7830/16
f  3889/7732/17 3890/7731/17 3891/7831/17 3892/7832/17
f  3884/7833/661 3891/7834/661 3890/7835/661 3893/7836/661
f  3893/7837/725 3890/7838/725 3889/7787/725 3894/7839/725
f  3883/7825/749 3892/7840/749 3891/7841/749 3884/7826/749
f  3886/7842/209 3882/7824/209 3881/7823/209 3887/7843/209
f  3888/7844/2 3895/7845/2 3896/7846/2 3885/7847/2
f  3887/5432/24 3881/7848/24 3895/7849/24 3888/7850/24
f  3897/7851/24 3898/7852/24 3899/7853/24 3900/7854/24
f  3896/7846/2 3895/7845/2 3893/7837/2 3894/7839/2
f  3895/7855/770 3881/6577/770 3884/7856/770 3893/7857/770
f  3901/7858/16 3902/7859/16 3903/7860/16 3904/7861/16
f  3905/6121/17 3906/7862/17 3907/7863/17 3908/7864/17
f  3900/7865/663 3907/7866/663 3906/7867/663 3909/7868/663
f  3909/7869/4 3906/7870/4 3905/7871/4 3910/7872/4
f  3899/7853/24 3908/7873/24 3907/7874/24 3900/7854/24
f  3902/7875/25 3898/7852/25 3897/7851/25 3903/7876/25
f  3904/7877/23 3911/7878/23 3912/7879/23 3901/7880/23
f  3903/7881/2 3897/7882/2 3911/7883/2 3904/7884/2
f  3912/7879/4 3911/7878/4 3909/7869/4 3910/7872/4
f  3911/7885/664 3897/7886/664 3900/7887/664 3909/7888/664
f  3913/7889/771 3914/7890/771 3915/7891/771 3916/7892/771
f  3917/7893/16 3918/7894/16 3919/7895/16 3920/7896/16
f  3921/7897/17 3922/7898/17 3923/7899/17 3924/7900/17
f  3916/7901/772 3923/7902/772 3922/7903/772 3925/7904/772
f  3925/7905/4 3922/7906/4 3921/7907/4 3926/7908/4
f  3915/7891/773 3924/3616/773 3923/7909/773 3916/7892/773
f  3918/7910/774 3914/7890/774 3913/7889/774 3919/7911/774
f  3920/7912/23 3927/7913/23 3928/7914/23 3917/7915/23
f  3919/2802/2 3913/7916/2 3927/7917/2 3920/7918/2
f  3928/7914/4 3927/7913/4 3925/7905/4 3926/7908/4
f  3927/7919/775 3913/7920/775 3916/7888/775 3925/7921/775
f  3929/7922/776 3930/7923/776 3931/7924/776 3932/7925/776
f  3933/7926/16 3934/7927/16 3935/7928/16 3936/7929/16
f  3937/7930/17 3938/7931/17 3939/7932/17 3940/7933/17
f  3932/7934/751 3939/7935/751 3938/7936/751 3941/7937/751
f  3941/7938/4 3938/7939/4 3937/7940/4 3942/7941/4
f  3931/7924/773 3940/7942/773 3939/7943/773 3932/7925/773
f  3934/7944/25 3930/7923/25 3929/7922/25 3935/7945/25
f  3936/7946/23 3943/7947/23 3944/7948/23 3933/7949/23
f  3935/7950/30 3929/7951/30 3943/7952/30 3936/7953/30
f  3944/7948/4 3943/7947/4 3941/7938/4 3942/7941/4
f  3943/7954/664 3929/7955/664 3932/7956/664 3941/3944/664
f  3945/7957/24 3946/7958/24 3947/7959/24 3948/7960/24
f  3949/7961/16 3950/7962/16 3951/7963/16 3952/7964/16
f  3953/7965/17 3954/7966/17 3955/7967/17 3956/7968/17
f  3948/7969/673 3955/7970/673 3954/7971/673 3957/7972/673
f  3957/7973/4 3954/7974/4 3953/7975/4 3958/7976/4
f  3947/7959/24 3956/3422/24 3955/7977/24 3948/7960/24
f  3950/7978/25 3946/7958/25 3945/7957/25 3951/3298/25
f  3952/7979/23 3959/7980/23 3960/7981/23 3949/7982/23
f  3951/7983/2 3945/7984/2 3959/7985/2 3952/7986/2
f  3960/7981/4 3959/7980/4 3957/7973/4 3958/7976/4
f  3959/7987/664 3945/7988/664 3948/7989/664 3957/7990/664
f  3718/7471/2 3717/7470/2 3716/7466/2 3713/7468/2
f  2533/5032/16 2534/5035/16 2537/5038/16 2524/5033/16
f  2535/5036/6 2538/5039/6 2541/5042/6 2536/5037/6
f  2539/5040/6 2525/5020/6 2528/5023/6 2540/5041/6
f  2542/5044/536 2543/5047/536 2540/5050/536 2528/5045/536
f  2544/5048/536 2545/5051/536 2536/5054/536 2541/5049/536
f  2546/5052/547 2521/5016/547 2524/5019/547 2537/5053/547
f  2575/5108/6 2564/5107/6 2577/5110/6 2576/5109/6
f  2579/5112/6 2578/5111/6 2581/5114/6 2580/5113/6
f  2583/5116/16 2582/5115/16 2568/5094/16 2567/5093/16
f  2584/5120/529 2568/5119/529 2582/5122/529 2585/5121/529
f  2586/5124/203 2581/5123/203 2578/5126/203 2587/5125/203
f  2588/5128/203 2577/5127/203 2564/5090/203 2563/5089/203
f  2617/5178/6 2618/5181/6 2621/5184/6 2608/5179/6
f  2619/5182/6 2622/5185/6 2625/5188/6 2620/5183/6
f  2623/5186/16 2609/5166/16 2612/5169/16 2624/5187/16
f  2626/5190/200 2627/5193/200 2624/5196/200 2612/5191/200
f  2628/5194/530 2629/5197/530 2620/5200/530 2625/5195/530
f  2630/5198/559 2605/5163/559 2608/5165/559 2621/5199/559
f  2659/5250/16 2660/5253/16 2663/5256/16 2650/5251/16
f  2661/5254/6 2664/5257/6 2667/5260/6 2662/5255/6
f  2665/5258/6 2651/5237/6 2654/5240/6 2666/5259/6
f  2668/5262/536 2669/5265/536 2666/5268/536 2654/5263/536
f  2670/5266/536 2671/5269/536 2662/5272/536 2667/5267/536
f  2672/5270/558 2647/5233/558 2650/5236/558 2663/5271/558
f  2701/5323/6 2690/5322/6 2703/5325/6 2702/5324/6
f  2705/5327/6 2704/5326/6 2707/5329/6 2706/5328/6
f  2709/5331/16 2708/5330/16 2694/5309/16 2693/5308/16
f  2710/5335/529 2694/5334/529 2708/5337/529 2711/5336/529
f  2712/5339/203 2707/5338/203 2704/5341/203 2713/5340/203
f  2714/5343/203 2703/5342/203 2690/5305/203 2689/5304/203
f  2743/5387/6 2744/5390/6 2747/5393/6 2734/5388/6
f  2745/5391/6 2748/5394/6 2751/5397/6 2746/5392/6
f  2749/5395/16 2735/5374/16 2738/5377/16 2750/5396/16
f  2752/5399/529 2753/5402/529 2750/5405/529 2738/5400/529
f  2754/5403/530 2755/5406/530 2746/5409/530 2751/5404/530
f  2756/5407/559 2731/5371/559 2734/5373/559 2747/5408/559
f  3961/7991/16 3962/7992/16 3963/7993/16 3964/7994/16
f  3965/7995/700 3966/7996/700 3967/7997/700 3968/7998/700
f  3969/7999/16 3970/8000/16 3971/8001/16 3972/8002/16
f  3973/8003/701 3974/8004/701 3975/8005/701 3976/8006/701
f  3976/8007/17 3965/8008/17 3968/8009/17 3973/8010/17
f  3976/8011/777 3975/8012/777 3962/8013/777 3961/8014/777 3966/8015/777 3965/8016/777
f  3963/7993/703 3962/7992/703 3975/8017/703 3974/8018/703
f  3961/7991/704 3964/7994/704 3967/8019/704 3966/8020/704
f  3968/6793/778 3967/8021/778 3964/8022/778 3963/8023/778 3974/8024/778 3973/6788/778
f  3977/8025/4 3978/8026/4 3979/8027/4 3980/8028/4
f  3981/8029/701 3982/8030/701 3983/8031/701 3984/8032/701
f  3984/8033/17 3977/8034/17 3980/8035/17 3981/8036/17
f  3984/3463/779 3983/8037/779 3970/8038/779 3969/8039/779 3978/8040/779 3977/8041/779
f  3971/8001/780 3970/8000/780 3983/8042/780 3982/8043/780
f  3969/7999/781 3972/8002/781 3979/8044/781 3978/8045/781
f  3980/8046/782 3979/8047/782 3972/8048/782 3971/8049/782 3982/8050/782 3981/8051/782
f  3985/8052/16 3986/8053/16 3987/8054/16 3988/8055/16
f  3989/8056/4 3990/8057/4 3991/8058/4 3992/8059/4
f  3993/8060/24 3994/8061/24 3995/8062/24 3996/8063/24
f  3996/8064/17 3989/8065/17 3992/8066/17 3993/8067/17
f  3996/8068/783 3995/8069/783 3986/8070/783 3985/8071/783 3990/8072/783 3989/8073/783
f  3987/8054/703 3986/8053/703 3995/8074/703 3994/2095/703
f  3985/8052/704 3988/8055/704 3991/8075/704 3990/8076/704
f  3992/8077/784 3991/8078/784 3988/8079/784 3987/8080/784 3994/8081/784 3993/8082/784

# Mesh 'Cube.024' with 514 faces
g Cube.024
usemtl Bricks
f  3997/8083/2 3998/8084/2 3999/8085/2 4000/8086/2
f  4001/8087/209 4002/8088/209 4003/2492/209 4004/8089/209
f  4004/8090/4 4003/8091/4 3998/8092/4 3997/8093/4
f  4000/8094/17 4001/8095/17 4004/340/17 3997/8096/17
f  4002/8097/16 3999/8098/16 3998/8099/16 4003/8100/16
f  4005/8101/16 4006/8102/16 4007/8103/16 4008/8104/16
f  4009/8105/4 4008/8106/4 4007/8107/4 4010/8108/4
f  4010/8109/2 4007/8110/2 4006/8111/2 4011/8112/2
f  4012/8113/209 4005/8114/209 4008/4390/209 4009/8115/209
f  4011/8116/17 4012/8117/17 4009/8118/17 4010/8119/17
f  4013/8120/2 4014/8121/2 4015/8122/2 4016/8123/2
f  4017/8124/785 4018/8125/785 4019/8126/785 4020/8127/785
f  4020/8128/4 4019/8129/4 4014/8130/4 4013/8131/4
f  4016/3289/786 4017/8132/786 4020/8133/786 4013/8134/786
f  4018/8135/16 4015/8136/16 4014/8137/16 4019/8138/16
f  4021/8139/2 4022/8140/2 4023/8141/2 4024/8142/2
f  4025/8143/787 4026/8144/787 4027/2601/787 4028/8145/787
f  4028/8146/23 4027/8147/23 4022/8148/23 4021/8149/23
f  4024/8150/10 4025/8151/10 4028/8152/10 4021/8153/10
f  4026/8154/6 4023/8155/6 4022/8156/6 4027/8157/6
f  4029/8158/788 4030/8159/788 4031/8160/788 4032/8161/788
f  4033/8162/16 4034/8163/16 4035/8164/16 4036/8165/16
f  4037/8166/789 4038/8167/789 4039/8168/789 4040/8169/789
f  4040/8170/4 4039/8171/4 4030/8172/4 4029/8173/4
f  4032/8174/17 4037/8175/17 4040/8176/17 4029/8177/17
f  4038/8178/16 4031/8179/16 4030/8180/16 4039/8181/16
f  4041/8182/2 4042/8183/2 4043/6431/2 4044/8184/2
f  4045/8185/17 4046/8186/17 4047/8187/17 4048/8188/17
f  4049/8189/209 4050/8190/209 4051/8191/209 4052/8192/209
f  4052/8193/23 4051/8194/23 4042/8195/23 4041/8196/23
f  4044/8197/17 4049/5946/17 4052/8198/17 4041/8199/17
f  4050/8200/16 4043/8201/16 4042/8202/16 4051/8203/16
f  4053/8204/2 4054/8205/2 4055/8206/2 4056/8207/2
f  4047/8208/4 4036/8209/4 4035/8210/4 4048/8211/4
f  4057/2543/209 4058/8212/209 4059/8213/209 4060/8214/209
f  4060/8215/4 4059/8216/4 4054/8217/4 4053/8218/4
f  4056/8219/17 4057/4169/17 4060/1022/17 4053/8220/17
f  4058/8221/16 4055/8222/16 4054/8223/16 4059/8224/16
f  4046/8225/209 4033/8226/209 4036/2634/209 4047/8227/209
f  4061/8228/2 4062/8229/2 4063/8230/2 4064/8231/2
f  4048/3538/2 4035/4912/2 4034/8232/2 4045/8233/2
f  4065/3594/209 4066/8234/209 4067/8235/209 4068/8236/209
f  4068/8237/4 4067/8238/4 4062/8239/4 4061/8240/4
f  4064/8241/17 4065/8242/17 4068/8243/17 4061/8244/17
f  4066/8245/16 4063/8246/16 4062/8247/16 4067/8248/16
f  4069/8249/4 4070/8250/4 4071/8251/4 4072/8252/4
f  4073/8253/24 4074/8254/24 4075/8255/24 4076/3818/24
f  4076/3274/209 4075/8256/209 4070/8257/209 4069/8258/209
f  4072/8259/17 4073/8260/17 4076/8261/17 4069/8262/17
f  4074/3205/16 4071/8263/16 4070/8264/16 4075/8265/16
f  4077/8266/2 4078/8267/2 4079/4259/2 4080/8268/2
f  4080/8269/24 4079/8270/24 4081/8271/24 4082/8272/24
f  4082/8273/209 4081/8274/209 4083/2580/209 4084/8275/209
f  4084/8276/4 4083/8277/4 4078/8278/4 4077/8279/4
f  4080/8280/786 4082/2838/786 4084/8281/786 4077/8282/786
f  4081/8283/790 4079/8284/790 4078/8285/790 4083/8286/790
f  4085/8287/4 4086/8288/4 4087/8289/4 4088/8290/4
f  4089/8291/24 4090/3129/24 4091/8292/24 4092/8293/24
f  4092/8294/209 4091/8295/209 4086/2822/209 4085/8296/209
f  4088/8297/17 4089/8298/17 4092/4771/17 4085/8299/17
f  4090/8300/16 4087/8301/16 4086/8302/16 4091/8303/16
f  4093/8304/16 4094/8305/16 4095/8306/16 4096/8307/16
f  4097/8308/17 4098/8309/17 4099/8310/17 4100/6758/17
f  4101/8311/17 4102/8312/17 4103/8313/17 4104/8066/17
f  4100/8314/4 4105/7538/4 4106/8315/4 4097/8316/4
f  4099/8317/209 4107/8318/209 4105/8319/209 4100/8320/209
f  4108/8321/16 4106/8322/16 4105/7252/16 4107/8323/16
f  4098/8324/791 4108/8325/791 4107/8326/791 4099/8327/791
f  4109/8328/4 4110/8329/4 4111/8330/4 4112/8331/4
f  4103/8332/209 4096/8333/209 4095/8334/209 4104/8335/209
f  4113/8336/24 4114/8337/24 4115/8338/24 4116/8339/24
f  4116/8340/209 4115/8341/209 4110/8342/209 4109/8343/209
f  4112/1732/17 4113/8344/17 4116/8345/17 4109/8346/17
f  4114/8347/16 4111/8348/16 4110/8349/16 4115/8350/16
f  4102/8351/25 4093/8352/25 4096/8353/25 4103/8354/25
f  4104/8355/23 4095/8356/23 4094/8357/23 4101/8358/23
f  4117/8359/792 4118/8360/792 4119/2626/792 4120/8361/792
f  4121/8362/793 4122/3220/793 4123/8363/793 4124/8364/793
f  4124/8365/794 4123/3294/794 4118/8366/794 4117/8367/794
f  4120/8260/17 4121/8368/17 4124/8369/17 4117/8370/17
f  4122/8371/16 4119/8372/16 4118/8373/16 4123/8374/16
f  4125/8375/795 4126/8376/795 4127/2672/795 4128/8377/795
f  4129/8378/796 4130/8379/796 4131/8380/796 4132/8381/796
f  4132/8382/797 4131/8383/797 4126/8384/797 4125/8385/797
f  4128/6224/798 4129/8386/798 4132/8387/798 4125/8388/798
f  4130/8389/16 4127/8390/16 4126/8391/16 4131/8392/16
f  4133/8393/209 4134/8394/209 4135/2673/209 4136/8395/209
f  4137/8396/2 4138/8397/2 4139/8398/2 4140/8399/2
f  4140/8400/24 4139/8401/24 4134/8402/24 4133/8403/24
f  4136/8404/17 4137/8405/17 4140/8406/17 4133/8407/17
f  4138/8408/16 4135/8409/16 4134/8410/16 4139/8411/16
f  4141/8412/799 4142/8413/799 4143/2555/799 4144/8414/799
f  4145/8415/16 4146/8416/16 4147/8417/16 4148/8418/16
f  4149/8419/800 4150/8420/800 4151/8421/800 4152/8422/800
f  4152/8423/801 4151/3794/801 4142/8424/801 4141/8425/801
f  4144/8426/17 4149/8427/17 4152/8428/17 4141/8429/17
f  4150/8430/16 4143/8431/16 4142/8432/16 4151/8433/16
f  4153/8434/802 4154/8435/802 4155/6257/802 4156/8436/802
f  4157/8437/17 4158/8438/17 4159/8439/17 4160/8440/17
f  4161/8121/803 4162/8139/803 4163/8441/803 4164/8122/803
f  4164/8442/804 4163/8443/804 4154/8444/804 4153/8445/804
f  4156/5389/17 4161/8446/17 4164/8447/17 4153/8448/17
f  4162/8449/16 4155/8450/16 4154/8451/16 4163/8452/16
f  4165/8453/805 4166/8454/805 4167/2503/805 4168/8455/805
f  4159/8456/25 4148/8457/25 4147/8458/25 4160/8459/25
f  4169/8460/2 4170/4461/2 4171/8461/2 4172/8462/2
f  4172/8463/24 4171/8464/24 4166/8465/24 4165/8466/24
f  4168/8467/806 4169/8468/806 4172/8469/806 4165/4396/806
f  4170/8470/807 4167/8471/807 4166/8472/807 4171/3294/807
f  4158/8473/808 4145/8474/808 4148/8475/808 4159/8476/808
f  4160/8477/209 4147/8478/209 4146/8479/209 4157/8480/209
f  4173/8481/209 4174/8482/209 4175/4033/209 4176/8483/209
f  4177/3671/2 4178/8484/2 4179/8485/2 4180/8486/2
f  4180/8487/25 4179/8488/25 4174/8489/25 4173/8490/25
f  4176/8491/17 4177/8492/17 4180/8282/17 4173/8493/17
f  4178/8494/16 4175/8495/16 4174/8496/16 4179/8497/16
f  4181/8498/24 4182/8499/24 4183/8500/24 4184/4454/24
f  4185/8501/4 4186/8502/4 4187/8503/4 4188/8504/4
f  4188/8505/2 4187/8506/2 4182/8507/2 4181/2241/2
f  4184/8508/17 4185/8509/17 4188/8510/17 4181/8511/17
f  4186/8512/16 4183/8513/16 4182/8514/16 4187/8515/16
f  4189/8516/809 4190/8517/809 4191/8518/809 4192/8519/809
f  4192/8520/4 4191/8521/4 4193/8522/4 4194/8523/4
f  4194/8524/2 4193/8525/2 4195/8526/2 4196/8527/2
f  4196/8528/24 4195/8529/24 4190/8530/24 4189/8531/24
f  4192/8532/810 4194/8533/810 4196/8534/810 4189/8197/810
f  4193/8535/16 4191/8536/16 4190/8537/16 4195/8538/16
f  4197/8539/811 4198/8540/811 4199/8541/811 4200/3211/811
f  4201/8542/4 4202/8543/4 4203/8544/4 4204/533/4
f  4204/8545/2 4203/8186/2 4198/4754/2 4197/8546/2
f  4200/8547/17 4201/8548/17 4204/8549/17 4197/8506/17
f  4202/8100/16 4199/8550/16 4198/8551/16 4203/8552/16
f  4205/8553/16 4206/8554/16 4207/8555/16 4208/8556/16
f  4209/8557/17 4210/8558/17 4211/8559/17 4212/8560/17
f  4211/8561/2 4208/8562/2 4207/8563/2 4212/8564/2
f  4213/8565/24 4214/8566/24 4215/8567/24 4216/8568/24
f  4210/8569/4 4205/8570/4 4208/8571/4 4211/8109/4
f  4217/8572/812 4218/8573/812 4219/8574/812 4220/8575/812
f  4220/8576/2 4219/8577/2 4214/8578/2 4213/8579/2
f  4216/8580/17 4217/8581/17 4220/8582/17 4213/8583/17
f  4218/8584/16 4215/8585/16 4214/4479/16 4219/8586/16
f  4212/8587/24 4207/8588/24 4206/8589/24 4209/8590/24
f  4157/8591/23 4146/8592/23 4145/8593/23 4158/3608/23
f  4221/8594/813 4222/8595/813 4223/8596/813 4224/8597/813
f  4222/8598/209 4225/8599/209 4226/8600/209 4223/8601/209
f  4225/8602/814 4227/8603/814 4228/8604/814 4226/8605/814
f  4227/8603/815 4229/8606/815 4230/8607/815 4228/8604/815
f  4229/8608/816 4231/8609/816 4232/8610/816 4230/8611/816
f  4231/8612/817 4221/8594/817 4224/8597/817 4232/8613/817
f  4227/8603/818 4233/8614/818 4234/8615/818 4229/8606/818
f  4222/8598/209 4235/8616/209 4236/8617/209 4225/8599/209
f  4229/8608/819 4234/8618/819 4237/8619/819 4231/8609/819
f  4221/8594/820 4238/8620/820 4235/8621/820 4222/8595/820
f  4225/8602/821 4236/8622/821 4233/8614/821 4227/8603/821
f  4231/8612/822 4237/8623/822 4238/8620/822 4221/8594/822
f  4238/8624/823 4237/8625/823 4239/8626/823 4240/8627/823
f  4234/8618/824 4241/8628/824 4239/8629/824 4237/8619/824
f  4233/8630/825 4236/8631/825 4242/8632/825 4243/8633/825
f  4234/8634/826 4233/8630/826 4243/8633/826 4241/8635/826
f  4236/8617/209 4235/8616/209 4244/8636/209 4242/8637/209
f  4235/8638/827 4238/8624/827 4240/8627/827 4244/8639/827
f  4245/8640/828 4224/8597/828 4223/8596/828 4246/8641/828
f  4246/8642/829 4223/8601/829 4226/8600/829 4247/8643/829
f  4247/8644/830 4226/8605/830 4228/8604/830 4248/8645/830
f  4248/8645/831 4228/8604/831 4230/8607/831 4249/8646/831
f  4249/8647/832 4230/8611/832 4232/8610/832 4250/8648/832
f  4250/8649/833 4232/8613/833 4224/8597/833 4245/8640/833
f  4251/8650/834 4252/8651/834 4253/8652/834 4254/8653/834
f  4255/8654/835 4256/8655/835 4257/8656/835 4258/8657/835
f  4252/8658/836 4259/8659/836 4260/8660/836 4253/8661/836
f  4261/8662/837 4255/8663/837 4258/8664/837 4262/8665/837
f  4256/8666/838 4251/8650/838 4254/8653/838 4257/8667/838
f  4259/8668/839 4261/8662/839 4262/8665/839 4260/8669/839
f  4262/8670/840 4263/8671/840 4264/8672/840 4260/8673/840
f  4253/8661/841 4260/8660/841 4264/8674/841 4265/8675/841
f  4254/8676/842 4266/8677/842 4267/8678/842 4257/8679/842
f  4253/8680/843 4265/8681/843 4266/8677/843 4254/8676/843
f  4257/8656/844 4267/8682/844 4268/8683/844 4258/8657/844
f  4263/8684/17 4268/8685/17 4267/8686/17 4266/8687/17 4265/8688/17 4264/8689/17
f  4258/8690/845 4268/8691/845 4263/8671/845 4262/8670/845
f  4269/8692/846 4250/8649/846 4245/8640/846 4270/8693/846
f  4271/8694/847 4249/8695/847 4250/8696/847 4269/8697/847
f  4272/8698/848 4248/8645/848 4249/8646/848 4271/8699/848
f  4273/8700/849 4247/8644/849 4248/8645/849 4272/8698/849
f  4274/8701/850 4246/8702/850 4247/8703/850 4273/8704/850
f  4270/8693/851 4245/8640/851 4246/8641/851 4274/8705/851
f  4261/8662/852 4270/8693/852 4274/8705/852 4255/8663/852
f  4255/8654/853 4274/8701/853 4273/8704/853 4256/8655/853
f  4256/8666/854 4273/8700/854 4272/8698/854 4251/8650/854
f  4251/8650/855 4272/8698/855 4271/8699/855 4252/8651/855
f  4252/8658/856 4271/8694/856 4269/8697/856 4259/8659/856
f  4259/8668/857 4269/8692/857 4270/8693/857 4261/8662/857
f  4275/8706/858 4276/8707/858 4277/8708/858 4278/8709/858
f  4278/8710/859 4277/8711/859 4279/8712/859 4280/8713/859
f  4280/8714/860 4279/8715/860 4281/8716/860 4282/8717/860
f  4282/8717/861 4281/8716/861 4283/8718/861 4284/8719/861
f  4284/8720/209 4283/8721/209 4285/8722/209 4286/8723/209
f  4286/8724/862 4285/8725/862 4276/8707/862 4275/8706/862
f  4282/8717/863 4284/8719/863 4287/8726/863 4288/8727/863
f  4278/8710/864 4280/8713/864 4289/8728/864 4290/8729/864
f  4284/8720/209 4286/8723/209 4291/8730/209 4287/8731/209
f  4275/8706/865 4278/8709/865 4290/8732/865 4292/8733/865
f  4280/8714/866 4282/8717/866 4288/8727/866 4289/8734/866
f  4286/8724/867 4275/8706/867 4292/8733/867 4291/8735/867
f  4292/8736/868 4293/8737/868 4294/8738/868 4291/8739/868
f  4287/8731/869 4291/8730/869 4294/8740/869 4295/8741/869
f  4288/8742/870 4296/8743/870 4297/8744/870 4289/8745/870
f  4287/8746/871 4295/8747/871 4296/8743/871 4288/8742/871
f  4289/8728/872 4297/8748/872 4298/8749/872 4290/8729/872
f  4290/8750/873 4298/8751/873 4293/8737/873 4292/8736/873
f  4299/8752/874 4300/8753/874 4277/8708/874 4276/8707/874
f  4300/8754/875 4301/8755/875 4279/8712/875 4277/8711/875
f  4301/8756/876 4302/8757/876 4281/8716/876 4279/8715/876
f  4302/8757/877 4303/8758/877 4283/8718/877 4281/8716/877
f  4303/8759/878 4304/8760/878 4285/8722/878 4283/8721/878
f  4304/8761/879 4299/8752/879 4276/8707/879 4285/8725/879
f  4302/8757/880 4305/8762/880 4306/8763/880 4303/8758/880
f  4300/8754/2 4307/8764/2 4308/8765/2 4301/8755/2
f  4303/8759/881 4306/8766/881 4309/8767/881 4304/8760/881
f  4299/8752/882 4310/8768/882 4307/8769/882 4300/8753/882
f  4301/8756/883 4308/8770/883 4305/8762/883 4302/8757/883
f  4304/8761/884 4309/8771/884 4310/8768/884 4299/8752/884
f  4310/8772/885 4309/8773/885 4311/8774/885 4312/8775/885
f  4306/8766/886 4313/8776/886 4311/8777/886 4309/8767/886
f  4305/8778/887 4308/8779/887 4314/54/887 4315/8780/887
f  4306/8781/888 4305/8778/888 4315/8780/888 4313/8782/888
f  4308/8765/2 4307/8764/2 4316/8783/2 4314/8784/2
f  4307/8785/889 4310/8772/889 4312/8775/889 4316/8786/889
f  4317/8787/890 4318/8788/890 4319/8789/890 4320/8790/890
f  4320/8791/891 4319/8792/891 4321/8793/891 4322/8794/891
f  4322/8795/892 4321/8796/892 4323/8797/892 4324/8798/892
f  4324/8798/893 4323/8797/893 4325/8799/893 4326/8800/893
f  4326/8801/894 4325/8802/894 4327/8803/894 4328/8804/894
f  4328/8805/862 4327/8806/862 4318/8788/862 4317/8787/862
f  4324/8798/895 4326/8800/895 4329/8807/895 4330/8808/895
f  4320/8791/896 4322/8794/896 4331/8809/896 4332/8810/896
f  4326/8801/897 4328/8804/897 4333/8811/897 4329/8812/897
f  4317/8787/898 4320/8790/898 4332/8813/898 4334/8814/898
f  4322/8795/899 4324/8798/899 4330/8808/899 4331/8815/899
f  4328/8805/867 4317/8787/867 4334/8814/867 4333/8816/867
f  4334/8817/900 4335/8818/900 4336/8819/900 4333/8820/900
f  4329/8812/260 4333/8811/260 4336/8821/260 4337/8822/260
f  4330/8823/901 4338/8824/901 4339/8825/901 4331/8826/901
f  4329/8827/902 4337/8678/902 4338/8824/902 4330/8823/902
f  4331/8809/30 4339/8828/30 4340/8829/30 4332/8810/30
f  4332/8830/903 4340/8831/903 4335/8818/903 4334/8817/903
f  4341/8832/904 4342/8833/904 4319/8789/904 4318/8788/904
f  4342/8834/2 4343/8835/2 4321/8793/2 4319/8792/2
f  4343/8836/905 4344/8837/905 4323/8797/905 4321/8796/905
f  4344/8837/906 4345/8838/906 4325/8799/906 4323/8797/906
f  4345/8839/209 4346/8840/209 4327/8803/209 4325/8802/209
f  4346/8841/907 4341/8832/907 4318/8788/907 4327/8806/907
f  4344/8837/908 4347/8842/908 4348/8843/908 4345/8838/908
f  4342/8834/909 4349/8844/909 4350/8845/909 4343/8835/909
f  4345/8839/910 4348/8846/910 4351/8847/910 4346/8840/910
f  4341/8832/882 4352/8848/882 4349/8849/882 4342/8833/882
f  4343/8836/911 4350/8850/911 4347/8842/911 4344/8837/911
f  4346/8841/912 4351/8851/912 4352/8848/912 4341/8832/912
f  4352/8852/885 4351/8853/885 4353/8854/885 4354/8855/885
f  4348/8846/886 4355/8856/886 4353/8857/886 4351/8847/886
f  4347/8858/913 4350/8859/913 4356/4595/913 4357/8860/913
f  4348/8861/888 4347/8858/888 4357/8860/888 4355/8862/888
f  4350/8845/2 4349/8844/2 4358/8863/2 4356/8864/2
f  4349/8865/889 4352/8852/889 4354/8855/889 4358/8866/889
f  4359/8867/2 4360/8868/2 4361/5353/2 4362/8869/2
f  4363/8870/209 4364/8871/209 4365/8872/209 4366/8873/209
f  4366/8874/4 4365/8875/4 4360/8876/4 4359/8877/4
f  4362/4700/17 4363/8878/17 4366/8201/17 4359/5426/17
f  4364/8879/16 4361/8880/16 4360/8881/16 4365/8882/16
f  4367/8883/4 4368/8884/4 4369/8885/4 4370/8886/4
f  4371/8887/24 4372/8888/24 4373/8889/24 4374/8890/24
f  4374/8891/209 4373/8892/209 4368/8893/209 4367/8894/209
f  4370/8895/17 4371/8896/17 4374/8897/17 4367/8898/17
f  4372/8899/16 4369/8900/16 4368/8220/16 4373/8901/16
f  4375/8902/2 4376/8903/2 4377/8904/2 4378/8905/2
f  4379/8906/209 4380/8907/209 4381/8908/209 4382/8909/209
f  4382/8910/4 4381/8911/4 4376/8912/4 4375/8913/4
f  4378/8878/17 4379/4700/17 4382/8117/17 4375/8116/17
f  4380/8914/16 4377/8282/16 4376/8915/16 4381/8916/16
f  4383/8917/4 4384/8918/4 4385/8919/4 4386/8920/4
f  4387/8921/24 4388/8922/24 4389/8923/24 4390/8924/24
f  4390/4032/209 4389/8925/209 4384/8926/209 4383/8927/209
f  4386/8928/17 4387/8929/17 4390/8930/17 4383/8931/17
f  4388/8932/914 4385/8933/914 4384/8934/914 4389/8935/914
f  4391/8936/4 4392/8937/4 4393/6532/4 4394/8938/4
f  4392/8939/209 4395/3724/209 4396/8940/209 4393/8941/209
f  4395/8942/24 4397/8943/24 4398/8944/24 4396/8945/24
f  4397/1202/2 4391/8946/2 4394/8509/2 4398/8947/2
f  4392/8948/17 4391/8949/17 4397/8950/17 4395/8951/17
f  4396/8952/16 4398/8953/16 4394/8954/16 4393/8955/16
f  4399/8956/2 4400/8957/2 4401/8958/2 4402/3710/2
f  4403/8959/209 4404/8960/209 4405/8961/209 4406/8962/209
f  4404/8963/25 4399/8964/25 4402/8965/25 4405/8966/25
f  4400/8967/17 4399/8407/17 4404/8406/17 4403/8968/17
f  4406/8969/16 4405/8970/16 4402/8971/16 4401/8972/16
f  4407/8973/2 4408/8974/2 4409/8975/2 4410/8976/2
f  4411/8977/209 4412/8978/209 4413/8979/209 4414/8980/209
f  4412/8981/24 4407/8982/24 4410/8983/24 4413/8984/24
f  4408/8985/17 4407/8492/17 4412/8491/17 4411/8986/17
f  4414/8987/16 4413/8988/16 4410/8989/16 4409/8990/16
f  4415/8991/2 4416/3666/2 4417/8992/2 4418/8993/2
f  4419/8994/209 4420/8995/209 4421/8996/209 4422/8997/209
f  4420/8998/25 4415/8999/25 4418/9000/25 4421/9001/25
f  4416/9002/17 4415/9003/17 4420/9004/17 4419/1263/17
f  4422/9005/16 4421/9006/16 4418/9007/16 4417/9008/16
f  4423/9009/6 4424/9010/6 4425/9011/6 4426/9012/6
f  4427/9013/10 4428/9014/10 4429/9015/10 4430/9016/10
f  4431/9017/915 4432/9018/915 4433/9019/915 4434/9020/915
f  4429/9021/209 4428/9022/209 4425/9023/209 4424/9024/209
f  4435/9025/23 4436/9026/23 4437/9027/23 4438/9028/23
f  4436/9029/916 4431/9030/916 4434/9031/916 4437/9032/916
f  4432/9033/17 4431/9034/17 4436/9035/17 4435/9036/17
f  4438/9037/16 4437/9038/16 4434/9039/16 4433/9040/16
f  4430/9041/4 4429/9042/4 4424/9043/4 4423/9044/4
f  4428/9045/24 4427/9046/24 4426/9047/24 4425/9048/24
f  4439/9049/789 4440/6168/789 4441/9050/789 4442/9051/789
f  4443/4464/2 4444/9052/2 4445/9053/2 4446/9054/2
f  4444/9055/4 4439/9056/4 4442/9057/4 4445/9058/4
f  4440/9059/917 4439/8153/917 4444/8152/917 4443/9060/917
f  4446/9061/918 4445/9062/918 4442/9063/918 4441/9064/918
f  4447/9065/209 4448/9066/209 4449/9067/209 4450/9068/209
f  4451/9069/16 4452/9070/16 4453/9071/16 4454/9072/16
f  4455/9073/919 4456/9074/919 4457/9075/919 4458/9076/919
f  4456/9077/920 4447/9078/920 4450/2894/920 4457/9079/920
f  4448/9080/921 4447/9081/921 4456/9082/921 4455/8286/921
f  4458/9083/922 4457/9084/922 4450/9085/922 4449/9086/922
f  4459/9087/923 4460/9088/923 4461/9089/923 4462/9090/923
f  4463/9091/17 4464/9092/17 4465/9093/17 4466/9094/17
f  4467/9095/924 4468/9096/924 4469/9097/924 4470/9098/924
f  4468/9099/925 4459/9100/925 4462/9101/925 4469/9102/925
f  4460/9103/926 4459/9104/926 4468/9105/926 4467/9083/926
f  4470/9106/927 4469/9107/927 4462/9108/927 4461/9109/927
f  4465/9110/23 4464/9111/23 4453/3425/23 4452/9112/23
f  4466/9113/2 4465/9114/2 4452/5101/2 4451/9115/2
f  4464/9116/209 4463/9117/209 4454/9118/209 4453/2694/209
f  4471/9119/16 4472/9120/16 4473/9121/16 4474/8119/16
f  4475/3546/17 4476/9122/17 4477/9123/17 4478/9005/17
f  4477/9124/2 4476/9125/2 4473/9126/2 4472/9127/2
f  4479/9128/4 4480/9129/4 4481/9130/4 4482/9131/4
f  4478/9132/24 4477/9133/24 4472/9134/24 4471/9135/24
f  4483/9136/928 4484/9137/928 4485/9138/928 4486/9139/928
f  4484/9140/2 4479/9141/2 4482/9142/2 4485/9143/2
f  4480/8822/17 4479/9144/17 4484/9145/17 4483/9146/17
f  4486/9147/16 4485/9148/16 4482/9149/16 4481/9150/16
f  4476/9151/4 4475/9152/4 4474/9153/4 4473/9154/4
f  4487/1196/4 4488/9155/4 4489/6873/4 4490/9156/4
f  4488/9157/209 4491/9158/209 4492/9159/209 4489/2609/209
f  4491/9160/24 4493/9161/24 4494/9162/24 4492/9163/24
f  4493/9164/2 4487/9165/2 4490/9166/2 4494/9167/2
f  4488/9168/17 4487/8224/17 4493/9169/17 4491/9170/17
f  4492/9171/16 4494/9172/16 4490/9173/16 4489/9174/16
f  4495/9175/929 4496/9176/929 4497/8905/929 4498/8904/929
f  4499/9177/930 4500/9178/930 4501/9179/930 4502/9180/930
f  4500/9181/25 4495/9182/25 4498/9183/25 4501/9184/25
f  4496/8968/931 4495/9185/931 4500/9186/931 4499/8967/931
f  4502/4801/932 4501/9187/932 4498/9188/932 4497/9189/932
f  4503/9190/2 4504/9191/2 4505/2912/2 4506/5379/2
f  4507/9192/16 4508/9193/16 4509/9194/16 4510/9195/16
f  4511/9196/933 4512/9197/933 4513/9198/933 4514/2707/933
f  4512/4523/25 4503/9199/25 4506/3742/25 4513/9200/25
f  4504/9201/934 4503/9202/934 4512/2937/934 4511/9203/934
f  4514/9204/16 4513/9205/16 4506/8437/16 4505/9206/16
f  4515/9207/2 4516/7052/2 4517/9208/2 4518/9209/2
f  4519/9210/17 4520/9211/17 4521/9212/17 4522/9213/17
f  4523/9214/209 4524/9215/209 4525/9216/209 4526/9217/209
f  4524/8366/25 4515/9218/25 4518/2524/25 4525/9219/25
f  4516/9220/17 4515/9221/17 4524/8009/17 4523/2105/17
f  4526/9222/16 4525/9223/16 4518/9224/16 4517/9225/16
f  4521/9226/24 4520/9227/24 4509/9228/24 4508/9229/24
f  4522/9230/209 4521/9231/209 4508/9232/209 4507/3765/209
f  4520/9233/2 4519/9234/2 4510/4289/2 4509/9235/2
f  4527/9236/16 4528/9237/16 4529/9238/16 4530/9239/16
f  4531/9240/17 4532/8880/17 4533/9241/17 4534/9242/17
f  4535/9243/17 4536/9244/17 4537/9245/17 4538/9246/17
f  4532/9247/24 4531/9248/24 4539/4101/24 4540/9249/24
f  4533/9250/209 4532/4167/209 4540/9251/209 4541/9252/209
f  4542/9253/16 4541/3335/16 4540/9254/16 4539/9255/16
f  4534/9256/935 4533/9257/935 4541/9258/935 4542/9259/935
f  4543/9260/936 4544/9261/936 4545/9262/936 4546/9263/936
f  4537/9264/209 4536/9265/209 4529/9266/209 4528/9267/209
f  4547/9268/23 4548/9269/23 4549/9270/23 4550/9271/23
f  4548/9272/209 4543/9273/209 4546/9274/209 4549/9275/209
f  4544/8345/17 4543/9276/17 4548/9277/17 4547/9278/17
f  4550/9279/16 4549/9280/16 4546/9281/16 4545/8177/16
f  4538/4728/4 4537/9282/4 4528/9283/4 4527/9284/4
f  4536/3563/24 4535/9285/24 4530/9286/24 4529/9287/24
f  4551/9288/937 4552/9289/937 4553/9290/937 4554/9291/937
f  4555/9292/30 4556/9293/30 4557/9294/30 4558/9295/30
f  4556/9296/938 4551/9297/938 4554/9298/938 4557/9299/938
f  4552/9300/939 4551/9301/939 4556/9302/939 4555/9303/939
f  4558/4422/940 4557/9304/940 4554/9305/940 4553/9306/940
f  4559/9307/209 4560/9308/209 4561/9309/209 4562/9310/209
f  4563/9311/16 4564/9312/16 4565/9313/16 4566/9314/16
f  4567/9315/919 4568/9316/919 4569/9317/919 4570/9318/919
f  4568/9319/941 4559/9320/941 4562/9321/941 4569/9322/941
f  4560/3011/942 4559/9323/942 4568/9324/942 4567/9325/942
f  4570/9326/16 4569/9327/16 4562/9328/16 4561/9329/16
f  4571/9330/943 4572/9331/943 4573/9332/943 4574/9333/943
f  4575/9334/17 4576/9335/17 4577/2871/17 4578/9336/17
f  4579/9337/944 4580/8111/944 4581/9338/944 4582/9339/944
f  4580/9340/945 4571/9341/945 4574/9342/945 4581/9343/945
f  4572/9344/946 4571/8246/946 4580/261/946 4579/9345/946
f  4582/9014/947 4581/9346/947 4574/2897/947 4573/9015/947
f  4577/9347/948 4576/9348/948 4565/9349/948 4564/9350/948
f  4578/9351/2 4577/9352/2 4564/9353/2 4563/9354/2
f  4576/9355/209 4575/9356/209 4566/9357/209 4565/9358/209
f  4583/9359/4 4584/9360/4 4585/9361/4 4586/9362/4
f  4587/3078/949 4588/9363/949 4589/9364/949 4590/9365/949
f  4588/9366/2 4583/8095/2 4586/9367/2 4589/9368/2
f  4584/9369/17 4583/9370/17 4588/9371/17 4587/9372/17
f  4590/9373/16 4589/9374/16 4586/9375/16 4585/6003/16
f  4591/9376/4 4592/9377/4 4593/9378/4 4594/9379/4
f  4595/9380/950 4596/9381/950 4597/9382/950 4598/9383/950
f  4596/9384/2 4591/9385/2 4594/9386/2 4597/9387/2
f  4592/8987/17 4591/8181/17 4596/9388/17 4595/8370/17
f  4598/9389/16 4597/9201/16 4594/9390/16 4593/4430/16
f  4599/9391/4 4600/9392/4 4601/9393/4 4602/9394/4
f  4603/6603/951 4604/9395/951 4605/9396/951 4606/9397/951
f  4604/9398/2 4599/4738/2 4602/9399/2 4605/9400/2
f  4600/8033/17 4599/9401/17 4604/9402/17 4603/9224/17
f  4606/9403/16 4605/9404/16 4602/9405/16 4601/9406/16
f  4607/6960/4 4608/9407/4 4609/9408/4 4610/9409/4
f  4611/5027/952 4612/9410/952 4613/9411/952 4614/9412/952
f  4612/9413/2 4607/9414/2 4610/167/2 4613/9415/2
f  4608/9416/17 4607/9417/17 4612/9418/17 4611/9419/17
f  4614/9420/16 4613/9421/16 4610/9422/16 4609/3175/16
f  4615/9423/16 4616/9424/16 4617/9425/16 4618/9426/16
f  4619/9427/798 4620/9428/798 4621/9429/798 4622/8431/798
f  4621/9430/2 4620/9431/2 4617/8138/2 4616/3790/2
f  4622/9432/24 4621/9433/24 4616/9434/24 4615/9435/24
f  4620/5672/4 4619/9436/4 4618/9437/4 4617/9438/4
f  4623/9439/24 4624/9440/24 4625/9441/24 4626/9442/24
f  4627/9443/953 4628/9444/953 4629/9445/953 4630/9446/953
f  4630/9447/2 4629/8104/2 4624/3114/2 4623/1993/2
f  4626/9448/17 4627/9449/17 4630/9450/17 4623/9451/17
f  4628/9452/16 4625/8371/16 4624/9453/16 4629/9454/16
f  4631/9455/954 4632/9456/954 4633/9457/954 4634/9458/954
f  4632/9459/209 4635/9460/209 4636/9461/209 4633/8321/209
f  4635/8147/24 4637/9462/24 4638/9463/24 4636/9464/24
f  4637/9465/2 4631/4993/2 4634/9466/2 4638/9467/2
f  4632/9468/17 4631/9469/17 4637/9470/17 4635/9471/17
f  4636/9472/16 4638/9324/16 4634/9473/16 4633/4354/16
f  4639/9474/955 4640/9475/955 4641/9476/955 4642/9477/955
f  4642/9478/956 4641/9479/956 4643/9480/956 4644/9481/956
f  4644/9482/860 4643/9483/860 4645/9484/860 4646/9485/860
f  4646/9485/861 4645/9484/861 4647/9486/861 4648/9487/861
f  4648/9488/209 4647/9489/209 4649/9490/209 4650/9491/209
f  4650/9492/862 4649/9493/862 4640/9475/862 4639/9474/862
f  4646/9485/957 4648/9487/957 4651/9494/957 4652/9495/957
f  4642/9478/958 4644/9481/958 4653/9496/958 4654/9497/958
f  4648/9488/897 4650/9491/897 4655/9498/897 4651/9499/897
f  4639/9474/959 4642/9477/959 4654/9500/959 4656/9501/959
f  4644/9482/960 4646/9485/960 4652/9495/960 4653/9502/960
f  4650/9492/961 4639/9474/961 4656/9501/961 4655/9503/961
f  4656/9504/868 4657/9505/868 4658/9506/868 4655/9507/868
f  4651/9499/260 4655/9498/260 4658/9508/260 4659/9509/260
f  4652/9510/901 4660/9511/901 4661/9512/901 4653/9513/901
f  4651/9514/962 4659/9515/962 4660/9511/962 4652/9510/962
f  4653/9496/963 4661/9516/963 4662/9517/963 4654/9497/963
f  4654/9518/964 4662/9519/964 4657/9505/964 4656/9504/964
f  4663/9520/904 4664/9521/904 4641/9476/904 4640/9475/904
f  4664/9522/2 4665/9523/2 4643/9480/2 4641/9479/2
f  4665/9524/965 4666/9525/965 4645/9484/965 4643/9483/965
f  4666/9525/966 4667/9526/966 4647/9486/966 4645/9484/966
f  4667/9527/878 4668/9528/878 4649/9490/878 4647/9489/878
f  4668/9529/967 4663/9520/967 4640/9475/967 4649/9493/967
f  4666/9525/968 4669/9530/968 4670/9531/968 4667/9526/968
f  4664/9522/969 4671/9532/969 4672/9533/969 4665/9523/969
f  4667/9527/970 4670/9534/970 4673/9535/970 4668/9528/970
f  4663/9520/971 4674/9536/971 4671/9537/971 4664/9521/971
f  4665/9524/972 4672/9538/972 4669/9530/972 4666/9525/972
f  4668/9529/973 4673/9539/973 4674/9536/973 4663/9520/973
f  4674/9540/974 4673/9541/974 4675/9542/974 4676/9543/974
f  4670/9534/975 4677/9544/975 4675/9545/975 4673/9535/975
f  4669/9546/976 4672/9547/976 4678/8091/976 4679/9548/976
f  4670/9549/977 4669/9546/977 4679/9548/977 4677/9550/977
f  4672/9533/978 4671/9532/978 4680/9551/978 4678/9552/978
f  4671/9553/889 4674/9540/889 4676/9543/889 4680/9554/889
f  4681/9555/979 4682/9556/979 4683/9557/979 4684/9558/979
f  4684/9559/891 4683/9560/891 4685/9561/891 4686/9562/891
f  4686/9563/980 4685/9564/980 4687/9565/980 4688/9566/980
f  4688/9566/981 4687/9565/981 4689/9567/981 4690/9568/981
f  4690/9569/894 4689/9570/894 4691/9571/894 4692/9572/894
f  4692/9573/982 4691/9574/982 4682/9556/982 4681/9555/982
f  4688/9566/983 4690/9568/983 4693/9575/983 4694/9576/983
f  4684/9559/984 4686/9562/984 4695/9577/984 4696/9578/984
f  4690/9569/209 4692/9572/209 4697/9579/209 4693/9580/209
f  4681/9555/985 4684/9558/985 4696/9581/985 4698/9582/985
f  4686/9563/986 4688/9566/986 4694/9576/986 4695/9583/986
f  4692/9573/987 4681/9555/987 4698/9582/987 4697/9584/987
f  4698/9585/988 4699/9586/988 4700/9587/988 4697/9588/988
f  4693/9580/260 4697/9579/260 4700/9589/260 4701/9590/260
f  4694/9591/901 4702/9592/901 4703/9593/901 4695/9594/901
f  4693/9595/989 4701/9596/989 4702/9592/989 4694/9591/989
f  4695/9577/990 4703/9597/990 4704/9598/990 4696/9578/990
f  4696/9599/991 4704/9600/991 4699/9586/991 4698/9585/991
f  4705/9601/992 4706/9602/992 4683/9557/992 4682/9556/992
f  4706/9603/2 4707/9604/2 4685/9561/2 4683/9560/2
f  4707/9605/905 4708/9606/905 4687/9565/905 4685/9564/905
f  4708/9606/993 4709/9607/993 4689/9567/993 4687/9565/993
f  4709/9608/209 4710/9609/209 4691/9571/209 4689/9570/209
f  4710/9610/907 4705/9601/907 4682/9556/907 4691/9574/907
f  4708/9606/994 4711/9611/994 4712/9612/994 4709/9607/994
f  4706/9603/30 4713/9613/30 4714/9614/30 4707/9604/30
f  4709/9608/995 4712/9615/995 4715/9616/995 4710/9609/995
f  4705/9601/996 4716/9617/996 4713/9515/996 4706/9602/996
f  4707/9605/997 4714/9618/997 4711/9611/997 4708/9606/997
f  4710/9610/998 4715/8747/998 4716/9617/998 4705/9601/998
f  4716/9619/999 4715/9620/999 4717/9621/999 4718/9622/999
f  4712/9615/209 4719/9623/209 4717/9624/209 4715/9616/209
f  4711/9625/976 4714/9626/976 4720/4573/976 4721/9627/976
f  4712/9628/1000 4711/9625/1000 4721/9627/1000 4719/9629/1000
f  4714/9614/2 4713/9613/2 4722/9630/2 4720/9631/2
f  4713/9632/889 4716/9619/889 4718/9622/889 4722/9633/889

# Mesh 'Cube.024' with 46 faces
g Cube.024
usemtl Main
f  4723/9634/260 4724/9635/260 4725/9636/260 4726/9637/260
f  4727/9638/1001 4728/9639/1001 4729/9640/1001 4730/9641/1001
f  4731/9642/2 4732/9643/2 4733/9644/2 4734/9645/2
f  4730/9641/1002 4729/9640/1002 4735/9646/1002 4725/9647/1002
f  4734/9648/1003 4733/9649/1003 4728/9639/1003 4727/9638/1003
f  4726/9637/1004 4725/9636/1004 4735/9650/1004 4736/9651/1004
f  4737/9652/2 4738/9653/2 4739/9654/2 4740/9655/2
f  4737/9656/1005 4741/9657/1005 2243/9658/1005 2246/9659/1005
f  4742/9660/1006 4734/9648/1006 4727/9638/1006 4743/9661/1006
f  4744/9662/1007 4730/9641/1007 4725/9647/1007 4724/9663/1007
f  4745/9664/2 4731/9642/2 4734/9645/2 4742/9665/2
f  4743/9661/1008 4727/9638/1008 4730/9641/1008 4744/9662/1008
f  2246/9666/17 2245/1347/17 4738/969/17 4737/9667/17
f  4741/9668/2 4737/9652/2 4746/9669/2 4747/9670/2
f  4737/9652/30 4740/9655/30 4748/9671/30 4746/9669/30
f  4746/9669/2 4748/9671/2 4732/9643/2 4731/9642/2
f  4746/9669/2 4731/9642/2 4745/9664/2 4747/9670/2
f  4749/9672/1009 4750/9673/1009 4751/9674/1009 4752/9675/1009
f  4753/9676/2 4754/9677/2 4755/9678/2 4756/9679/2
f  4750/9680/1010 4726/9637/1010 4736/9651/1010 4751/9681/1010
f  4754/9677/1011 4749/9682/1011 4752/9683/1011 4755/9678/1011
f  4738/9684/1012 2245/9685/1012 2244/9686/1012 4757/9687/1012
f  4758/9688/1013 4759/9689/1013 4749/9682/1013 4754/9677/1013
f  4760/9690/1014 4723/9634/1014 4726/9637/1014 4750/9680/1014
f  4761/9691/2 4758/9688/2 4754/9677/2 4753/9676/2
f  4759/9692/4 4760/9693/4 4750/9673/4 4749/9672/4
f  4757/9694/2 4762/9695/2 4763/9696/2 4738/9653/2
f  4738/9653/2 4763/9696/2 4764/9697/2 4739/9654/2
f  4763/9696/2 4753/9676/2 4756/9679/2 4764/9697/2
f  4763/9696/2 4762/9695/2 4761/9691/2 4753/9676/2
f  4765/9698/2 4766/9699/2 4767/9700/2 4768/359/2
f  4769/9701/16 4768/9702/16 4767/9703/16 4770/9704/16
f  4771/9705/209 4772/9706/209 4773/4598/209 4774/9707/209
f  4775/9708/4 4770/9709/4 4767/9710/4 4766/9711/4
f  4776/9712/1015 4777/4886/1015 4778/9713/1015 4779/9714/1015
f  4772/9715/16 4779/5427/16 4778/9716/16 4773/9717/16
f  4780/9718/209 4781/9719/209 4782/9720/209 4783/9721/209
f  4774/9722/1016 4773/9723/1016 4778/9724/1016 4777/9725/1016
f  4784/8346/1017 4785/9726/1017 4786/9720/1017 4787/9727/1017
f  4781/9728/1018 4787/9714/1018 4786/9729/1018 4782/9730/1018
f  4783/9731/23 4782/9732/23 4786/9733/23 4785/9734/23
f  4788/9735/24 4765/9736/24 4768/9737/24 4769/9738/24
f  4771/8479/1019 4776/9739/1019 4779/9740/1019 4772/9741/1019
f  4780/9742/24 4784/9743/24 4787/9744/24 4781/7196/24
f  4788/9745/209 4769/9746/209 4770/9747/209 4775/9748/209
f  4751/9749/16 4736/9750/16 4735/9751/16 4729/9752/16 4728/9753/16 4733/9754/16 4732/9755/16 4748/9756/16 4740/9757/16 4739/9758/16 4764/9759/16 4756/9760/16 4755/9761/16 4752/9762/16

# Mesh 'Cube.024' with 60 faces
g Cube.024
usemtl Black
f  4789/9763/1020 4790/9764/1020 4791/9765/1020 4792/9766/1020
f  4792/9767/1021 4791/9768/1021 4793/9769/1021 4794/9770/1021
f  4794/9770/1022 4793/9769/1022 4795/9771/1022 4796/9772/1022
f  4796/9773/1023 4795/9774/1023 4797/9775/1023 4798/9776/1023
f  4798/9776/1024 4797/9775/1024 4799/9777/1024 4800/9778/1024
f  4800/9779/1025 4799/9780/1025 4801/9781/1025 4802/9782/1025
f  4791/9783/30 4790/9784/30 4803/9785/30 4801/9786/30 4799/9787/30 4797/9788/30 4795/9789/30 4793/9790/30
f  4802/9782/1026 4801/9781/1026 4803/9791/1026 4804/9792/1026
f  4804/9793/1027 4803/9794/1027 4790/9764/1027 4789/9763/1027
f  4789/9795/209 4792/9796/209 4794/9797/209 4796/9798/209 4798/9799/209 4800/9800/209 4802/9801/209 4804/9802/209
f  4805/9803/1020 4806/9804/1020 4807/9805/1020 4808/9806/1020
f  4808/9807/1028 4807/9808/1028 4809/9809/1028 4810/9810/1028
f  4810/9810/1029 4809/9809/1029 4811/9811/1029 4812/9812/1029
f  4812/9813/1030 4811/9814/1030 4813/9815/1030 4814/9816/1030
f  4814/9816/1031 4813/9815/1031 4815/9817/1031 4816/9818/1031
f  4816/9819/1025 4815/9820/1025 4817/9821/1025 4818/9822/1025
f  4807/9823/2 4806/9824/2 4819/9825/2 4817/9826/2 4815/9827/2 4813/9828/2 4811/9829/2 4809/9830/2
f  4818/9822/1032 4817/9821/1032 4819/9831/1032 4820/9832/1032
f  4820/9833/1033 4819/9834/1033 4806/9804/1033 4805/9803/1033
f  4805/9835/209 4808/9836/209 4810/9837/209 4812/9838/209 4814/9839/209 4816/9840/209 4818/9841/209 4820/9842/209
f  4821/9843/1020 4822/9844/1020 4823/9845/1020 4824/9846/1020
f  4824/9847/1034 4823/9848/1034 4825/9849/1034 4826/9850/1034
f  4826/9850/1035 4825/9849/1035 4827/9851/1035 4828/9852/1035
f  4828/9853/1036 4827/9854/1036 4829/9855/1036 4830/9856/1036
f  4830/9856/1024 4829/9855/1024 4831/9857/1024 4832/9858/1024
f  4832/9859/1025 4831/9860/1025 4833/9861/1025 4834/9862/1025
f  4823/9863/1037 4822/9864/1037 4835/9865/1037 4833/9866/1037 4831/9867/1037 4829/9868/1037 4827/9869/1037 4825/9870/1037
f  4834/9862/1032 4833/9861/1032 4835/9871/1032 4836/9872/1032
f  4836/9873/1038 4835/9874/1038 4822/9844/1038 4821/9843/1038
f  4821/9875/1039 4824/9876/1039 4826/9877/1039 4828/9878/1039 4830/9879/1039 4832/9880/1039 4834/9881/1039 4836/9882/1039
f  4837/9883/1040 4838/9884/1040 4839/9885/1040 4840/9886/1040
f  4840/9887/1021 4839/9888/1021 4841/9889/1021 4842/9890/1021
f  4842/9890/1022 4841/9889/1022 4843/9891/1022 4844/9892/1022
f  4844/9893/1023 4843/9894/1023 4845/9895/1023 4846/9896/1023
f  4846/9896/1041 4845/9895/1041 4847/9897/1041 4848/9898/1041
f  4848/9899/1025 4847/9900/1025 4849/9901/1025 4850/9902/1025
f  4839/9903/1042 4838/9904/1042 4851/9905/1042 4849/9906/1042 4847/9907/1042 4845/9908/1042 4843/9909/1042 4841/9910/1042
f  4850/9902/1043 4849/9901/1043 4851/9911/1043 4852/9912/1043
f  4852/9913/1027 4851/9914/1027 4838/9884/1027 4837/9883/1027
f  4837/9915/209 4840/9916/209 4842/9917/209 4844/9918/209 4846/9919/209 4848/9920/209 4850/9921/209 4852/9922/209
f  4853/9923/1040 4854/9924/1040 4855/9925/1040 4856/9926/1040
f  4856/9927/1044 4855/9928/1044 4857/9929/1044 4858/9930/1044
f  4858/9930/1045 4857/9929/1045 4859/9931/1045 4860/9932/1045
f  4860/9933/1030 4859/9934/1030 4861/9935/1030 4862/9936/1030
f  4862/9936/1031 4861/9935/1031 4863/9774/1031 4864/9937/1031
f  4864/9938/1025 4863/9939/1025 4865/9940/1025 4866/9941/1025
f  4855/9942/1046 4854/9943/1046 4867/9944/1046 4865/9945/1046 4863/9946/1046 4861/9947/1046 4859/9948/1046 4857/9949/1046
f  4866/9941/1032 4865/9940/1032 4867/9950/1032 4868/9951/1032
f  4868/9952/1047 4867/9953/1047 4854/9924/1047 4853/9923/1047
f  4853/9954/209 4856/9955/209 4858/9956/209 4860/9957/209 4862/9958/209 4864/9959/209 4866/9960/209 4868/9961/209
f  4869/9962/1020 4870/9963/1020 4871/9964/1020 4872/9965/1020
f  4872/3903/1048 4871/9966/1048 4873/9967/1048 4874/9968/1048
f  4874/9968/1049 4873/9967/1049 4875/9969/1049 4876/9970/1049
f  4876/9971/1050 4875/9972/1050 4877/9973/1050 4878/9974/1050
f  4878/9974/1041 4877/9973/1041 4879/9975/1041 4880/9976/1041
f  4880/9977/1051 4879/9978/1051 4881/9979/1051 4882/9980/1051
f  4871/9981/2 4870/9982/2 4883/9983/2 4881/9984/2 4879/9985/2 4877/9986/2 4875/9987/2 4873/9988/2
f  4882/9980/1032 4881/9979/1032 4883/9989/1032 4884/9990/1032
f  4884/9991/1052 4883/9992/1052 4870/9963/1052 4869/9962/1052
f  4869/9993/1053 4872/9994/1053 4874/9995/1053 4876/9996/1053 4878/9997/1053 4880/9998/1053 4882/9999/1053 4884/10000/1053

