# File produced by Open Asset Import Library (http://www.assimp.sf.net)
# (assimp v5.3.0)

mtllib 6Story_Stack_Mat.mtl

# 4328 vertex positions
v 1.016168 0.568107 1.009521
v 1.016168 0.708389 1.009521
v 0.875887 0.708389 1.009521
v 0.875887 0.568107 1.009521
v 0.875887 0.568107 0.764012
v 0.875887 0.708389 0.764012
v 1.016168 0.708389 0.764012
v 1.016168 0.568107 0.764012
v 0.769726 2.712570 1.006536
v 0.769726 2.852851 1.006536
v 0.769726 2.852851 0.866255
v 0.769726 2.712570 0.866255
v 1.015235 2.852851 0.866255
v 1.015235 2.712570 0.866255
v 1.015235 2.852851 1.006536
v 1.015235 2.712570 1.006536
v 1.016168 0.681610 0.529003
v 1.016168 0.821892 0.529003
v 0.875887 0.821892 0.529003
v 0.875887 0.681610 0.529003
v 0.875887 0.681610 0.283494
v 0.875887 0.821892 0.283494
v 1.016168 0.821892 0.283494
v 1.016168 0.681610 0.283494
v 1.016168 3.376653 -0.140261
v 1.016168 3.516935 -0.140261
v 0.875887 3.516935 -0.140261
v 0.875887 3.376653 -0.140261
v 0.875887 3.376653 -0.351059
v 0.875887 3.516935 -0.351059
v 1.016168 3.516935 -0.351059
v 1.016168 3.376653 -0.351059
v 1.016168 3.533728 -0.010268
v 1.016168 3.674009 -0.010268
v 0.875887 3.674009 -0.010268
v 0.875887 3.533728 -0.010268
v 0.875887 2.999083 0.764012
v 0.875887 2.999084 1.009521
v 1.016168 2.999084 1.009521
v 1.016168 2.999083 0.764012
v 0.875887 3.533728 -0.255777
v 0.875887 3.674009 -0.255777
v 1.016168 3.674009 -0.255777
v 1.016168 3.533728 -0.255777
v 1.016168 2.804386 -0.382650
v 1.016168 2.944668 -0.382650
v 0.875887 2.944668 -0.382650
v 0.875887 2.804386 -0.382650
v 0.875887 2.858802 1.009521
v 0.875887 2.858802 0.764012
v 1.016168 2.858802 0.764012
v 1.016168 2.858802 1.009521
v 0.875887 2.804386 -0.628159
v 0.875887 2.944668 -0.628159
v 1.016168 2.944668 -0.628159
v 1.016168 2.804386 -0.628159
v 1.016168 0.515269 0.117730
v 1.016168 0.655551 0.117730
v 0.875887 0.655551 0.117730
v 0.875887 0.515269 0.117730
v 0.875887 0.515269 -0.127779
v 0.875887 0.655551 -0.127779
v 1.016168 0.655551 -0.127779
v 1.016168 0.515269 -0.127779
v 1.016168 1.252479 -0.508140
v 1.016168 1.392760 -0.508140
v 0.875887 1.392760 -0.508140
v 0.875887 1.252479 -0.508140
v 0.875887 1.252478 -0.753649
v 0.875887 1.392760 -0.753649
v 1.016168 1.392760 -0.753649
v 1.016168 1.252478 -0.753649
v -0.095273 0.621905 -1.016168
v -0.095273 0.762187 -1.016168
v -0.095273 0.762187 -0.875887
v -0.095273 0.621905 -0.875887
v -0.340782 0.621905 -0.875887
v -0.340782 0.762187 -0.875887
v -0.340782 0.762187 -1.016168
v -0.340782 0.621905 -1.016168
v 1.006537 0.778116 -0.769726
v 1.006537 0.918397 -0.769726
v 0.866255 0.918397 -0.769726
v 0.866255 0.778116 -0.769726
v 0.866255 0.918397 -1.015235
v 0.866255 0.778116 -1.015235
v 1.006537 0.918397 -1.015235
v 1.006537 0.778116 -1.015235
v -0.599135 1.150001 -1.016168
v -0.599135 1.290282 -1.016168
v -0.599135 1.290282 -0.875887
v -0.599135 1.150001 -0.875887
v -0.844644 1.150001 -0.875887
v -0.844644 1.290282 -0.875887
v -0.844644 1.290282 -1.016168
v -0.844644 1.150001 -1.016168
v 0.764012 3.063944 -0.875887
v 1.009521 3.063944 -0.875887
v 1.009521 3.063944 -1.016169
v 0.764012 3.063944 -1.016169
v 0.788969 2.754170 -0.875887
v 0.543460 2.754170 -0.875887
v 0.543460 2.754170 -1.016169
v 0.788969 2.754170 -1.016169
v 1.009521 2.923663 -0.875887
v 0.764012 2.923663 -0.875887
v 0.764012 2.923663 -1.016168
v 1.009521 2.923663 -1.016168
v 0.788969 2.894451 -1.016169
v 0.788969 2.894452 -0.875887
v 0.543460 2.894451 -1.016169
v 0.543460 2.894452 -0.875887
v -0.231905 3.468869 -1.016169
v -0.231905 3.609151 -1.016169
v -0.231905 3.609151 -0.875887
v -0.231905 3.468869 -0.875887
v -0.477414 3.468869 -0.875887
v -0.477414 3.609151 -0.875887
v -0.477414 3.609151 -1.016169
v -0.477414 3.468869 -1.016169
v -1.016168 0.779815 -1.009521
v -1.016168 0.920096 -1.009521
v -0.875887 0.920096 -1.009521
v -0.875887 0.779815 -1.009521
v -0.875887 0.779815 -0.764012
v -0.875887 0.920096 -0.764012
v -1.016168 0.920096 -0.764013
v -1.016168 0.779815 -0.764013
v -1.016168 0.967346 -0.529003
v -1.016168 1.107628 -0.529003
v -0.875887 1.107628 -0.529003
v -0.875887 0.967346 -0.529003
v -0.875887 0.967346 -0.283494
v -0.875887 1.107628 -0.283494
v -1.016168 1.107628 -0.283494
v -1.016168 0.967346 -0.283494
v -1.016168 3.298638 -0.387037
v -1.016168 3.438920 -0.387038
v -0.875887 3.438920 -0.387038
v -0.875887 3.298638 -0.387037
v -0.875887 3.298638 -0.176240
v -0.875887 3.438920 -0.176240
v -1.016168 3.438920 -0.176240
v -1.016168 3.298638 -0.176240
v -0.875887 2.910355 -0.764013
v -0.875887 2.910355 -1.009522
v -1.016168 2.910355 -1.009522
v -1.016168 2.910355 -0.764013
v -1.016168 3.103795 0.468331
v -1.016168 3.244076 0.468331
v -0.875887 3.244076 0.468331
v -0.875887 3.103795 0.468332
v -0.875887 2.770074 -1.009522
v -0.875887 2.770074 -0.764013
v -1.016168 2.770074 -0.764013
v -1.016168 2.770074 -1.009522
v -0.875887 3.103795 0.713840
v -0.875887 3.244076 0.713840
v -1.016168 3.244076 0.713840
v -1.016168 3.103795 0.713840
v -1.016168 0.515269 -0.117730
v -1.016168 0.655551 -0.117730
v -0.875887 0.655551 -0.117730
v -0.875887 0.515269 -0.117730
v -0.875887 0.515269 0.127779
v -0.875887 0.655551 0.127779
v -1.016168 0.655551 0.127779
v -1.016168 0.515269 0.127779
v -1.016168 2.807726 -0.387037
v -1.016168 2.948008 -0.387037
v -0.875887 2.948008 -0.387037
v -0.875887 2.807726 -0.387037
v -0.875887 2.807726 -0.141528
v -0.875887 2.948008 -0.141528
v -1.016168 2.948008 -0.141528
v -1.016168 2.807726 -0.141528
v -1.009521 3.392482 1.016167
v -1.009521 3.532763 1.016167
v -1.009521 3.532763 0.875886
v -1.009521 3.392481 0.875886
v -0.764012 3.392481 0.875886
v -0.764012 3.532763 0.875886
v -0.764012 3.532763 1.016167
v -0.764012 3.392482 1.016167
v -1.006537 3.548691 0.769725
v -1.006537 3.688973 0.769725
v -0.866255 3.688973 0.769725
v -0.866255 3.548691 0.769725
v -0.866255 3.688974 1.015234
v -0.866255 3.548692 1.015234
v -1.006537 3.688974 1.015234
v -1.006537 3.548692 1.015234
v -0.764012 1.086920 0.875887
v -1.009521 1.086920 0.875886
v -1.009521 1.086920 1.016168
v -0.764012 1.086920 1.016168
v -1.009521 0.946639 0.875886
v -0.764012 0.946639 0.875887
v -0.764012 0.946639 1.016168
v -1.009521 0.946639 1.016168
v 0.593532 3.537495 1.016168
v 0.593532 3.677777 1.016168
v 0.593532 3.677776 0.875886
v 0.593532 3.537495 0.875886
v 0.839041 3.537495 0.875886
v 0.839041 3.677776 0.875886
v 0.839041 3.677777 1.016168
v 0.839041 3.537495 1.016168
v -1.016168 0.474818 -1.009521
v -1.016168 0.615099 -1.009521
v -0.875887 0.615099 -1.009521
v -0.875887 0.474818 -1.009521
v -0.875887 0.474818 -0.764012
v -0.875887 0.615099 -0.764012
v -1.016168 0.615099 -0.764012
v -1.016168 0.474818 -0.764012
v 0.788969 3.296497 -0.875887
v 0.543461 3.296497 -0.875887
v 0.543461 3.296497 -1.016169
v 0.788969 3.296497 -1.016169
v 0.788969 3.436779 -1.016169
v 0.788969 3.436779 -0.875887
v 0.543461 3.436779 -1.016169
v 0.543461 3.436779 -0.875887
v 0.769726 1.513912 1.006536
v 0.769726 1.654193 1.006536
v 0.769726 1.654193 0.866255
v 0.769726 1.513912 0.866255
v 1.015235 1.654193 0.866255
v 1.015235 1.513912 0.866255
v 1.015235 1.654193 1.006536
v 1.015235 1.513912 1.006536
v 1.016168 2.177995 -0.140261
v 1.016168 2.318277 -0.140261
v 0.875887 2.318277 -0.140261
v 0.875887 2.177995 -0.140261
v 0.875887 2.177995 -0.351058
v 0.875887 2.318277 -0.351058
v 1.016168 2.318277 -0.351058
v 1.016168 2.177995 -0.351058
v 1.016168 2.335070 -0.010268
v 1.016168 2.475351 -0.010268
v 0.875887 2.475351 -0.010268
v 0.875887 2.335070 -0.010268
v 0.875887 1.800425 0.764012
v 0.875887 1.800425 1.009521
v 1.016168 1.800425 1.009521
v 1.016168 1.800425 0.764012
v 0.875887 2.335070 -0.255777
v 0.875887 2.475351 -0.255777
v 1.016168 2.475351 -0.255777
v 1.016168 2.335070 -0.255777
v 1.016168 1.605728 -0.382650
v 1.016168 1.746010 -0.382650
v 0.875887 1.746010 -0.382650
v 0.875887 1.605728 -0.382650
v 0.875887 1.660144 1.009521
v 0.875887 1.660144 0.764012
v 1.016168 1.660144 0.764012
v 1.016168 1.660144 1.009521
v 0.875887 1.605728 -0.628159
v 0.875887 1.746010 -0.628159
v 1.016168 1.746010 -0.628159
v 1.016168 1.605728 -0.628159
v 0.764012 1.556069 -0.875887
v 1.009521 1.556069 -0.875887
v 1.009521 1.556069 -1.016168
v 0.764012 1.556069 -1.016168
v 1.009521 1.415788 -0.875887
v 0.764012 1.415788 -0.875887
v 0.764012 1.415788 -1.016168
v 1.009521 1.415788 -1.016168
v -0.231905 2.270211 -1.016169
v -0.231905 2.410493 -1.016169
v -0.231905 2.410493 -0.875887
v -0.231905 2.270211 -0.875887
v -0.477414 2.270211 -0.875887
v -0.477414 2.410493 -0.875887
v -0.477414 2.410493 -1.016169
v -0.477414 2.270211 -1.016169
v -1.016168 1.899858 -0.387037
v -1.016168 2.040139 -0.387037
v -0.875887 2.040139 -0.387037
v -0.875887 1.899858 -0.387037
v -0.875887 1.899858 -0.176240
v -0.875887 2.040139 -0.176240
v -1.016168 2.040139 -0.176240
v -1.016168 1.899858 -0.176240
v -0.875887 2.259140 -0.764013
v -0.875887 2.259140 -1.009522
v -1.016168 2.259140 -1.009522
v -1.016168 2.259140 -0.764013
v -1.016168 1.730030 0.468332
v -1.016168 1.870311 0.468332
v -0.875887 1.870311 0.468332
v -0.875887 1.730030 0.468332
v -0.875887 2.118859 -1.009522
v -0.875887 2.118859 -0.764013
v -1.016168 2.118859 -0.764013
v -1.016168 2.118859 -1.009522
v -0.875887 1.730030 0.713841
v -0.875887 1.870311 0.713841
v -1.016168 1.870311 0.713841
v -1.016168 1.730030 0.713841
v -0.875887 2.045780 -0.494100
v -0.875887 2.045780 -0.283302
v -1.016168 2.045780 -0.283302
v -1.016168 2.045780 -0.494100
v -1.016168 2.186061 -0.494100
v -0.875887 2.186061 -0.494100
v -1.016168 2.186062 -0.283302
v -0.875887 2.186062 -0.283302
v -1.009521 2.193824 1.016168
v -1.009521 2.334105 1.016168
v -1.009521 2.334105 0.875886
v -1.009521 2.193824 0.875886
v -0.764012 2.193824 0.875886
v -0.764012 2.334105 0.875886
v -0.764012 2.334105 1.016168
v -0.764012 2.193824 1.016168
v -1.006537 2.350034 0.769725
v -1.006537 2.490316 0.769725
v -0.866255 2.490316 0.769725
v -0.866255 2.350034 0.769725
v -0.866255 2.490316 1.015234
v -0.866255 2.350034 1.015234
v -1.006537 2.490316 1.015234
v -1.006537 2.350034 1.015234
v 0.593532 2.338837 1.016168
v 0.593532 2.479118 1.016168
v 0.593532 2.479118 0.875886
v 0.593532 2.338837 0.875886
v 0.839041 2.338837 0.875886
v 0.839041 2.479118 0.875886
v 0.839041 2.479118 1.016168
v 0.839041 2.338837 1.016168
v 0.788969 2.097839 -0.875887
v 0.543461 2.097839 -0.875887
v 0.543461 2.097839 -1.016169
v 0.788969 2.097839 -1.016169
v 0.788969 2.238121 -1.016169
v 0.788969 2.238121 -0.875887
v 0.543461 2.238121 -1.016169
v 0.543461 2.238121 -0.875887
v -1.009521 1.419261 1.016168
v -1.009521 1.559543 1.016168
v -1.009521 1.559543 0.875886
v -1.009521 1.419261 0.875886
v -0.764012 1.419261 0.875886
v -0.764012 1.559543 0.875886
v -0.764012 1.559543 1.016168
v -0.764012 1.419261 1.016168
v -1.006537 1.575472 0.769725
v -1.006537 1.715754 0.769725
v -0.866255 1.715754 0.769725
v -0.866255 1.575472 0.769725
v -0.866255 1.715754 1.015234
v -0.866255 1.575472 1.015234
v -1.006537 1.715754 1.015234
v -1.006537 1.575472 1.015234
v -0.875887 1.550923 -0.764013
v -0.875887 1.550923 -1.009522
v -1.016168 1.550923 -1.009522
v -1.016168 1.550923 -0.764013
v -0.875887 1.410642 -1.009522
v -0.875887 1.410642 -0.764013
v -1.016168 1.410642 -0.764013
v -1.016168 1.410642 -1.009522
v 0.920848 4.319594 0.888633
v 0.920848 4.459875 0.888633
v 0.780567 4.459875 0.888633
v 0.780567 4.319594 0.888633
v 0.780567 4.319594 0.643124
v 0.780567 4.459875 0.643124
v 0.920848 4.459875 0.643124
v 0.920848 4.319594 0.643124
v 0.674406 6.464056 0.885648
v 0.674406 6.604337 0.885648
v 0.674406 6.604337 0.745366
v 0.674406 6.464056 0.745366
v 0.919915 6.604337 0.745366
v 0.919915 6.464056 0.745366
v 0.919915 6.604337 0.885648
v 0.919915 6.464056 0.885648
v 0.920848 4.433097 0.408115
v 0.920848 4.573378 0.408115
v 0.780567 4.573378 0.408115
v 0.780567 4.433097 0.408115
v 0.780567 4.433097 0.162606
v 0.780567 4.573378 0.162606
v 0.920848 4.573378 0.162606
v 0.920848 4.433097 0.162606
v 0.920849 7.128140 -0.261149
v 0.920849 7.268421 -0.261149
v 0.780567 7.268421 -0.261149
v 0.780567 7.128140 -0.261149
v 0.780567 7.128140 -0.471947
v 0.780567 7.268421 -0.471947
v 0.920849 7.268421 -0.471947
v 0.920849 7.128140 -0.471947
v 0.920849 7.285214 -0.131157
v 0.920849 7.425496 -0.131157
v 0.780567 7.425496 -0.131157
v 0.780567 7.285214 -0.131157
v 0.780567 6.750569 0.643123
v 0.780567 6.750569 0.888633
v 0.920848 6.750569 0.888633
v 0.920848 6.750569 0.643123
v 0.780567 7.285214 -0.376666
v 0.780567 7.425496 -0.376666
v 0.920849 7.425496 -0.376666
v 0.920849 7.285214 -0.376666
v 0.920849 6.555873 -0.503539
v 0.920849 6.696154 -0.503539
v 0.780567 6.696154 -0.503539
v 0.780567 6.555873 -0.503539
v 0.780567 6.610289 0.888633
v 0.780567 6.610289 0.643123
v 0.920848 6.610289 0.643123
v 0.920848 6.610289 0.888633
v 0.780567 6.555873 -0.749048
v 0.780567 6.696154 -0.749048
v 0.920849 6.696154 -0.749048
v 0.920849 6.555873 -0.749048
v 0.920849 4.266756 -0.003159
v 0.920849 4.407037 -0.003159
v 0.780567 4.407037 -0.003159
v 0.780567 4.266756 -0.003159
v 0.780567 4.266756 -0.248668
v 0.780567 4.407037 -0.248668
v 0.920849 4.407037 -0.248668
v 0.920849 4.266756 -0.248668
v 0.911217 4.529602 -0.645928
v 0.911217 4.669884 -0.645928
v 0.770935 4.669884 -0.645928
v 0.770935 4.529602 -0.645928
v 0.770935 4.669884 -0.891437
v 0.770935 4.529602 -0.891437
v 0.911217 4.669884 -0.891437
v 0.911217 4.529602 -0.891437
v -0.471833 6.765277 -0.895545
v -0.471833 6.765277 -0.755263
v -0.471833 6.624995 -0.755263
v -0.471833 6.624995 -0.895545
v -0.717343 6.765277 -0.755263
v -0.717343 6.765277 -0.895545
v -0.717343 6.624995 -0.895545
v -0.717343 6.624995 -0.755263
v 0.668692 6.815431 -0.752089
v 0.914202 6.815431 -0.752089
v 0.914202 6.815431 -0.892370
v 0.668692 6.815431 -0.892370
v 0.533701 6.505656 -0.756101
v 0.288193 6.505656 -0.756100
v 0.288193 6.505656 -0.896382
v 0.533701 6.505656 -0.896382
v 0.914202 6.675150 -0.752089
v 0.668692 6.675150 -0.752089
v 0.668692 6.675150 -0.892370
v 0.914202 6.675150 -0.892370
v 0.533701 6.645938 -0.896382
v 0.533701 6.645938 -0.756101
v 0.288193 6.645938 -0.896382
v 0.288193 6.645938 -0.756100
v -0.888867 7.135463 -0.888898
v -0.748586 7.135463 -0.888898
v -0.748586 6.995181 -0.888898
v -0.888867 6.995181 -0.888898
v -0.748586 7.135463 -0.643389
v -0.888867 7.135463 -0.643389
v -0.888867 6.995181 -0.643389
v -0.748586 6.995181 -0.643389
v -0.888867 6.947932 -0.633684
v -0.748586 6.947932 -0.633684
v -0.748586 6.807650 -0.633684
v -0.888867 6.807650 -0.633684
v -0.748586 6.947932 -0.388175
v -0.888867 6.947932 -0.388175
v -0.888867 6.807650 -0.388175
v -0.748586 6.807650 -0.388175
v -0.888868 4.616639 -0.491718
v -0.748586 4.616639 -0.491718
v -0.748586 4.476358 -0.491718
v -0.888868 4.476358 -0.491718
v -0.748586 4.616639 -0.280920
v -0.888868 4.616639 -0.280920
v -0.888868 4.476358 -0.280920
v -0.748586 4.476358 -0.280920
v -0.748586 4.519030 -0.643389
v -0.888868 4.519030 -0.643389
v -0.888868 4.519030 -0.888898
v -0.748586 4.519030 -0.888898
v -0.888868 4.811483 0.363651
v -0.748586 4.811483 0.363651
v -0.748586 4.671202 0.363651
v -0.888868 4.671202 0.363651
v -0.748586 4.659311 -0.888898
v -0.888868 4.659311 -0.888898
v -0.888868 4.659311 -0.643389
v -0.748586 4.659311 -0.643389
v -0.748586 4.811483 0.609160
v -0.888868 4.811483 0.609160
v -0.888868 4.671202 0.609160
v -0.748586 4.671202 0.609160
v -0.888868 7.400008 -0.222411
v -0.748586 7.400008 -0.222411
v -0.748586 7.259727 -0.222411
v -0.888868 7.259727 -0.222411
v -0.748586 7.400008 0.023098
v -0.888868 7.400008 0.023098
v -0.888868 7.259727 0.023098
v -0.748586 7.259727 0.023098
v -0.888868 5.107552 -0.491718
v -0.748586 5.107552 -0.491718
v -0.748586 4.967270 -0.491718
v -0.888868 4.967270 -0.491718
v -0.748586 5.107552 -0.246209
v -0.888868 5.107552 -0.246209
v -0.888868 4.967270 -0.246209
v -0.748586 4.967270 -0.246209
v -0.882221 4.522797 0.889457
v -0.882221 4.522797 0.749176
v -0.882221 4.382515 0.749176
v -0.882221 4.382515 0.889457
v -0.636711 4.522797 0.749176
v -0.636711 4.522797 0.889457
v -0.636711 4.382515 0.889457
v -0.636711 4.382515 0.749176
v -0.879236 4.366586 0.643015
v -0.738955 4.366586 0.643015
v -0.738955 4.226304 0.643015
v -0.879236 4.226304 0.643015
v -0.738955 4.366586 0.888524
v -0.738955 4.226304 0.888524
v -0.879236 4.366586 0.888524
v -0.879236 4.226304 0.888524
v -0.636711 6.828358 0.752847
v -0.636711 6.828358 0.893129
v -0.882221 6.828358 0.893129
v -0.882221 6.828358 0.752847
v -0.882221 6.968639 0.752847
v -0.882221 6.968639 0.893129
v -0.636711 6.968639 0.893129
v -0.636711 6.968639 0.752847
v 0.614760 7.288981 1.016167
v 0.614760 7.429263 1.016167
v 0.614760 7.429263 0.875885
v 0.614760 7.288981 0.875885
v 0.860269 7.288981 0.875885
v 0.860269 7.429263 0.875885
v 0.860269 7.429263 1.016167
v 0.860269 7.288981 1.016167
v -0.888867 5.353235 -0.888898
v -0.748586 5.353235 -0.888898
v -0.748586 5.212954 -0.888898
v -0.888867 5.212954 -0.888898
v -0.748586 5.353235 -0.643389
v -0.888867 5.353235 -0.643389
v -0.888867 5.212954 -0.643389
v -0.748586 5.212954 -0.643389
v 0.533701 7.047983 -0.756101
v 0.288193 7.047983 -0.756101
v 0.288193 7.047983 -0.896382
v 0.533701 7.047983 -0.896382
v 0.533701 7.188265 -0.896382
v 0.533701 7.188265 -0.756101
v 0.288193 7.188265 -0.896382
v 0.288193 7.188265 -0.756101
v 0.674406 5.265398 0.885648
v 0.674406 5.405679 0.885648
v 0.674406 5.405679 0.745367
v 0.674406 5.265398 0.745367
v 0.919915 5.405679 0.745367
v 0.919915 5.265398 0.745367
v 0.919915 5.405679 0.885648
v 0.919915 5.265398 0.885648
v 0.920849 5.929481 -0.261149
v 0.920849 6.069763 -0.261149
v 0.780567 6.069763 -0.261149
v 0.780567 5.929481 -0.261149
v 0.780567 5.929481 -0.471947
v 0.780567 6.069763 -0.471947
v 0.920849 6.069763 -0.471947
v 0.920849 5.929481 -0.471947
v 0.920849 6.086556 -0.131156
v 0.920849 6.226838 -0.131157
v 0.780567 6.226838 -0.131157
v 0.780567 6.086556 -0.131156
v 0.780567 5.551912 0.643124
v 0.780567 5.551912 0.888633
v 0.920848 5.551912 0.888633
v 0.920848 5.551912 0.643124
v 0.780567 6.086556 -0.376665
v 0.780567 6.226838 -0.376666
v 0.920849 6.226838 -0.376666
v 0.920849 6.086556 -0.376665
v 0.920849 5.357215 -0.503538
v 0.920849 5.497496 -0.503538
v 0.780567 5.497496 -0.503538
v 0.780567 5.357215 -0.503538
v 0.780567 5.411631 0.888633
v 0.780567 5.411631 0.643124
v 0.920848 5.411631 0.643124
v 0.920848 5.411631 0.888633
v 0.780567 5.357215 -0.749047
v 0.780567 5.497496 -0.749048
v 0.920849 5.497496 -0.749048
v 0.920849 5.357215 -0.749047
v -0.888868 6.015420 -0.491718
v -0.748586 6.015420 -0.491718
v -0.748586 5.875139 -0.491718
v -0.888868 5.875139 -0.491718
v -0.748586 6.015420 -0.280920
v -0.888868 6.015420 -0.280920
v -0.888868 5.875139 -0.280920
v -0.748586 5.875139 -0.280920
v -0.748586 5.656138 -0.643389
v -0.888868 5.656137 -0.643389
v -0.888868 5.656137 -0.888898
v -0.748586 5.656138 -0.888898
v -0.888868 6.185248 0.363651
v -0.748586 6.185248 0.363651
v -0.748586 6.044966 0.363651
v -0.888868 6.044966 0.363651
v -0.748586 5.796418 -0.888898
v -0.888868 5.796418 -0.888898
v -0.888868 5.796418 -0.643389
v -0.748586 5.796418 -0.643389
v -0.748586 6.185248 0.609160
v -0.888868 6.185248 0.609160
v -0.888868 6.044966 0.609160
v -0.748586 6.044966 0.609160
v -0.748586 5.869497 -0.598780
v -0.888868 5.869497 -0.598780
v -0.888868 5.869497 -0.387983
v -0.748586 5.869497 -0.387983
v -0.748586 5.729216 -0.598780
v -0.888868 5.729216 -0.598780
v -0.888868 5.729216 -0.387983
v -0.748586 5.729216 -0.387983
v -0.882221 5.721454 0.892042
v -0.882221 5.721454 0.751761
v -0.882221 5.581173 0.751761
v -0.882221 5.581173 0.892042
v -0.636711 5.721454 0.751761
v -0.636711 5.721454 0.892042
v -0.636711 5.581173 0.892042
v -0.636711 5.581173 0.751761
v -0.879236 5.565244 0.645600
v -0.738954 5.565244 0.645600
v -0.738954 5.424962 0.645600
v -0.879235 5.424962 0.645600
v -0.738955 5.565244 0.891109
v -0.738955 5.424962 0.891109
v -0.879236 5.565244 0.891109
v -0.879235 5.424962 0.891109
v 0.614760 6.090323 1.016167
v 0.614760 6.230605 1.016167
v 0.614760 6.230605 0.875886
v 0.614760 6.090323 0.875886
v 0.860269 6.090323 0.875886
v 0.860269 6.230605 0.875886
v 0.860269 6.230605 1.016167
v 0.860269 6.090323 1.016167
v 0.533701 4.714741 -0.756100
v 0.288193 4.714741 -0.756100
v 0.288193 4.714741 -0.896382
v 0.533701 4.714741 -0.896382
v 0.533701 4.855023 -0.896382
v 0.533701 4.855023 -0.756100
v 0.288193 4.855023 -0.896382
v 0.288193 4.855023 -0.756100
v -0.882221 6.552772 0.893129
v -0.882221 6.552772 0.752847
v -0.882221 6.412490 0.752847
v -0.882221 6.412490 0.893129
v -0.636711 6.552772 0.752847
v -0.636711 6.552772 0.893129
v -0.636711 6.412490 0.893129
v -0.636711 6.412490 0.752847
v -0.879236 6.248503 0.646686
v -0.738954 6.248503 0.646686
v -0.738954 6.108221 0.646686
v -0.879236 6.108221 0.646686
v -0.738955 6.248503 0.892195
v -0.738955 6.108221 0.892195
v -0.879236 6.248503 0.892195
v -0.879236 6.108221 0.892195
v 0.126234 7.659893 -0.608548
v 0.126234 7.676381 -0.637106
v 0.787542 7.676381 -0.637106
v 0.787542 7.659893 -0.608548
v 0.126234 7.709356 -0.637106
v 0.787542 7.709357 -0.637106
v 0.126234 7.725844 -0.608548
v 0.787542 7.725844 -0.608548
v 0.126234 7.709356 -0.579991
v 0.787542 7.709356 -0.579991
v 0.126234 7.676381 -0.579991
v 0.787542 7.676381 -0.579991
v 0.062606 7.700160 -0.608548
v 0.072072 7.686660 -0.579991
v 0.091005 7.659661 -0.637106
v 0.072072 7.686660 -0.637106
v 0.091005 7.659661 -0.579991
v 0.100471 7.646161 -0.608548
v 0.077712 7.629882 -0.579991
v 0.092240 7.629882 -0.608548
v 0.048655 7.629882 -0.579991
v 0.048655 7.629882 -0.637106
v 0.034127 7.629882 -0.608548
v 0.077712 7.629882 -0.637106
v 0.828545 7.659893 -0.596423
v 0.843635 7.676381 -0.620669
v 0.843635 7.709356 -0.620669
v 0.828545 7.725844 -0.596423
v 0.813455 7.709356 -0.572176
v 0.813455 7.676381 -0.572176
v 0.856959 7.725844 -0.421238
v 0.828402 7.709356 -0.421074
v 0.828714 7.686660 -0.366913
v 0.857326 7.700160 -0.357611
v 0.885517 7.676381 -0.421402
v 0.885517 7.709356 -0.421402
v 0.885829 7.686660 -0.367241
v 0.885720 7.659661 -0.386174
v 0.828402 7.676381 -0.421074
v 0.828605 7.659661 -0.385845
v 0.856959 7.659893 -0.421238
v 0.857108 7.646161 -0.395476
v 0.857155 7.629882 -0.387244
v 0.828682 7.629882 -0.372551
v 0.828849 7.629882 -0.343497
v 0.857491 7.629882 -0.329132
v 0.885964 7.629882 -0.343825
v 0.885797 7.629882 -0.372881
v 0.825222 7.676381 -0.546370
v 0.853779 7.659893 -0.546534
v 0.825222 7.709356 -0.546370
v 0.853779 7.725844 -0.546534
v 0.882337 7.709356 -0.546700
v 0.882337 7.676381 -0.546700
v -0.667904 7.659893 -0.708506
v 0.136774 7.659893 -0.708506
v 0.136774 7.676381 -0.679947
v -0.667904 7.676381 -0.679947
v 0.136774 7.709356 -0.679947
v -0.667904 7.709356 -0.679947
v 0.136774 7.725844 -0.708506
v -0.667904 7.725844 -0.708506
v 0.136774 7.709356 -0.737063
v -0.667904 7.709356 -0.737063
v 0.136774 7.676381 -0.737063
v -0.667904 7.676381 -0.737063
v -0.722066 7.686660 -0.737063
v -0.731532 7.700160 -0.708506
v -0.722066 7.686660 -0.679947
v -0.703134 7.659661 -0.679947
v -0.703134 7.659661 -0.737063
v -0.693667 7.646161 -0.708506
v -0.701899 7.629881 -0.708506
v -0.716427 7.629881 -0.737063
v -0.745483 7.629881 -0.737063
v -0.760012 7.629881 -0.708506
v -0.745483 7.629881 -0.679947
v -0.716427 7.629881 -0.679947
v 0.798082 7.659893 -0.708506
v 0.798082 7.676381 -0.679947
v 0.798082 7.709356 -0.679947
v 0.798082 7.725844 -0.708506
v 0.798082 7.709356 -0.737063
v 0.798082 7.676381 -0.737063
v 0.861711 7.700160 -0.708506
v 0.852244 7.686660 -0.737063
v 0.833312 7.659661 -0.679947
v 0.852244 7.686660 -0.679947
v 0.833312 7.659661 -0.737063
v 0.823845 7.646161 -0.708506
v 0.846605 7.629881 -0.737063
v 0.832077 7.629881 -0.708506
v 0.875661 7.629881 -0.737063
v 0.875661 7.629881 -0.679947
v 0.890190 7.629881 -0.708506
v 0.846605 7.629881 -0.679947
v -0.667904 7.659893 -0.834631
v 0.136774 7.659893 -0.834631
v 0.136774 7.676381 -0.806074
v -0.667904 7.676381 -0.806074
v 0.136774 7.709356 -0.806074
v -0.667904 7.709356 -0.806074
v 0.136774 7.725844 -0.834631
v -0.667904 7.725844 -0.834631
v 0.136774 7.709356 -0.863190
v -0.667904 7.709356 -0.863190
v 0.136774 7.676381 -0.863190
v -0.667904 7.676381 -0.863190
v -0.722066 7.686660 -0.863190
v -0.731532 7.700160 -0.834631
v -0.722066 7.686660 -0.806074
v -0.703134 7.659661 -0.806074
v -0.703134 7.659661 -0.863190
v -0.693667 7.646161 -0.834631
v -0.701899 7.629881 -0.834631
v -0.716427 7.629881 -0.863190
v -0.745483 7.629881 -0.863190
v -0.760012 7.629881 -0.834631
v -0.745483 7.629881 -0.806074
v -0.716427 7.629881 -0.806074
v 0.798082 7.659893 -0.834631
v 0.798082 7.676381 -0.806074
v 0.798082 7.709356 -0.806074
v 0.798082 7.725844 -0.834631
v 0.798082 7.709356 -0.863190
v 0.798082 7.676381 -0.863190
v 0.861711 7.700160 -0.834631
v 0.852244 7.686660 -0.863190
v 0.833312 7.659661 -0.806074
v 0.852244 7.686660 -0.806074
v 0.833312 7.659661 -0.863190
v 0.823845 7.646161 -0.834631
v 0.846605 7.629881 -0.863190
v 0.832077 7.629881 -0.834631
v 0.875661 7.629881 -0.863190
v 0.875661 7.629881 -0.806074
v 0.890190 7.629881 -0.834631
v 0.846605 7.629881 -0.806074
v -1.029682 4.046619 -0.985435
v -1.029682 4.046620 0.985434
v -0.985434 4.046620 1.029681
v 0.985434 4.046620 1.029681
v 1.029682 4.046620 0.985434
v 1.029682 4.046619 -0.985435
v 0.985434 4.046619 -1.029683
v -0.985434 4.046619 -1.029683
v 1.027389 -0.003246 -1.024176
v 1.027389 0.126212 -1.024176
v 1.027389 0.126212 -0.966601
v 1.027389 -0.003246 -0.966601
v 0.788629 -0.003246 -0.966602
v 0.788629 0.126212 -0.966602
v 0.788629 0.126212 -1.024176
v 0.788629 -0.003246 -1.024176
v 0.909267 0.137814 -1.051325
v 0.909267 0.274894 -1.051325
v 0.909267 0.282010 -0.887751
v 0.909267 0.140461 -0.887751
v 0.670507 0.133946 -0.887751
v 0.670507 0.282446 -0.887751
v 0.670507 0.270372 -1.051325
v 0.670507 0.135392 -1.051325
v 1.027389 0.273858 -1.024176
v 1.027389 0.415954 -1.024176
v 1.027389 0.413242 -0.966602
v 1.027389 0.281671 -0.966602
v 0.788629 0.290556 -0.966602
v 0.788629 0.410559 -0.966602
v 0.788629 0.410284 -1.024176
v 0.788629 0.282827 -1.024176
v 0.777572 -0.003246 -1.033535
v 0.777572 0.126212 -1.033535
v 0.777571 0.126728 -0.887751
v 0.777571 -0.003246 -0.887751
v 0.538811 -0.003246 -0.887751
v 0.538811 0.126212 -0.887751
v 0.538811 0.126212 -1.033535
v 0.538811 -0.003246 -1.033535
v 0.659449 0.137271 -1.024176
v 0.659449 0.270372 -1.024176
v 0.659449 0.270372 -0.887751
v 0.659449 0.136085 -0.887751
v 0.420689 0.150421 -0.887751
v 0.420689 0.270372 -0.887751
v 0.420689 0.275938 -1.024176
v 0.420689 0.135935 -1.024176
v 0.777571 0.273858 -1.024176
v 0.777571 0.417489 -1.024176
v 0.777571 0.411950 -0.887751
v 0.777571 0.279869 -0.887751
v 0.538811 0.273858 -0.887751
v 0.538811 0.421593 -0.887751
v 0.538811 0.413630 -1.024176
v 0.538811 0.273858 -1.024176
v 0.527754 -0.003246 -1.024176
v 0.527754 0.130534 -1.024176
v 0.527754 0.128923 -0.887751
v 0.527754 -0.003246 -0.887751
v 0.288993 -0.003246 -0.887751
v 0.288993 0.137604 -0.887751
v 0.288993 0.126212 -1.024176
v 0.288993 -0.003246 -1.024176
v 0.409632 0.133946 -1.051325
v 0.409632 0.272660 -1.051325
v 0.409632 0.276262 -0.887751
v 0.409632 0.133946 -0.887751
v 0.170871 0.143941 -0.887751
v 0.170871 0.270372 -0.887751
v 0.170871 0.270372 -1.051325
v 0.170871 0.133946 -1.051325
v 0.527754 0.273858 -1.024176
v 0.527754 0.416137 -1.024176
v 0.527754 0.410284 -0.887751
v 0.527754 0.282320 -0.887751
v 0.288993 0.273858 -0.887751
v 0.288993 0.417087 -0.887751
v 0.288993 0.410284 -1.024176
v 0.288993 0.273858 -1.024176
v 0.277936 -0.003246 -1.033535
v 0.277936 0.133028 -1.033535
v 0.277936 0.126212 -0.887751
v 0.277936 -0.003246 -0.887751
v 0.039175 -0.003246 -0.887751
v 0.039175 0.126212 -0.887751
v 0.039175 0.132925 -1.033535
v 0.039175 -0.003246 -1.033535
v 0.159814 0.133946 -1.024176
v 0.159814 0.270372 -1.024177
v 0.159814 0.270372 -0.887751
v 0.159814 0.136131 -0.887751
v -0.078947 0.144411 -0.887751
v -0.078947 0.283457 -0.887751
v -0.078947 0.272182 -1.024177
v -0.078947 0.133946 -1.024176
v 0.277936 0.273858 -1.033535
v 0.277936 0.410284 -1.033535
v 0.277936 0.410284 -0.887751
v 0.277936 0.273858 -0.887751
v 0.039175 0.273858 -0.887751
v 0.039175 0.410284 -0.887751
v 0.039175 0.415743 -1.033535
v 0.039175 0.281415 -1.033535
v 0.028118 -0.003246 -1.024176
v 0.028118 0.132056 -1.024176
v 0.028118 0.135746 -0.887751
v 0.028118 -0.003246 -0.887751
v -0.210643 -0.003246 -0.887751
v -0.210643 0.126212 -0.887751
v -0.210643 0.126212 -1.024177
v -0.210643 -0.003246 -1.024177
v -0.090004 0.146542 -1.024176
v -0.090004 0.270372 -1.024177
v -0.090004 0.282038 -0.887751
v -0.090004 0.142764 -0.887751
v -0.328765 0.133946 -0.887751
v -0.328765 0.279741 -0.887751
v -0.328765 0.270372 -1.024177
v -0.328765 0.138234 -1.024177
v 0.028118 0.273858 -1.051325
v 0.028118 0.412416 -1.051325
v 0.028118 0.418846 -0.887751
v 0.028118 0.273858 -0.887751
v -0.210643 0.287172 -0.887751
v -0.210643 0.414834 -0.887751
v -0.210643 0.410284 -1.051325
v -0.210643 0.273858 -1.051325
v -0.221700 -0.003246 -1.051325
v -0.221700 0.126393 -1.051325
v -0.221700 0.144377 -0.887751
v -0.221700 -0.003246 -0.887751
v -0.460461 -0.003246 -0.887751
v -0.460461 0.133827 -0.887751
v -0.460461 0.126212 -1.051325
v -0.460461 -0.003246 -1.051325
v -0.339822 0.133946 -1.033535
v -0.339822 0.270372 -1.033535
v -0.339822 0.270372 -0.887751
v -0.339822 0.137288 -0.887751
v -0.578583 0.133946 -0.887751
v -0.578583 0.270372 -0.887751
v -0.578583 0.270372 -1.033536
v -0.578583 0.136690 -1.033535
v -0.221700 0.283678 -1.024177
v -0.221700 0.410284 -1.024177
v -0.221700 0.410284 -0.887751
v -0.221700 0.273858 -0.887751
v -0.460461 0.273858 -0.887751
v -0.460461 0.410284 -0.887751
v -0.460461 0.410284 -1.024177
v -0.460461 0.273858 -1.024177
v -0.471518 -0.003246 -1.024177
v -0.471518 0.134835 -1.024177
v -0.471518 0.126212 -0.887751
v -0.471518 -0.003246 -0.887751
v -0.710278 -0.003246 -0.887751
v -0.710278 0.126212 -0.887751
v -0.710278 0.129287 -1.024177
v -0.710278 -0.003246 -1.024177
v -0.589640 0.133946 -1.024177
v -0.589640 0.270372 -1.024177
v -0.589640 0.284380 -0.887751
v -0.589640 0.133946 -0.887751
v -0.828401 0.139835 -0.887751
v -0.828401 0.273477 -0.887751
v -0.828401 0.270920 -1.024177
v -0.828401 0.143358 -1.024177
v -0.471518 0.276366 -1.024177
v -0.471518 0.416114 -1.024177
v -0.471518 0.414363 -0.887751
v -0.471518 0.281991 -0.887751
v -0.710278 0.281772 -0.887751
v -0.710278 0.410284 -0.887751
v -0.710278 0.410284 -1.024177
v -0.710278 0.285745 -1.024177
v -0.721336 -0.003246 -1.024177
v -0.721336 0.131842 -1.024177
v -0.721336 0.130355 -0.887751
v -0.721336 -0.003246 -0.887751
v -0.960096 -0.003246 -0.887751
v -0.960096 0.132411 -0.887751
v -0.960096 0.130618 -1.024177
v -0.960096 -0.003246 -1.024177
v -0.839458 0.133946 -1.024177
v -0.839458 0.270372 -1.024177
v -0.839458 0.270372 -0.926153
v -0.839458 0.133946 -0.926153
v -1.024022 0.135063 -0.926153
v -1.024022 0.272305 -0.926153
v -1.024022 0.270372 -1.024177
v -1.024022 0.135332 -1.024177
v -0.721336 0.273858 -1.024177
v -0.721336 0.410284 -1.024177
v -0.721336 0.415936 -0.887751
v -0.721336 0.279508 -0.887751
v -0.960096 0.273858 -0.887751
v -0.960096 0.413318 -0.887751
v -0.960096 0.410284 -1.024177
v -0.960096 0.273858 -1.024177
v -1.024176 -0.003246 -1.027389
v -1.024176 0.126212 -1.027389
v -0.968304 0.126212 -1.027389
v -0.968304 -0.003246 -1.027389
v -0.968304 -0.003245 -0.788628
v -0.968304 0.126212 -0.788628
v -1.024176 0.126212 -0.788628
v -1.024176 -0.003245 -0.788628
v -1.045928 0.137814 -0.909267
v -1.045928 0.274894 -0.909267
v -0.887751 0.282010 -0.909267
v -0.887751 0.140461 -0.909267
v -0.887751 0.133946 -0.670506
v -0.887751 0.282446 -0.670507
v -1.045928 0.270372 -0.670506
v -1.045928 0.135392 -0.670506
v -1.024176 0.273858 -1.027389
v -1.024176 0.415954 -1.027389
v -0.968304 0.413242 -1.027389
v -0.968304 0.281671 -1.027389
v -0.968304 0.290556 -0.788628
v -0.968304 0.410559 -0.788628
v -1.024176 0.410284 -0.788628
v -1.024176 0.282827 -0.788628
v -1.024176 -0.003245 -0.777571
v -1.024176 0.126212 -0.777571
v -0.887751 0.126728 -0.777571
v -0.887751 -0.003245 -0.777571
v -0.887751 -0.003245 -0.538811
v -0.887751 0.126212 -0.538811
v -1.024176 0.126212 -0.538811
v -1.024176 -0.003245 -0.538811
v -1.024176 0.137271 -0.659449
v -1.024176 0.270372 -0.659449
v -0.887751 0.270372 -0.659449
v -0.887751 0.136085 -0.659449
v -0.887751 0.150421 -0.420689
v -0.887751 0.270372 -0.420689
v -1.024176 0.275938 -0.420689
v -1.024176 0.135935 -0.420689
v -1.028351 0.273858 -0.777571
v -1.028351 0.417489 -0.777571
v -0.887751 0.411950 -0.777571
v -0.887751 0.279869 -0.777571
v -0.887751 0.273858 -0.538811
v -0.887751 0.421593 -0.538811
v -1.028351 0.413630 -0.538811
v -1.028351 0.273858 -0.538811
v -1.028351 -0.003245 -0.527753
v -1.028351 0.130534 -0.527753
v -0.887751 0.128924 -0.527753
v -0.887751 -0.003245 -0.527753
v -0.887751 -0.003245 -0.288993
v -0.887751 0.137605 -0.288993
v -1.028351 0.126212 -0.288993
v -1.028351 -0.003245 -0.288993
v -1.024176 0.133946 -0.409631
v -1.024176 0.272660 -0.409631
v -0.887751 0.276263 -0.409631
v -0.887751 0.133946 -0.409631
v -0.887751 0.143941 -0.170871
v -0.887751 0.270372 -0.170871
v -1.024176 0.270372 -0.170871
v -1.024176 0.133946 -0.170871
v -1.024176 0.273858 -0.527753
v -1.024176 0.416137 -0.527753
v -0.887751 0.410284 -0.527753
v -0.887751 0.282320 -0.527753
v -0.887751 0.273858 -0.288993
v -0.887751 0.417088 -0.288993
v -1.024176 0.410284 -0.288993
v -1.024176 0.273858 -0.288993
v -1.024176 -0.003245 -0.277936
v -1.024176 0.133028 -0.277936
v -0.887751 0.126212 -0.277935
v -0.887751 -0.003245 -0.277935
v -0.887751 -0.003245 -0.039175
v -0.887751 0.126212 -0.039175
v -1.024176 0.132925 -0.039175
v -1.024176 -0.003245 -0.039175
v -1.024176 0.133946 -0.159814
v -1.024176 0.270372 -0.159814
v -0.887751 0.270372 -0.159814
v -0.887751 0.136132 -0.159814
v -0.887751 0.144411 0.078947
v -0.887751 0.283457 0.078947
v -1.024176 0.272182 0.078947
v -1.024176 0.133946 0.078947
v -1.045928 0.273858 -0.277936
v -1.045928 0.410284 -0.277936
v -0.887751 0.410284 -0.277936
v -0.887751 0.273858 -0.277936
v -0.887751 0.273858 -0.039175
v -0.887751 0.410284 -0.039175
v -1.045928 0.415743 -0.039175
v -1.045928 0.281415 -0.039175
v -1.024176 -0.003245 -0.028118
v -1.024176 0.132056 -0.028118
v -0.887751 0.135746 -0.028118
v -0.887751 -0.003245 -0.028118
v -0.887751 -0.003245 0.210643
v -0.887751 0.126212 0.210643
v -1.024176 0.126212 0.210643
v -1.024176 -0.003245 0.210643
v -1.024176 0.146542 0.090004
v -1.024176 0.270372 0.090004
v -0.887751 0.282038 0.090004
v -0.887751 0.142764 0.090004
v -0.887751 0.133947 0.328765
v -0.887751 0.279741 0.328765
v -1.024176 0.270372 0.328765
v -1.024176 0.138234 0.328765
v -1.024176 0.273858 -0.028118
v -1.024176 0.412416 -0.028118
v -0.887751 0.418846 -0.028118
v -0.887751 0.273858 -0.028118
v -0.887751 0.287172 0.210643
v -0.887751 0.414834 0.210643
v -1.024176 0.410284 0.210643
v -1.024176 0.273858 0.210643
v -1.045928 -0.003245 0.221700
v -1.045928 0.126394 0.221700
v -0.887751 0.144377 0.221700
v -0.887751 -0.003245 0.221700
v -0.887751 -0.003245 0.460461
v -0.887751 0.133827 0.460461
v -1.045928 0.126212 0.460461
v -1.045928 -0.003245 0.460461
v -1.028351 0.133947 0.339822
v -1.028351 0.270372 0.339822
v -0.887751 0.270372 0.339822
v -0.887751 0.137288 0.339822
v -0.887751 0.133947 0.578583
v -0.887751 0.270372 0.578583
v -1.028351 0.270372 0.578583
v -1.028351 0.136690 0.578583
v -1.024176 0.283679 0.221700
v -1.024176 0.410284 0.221700
v -0.887751 0.410284 0.221700
v -0.887751 0.273858 0.221700
v -0.887751 0.273858 0.460461
v -0.887751 0.410284 0.460461
v -1.024176 0.410284 0.460461
v -1.024176 0.273858 0.460461
v -1.024176 -0.003245 0.471518
v -1.024176 0.134835 0.471518
v -0.887751 0.126212 0.471518
v -0.887751 -0.003245 0.471518
v -0.887751 -0.003245 0.710279
v -0.887751 0.126212 0.710279
v -1.024176 0.129288 0.710279
v -1.024176 -0.003245 0.710279
v -1.024177 0.133947 0.589640
v -1.024177 0.270372 0.589640
v -0.887751 0.284380 0.589640
v -0.887751 0.133947 0.589640
v -0.887751 0.139835 0.828401
v -0.887751 0.273477 0.828401
v -1.024176 0.270920 0.828401
v -1.024176 0.143358 0.828401
v -1.024176 0.276366 0.471518
v -1.024176 0.416114 0.471518
v -0.887751 0.414363 0.471518
v -0.887751 0.281991 0.471518
v -0.887751 0.281773 0.710279
v -0.887751 0.410284 0.710279
v -1.024176 0.410284 0.710279
v -1.024176 0.285746 0.710279
v -1.024176 -0.003245 0.721336
v -1.024176 0.131842 0.721336
v -0.887751 0.130355 0.721336
v -0.887751 -0.003245 0.721336
v -0.887751 -0.003245 0.960097
v -0.887751 0.132411 0.960097
v -1.024177 0.130618 0.960097
v -1.024177 -0.003245 0.960097
v -1.024176 0.133947 0.839458
v -1.024176 0.270372 0.839458
v -0.916432 0.270372 0.839458
v -0.916432 0.133947 0.839458
v -0.916432 0.135063 1.034633
v -0.916432 0.272305 1.034633
v -1.024176 0.270372 1.034632
v -1.024176 0.135332 1.034633
v -1.024176 0.273858 0.721336
v -1.024176 0.410284 0.721336
v -0.887751 0.415936 0.721336
v -0.887751 0.279508 0.721336
v -0.887751 0.273858 0.960097
v -0.887751 0.413318 0.960097
v -1.024177 0.410284 0.960097
v -1.024177 0.273858 0.960097
v 1.024176 -0.003245 1.027389
v 1.024176 0.126212 1.027389
v 0.963433 0.126212 1.027389
v 0.963433 -0.003245 1.027389
v 0.963433 -0.003245 0.788628
v 0.963433 0.126809 0.788628
v 1.024177 0.126212 0.788628
v 1.024177 -0.003245 0.788628
v 1.024177 0.137814 0.909267
v 1.024177 0.274894 0.909267
v 0.887751 0.282011 0.909267
v 0.887751 0.140461 0.909267
v 0.887751 0.133947 0.670506
v 0.887751 0.282447 0.670506
v 1.024176 0.270372 0.670506
v 1.024176 0.135392 0.670506
v 1.024176 0.273858 1.027389
v 1.024176 0.415954 1.027389
v 0.963433 0.413125 1.027389
v 0.963433 0.273858 1.027389
v 0.963433 0.290632 0.788628
v 0.963433 0.417499 0.788628
v 1.024177 0.410284 0.788628
v 1.024177 0.282827 0.788628
v 1.024176 -0.003245 0.777571
v 1.024176 0.126212 0.777571
v 0.963433 0.126212 0.777571
v 0.963433 -0.003245 0.777571
v 0.963433 -0.003245 0.538810
v 0.963433 0.129996 0.538810
v 1.024177 0.126212 0.538810
v 1.024177 -0.003245 0.538810
v 1.048177 0.137271 0.659449
v 1.048177 0.270372 0.659449
v 0.887751 0.270372 0.659449
v 0.887751 0.136085 0.659449
v 0.887751 0.150421 0.420688
v 0.887751 0.270372 0.420688
v 1.048177 0.275938 0.420688
v 1.048177 0.135935 0.420688
v 1.024176 0.273858 0.777571
v 1.024176 0.417489 0.777571
v 0.963433 0.410284 0.777571
v 0.963433 0.273858 0.777571
v 0.963433 0.279466 0.538810
v 0.963433 0.410284 0.538810
v 1.024177 0.413630 0.538810
v 1.024177 0.273858 0.538810
v 1.024177 -0.003245 0.527753
v 1.024177 0.130535 0.527753
v 0.963433 0.126212 0.527753
v 0.963433 -0.003245 0.527753
v 0.963433 -0.003245 0.288993
v 0.963433 0.129294 0.288993
v 1.024176 0.126212 0.288993
v 1.024176 -0.003245 0.288993
v 1.020056 0.133947 0.409631
v 1.020056 0.272660 0.409631
v 0.887751 0.276263 0.409631
v 0.887751 0.133947 0.409631
v 0.887751 0.143941 0.170871
v 0.887751 0.270372 0.170871
v 1.020057 0.270372 0.170871
v 1.020057 0.133946 0.170871
v 1.024177 0.273858 0.527753
v 1.024177 0.416138 0.527753
v 0.963433 0.421326 0.527753
v 0.963433 0.273858 0.527753
v 0.963433 0.283571 0.288993
v 0.963433 0.410728 0.288992
v 1.024176 0.410284 0.288992
v 1.024176 0.273858 0.288993
v 1.024176 -0.003245 0.277935
v 1.024176 0.133028 0.277935
v 0.963433 0.126212 0.277935
v 0.963433 -0.003245 0.277935
v 0.963433 -0.003245 0.039175
v 0.963433 0.133386 0.039175
v 1.024176 0.132925 0.039175
v 1.024176 -0.003245 0.039175
v 1.024177 0.133946 0.159813
v 1.024177 0.270372 0.159813
v 0.887751 0.270372 0.159813
v 0.887751 0.136132 0.159813
v 0.887751 0.144411 -0.078947
v 0.887751 0.283457 -0.078947
v 1.024176 0.272182 -0.078947
v 1.024176 0.133946 -0.078947
v 1.024176 0.273858 0.277935
v 1.024176 0.410284 0.277935
v 0.963433 0.410284 0.277935
v 0.963433 0.273858 0.277935
v 0.963433 0.273858 0.039175
v 0.963433 0.413267 0.039175
v 1.024176 0.415743 0.039175
v 1.024176 0.281415 0.039175
v 1.048177 -0.003245 0.028118
v 1.048177 0.132056 0.028118
v 0.963433 0.131654 0.028118
v 0.963433 -0.003245 0.028118
v 0.963433 -0.003245 -0.210643
v 0.963433 0.126212 -0.210643
v 1.048177 0.126212 -0.210643
v 1.048177 -0.003245 -0.210643
v 1.024176 0.146542 -0.090004
v 1.024176 0.270372 -0.090005
v 0.887751 0.282038 -0.090005
v 0.887751 0.142764 -0.090004
v 0.887751 0.133946 -0.328765
v 0.887751 0.279741 -0.328765
v 1.024176 0.270372 -0.328765
v 1.024176 0.138234 -0.328765
v 1.024176 0.273858 0.028117
v 1.024176 0.412416 0.028117
v 0.963433 0.410284 0.028117
v 0.963433 0.279495 0.028117
v 0.963433 0.273858 -0.210643
v 0.963433 0.410284 -0.210643
v 1.024176 0.410284 -0.210643
v 1.024176 0.273858 -0.210643
v 1.024176 -0.003245 -0.221700
v 1.024176 0.126394 -0.221700
v 0.963433 0.144896 -0.221700
v 0.963433 -0.003245 -0.221700
v 0.963433 -0.003245 -0.460461
v 0.963433 0.128666 -0.460461
v 1.024176 0.126212 -0.460461
v 1.024176 -0.003245 -0.460461
v 1.024176 0.133946 -0.339822
v 1.024176 0.270372 -0.339822
v 0.887751 0.270372 -0.339822
v 0.887751 0.137288 -0.339822
v 0.887751 0.133946 -0.578583
v 0.887751 0.270372 -0.578583
v 1.024176 0.270372 -0.578583
v 1.024176 0.136690 -0.578583
v 1.024176 0.283679 -0.221700
v 1.024176 0.410284 -0.221700
v 0.963433 0.421682 -0.221700
v 0.963433 0.273858 -0.221700
v 0.963433 0.283900 -0.460461
v 0.963433 0.410284 -0.460461
v 1.024176 0.410284 -0.460461
v 1.024176 0.273858 -0.460461
v 1.024176 -0.003245 -0.471518
v 1.024176 0.134835 -0.471518
v 0.963433 0.131227 -0.471518
v 0.963433 -0.003245 -0.471518
v 0.963433 -0.003245 -0.710279
v 0.963433 0.126212 -0.710279
v 1.024176 0.129287 -0.710279
v 1.024176 -0.003245 -0.710279
v 1.024176 0.133946 -0.589640
v 1.024176 0.270372 -0.589640
v 0.887751 0.284380 -0.589640
v 0.887751 0.133946 -0.589640
v 0.887751 0.139835 -0.828401
v 0.887751 0.273477 -0.828401
v 1.024176 0.270920 -0.828401
v 1.024176 0.143358 -0.828401
v 1.025963 0.276366 -0.471518
v 1.025963 0.416114 -0.471518
v 0.963433 0.410284 -0.471518
v 0.963433 0.273858 -0.471518
v 0.963433 0.273858 -0.710279
v 0.963433 0.410284 -0.710279
v 1.025963 0.410284 -0.710279
v 1.025963 0.285746 -0.710279
v 1.024176 -0.003245 -0.721336
v 1.024176 0.131842 -0.721336
v 0.963433 0.126212 -0.721336
v 0.963433 -0.003245 -0.721336
v 0.963433 -0.003246 -0.960097
v 0.963433 0.126526 -0.960097
v 1.024176 0.130618 -0.960097
v 1.024176 -0.003246 -0.960097
v 1.024176 0.133946 -0.839458
v 1.024176 0.270372 -0.839458
v 0.916927 0.270372 -0.839458
v 0.916927 0.133946 -0.839458
v 0.916927 0.135063 -1.032251
v 0.916927 0.272305 -1.032251
v 1.024176 0.270372 -1.032251
v 1.024176 0.135332 -1.032251
v 1.024176 0.273858 -0.721336
v 1.024176 0.410284 -0.721336
v 0.963433 0.413718 -0.721336
v 0.963433 0.273858 -0.721336
v 0.963433 0.283638 -0.960097
v 0.963433 0.410284 -0.960097
v 1.024176 0.410284 -0.960097
v 1.024176 0.273858 -0.960097
v -1.027389 -0.003245 1.024176
v -1.027389 0.126212 1.024176
v -1.027389 0.126212 0.963222
v -1.027389 -0.003245 0.963222
v -0.788628 -0.003245 0.963222
v -0.788628 0.126212 0.963222
v -0.788628 0.126212 1.024176
v -0.788628 -0.003245 1.024176
v -0.909267 0.137814 1.043556
v -0.909267 0.274894 1.043556
v -0.909267 0.282011 0.887751
v -0.909267 0.140461 0.887751
v -0.670506 0.133947 0.887751
v -0.670506 0.282447 0.887751
v -0.670506 0.270372 1.043556
v -0.670506 0.135392 1.043556
v -1.027389 0.273858 1.024176
v -1.027389 0.415954 1.024176
v -1.027389 0.413242 0.963222
v -1.027389 0.281671 0.963222
v -0.788628 0.290556 0.963222
v -0.788628 0.410560 0.963222
v -0.788628 0.410284 1.024176
v -0.788628 0.282827 1.024176
v -0.777571 -0.003245 1.026717
v -0.777571 0.126212 1.026717
v -0.777571 0.126728 0.887751
v -0.777571 -0.003245 0.887751
v -0.538811 -0.003245 0.887751
v -0.538811 0.126212 0.887751
v -0.538811 0.126212 1.026717
v -0.538811 -0.003245 1.026717
v -0.659449 0.137271 1.024176
v -0.659449 0.270372 1.024176
v -0.659449 0.270372 0.887751
v -0.659449 0.136085 0.887751
v -0.420688 0.150421 0.887751
v -0.420688 0.270372 0.887751
v -0.420688 0.275938 1.024176
v -0.420688 0.135935 1.024176
v -0.777571 0.273858 1.024176
v -0.777571 0.417489 1.024176
v -0.777571 0.411950 0.887751
v -0.777571 0.279869 0.887751
v -0.538811 0.273858 0.887751
v -0.538811 0.421593 0.887751
v -0.538810 0.413630 1.024177
v -0.538810 0.273858 1.024177
v -0.527753 -0.003245 1.024176
v -0.527753 0.130535 1.024176
v -0.527753 0.128924 0.887751
v -0.527753 -0.003245 0.887751
v -0.240228 -0.003245 0.887751
v -0.240228 0.137605 0.887751
v -0.240228 0.126212 1.024176
v -0.240228 -0.003245 1.024176
v -0.409631 0.133947 1.024176
v -0.409631 0.272660 1.024176
v -0.409631 0.276263 0.887751
v -0.409631 0.133947 0.887751
v -0.235866 0.143941 0.887751
v -0.235866 0.270372 0.887751
v -0.235866 0.270372 1.024176
v -0.235866 0.133947 1.024176
v -0.527753 0.273858 1.024176
v -0.527753 0.416138 1.024176
v -0.527753 0.410284 0.887751
v -0.527753 0.282321 0.887751
v -0.240228 0.273858 0.887751
v -0.240228 0.417088 0.887751
v -0.240228 0.410284 1.024176
v -0.240228 0.273858 1.024176
v 0.221067 0.146542 1.024176
v 0.221067 0.270372 1.024176
v 0.221067 0.282038 0.887751
v 0.221067 0.142764 0.887751
v 0.328765 0.133947 0.887751
v 0.328765 0.279741 0.887751
v 0.328765 0.270372 1.024176
v 0.328765 0.138234 1.024176
v 0.239003 -0.003245 1.024176
v 0.239003 0.126394 1.024176
v 0.239003 0.144377 0.887751
v 0.239003 -0.003245 0.887751
v 0.460461 -0.003245 0.887751
v 0.460461 0.133827 0.887751
v 0.460461 0.126212 1.024176
v 0.460461 -0.003245 1.024176
v 0.339822 0.133947 1.024176
v 0.339822 0.270372 1.024176
v 0.339822 0.270372 0.887751
v 0.339822 0.137288 0.887751
v 0.578583 0.133947 0.887751
v 0.578583 0.270372 0.887751
v 0.578583 0.270372 1.024176
v 0.578583 0.136690 1.024176
v 0.239003 0.283679 1.024176
v 0.239003 0.410284 1.024176
v 0.239003 0.410284 0.887751
v 0.239003 0.273858 0.887751
v 0.460461 0.273858 0.887751
v 0.460461 0.410284 0.887751
v 0.460461 0.410284 1.024176
v 0.460461 0.273858 1.024176
v 0.471518 -0.003245 1.038589
v 0.471518 0.134835 1.038589
v 0.471518 0.126212 0.887751
v 0.471518 -0.003245 0.887751
v 0.710279 -0.003245 0.887751
v 0.710279 0.126212 0.887751
v 0.710279 0.129288 1.038589
v 0.710279 -0.003245 1.038589
v 0.589640 0.133947 1.024176
v 0.589640 0.270372 1.024176
v 0.589640 0.284380 0.887751
v 0.589640 0.133947 0.887751
v 0.828401 0.139835 0.887751
v 0.828401 0.273477 0.887751
v 0.828401 0.270920 1.024176
v 0.828401 0.143358 1.024176
v 0.471518 0.276367 1.026937
v 0.471518 0.416114 1.026937
v 0.471518 0.414364 0.887751
v 0.471518 0.281991 0.887751
v 0.710279 0.281773 0.887751
v 0.710279 0.410284 0.887751
v 0.710279 0.410284 1.026937
v 0.710279 0.285746 1.026937
v 0.721336 -0.003245 1.034086
v 0.721336 0.131842 1.034086
v 0.721336 0.130355 0.887751
v 0.721336 -0.003245 0.887751
v 0.960097 -0.003245 0.887751
v 0.960097 0.132411 0.887751
v 0.960097 0.130618 1.034086
v 0.960097 -0.003245 1.034086
v 0.839458 0.133947 1.024176
v 0.839458 0.270372 1.024176
v 0.839458 0.270372 0.927237
v 0.839458 0.133947 0.927237
v 1.033548 0.135063 0.927237
v 1.033548 0.272305 0.927237
v 1.033548 0.270372 1.024176
v 1.033548 0.135332 1.024176
v 0.721336 0.273858 1.024176
v 0.721336 0.410284 1.024176
v 0.721336 0.415936 0.887751
v 0.721336 0.279508 0.887751
v 0.960097 0.273858 0.887751
v 0.960097 0.413318 0.887751
v 0.960097 0.410284 1.024176
v 0.960097 0.273858 1.024176
v 0.000000 -0.003245 0.957895
v 0.000000 1.109901 0.957895
v -0.248509 1.109901 0.957895
v -0.248509 -0.003245 0.957895
v 0.248509 -0.003245 0.957895
v 0.248509 1.109901 0.957895
v -0.893425 7.635469 -0.867023
v -0.893425 7.635469 0.875479
v -0.849178 7.635469 0.919727
v 0.876410 7.635469 0.919727
v 0.920657 7.635469 0.875479
v 0.920657 7.635469 -0.867023
v 0.876410 7.635469 -0.911271
v -0.849178 7.635469 -0.911271
v -0.975641 0.392432 1.019449
v -1.019449 0.392432 0.975641
v -1.019449 -0.003245 0.975641
v -0.975641 -0.003245 1.019449
v 0.254261 0.392432 1.019449
v 0.254261 -0.003245 1.019449
v 0.975641 -0.003245 1.019449
v 0.975641 0.392432 1.019449
v 0.975641 0.392431 -1.019449
v 0.975641 -0.003246 -1.019449
v -0.975641 -0.003246 -1.019449
v -0.975641 0.392431 -1.019449
v 1.019449 0.392432 0.975641
v 1.019449 -0.003245 0.975641
v -1.019449 0.392431 -0.975641
v -1.019449 -0.003246 -0.975641
v 1.019449 -0.003246 -0.975641
v 1.019449 0.392431 -0.975641
v -0.922901 0.392432 0.964341
v -0.964341 0.392432 0.922901
v 0.922901 0.392432 0.964341
v 0.254261 0.392432 0.964341
v -0.922901 0.392431 -0.964341
v 0.922901 0.392431 -0.964341
v 0.964341 0.392432 0.922901
v -0.964341 0.392431 -0.922901
v 0.964341 0.392431 -0.922901
v -0.264138 0.392432 1.019449
v -0.264138 0.392432 0.964341
v -0.264138 -0.003245 1.019449
v 0.254261 -0.003245 0.964341
v -0.264138 -0.003245 0.964341
v -0.542226 7.800120 -0.633221
v -0.779717 7.800120 -0.633221
v -0.779717 7.800120 -0.475378
v -0.542226 7.800120 -0.475378
v -0.518354 7.623394 -0.633221
v -0.518354 7.785330 -0.633221
v -0.518354 7.785330 -0.475378
v -0.518354 7.623394 -0.475378
v -0.204663 7.800120 -0.633221
v -0.442153 7.800120 -0.633221
v -0.442153 7.800120 -0.475378
v -0.204663 7.800120 -0.475378
v -0.803589 7.623394 -0.475378
v -0.803589 7.785330 -0.475378
v -0.803589 7.785330 -0.633221
v -0.803589 7.623394 -0.633221
v -0.180791 7.623394 -0.633221
v -0.180791 7.785330 -0.633221
v -0.180791 7.785330 -0.475378
v -0.180791 7.623394 -0.475378
v -0.466025 7.623394 -0.475378
v -0.466025 7.785330 -0.475378
v -0.466025 7.785330 -0.633221
v -0.466025 7.623394 -0.633221
v -1.000000 3.965666 -0.957028
v -1.000000 3.965666 0.957027
v -0.957028 3.965666 0.999999
v -0.720855 3.965666 0.999999
v -0.484682 3.965666 0.999999
v -0.248509 3.965666 0.999999
v 0.000000 3.965666 0.999999
v 0.000000 3.965666 -1.000001
v -0.957028 3.965666 -1.000001
v -1.000000 3.685754 0.957027
v -1.000000 3.685753 -0.957028
v -0.720855 3.685754 0.999999
v -0.957028 3.685754 0.999999
v -0.957028 3.685753 -1.000001
v 0.000000 3.685754 0.999999
v -0.248509 3.685754 0.999999
v 0.000000 3.685753 -1.000001
v -0.957028 -0.003246 -1.000000
v -0.957028 1.109901 -1.000000
v 0.000000 1.109901 -1.000000
v -0.000000 -0.003246 -1.000000
v -0.248509 1.109901 1.000000
v -0.248509 -0.003245 1.000000
v -0.957028 -0.003245 1.000000
v -0.957028 1.109901 1.000000
v -1.000000 1.109901 0.957028
v -1.000000 -0.003245 0.957028
v -1.000000 -0.003246 -0.957028
v -1.000000 1.109901 -0.957028
v -0.720855 -0.003245 1.000000
v -0.720855 1.109901 1.000000
v 0.000000 1.109901 1.000000
v -0.484682 1.109901 1.000000
v -0.484682 -0.003245 1.000000
v -0.484682 3.685754 0.999999
v 1.000000 3.965666 -0.957028
v 0.957028 3.965666 -1.000001
v 0.248509 3.965666 0.999999
v 0.484682 3.965666 0.999999
v 0.720855 3.965666 0.999999
v 0.957028 3.965666 0.999999
v 1.000000 3.965666 0.957027
v 1.000000 3.685754 0.957027
v 1.000000 3.685753 -0.957028
v 0.720855 3.685754 0.999999
v 0.957028 3.685754 0.999999
v 0.957028 3.685753 -1.000001
v 0.248509 3.685754 0.999999
v 0.957028 -0.003246 -1.000000
v 0.957028 1.109901 -1.000000
v 0.248509 1.109901 1.000000
v 0.248509 -0.003245 1.000000
v 0.957028 -0.003245 1.000000
v 1.000000 -0.003245 0.957028
v 1.000000 1.109901 0.957028
v 0.957028 1.109901 1.000000
v 1.000000 -0.003246 -0.957028
v 1.000000 1.109901 -0.957028
v 0.720855 -0.003245 1.000000
v 0.720855 1.109901 1.000000
v 0.484682 -0.003245 1.000000
v 0.484682 1.109901 1.000000
v 0.484682 3.685754 0.999999
v -0.288402 -0.003245 1.115057
v 0.288402 -0.003245 1.115057
v 0.288402 0.177152 1.115057
v -0.288402 0.177152 1.115057
v -0.288402 0.177152 0.959575
v 0.288402 0.177152 0.959575
v -0.288402 -0.003245 1.112648
v -0.288402 0.128017 1.112648
v 0.288402 0.128017 1.112648
v 0.288402 -0.003245 1.112648
v 0.288402 -0.003245 0.959575
v -0.288402 -0.003245 1.268130
v 0.288402 -0.003245 1.268130
v 0.288402 0.128017 1.268130
v -0.288402 0.128017 1.268130
v -0.288402 -0.003245 1.265722
v -0.288402 0.079827 1.265722
v 0.288402 0.079827 1.265722
v 0.288402 -0.003245 1.265722
v -0.288402 -0.003245 1.421203
v 0.288402 -0.003245 1.421203
v 0.288402 0.079827 1.421203
v -0.288402 0.079827 1.421203
v -0.288402 -0.003245 0.959575
v 0.484682 2.426500 1.000000
v 0.720855 2.426500 1.000000
v 0.720855 2.732573 1.000000
v 0.484682 2.732573 1.000000
v 0.248509 2.426500 1.000000
v 0.248509 2.732573 1.000000
v 0.957028 2.426500 -1.000000
v 0.000000 2.426500 -1.000000
v 0.000000 2.732572 -1.000000
v 0.957028 2.732572 -1.000000
v 0.000000 2.426500 1.000000
v 0.000000 2.732573 1.000000
v 0.957028 2.426500 1.000000
v 1.000000 2.426500 0.957027
v 1.000000 2.732573 0.957027
v 0.957028 2.732573 1.000000
v 1.000000 2.426500 -0.957028
v 1.000000 2.732572 -0.957028
v -0.484682 2.426500 1.000000
v -0.484682 2.732573 1.000000
v -0.720855 2.732573 1.000000
v -0.720855 2.426500 1.000000
v -0.248509 2.426500 1.000000
v -0.248509 2.732573 1.000000
v -0.957028 2.426500 -1.000000
v -0.957028 2.732572 -1.000000
v -0.957028 2.426500 1.000000
v -0.957028 2.732573 1.000000
v -1.000000 2.732573 0.957027
v -1.000000 2.426500 0.957027
v -1.000000 2.426500 -0.957028
v -1.000000 2.732572 -0.957028
v 0.000000 1.458030 1.000000
v -0.248509 1.458030 1.000000
v -1.000000 1.458030 0.957027
v -1.000000 1.458029 -0.957028
v -0.720855 1.458030 1.000000
v -0.957028 1.458030 1.000000
v -0.957028 1.458029 -1.000000
v 0.000000 1.458029 -1.000000
v -0.484682 1.458030 1.000000
v 1.000000 1.458030 0.957027
v 1.000000 1.458029 -0.957028
v 0.720855 1.458030 1.000000
v 0.957028 1.458030 1.000000
v 0.957028 1.458029 -1.000000
v 0.248509 1.458030 1.000000
v 0.484682 1.458030 1.000000
v -0.856331 7.552717 -0.839849
v -0.856331 7.552717 0.839847
v -0.818620 7.552717 0.877558
v -0.611364 7.552717 0.877558
v -0.404109 7.552717 0.877558
v -0.196853 7.552717 0.877558
v 0.021228 7.552717 0.877558
v 0.021228 7.552717 -0.877560
v -0.818620 7.552717 -0.877560
v -0.856331 7.464925 0.839847
v -0.856331 7.464925 -0.839849
v -0.611364 7.464925 0.877558
v -0.818620 7.464925 0.877558
v -0.818620 7.464925 -0.877560
v 0.021228 7.464925 0.877558
v -0.196853 7.464925 0.877558
v 0.021228 7.464925 -0.877560
v -0.818620 3.887235 -0.877559
v -0.818620 5.204462 -0.877560
v 0.021228 5.204462 -0.877560
v 0.021228 3.887235 -0.877559
v -0.818620 3.887235 0.877558
v -0.818620 5.204462 0.877558
v -0.856331 5.204462 0.839847
v -0.856331 3.887235 0.839847
v -0.856331 3.887235 -0.839849
v -0.856331 5.204462 -0.839849
v -0.611364 3.887235 0.877558
v -0.611364 5.204462 0.877558
v 0.021228 3.887235 0.877558
v 0.021228 5.204462 0.877558
v -0.196853 5.204462 0.877558
v -0.196853 3.887235 0.877558
v -0.404109 5.204462 0.877558
v -0.404109 3.887235 0.877558
v -0.404109 7.464925 0.877558
v 0.898787 7.552717 -0.839849
v 0.861076 7.552717 -0.877560
v 0.239309 7.552717 0.877558
v 0.446564 7.552717 0.877558
v 0.653820 7.552717 0.877558
v 0.861076 7.552717 0.877558
v 0.898787 7.552717 0.839847
v 0.898787 7.464925 0.839847
v 0.898787 7.464925 -0.839849
v 0.653820 7.464925 0.877558
v 0.861076 7.464925 0.877558
v 0.861076 7.464925 -0.877560
v 0.239309 7.464925 0.877558
v 0.861076 3.887235 -0.877559
v 0.861076 5.204462 -0.877560
v 0.239309 3.887235 0.877558
v 0.239309 5.204462 0.877558
v 0.861076 3.887235 0.877558
v 0.898787 3.887235 0.839847
v 0.898787 5.204462 0.839847
v 0.861076 5.204462 0.877558
v 0.898787 3.887235 -0.839849
v 0.898787 5.204462 -0.839849
v 0.653820 3.887235 0.877558
v 0.653820 5.204462 0.877558
v 0.446565 3.887235 0.877558
v 0.446564 5.204462 0.877558
v 0.446564 7.464925 0.877558
v 0.446564 6.359855 0.877558
v 0.653820 6.359855 0.877558
v 0.653820 6.628452 0.877558
v 0.446564 6.628452 0.877558
v 0.239309 6.359855 0.877558
v 0.239309 6.628452 0.877558
v 0.861076 6.359855 -0.877560
v 0.021228 6.359855 -0.877560
v 0.021228 6.628452 -0.877560
v 0.861076 6.628452 -0.877560
v 0.021228 6.359855 0.877558
v 0.021228 6.628452 0.877558
v 0.861076 6.359855 0.877558
v 0.898787 6.359855 0.839847
v 0.898787 6.628452 0.839847
v 0.861076 6.628452 0.877558
v 0.898787 6.359855 -0.839849
v 0.898787 6.628452 -0.839849
v -0.404109 6.359855 0.877558
v -0.404109 6.628452 0.877558
v -0.611364 6.628452 0.877558
v -0.611364 6.359855 0.877558
v -0.196853 6.359855 0.877558
v -0.196853 6.628452 0.877558
v -0.818620 6.359855 -0.877560
v -0.818620 6.628452 -0.877560
v -0.818620 6.359855 0.877558
v -0.818620 6.628452 0.877558
v -0.856331 6.628452 0.839847
v -0.856331 6.359855 0.839847
v -0.856331 6.359855 -0.839849
v -0.856331 6.628452 -0.839849
v 0.021228 5.509966 0.877558
v -0.196853 5.509966 0.877558
v -0.856331 5.509966 0.839847
v -0.856331 5.509966 -0.839849
v -0.611364 5.509966 0.877558
v -0.818620 5.509966 0.877558
v -0.818620 5.509966 -0.877560
v 0.021228 5.509966 -0.877560
v -0.404109 5.509966 0.877558
v 0.898787 5.509966 0.839847
v 0.898787 5.509966 -0.839849
v 0.653820 5.509966 0.877558
v 0.861076 5.509966 0.877558
v 0.861076 5.509966 -0.877560
v 0.239309 5.509966 0.877558
v 0.446564 5.509966 0.877558
v -0.599160 0.726373 1.018398
v -0.599160 0.741853 1.018398
v -0.714908 0.741853 1.018398
v -0.714908 0.726373 1.018398
v -0.599160 0.741853 1.003754
v -0.714908 0.741853 1.003754
v -0.586340 0.741853 1.018398
v -0.586340 0.848183 1.018398
v -0.599160 0.846842 1.018398
v -0.714908 0.726373 1.003754
v -0.599160 0.726373 1.003754
v -0.573520 0.538790 1.003754
v -0.573520 0.726373 1.003754
v -0.573520 0.726373 1.018398
v -0.573520 0.538790 1.018398
v -0.586340 0.726373 1.018398
v -0.599160 0.538790 1.018398
v -0.599160 0.538790 1.003754
v -0.586340 0.537449 1.018398
v -0.599160 0.846842 1.003754
v -0.457773 0.726373 1.018398
v -0.457773 0.741853 1.018398
v -0.573520 0.741853 1.018398
v -0.457773 0.741853 1.003754
v -0.573520 0.741853 1.003754
v -0.573521 0.846842 1.018398
v -0.457773 0.726373 1.003754
v -0.573521 0.846842 1.003754
v -0.710128 0.834092 1.023237
v -0.737707 0.854043 1.023237
v -0.737707 0.753371 1.023237
v -0.710128 0.742533 1.023237
v -0.598684 0.544103 1.023237
v -0.710128 0.556040 1.023237
v -0.737707 0.536089 1.023237
v -0.615172 0.522965 1.023237
v -0.598684 0.846029 1.023237
v -0.615172 0.867167 1.023237
v -0.710128 0.727272 1.023237
v -0.737707 0.736591 1.023237
v -0.586341 0.542781 1.023237
v -0.586341 0.521511 1.023237
v -0.586341 0.847351 1.023237
v -0.586341 0.868621 1.023237
v -0.615172 0.867167 0.966803
v -0.737707 0.854043 0.966803
v -0.737707 0.736591 0.966803
v -0.737707 0.536089 0.966803
v -0.737707 0.753371 0.966803
v -0.615172 0.522965 0.966803
v -0.586341 0.521511 0.966803
v -0.586341 0.868621 0.966803
v -0.710128 0.742533 1.004073
v -0.710128 0.834092 1.004073
v -0.598684 0.544103 1.004074
v -0.710128 0.556040 1.004074
v -0.598684 0.846029 1.004073
v -0.710128 0.727272 1.004073
v -0.586341 0.542781 1.004074
v -0.586341 0.847351 1.004073
v -0.462553 0.834092 1.023237
v -0.462553 0.742533 1.023237
v -0.434974 0.753371 1.023237
v -0.434974 0.854043 1.023237
v -0.573997 0.544103 1.023237
v -0.557509 0.522965 1.023237
v -0.434974 0.536089 1.023237
v -0.462553 0.556040 1.023237
v -0.557509 0.867167 1.023237
v -0.573997 0.846029 1.023237
v -0.462553 0.727272 1.023237
v -0.434974 0.736591 1.023237
v -0.434974 0.854043 0.966803
v -0.557509 0.867167 0.966803
v -0.434974 0.536089 0.966803
v -0.434974 0.736591 0.966803
v -0.434974 0.753371 0.966803
v -0.557509 0.522965 0.966803
v -0.462553 0.834092 1.004073
v -0.462553 0.742533 1.004073
v -0.462553 0.556040 1.004074
v -0.573997 0.544103 1.004074
v -0.573997 0.846029 1.004073
v -0.462553 0.727272 1.004073
v -0.710128 3.403183 1.023237
v -0.737707 3.423133 1.023237
v -0.737707 3.322461 1.023237
v -0.710128 3.311623 1.023237
v -0.598684 2.990326 1.023237
v -0.710128 3.002262 1.023237
v -0.737707 2.982312 1.023237
v -0.615172 2.969188 1.023237
v -0.598684 3.415119 1.023237
v -0.615172 3.436257 1.023237
v -0.710128 3.128097 1.023237
v -0.737707 3.120670 1.023237
v -0.737707 3.103422 1.023237
v -0.710128 3.112410 1.023237
v -0.737707 3.305681 1.023237
v -0.710128 3.296362 1.023237
v -0.586341 2.989004 1.023237
v -0.586341 2.967734 1.023237
v -0.586341 3.416441 1.023237
v -0.586341 3.437711 1.023237
v -0.615172 3.436257 0.966802
v -0.737707 3.423133 0.966802
v -0.737707 3.120670 0.966802
v -0.737707 3.103422 0.966802
v -0.737707 3.322461 0.966802
v -0.737707 3.305681 0.966802
v -0.615172 2.969188 0.966802
v -0.586341 2.967734 0.966802
v -0.737707 2.982312 0.966802
v -0.586341 3.437711 0.966802
v -0.710128 3.311623 1.004073
v -0.710128 3.403183 1.004073
v -0.598684 2.990326 1.004073
v -0.710128 3.002262 1.004073
v -0.598684 3.415119 1.004073
v -0.710128 3.112410 1.004073
v -0.710128 3.128097 1.004073
v -0.710128 3.296362 1.004073
v -0.586341 2.989004 1.004073
v -0.586341 3.416441 1.004073
v -0.462553 3.403183 1.023237
v -0.462553 3.311623 1.023237
v -0.434974 3.322461 1.023237
v -0.434974 3.423133 1.023237
v -0.573997 2.990326 1.023237
v -0.557509 2.969188 1.023237
v -0.434974 2.982312 1.023237
v -0.462553 3.002262 1.023237
v -0.557509 3.436257 1.023237
v -0.573997 3.415119 1.023237
v -0.462553 3.128097 1.023237
v -0.462553 3.112410 1.023237
v -0.434974 3.103422 1.023237
v -0.434974 3.120670 1.023237
v -0.462553 3.296362 1.023237
v -0.434974 3.305681 1.023237
v -0.434974 3.423133 0.966802
v -0.557509 3.436257 0.966802
v -0.434974 3.103422 0.966802
v -0.434974 3.120670 0.966802
v -0.434974 3.305681 0.966802
v -0.434974 3.322461 0.966802
v -0.557509 2.969188 0.966802
v -0.434974 2.982312 0.966802
v -0.462553 3.403183 1.004073
v -0.462553 3.311623 1.004073
v -0.462553 3.002262 1.004073
v -0.573997 2.990326 1.004073
v -0.573997 3.415119 1.004073
v -0.462553 3.128097 1.004073
v -0.462553 3.112410 1.004073
v -0.462553 3.296362 1.004073
v -0.599160 3.292521 1.018342
v -0.599160 3.308002 1.018342
v -0.714908 3.308002 1.018342
v -0.714908 3.292521 1.018342
v -0.599160 2.982072 1.018343
v -0.599160 3.105917 1.018342
v -0.599160 3.105917 1.003699
v -0.599160 2.982072 1.003699
v -0.599160 3.308002 1.003699
v -0.714908 3.308002 1.003699
v -0.586340 3.308002 1.018342
v -0.586340 3.414332 1.018342
v -0.599160 3.412991 1.018342
v -0.714908 3.292521 1.003699
v -0.599160 3.292521 1.003699
v -0.714908 3.105917 1.018342
v -0.714908 3.105917 1.003699
v -0.586340 3.121830 1.018342
v -0.586340 3.292521 1.018342
v -0.599160 3.121830 1.018342
v -0.714908 3.121830 1.018342
v -0.599160 3.121830 1.003699
v -0.714908 3.121830 1.003699
v -0.586340 3.105917 1.018342
v -0.599160 3.412991 1.003699
v -0.586340 2.980731 1.018343
v -0.573520 3.292521 1.018342
v -0.457773 3.292521 1.018342
v -0.457773 3.308002 1.018342
v -0.573520 3.308002 1.018342
v -0.573521 2.982072 1.018343
v -0.573521 2.982072 1.003699
v -0.573520 3.105917 1.003699
v -0.573520 3.105917 1.018342
v -0.457773 3.308002 1.003699
v -0.573520 3.308002 1.003699
v -0.573520 3.412991 1.018342
v -0.573520 3.292521 1.003699
v -0.457773 3.292521 1.003699
v -0.457773 3.105917 1.003699
v -0.457773 3.105917 1.018342
v -0.573520 3.121830 1.018342
v -0.457773 3.121830 1.018342
v -0.457773 3.121830 1.003699
v -0.573520 3.121830 1.003699
v -0.573520 3.412991 1.003699
v 0.599160 0.726373 1.018398
v 0.714908 0.726373 1.018398
v 0.714908 0.741853 1.018398
v 0.599160 0.741853 1.018398
v 0.714908 0.741853 1.003754
v 0.599160 0.741853 1.003754
v 0.586340 0.741853 1.018398
v 0.599160 0.846842 1.018398
v 0.586340 0.848183 1.018398
v 0.599160 0.726373 1.003754
v 0.714908 0.726373 1.003754
v 0.573520 0.538790 1.003754
v 0.573520 0.538790 1.018398
v 0.573520 0.726373 1.018398
v 0.573520 0.726373 1.003754
v 0.586340 0.726373 1.018398
v 0.599160 0.538790 1.018398
v 0.599160 0.538790 1.003754
v 0.586340 0.537449 1.018398
v 0.599160 0.846842 1.003754
v 0.573520 0.741853 1.018398
v 0.457773 0.741853 1.018398
v 0.457773 0.726373 1.018398
v 0.573520 0.741853 1.003754
v 0.457773 0.741853 1.003754
v 0.573520 0.846842 1.018398
v 0.457773 0.726373 1.003754
v 0.573520 0.846842 1.003754
v 0.710128 0.834092 1.023237
v 0.710128 0.742533 1.023237
v 0.737707 0.753371 1.023237
v 0.737707 0.854043 1.023237
v 0.598684 0.544103 1.023237
v 0.615172 0.522965 1.023237
v 0.737707 0.536089 1.023237
v 0.710128 0.556040 1.023237
v 0.615172 0.867167 1.023237
v 0.598684 0.846029 1.023237
v 0.710128 0.727272 1.023237
v 0.737707 0.736591 1.023237
v 0.586341 0.542781 1.023237
v 0.586341 0.521511 1.023237
v 0.586340 0.868621 1.023237
v 0.586340 0.847351 1.023237
v 0.737707 0.854043 0.966803
v 0.615172 0.867167 0.966803
v 0.737707 0.536089 0.966803
v 0.737707 0.736591 0.966803
v 0.737707 0.753371 0.966803
v 0.586341 0.521511 0.966803
v 0.615172 0.522965 0.966803
v 0.586340 0.868621 0.966803
v 0.710128 0.834092 1.004073
v 0.710128 0.742533 1.004073
v 0.710128 0.556040 1.004074
v 0.598684 0.544103 1.004074
v 0.598684 0.846029 1.004073
v 0.710128 0.727272 1.004073
v 0.586341 0.542781 1.004074
v 0.586340 0.847351 1.004073
v 0.462553 0.834092 1.023237
v 0.434974 0.854043 1.023237
v 0.434974 0.753371 1.023237
v 0.462553 0.742533 1.023237
v 0.573997 0.544103 1.023237
v 0.462553 0.556040 1.023237
v 0.434974 0.536089 1.023237
v 0.557509 0.522965 1.023237
v 0.573997 0.846029 1.023237
v 0.557509 0.867167 1.023237
v 0.462553 0.727272 1.023237
v 0.434974 0.736591 1.023237
v 0.557509 0.867167 0.966803
v 0.434974 0.854043 0.966803
v 0.434974 0.736591 0.966803
v 0.434974 0.536089 0.966803
v 0.434974 0.753371 0.966803
v 0.557509 0.522965 0.966803
v 0.462553 0.742533 1.004073
v 0.462553 0.834092 1.004073
v 0.573997 0.544103 1.004074
v 0.462553 0.556040 1.004074
v 0.573997 0.846029 1.004073
v 0.462553 0.727272 1.004073
v 0.710128 3.398501 1.023237
v 0.710128 3.306941 1.023237
v 0.737707 3.317780 1.023237
v 0.737707 3.418452 1.023237
v 0.598684 2.985645 1.023237
v 0.615172 2.964507 1.023237
v 0.737707 2.977631 1.023237
v 0.710128 2.997581 1.023237
v 0.615172 3.431576 1.023237
v 0.598684 3.410438 1.023237
v 0.710128 3.123416 1.023237
v 0.710128 3.107729 1.023237
v 0.737707 3.098741 1.023237
v 0.737707 3.115988 1.023237
v 0.710128 3.291681 1.023237
v 0.737707 3.301000 1.023237
v 0.586340 2.984322 1.023237
v 0.586340 2.963053 1.023237
v 0.586341 3.433029 1.023237
v 0.586341 3.411760 1.023237
v 0.737707 3.418452 0.966802
v 0.615172 3.431576 0.966802
v 0.737707 3.098741 0.966802
v 0.737707 3.115988 0.966802
v 0.737707 3.301000 0.966802
v 0.737707 3.317780 0.966802
v 0.586340 2.963053 0.966802
v 0.615172 2.964507 0.966802
v 0.737707 2.977631 0.966802
v 0.586341 3.433029 0.966802
v 0.710128 3.398501 1.004073
v 0.710128 3.306941 1.004073
v 0.710128 2.997581 1.004073
v 0.598684 2.985645 1.004073
v 0.598684 3.410438 1.004073
v 0.710128 3.123416 1.004073
v 0.710128 3.107729 1.004073
v 0.710128 3.291681 1.004073
v 0.586340 2.984322 1.004073
v 0.586341 3.411760 1.004073
v 0.462553 3.398501 1.023237
v 0.434974 3.418452 1.023237
v 0.434974 3.317780 1.023237
v 0.462553 3.306941 1.023237
v 0.573997 2.985645 1.023237
v 0.462553 2.997581 1.023237
v 0.434974 2.977631 1.023237
v 0.557509 2.964507 1.023237
v 0.573997 3.410438 1.023237
v 0.557509 3.431576 1.023237
v 0.462553 3.123416 1.023237
v 0.434974 3.115988 1.023237
v 0.434974 3.098741 1.023237
v 0.462553 3.107729 1.023237
v 0.434974 3.301000 1.023237
v 0.462553 3.291681 1.023237
v 0.557509 3.431576 0.966802
v 0.434974 3.418452 0.966802
v 0.434974 3.115988 0.966802
v 0.434974 3.098741 0.966802
v 0.434974 3.317780 0.966802
v 0.434974 3.301000 0.966802
v 0.557509 2.964507 0.966802
v 0.434974 2.977631 0.966802
v 0.462553 3.306941 1.004073
v 0.462553 3.398501 1.004073
v 0.573997 2.985645 1.004073
v 0.462553 2.997581 1.004073
v 0.573997 3.410438 1.004073
v 0.462553 3.107729 1.004073
v 0.462553 3.123416 1.004073
v 0.462553 3.291681 1.004073
v 0.599160 3.292521 1.018342
v 0.714908 3.292521 1.018342
v 0.714908 3.308002 1.018342
v 0.599160 3.308002 1.018342
v 0.599160 2.982072 1.018343
v 0.599160 2.982072 1.003699
v 0.599160 3.105917 1.003699
v 0.599160 3.105917 1.018342
v 0.714908 3.308002 1.003699
v 0.599160 3.308002 1.003699
v 0.586340 3.308002 1.018342
v 0.599160 3.412991 1.018342
v 0.586340 3.414332 1.018342
v 0.599160 3.292521 1.003699
v 0.714908 3.292521 1.003699
v 0.714908 3.105917 1.003699
v 0.714908 3.105917 1.018342
v 0.586340 3.121830 1.018342
v 0.599160 3.121830 1.018342
v 0.586340 3.292521 1.018342
v 0.714908 3.121830 1.018342
v 0.714908 3.121830 1.003699
v 0.599160 3.121830 1.003699
v 0.586340 3.105917 1.018342
v 0.599160 3.412991 1.003699
v 0.586340 2.980731 1.018343
v 0.573520 3.292521 1.018342
v 0.573520 3.308002 1.018342
v 0.457773 3.308002 1.018342
v 0.457773 3.292521 1.018342
v 0.573520 2.982072 1.018343
v 0.573520 3.105917 1.018342
v 0.573520 3.105917 1.003699
v 0.573520 2.982072 1.003699
v 0.573520 3.308002 1.003699
v 0.457773 3.308002 1.003699
v 0.573520 3.412991 1.018342
v 0.457773 3.292521 1.003699
v 0.573520 3.292521 1.003699
v 0.457773 3.105917 1.018342
v 0.457773 3.105917 1.003699
v 0.573520 3.121830 1.018342
v 0.457773 3.121830 1.018342
v 0.573520 3.121830 1.003699
v 0.457773 3.121830 1.003699
v 0.573520 3.412991 1.003699
v -0.327206 1.083631 1.097556
v -0.340341 1.145462 1.094240
v -0.327206 1.140968 0.958842
v -0.327206 1.083631 0.958842
v 0.000000 1.133796 0.958842
v 0.000000 1.083631 0.958842
v 0.000000 1.094916 1.097556
v 0.000000 1.140968 1.097556
v -0.203976 0.179066 1.026923
v -0.277960 0.179066 1.024055
v -0.274072 0.179066 0.906934
v -0.203976 0.179066 0.906934
v -0.267868 1.118938 0.906934
v -0.203976 1.118938 0.906934
v -0.274072 1.118938 1.026923
v -0.213737 1.118938 1.026923
v 0.327206 1.083631 1.097556
v 0.327206 1.083631 0.958842
v 0.327206 1.140968 0.958842
v 0.340341 1.145463 1.094240
v 0.203976 0.179066 1.026923
v 0.203976 0.179066 0.906934
v 0.274072 0.179066 0.906934
v 0.277960 0.179066 1.024055
v 0.203976 1.118938 0.906934
v 0.267868 1.118938 0.906934
v 0.213737 1.118938 1.026923
v 0.274072 1.118938 1.026923
v -0.710128 2.136075 1.023237
v -0.737707 2.156026 1.023237
v -0.737707 2.055354 1.023237
v -0.710128 2.044515 1.023237
v -0.598684 1.723218 1.023237
v -0.710128 1.735154 1.023237
v -0.737707 1.715204 1.023237
v -0.615172 1.702080 1.023237
v -0.598684 2.148012 1.023237
v -0.615172 2.169150 1.023237
v -0.710128 1.860989 1.023237
v -0.737707 1.853562 1.023237
v -0.737707 1.836315 1.023237
v -0.710128 1.845303 1.023237
v -0.737707 2.038573 1.023237
v -0.710128 2.029255 1.023237
v -0.586341 1.721896 1.023237
v -0.586341 1.700627 1.023237
v -0.586341 2.149334 1.023237
v -0.586341 2.170603 1.023237
v -0.615172 2.169150 0.966802
v -0.737707 2.156026 0.966802
v -0.737707 1.853562 0.966803
v -0.737707 1.836315 0.966803
v -0.737707 2.055354 0.966803
v -0.737707 2.038573 0.966803
v -0.615172 1.702080 0.966803
v -0.586341 1.700627 0.966803
v -0.737707 1.715204 0.966803
v -0.586341 2.170603 0.966802
v -0.710128 2.044515 1.004073
v -0.710128 2.136075 1.004073
v -0.598684 1.723218 1.004073
v -0.710128 1.735154 1.004073
v -0.598684 2.148012 1.004073
v -0.710128 1.845303 1.004073
v -0.710128 1.860989 1.004073
v -0.710128 2.029255 1.004073
v -0.586341 1.721896 1.004073
v -0.586341 2.149334 1.004073
v -0.462553 2.136075 1.023237
v -0.462553 2.044515 1.023237
v -0.434974 2.055354 1.023237
v -0.434974 2.156026 1.023237
v -0.573997 1.723218 1.023237
v -0.557509 1.702080 1.023237
v -0.434974 1.715204 1.023237
v -0.462553 1.735154 1.023237
v -0.557509 2.169150 1.023237
v -0.573997 2.148012 1.023237
v -0.462553 1.860989 1.023237
v -0.462553 1.845303 1.023237
v -0.434974 1.836315 1.023237
v -0.434974 1.853562 1.023237
v -0.462553 2.029255 1.023237
v -0.434974 2.038573 1.023237
v -0.434974 2.156026 0.966802
v -0.557509 2.169150 0.966802
v -0.434974 1.836315 0.966803
v -0.434974 1.853562 0.966803
v -0.434974 2.038573 0.966803
v -0.434974 2.055354 0.966803
v -0.557509 1.702080 0.966803
v -0.434974 1.715204 0.966803
v -0.462553 2.136075 1.004073
v -0.462553 2.044515 1.004073
v -0.462553 1.735154 1.004073
v -0.573997 1.723218 1.004073
v -0.573997 2.148012 1.004073
v -0.462553 1.860989 1.004073
v -0.462553 1.845303 1.004073
v -0.462553 2.029255 1.004073
v -0.599160 2.030095 1.018343
v -0.599160 2.045576 1.018343
v -0.714908 2.045576 1.018343
v -0.714908 2.030095 1.018343
v -0.599160 1.719646 1.018343
v -0.599160 1.843491 1.018343
v -0.599160 1.843491 1.003699
v -0.599160 1.719646 1.003699
v -0.599160 2.045576 1.003699
v -0.714908 2.045576 1.003699
v -0.586340 2.045576 1.018343
v -0.586340 2.151906 1.018343
v -0.599160 2.150565 1.018343
v -0.714908 2.030095 1.003699
v -0.599160 2.030095 1.003699
v -0.714908 1.843491 1.018343
v -0.714908 1.843491 1.003699
v -0.586340 1.859404 1.018343
v -0.586340 2.030095 1.018343
v -0.599160 1.859404 1.018343
v -0.714908 1.859404 1.018343
v -0.599160 1.859404 1.003699
v -0.714908 1.859404 1.003699
v -0.586340 1.843491 1.018343
v -0.599160 2.150565 1.003699
v -0.586340 1.718305 1.018343
v -0.573520 2.030095 1.018343
v -0.457773 2.030095 1.018343
v -0.457773 2.045576 1.018343
v -0.573520 2.045576 1.018343
v -0.573520 1.719646 1.018343
v -0.573520 1.719646 1.003699
v -0.573520 1.843491 1.003699
v -0.573520 1.843491 1.018343
v -0.457773 2.045576 1.003699
v -0.573520 2.045576 1.003699
v -0.573520 2.150565 1.018343
v -0.573520 2.030095 1.003699
v -0.457773 2.030095 1.003699
v -0.457773 1.843491 1.003699
v -0.457773 1.843491 1.018343
v -0.573520 1.859404 1.018343
v -0.457773 1.859404 1.018343
v -0.457773 1.859404 1.003699
v -0.573520 1.859404 1.003699
v -0.573520 2.150565 1.003699
v 0.710128 2.136075 1.023237
v 0.710128 2.044515 1.023237
v 0.737707 2.055354 1.023237
v 0.737707 2.156026 1.023237
v 0.598684 1.723218 1.023237
v 0.615172 1.702080 1.023237
v 0.737707 1.715204 1.023237
v 0.710128 1.735154 1.023237
v 0.615172 2.169150 1.023237
v 0.598684 2.148012 1.023237
v 0.710128 1.860989 1.023237
v 0.710128 1.845303 1.023237
v 0.737707 1.836315 1.023237
v 0.737707 1.853562 1.023237
v 0.710128 2.029255 1.023237
v 0.737707 2.038573 1.023237
v 0.586341 1.721896 1.023237
v 0.586341 1.700627 1.023237
v 0.586341 2.170603 1.023237
v 0.586341 2.149334 1.023237
v 0.737707 2.156026 0.966802
v 0.615172 2.169150 0.966802
v 0.737707 1.836315 0.966803
v 0.737707 1.853562 0.966803
v 0.737707 2.038573 0.966803
v 0.737707 2.055354 0.966803
v 0.586341 1.700627 0.966803
v 0.615172 1.702080 0.966803
v 0.737707 1.715204 0.966803
v 0.586341 2.170603 0.966802
v 0.710128 2.136075 1.004073
v 0.710128 2.044515 1.004073
v 0.710128 1.735154 1.004073
v 0.598684 1.723218 1.004073
v 0.598684 2.148012 1.004073
v 0.710128 1.860989 1.004073
v 0.710128 1.845303 1.004073
v 0.710128 2.029255 1.004073
v 0.586341 1.721896 1.004073
v 0.586341 2.149334 1.004073
v 0.462553 2.136075 1.023237
v 0.434974 2.156026 1.023237
v 0.434974 2.055354 1.023237
v 0.462553 2.044515 1.023237
v 0.573997 1.723218 1.023237
v 0.462553 1.735154 1.023237
v 0.434974 1.715204 1.023237
v 0.557509 1.702080 1.023237
v 0.573997 2.148012 1.023237
v 0.557509 2.169150 1.023237
v 0.462553 1.860989 1.023237
v 0.434974 1.853562 1.023237
v 0.434974 1.836315 1.023237
v 0.462553 1.845303 1.023237
v 0.434974 2.038573 1.023237
v 0.462553 2.029255 1.023237
v 0.557509 2.169150 0.966802
v 0.434974 2.156026 0.966802
v 0.434974 1.853562 0.966803
v 0.434974 1.836315 0.966803
v 0.434974 2.055354 0.966803
v 0.434974 2.038573 0.966803
v 0.557509 1.702080 0.966803
v 0.434974 1.715204 0.966803
v 0.462553 2.044515 1.004073
v 0.462553 2.136075 1.004073
v 0.573997 1.723218 1.004073
v 0.462553 1.735154 1.004073
v 0.573997 2.148012 1.004073
v 0.462553 1.845303 1.004073
v 0.462553 1.860989 1.004073
v 0.462553 2.029255 1.004073
v 0.599160 2.030095 1.018343
v 0.714908 2.030095 1.018343
v 0.714908 2.045576 1.018343
v 0.599160 2.045576 1.018343
v 0.599160 1.719646 1.018343
v 0.599160 1.719646 1.003699
v 0.599160 1.843491 1.003699
v 0.599160 1.843491 1.018343
v 0.714908 2.045576 1.003699
v 0.599160 2.045576 1.003699
v 0.586340 2.045576 1.018343
v 0.599160 2.150565 1.018343
v 0.586340 2.151906 1.018343
v 0.599160 2.030095 1.003699
v 0.714908 2.030095 1.003699
v 0.714908 1.843491 1.003699
v 0.714908 1.843491 1.018343
v 0.586340 1.859404 1.018343
v 0.599160 1.859404 1.018343
v 0.586340 2.030095 1.018343
v 0.714908 1.859404 1.018343
v 0.714908 1.859404 1.003699
v 0.599160 1.859404 1.003699
v 0.586340 1.843491 1.018343
v 0.599160 2.150565 1.003699
v 0.586340 1.718305 1.018343
v 0.573520 2.030095 1.018343
v 0.573520 2.045576 1.018343
v 0.457773 2.045576 1.018343
v 0.457773 2.030095 1.018343
v 0.573520 1.719646 1.018343
v 0.573520 1.843491 1.018343
v 0.573520 1.843491 1.003699
v 0.573520 1.719646 1.003699
v 0.573520 2.045576 1.003699
v 0.457773 2.045576 1.003699
v 0.573520 2.150565 1.018343
v 0.457773 2.030095 1.003699
v 0.573520 2.030095 1.003699
v 0.457773 1.843491 1.018343
v 0.457773 1.843491 1.003699
v 0.573520 1.859404 1.018343
v 0.457773 1.859404 1.018343
v 0.573520 1.859404 1.003699
v 0.457773 1.859404 1.003699
v 0.573520 2.150565 1.003699
v -0.651017 7.154669 0.922017
v -0.678596 7.174619 0.922017
v -0.678596 7.073947 0.922017
v -0.651017 7.063109 0.922017
v -0.539573 6.741812 0.922017
v -0.651017 6.753748 0.922017
v -0.678596 6.733798 0.922017
v -0.556060 6.720674 0.922017
v -0.539573 7.166605 0.922017
v -0.556060 7.187743 0.922017
v -0.651017 6.879583 0.922017
v -0.678596 6.872156 0.922017
v -0.678596 6.854908 0.922017
v -0.651017 6.863896 0.922017
v -0.678596 7.057167 0.922017
v -0.651017 7.047849 0.922017
v -0.527230 6.740489 0.922017
v -0.527230 6.719220 0.922017
v -0.527230 7.167927 0.922017
v -0.527230 7.189197 0.922017
v -0.556060 7.187743 0.865583
v -0.678596 7.174619 0.865583
v -0.678596 6.872156 0.865583
v -0.678596 6.854908 0.865583
v -0.678596 7.073947 0.865583
v -0.678596 7.057167 0.865583
v -0.556060 6.720674 0.865583
v -0.527230 6.719220 0.865583
v -0.678596 6.733798 0.865583
v -0.527230 7.189197 0.865583
v -0.651017 7.063109 0.902853
v -0.651017 7.154669 0.902853
v -0.539573 6.741812 0.902853
v -0.651017 6.753748 0.902853
v -0.539573 7.166605 0.902853
v -0.651017 6.863896 0.902853
v -0.651017 6.879583 0.902853
v -0.651017 7.047849 0.902853
v -0.527230 6.740489 0.902853
v -0.527230 7.167927 0.902853
v -0.403442 7.154669 0.922017
v -0.403442 7.063109 0.922017
v -0.375862 7.073947 0.922017
v -0.375862 7.174619 0.922017
v -0.514886 6.741812 0.922017
v -0.498398 6.720674 0.922017
v -0.375862 6.733798 0.922017
v -0.403442 6.753748 0.922017
v -0.498398 7.187743 0.922017
v -0.514886 7.166605 0.922017
v -0.403442 6.879583 0.922017
v -0.403442 6.863896 0.922017
v -0.375862 6.854908 0.922017
v -0.375862 6.872156 0.922017
v -0.403442 7.047849 0.922017
v -0.375862 7.057167 0.922017
v -0.375862 7.174619 0.865583
v -0.498398 7.187743 0.865583
v -0.375862 6.854908 0.865583
v -0.375862 6.872156 0.865583
v -0.375862 7.057167 0.865583
v -0.375862 7.073947 0.865583
v -0.498398 6.720674 0.865583
v -0.375862 6.733798 0.865583
v -0.403442 7.154669 0.902853
v -0.403442 7.063109 0.902853
v -0.403442 6.753748 0.902853
v -0.514886 6.741812 0.902853
v -0.514886 7.166605 0.902853
v -0.403442 6.879583 0.902853
v -0.403442 6.863896 0.902853
v -0.403442 7.047849 0.902853
v -0.540049 7.044008 0.917123
v -0.540049 7.059489 0.917123
v -0.655797 7.059489 0.917123
v -0.655797 7.044008 0.917123
v -0.540049 6.733558 0.917123
v -0.540049 6.857404 0.917123
v -0.540049 6.857404 0.902479
v -0.540049 6.733558 0.902479
v -0.540049 7.059489 0.902479
v -0.655797 7.059489 0.902479
v -0.527230 7.059489 0.917123
v -0.527230 7.165818 0.917123
v -0.540049 7.164477 0.917123
v -0.655797 7.044008 0.902479
v -0.540049 7.044008 0.902479
v -0.655797 6.857404 0.917123
v -0.655797 6.857404 0.902479
v -0.527230 6.873316 0.917123
v -0.527230 7.044008 0.917123
v -0.540049 6.873316 0.917123
v -0.655797 6.873316 0.917123
v -0.540049 6.873316 0.902479
v -0.655797 6.873316 0.902479
v -0.527230 6.857404 0.917123
v -0.540049 7.164477 0.902479
v -0.527230 6.732217 0.917123
v -0.514409 7.044008 0.917123
v -0.398662 7.044008 0.917123
v -0.398662 7.059489 0.917123
v -0.514409 7.059489 0.917123
v -0.514409 6.733558 0.917123
v -0.514409 6.733558 0.902479
v -0.514409 6.857404 0.902479
v -0.514409 6.857404 0.917123
v -0.398662 7.059489 0.902479
v -0.514409 7.059489 0.902479
v -0.514409 7.164477 0.917123
v -0.514409 7.044008 0.902479
v -0.398662 7.044008 0.902479
v -0.398662 6.857404 0.902479
v -0.398662 6.857404 0.917123
v -0.514409 6.873316 0.917123
v -0.398662 6.873316 0.917123
v -0.398662 6.873316 0.902479
v -0.514409 6.873316 0.902479
v -0.514409 7.164477 0.902479
v -0.651017 5.887561 0.922017
v -0.678596 5.907512 0.922017
v -0.678596 5.806840 0.922017
v -0.651017 5.796002 0.922017
v -0.539573 5.474704 0.922017
v -0.651017 5.486641 0.922017
v -0.678596 5.466691 0.922017
v -0.556060 5.453566 0.922017
v -0.539573 5.899498 0.922017
v -0.556060 5.920636 0.922017
v -0.651017 5.612476 0.922017
v -0.678596 5.605049 0.922017
v -0.678596 5.587801 0.922017
v -0.651017 5.596789 0.922017
v -0.678596 5.790060 0.922017
v -0.651017 5.780741 0.922017
v -0.527230 5.473382 0.922017
v -0.527230 5.452112 0.922017
v -0.527230 5.900820 0.922017
v -0.527230 5.922090 0.922017
v -0.556060 5.920636 0.865583
v -0.678596 5.907512 0.865583
v -0.678596 5.605049 0.865583
v -0.678596 5.587801 0.865583
v -0.678596 5.806840 0.865583
v -0.678596 5.790060 0.865583
v -0.556060 5.453566 0.865583
v -0.527230 5.452112 0.865583
v -0.678596 5.466691 0.865583
v -0.527230 5.922090 0.865583
v -0.651017 5.796002 0.902854
v -0.651017 5.887561 0.902853
v -0.539573 5.474704 0.902854
v -0.651017 5.486641 0.902854
v -0.539573 5.899498 0.902853
v -0.651017 5.596789 0.902854
v -0.651017 5.612476 0.902854
v -0.651017 5.780741 0.902854
v -0.527230 5.473382 0.902854
v -0.527230 5.900820 0.902853
v -0.403442 5.887561 0.922017
v -0.403442 5.796002 0.922017
v -0.375863 5.806840 0.922017
v -0.375863 5.907512 0.922017
v -0.514886 5.474704 0.922017
v -0.498398 5.453566 0.922017
v -0.375863 5.466691 0.922017
v -0.403442 5.486641 0.922017
v -0.498398 5.920636 0.922017
v -0.514886 5.899498 0.922017
v -0.403442 5.612476 0.922017
v -0.403442 5.596789 0.922017
v -0.375863 5.587801 0.922017
v -0.375863 5.605049 0.922017
v -0.403442 5.780741 0.922017
v -0.375863 5.790060 0.922017
v -0.375863 5.907512 0.865583
v -0.498398 5.920636 0.865583
v -0.375863 5.587801 0.865583
v -0.375863 5.605049 0.865583
v -0.375863 5.790060 0.865583
v -0.375863 5.806840 0.865583
v -0.498398 5.453566 0.865583
v -0.375863 5.466691 0.865583
v -0.403442 5.887561 0.902853
v -0.403442 5.796002 0.902854
v -0.403442 5.486641 0.902854
v -0.514886 5.474704 0.902854
v -0.514886 5.899498 0.902853
v -0.403442 5.612476 0.902854
v -0.403442 5.596789 0.902854
v -0.403442 5.780741 0.902854
v -0.540049 5.781581 0.917123
v -0.540049 5.797062 0.917123
v -0.655797 5.797062 0.917123
v -0.655797 5.781581 0.917123
v -0.540049 5.471132 0.917123
v -0.540049 5.594977 0.917123
v -0.540049 5.594977 0.902479
v -0.540049 5.471132 0.902479
v -0.540049 5.797062 0.902479
v -0.655797 5.797062 0.902479
v -0.527230 5.797062 0.917123
v -0.527230 5.903392 0.917123
v -0.540049 5.902051 0.917123
v -0.655797 5.781581 0.902479
v -0.540049 5.781581 0.902479
v -0.655797 5.594977 0.917123
v -0.655797 5.594977 0.902479
v -0.527230 5.610890 0.917123
v -0.527230 5.781581 0.917123
v -0.540049 5.610890 0.917123
v -0.655797 5.610890 0.917123
v -0.540049 5.610890 0.902479
v -0.655797 5.610890 0.902479
v -0.527230 5.594977 0.917123
v -0.540049 5.902051 0.902479
v -0.527230 5.469791 0.917123
v -0.514409 5.781581 0.917123
v -0.398662 5.781581 0.917123
v -0.398662 5.797062 0.917123
v -0.514409 5.797062 0.917123
v -0.514409 5.471132 0.917123
v -0.514409 5.471132 0.902479
v -0.514409 5.594977 0.902479
v -0.514409 5.594977 0.917123
v -0.398662 5.797062 0.902479
v -0.514409 5.797062 0.902479
v -0.514409 5.902051 0.917123
v -0.514409 5.781581 0.902479
v -0.398662 5.781581 0.902479
v -0.398662 5.594977 0.902479
v -0.398662 5.594977 0.917123
v -0.514409 5.610890 0.917123
v -0.398662 5.610890 0.917123
v -0.398662 5.610890 0.902479
v -0.514409 5.610890 0.902479
v -0.514409 5.902051 0.902479
v -0.651017 4.824727 0.922018
v -0.678596 4.844677 0.922018
v -0.678596 4.744006 0.922018
v -0.651017 4.733167 0.922018
v -0.539573 4.411870 0.922018
v -0.651017 4.423806 0.922018
v -0.678596 4.403856 0.922018
v -0.556060 4.390732 0.922018
v -0.539573 4.836664 0.922018
v -0.556060 4.857802 0.922018
v -0.651017 4.549641 0.922018
v -0.678596 4.542214 0.922018
v -0.678596 4.524967 0.922018
v -0.651017 4.533954 0.922018
v -0.678596 4.727225 0.922018
v -0.651017 4.717906 0.922018
v -0.527230 4.410548 0.922018
v -0.527230 4.389279 0.922018
v -0.527230 4.837986 0.922018
v -0.527230 4.859255 0.922018
v -0.556060 4.857802 0.865583
v -0.678596 4.844677 0.865583
v -0.678596 4.542214 0.865583
v -0.678596 4.524967 0.865583
v -0.678596 4.744006 0.865583
v -0.678596 4.727225 0.865583
v -0.556060 4.390732 0.865583
v -0.527230 4.389279 0.865583
v -0.678596 4.403856 0.865583
v -0.527230 4.859255 0.865583
v -0.651017 4.733167 0.902854
v -0.651017 4.824727 0.902854
v -0.539573 4.411870 0.902854
v -0.651017 4.423806 0.902854
v -0.539573 4.836664 0.902854
v -0.651017 4.533954 0.902854
v -0.651017 4.549641 0.902854
v -0.651017 4.717906 0.902854
v -0.527230 4.410548 0.902854
v -0.527230 4.837986 0.902854
v -0.403442 4.824727 0.922018
v -0.403442 4.733167 0.922018
v -0.375863 4.744006 0.922018
v -0.375863 4.844677 0.922018
v -0.514886 4.411870 0.922018
v -0.498398 4.390732 0.922018
v -0.375863 4.403856 0.922018
v -0.403442 4.423806 0.922018
v -0.498398 4.857802 0.922018
v -0.514886 4.836664 0.922018
v -0.403442 4.549641 0.922018
v -0.403442 4.533954 0.922018
v -0.375863 4.524967 0.922018
v -0.375863 4.542214 0.922018
v -0.403442 4.717906 0.922018
v -0.375863 4.727225 0.922018
v -0.375863 4.844677 0.865583
v -0.498398 4.857802 0.865583
v -0.375863 4.524967 0.865583
v -0.375863 4.542214 0.865583
v -0.375863 4.727225 0.865583
v -0.375863 4.744006 0.865583
v -0.498398 4.390732 0.865583
v -0.375863 4.403856 0.865583
v -0.403442 4.824727 0.902854
v -0.403442 4.733167 0.902854
v -0.403442 4.423806 0.902854
v -0.514886 4.411870 0.902854
v -0.514886 4.836664 0.902854
v -0.403442 4.549641 0.902854
v -0.403442 4.533954 0.902854
v -0.403442 4.717906 0.902854
v -0.540049 4.718747 0.917123
v -0.540049 4.734228 0.917123
v -0.655797 4.734228 0.917123
v -0.655797 4.718747 0.917123
v -0.540049 4.408298 0.917123
v -0.540049 4.532143 0.917123
v -0.540049 4.532143 0.902479
v -0.540049 4.408298 0.902480
v -0.540049 4.734228 0.902479
v -0.655797 4.734228 0.902479
v -0.527230 4.734228 0.917123
v -0.527230 4.840558 0.917123
v -0.540049 4.839217 0.917123
v -0.655797 4.718747 0.902479
v -0.540049 4.718747 0.902479
v -0.655797 4.532143 0.917123
v -0.655797 4.532143 0.902479
v -0.527230 4.548056 0.917123
v -0.527230 4.718747 0.917123
v -0.540049 4.548056 0.917123
v -0.655797 4.548056 0.917123
v -0.540049 4.548056 0.902479
v -0.655797 4.548056 0.902479
v -0.527230 4.532143 0.917123
v -0.540049 4.839217 0.902479
v -0.527230 4.406957 0.917123
v -0.514409 4.718747 0.917123
v -0.398662 4.718747 0.917123
v -0.398662 4.734228 0.917123
v -0.514409 4.734228 0.917123
v -0.514409 4.408298 0.917123
v -0.514409 4.408298 0.902480
v -0.514409 4.532143 0.902479
v -0.514409 4.532143 0.917123
v -0.398662 4.734228 0.902479
v -0.514409 4.734228 0.902479
v -0.514409 4.839217 0.917123
v -0.514409 4.718747 0.902479
v -0.398662 4.718747 0.902479
v -0.398662 4.532143 0.902479
v -0.398662 4.532143 0.917123
v -0.514409 4.548056 0.917123
v -0.398662 4.548056 0.917123
v -0.398662 4.548056 0.902479
v -0.514409 4.548056 0.902479
v -0.514409 4.839217 0.902479
v 0.693473 7.154669 0.922017
v 0.693473 7.063109 0.922017
v 0.721052 7.073947 0.922017
v 0.721052 7.174619 0.922017
v 0.582029 6.741812 0.922017
v 0.598516 6.720674 0.922017
v 0.721052 6.733798 0.922017
v 0.693473 6.753748 0.922017
v 0.598516 7.187743 0.922017
v 0.582029 7.166605 0.922017
v 0.693473 6.879583 0.922017
v 0.693473 6.863896 0.922017
v 0.721052 6.854908 0.922017
v 0.721052 6.872156 0.922017
v 0.693473 7.047849 0.922017
v 0.721052 7.057167 0.922017
v 0.569686 6.740489 0.922017
v 0.569686 6.719220 0.922017
v 0.569686 7.189197 0.922017
v 0.569686 7.167927 0.922017
v 0.721052 7.174619 0.865583
v 0.598516 7.187743 0.865583
v 0.721052 6.854908 0.865583
v 0.721052 6.872156 0.865583
v 0.721052 7.057167 0.865583
v 0.721052 7.073947 0.865583
v 0.569686 6.719220 0.865583
v 0.598516 6.720674 0.865583
v 0.721052 6.733798 0.865583
v 0.569686 7.189197 0.865583
v 0.693473 7.154669 0.902853
v 0.693473 7.063109 0.902853
v 0.693473 6.753748 0.902853
v 0.582029 6.741812 0.902853
v 0.582029 7.166605 0.902853
v 0.693473 6.879583 0.902853
v 0.693473 6.863896 0.902853
v 0.693473 7.047849 0.902853
v 0.569686 6.740489 0.902853
v 0.569686 7.167927 0.902853
v 0.445898 7.154669 0.922017
v 0.418319 7.174619 0.922017
v 0.418319 7.073947 0.922017
v 0.445898 7.063109 0.922017
v 0.557342 6.741812 0.922017
v 0.445898 6.753748 0.922017
v 0.418319 6.733798 0.922017
v 0.540854 6.720674 0.922017
v 0.557342 7.166605 0.922017
v 0.540854 7.187743 0.922017
v 0.445898 6.879583 0.922017
v 0.418319 6.872156 0.922017
v 0.418319 6.854908 0.922017
v 0.445898 6.863896 0.922017
v 0.418319 7.057167 0.922017
v 0.445898 7.047849 0.922017
v 0.540854 7.187743 0.865583
v 0.418319 7.174619 0.865583
v 0.418319 6.872156 0.865583
v 0.418319 6.854908 0.865583
v 0.418319 7.073947 0.865583
v 0.418319 7.057167 0.865583
v 0.540854 6.720674 0.865583
v 0.418319 6.733798 0.865583
v 0.445898 7.063109 0.902853
v 0.445898 7.154669 0.902853
v 0.557342 6.741812 0.902853
v 0.445898 6.753748 0.902853
v 0.557342 7.166605 0.902853
v 0.445898 6.863896 0.902853
v 0.445898 6.879583 0.902853
v 0.445898 7.047849 0.902853
v 0.582505 7.044008 0.917123
v 0.698253 7.044008 0.917123
v 0.698253 7.059489 0.917123
v 0.582505 7.059489 0.917123
v 0.582505 6.733558 0.917123
v 0.582505 6.733558 0.902479
v 0.582505 6.857404 0.902479
v 0.582505 6.857404 0.917123
v 0.698253 7.059489 0.902479
v 0.582505 7.059489 0.902479
v 0.569686 7.059489 0.917123
v 0.582505 7.164477 0.917123
v 0.569686 7.165818 0.917123
v 0.582505 7.044008 0.902479
v 0.698253 7.044008 0.902479
v 0.698253 6.857404 0.902479
v 0.698253 6.857404 0.917123
v 0.569686 6.873316 0.917123
v 0.582505 6.873316 0.917123
v 0.569686 7.044008 0.917123
v 0.698253 6.873316 0.917123
v 0.698253 6.873316 0.902479
v 0.582505 6.873316 0.902479
v 0.569686 6.857404 0.917123
v 0.582505 7.164477 0.902479
v 0.569686 6.732217 0.917123
v 0.556866 7.044008 0.917123
v 0.556866 7.059489 0.917123
v 0.441118 7.059489 0.917123
v 0.441118 7.044008 0.917123
v 0.556866 6.733558 0.917123
v 0.556866 6.857404 0.917123
v 0.556866 6.857404 0.902479
v 0.556866 6.733558 0.902479
v 0.556866 7.059489 0.902479
v 0.441118 7.059489 0.902479
v 0.556866 7.164477 0.917123
v 0.441118 7.044008 0.902479
v 0.556866 7.044008 0.902479
v 0.441118 6.857404 0.917123
v 0.441118 6.857404 0.902479
v 0.556866 6.873316 0.917123
v 0.441118 6.873316 0.917123
v 0.556866 6.873316 0.902479
v 0.441118 6.873316 0.902479
v 0.556866 7.164477 0.902479
v 0.693473 5.887561 0.922017
v 0.693473 5.796002 0.922017
v 0.721052 5.806840 0.922017
v 0.721052 5.907512 0.922017
v 0.582029 5.474704 0.922017
v 0.598516 5.453566 0.922017
v 0.721052 5.466691 0.922017
v 0.693473 5.486641 0.922017
v 0.598516 5.920636 0.922017
v 0.582029 5.899498 0.922017
v 0.693473 5.612476 0.922017
v 0.693473 5.596789 0.922017
v 0.721052 5.587801 0.922017
v 0.721052 5.605049 0.922017
v 0.693473 5.780741 0.922017
v 0.721052 5.790060 0.922017
v 0.569686 5.473382 0.922017
v 0.569686 5.452112 0.922017
v 0.569686 5.922090 0.922017
v 0.569686 5.900820 0.922017
v 0.721052 5.907512 0.865583
v 0.598516 5.920636 0.865583
v 0.721052 5.587801 0.865583
v 0.721052 5.605049 0.865583
v 0.721052 5.790060 0.865583
v 0.721052 5.806840 0.865583
v 0.569686 5.452112 0.865583
v 0.598516 5.453566 0.865583
v 0.721052 5.466691 0.865583
v 0.569686 5.922090 0.865583
v 0.693473 5.887561 0.902853
v 0.693473 5.796002 0.902854
v 0.693473 5.486641 0.902854
v 0.582029 5.474704 0.902854
v 0.582029 5.899498 0.902853
v 0.693473 5.612476 0.902854
v 0.693473 5.596789 0.902854
v 0.693473 5.780741 0.902854
v 0.569686 5.473382 0.902854
v 0.569686 5.900820 0.902853
v 0.445898 5.887561 0.922017
v 0.418319 5.907512 0.922017
v 0.418319 5.806840 0.922017
v 0.445898 5.796002 0.922017
v 0.557342 5.474704 0.922017
v 0.445898 5.486641 0.922017
v 0.418319 5.466691 0.922017
v 0.540854 5.453566 0.922017
v 0.557342 5.899498 0.922017
v 0.540854 5.920636 0.922017
v 0.445898 5.612476 0.922017
v 0.418319 5.605049 0.922017
v 0.418319 5.587801 0.922017
v 0.445898 5.596789 0.922017
v 0.418319 5.790060 0.922017
v 0.445898 5.780741 0.922017
v 0.540854 5.920636 0.865583
v 0.418319 5.907512 0.865583
v 0.418319 5.605049 0.865583
v 0.418319 5.587801 0.865583
v 0.418319 5.806840 0.865583
v 0.418319 5.790060 0.865583
v 0.540854 5.453566 0.865583
v 0.418319 5.466691 0.865583
v 0.445898 5.796002 0.902854
v 0.445898 5.887561 0.902853
v 0.557342 5.474704 0.902854
v 0.445898 5.486641 0.902854
v 0.557342 5.899498 0.902853
v 0.445898 5.596789 0.902854
v 0.445898 5.612476 0.902854
v 0.445898 5.780741 0.902854
v 0.582505 5.781581 0.917123
v 0.698253 5.781581 0.917123
v 0.698253 5.797062 0.917123
v 0.582505 5.797062 0.917123
v 0.582505 5.471132 0.917123
v 0.582505 5.471132 0.902479
v 0.582505 5.594977 0.902479
v 0.582505 5.594977 0.917123
v 0.698253 5.797062 0.902479
v 0.582505 5.797062 0.902479
v 0.569686 5.797062 0.917123
v 0.582505 5.902051 0.917123
v 0.569686 5.903392 0.917123
v 0.582505 5.781581 0.902479
v 0.698253 5.781581 0.902479
v 0.698253 5.594977 0.902479
v 0.698253 5.594977 0.917123
v 0.569686 5.610890 0.917123
v 0.582505 5.610890 0.917123
v 0.569686 5.781581 0.917123
v 0.698253 5.610890 0.917123
v 0.698253 5.610890 0.902479
v 0.582505 5.610890 0.902479
v 0.569686 5.594977 0.917123
v 0.582505 5.902051 0.902479
v 0.569686 5.469791 0.917123
v 0.556866 5.781581 0.917123
v 0.556866 5.797062 0.917123
v 0.441118 5.797062 0.917123
v 0.441118 5.781581 0.917123
v 0.556866 5.471132 0.917123
v 0.556866 5.594977 0.917123
v 0.556866 5.594977 0.902479
v 0.556866 5.471132 0.902479
v 0.556866 5.797062 0.902479
v 0.441118 5.797062 0.902479
v 0.556866 5.902051 0.917123
v 0.441118 5.781581 0.902479
v 0.556866 5.781581 0.902479
v 0.441118 5.594977 0.917123
v 0.441118 5.594977 0.902479
v 0.556866 5.610890 0.917123
v 0.441118 5.610890 0.917123
v 0.556866 5.610890 0.902479
v 0.441118 5.610890 0.902479
v 0.556866 5.902051 0.902479
v 0.693473 4.824727 0.922018
v 0.693473 4.733167 0.922018
v 0.721052 4.744006 0.922018
v 0.721052 4.844677 0.922018
v 0.582029 4.411870 0.922018
v 0.598516 4.390732 0.922018
v 0.721052 4.403856 0.922018
v 0.693473 4.423806 0.922018
v 0.598516 4.857802 0.922018
v 0.582029 4.836664 0.922018
v 0.693473 4.549641 0.922018
v 0.693473 4.533954 0.922018
v 0.721052 4.524967 0.922018
v 0.721052 4.542214 0.922018
v 0.693473 4.717906 0.922018
v 0.721052 4.727225 0.922018
v 0.569686 4.410548 0.922018
v 0.569686 4.389279 0.922018
v 0.569686 4.859255 0.922018
v 0.569686 4.837986 0.922018
v 0.721052 4.844677 0.865583
v 0.598516 4.857802 0.865583
v 0.721052 4.524967 0.865583
v 0.721052 4.542214 0.865583
v 0.721052 4.727225 0.865583
v 0.721052 4.744006 0.865583
v 0.569686 4.389279 0.865583
v 0.598516 4.390732 0.865583
v 0.721052 4.403856 0.865583
v 0.569686 4.859255 0.865583
v 0.693473 4.824727 0.902854
v 0.693473 4.733167 0.902854
v 0.693473 4.423806 0.902854
v 0.582029 4.411870 0.902854
v 0.582029 4.836664 0.902854
v 0.693473 4.549641 0.902854
v 0.693473 4.533954 0.902854
v 0.693473 4.717906 0.902854
v 0.569686 4.410548 0.902854
v 0.569686 4.837986 0.902854
v 0.445898 4.824727 0.922018
v 0.418318 4.844677 0.922018
v 0.418318 4.744006 0.922018
v 0.445898 4.733167 0.922018
v 0.557342 4.411870 0.922018
v 0.445898 4.423806 0.922018
v 0.418318 4.403856 0.922018
v 0.540854 4.390732 0.922018
v 0.557342 4.836664 0.922018
v 0.540854 4.857802 0.922018
v 0.445898 4.549641 0.922018
v 0.418318 4.542214 0.922018
v 0.418318 4.524967 0.922018
v 0.445898 4.533954 0.922018
v 0.418318 4.727225 0.922018
v 0.445898 4.717906 0.922018
v 0.540854 4.857802 0.865583
v 0.418318 4.844677 0.865583
v 0.418318 4.542214 0.865583
v 0.418318 4.524967 0.865583
v 0.418318 4.744006 0.865583
v 0.418318 4.727225 0.865583
v 0.540854 4.390732 0.865583
v 0.418318 4.403856 0.865583
v 0.445898 4.733167 0.902854
v 0.445898 4.824727 0.902854
v 0.557342 4.411870 0.902854
v 0.445898 4.423806 0.902854
v 0.557342 4.836664 0.902854
v 0.445898 4.533954 0.902854
v 0.445898 4.549641 0.902854
v 0.445898 4.717906 0.902854
v 0.582505 4.718747 0.917123
v 0.698253 4.718747 0.917123
v 0.698253 4.734228 0.917123
v 0.582505 4.734228 0.917123
v 0.582505 4.408298 0.917123
v 0.582505 4.408298 0.902480
v 0.582505 4.532143 0.902479
v 0.582505 4.532143 0.917123
v 0.698253 4.734228 0.902479
v 0.582505 4.734228 0.902479
v 0.569686 4.734228 0.917123
v 0.582505 4.839217 0.917123
v 0.569686 4.840558 0.917123
v 0.582505 4.718747 0.902479
v 0.698253 4.718747 0.902479
v 0.698253 4.532143 0.902479
v 0.698253 4.532143 0.917123
v 0.569686 4.548056 0.917123
v 0.582505 4.548056 0.917123
v 0.569686 4.718747 0.917123
v 0.698253 4.548056 0.917123
v 0.698253 4.548056 0.902479
v 0.582505 4.548056 0.902479
v 0.569686 4.532143 0.917123
v 0.582505 4.839217 0.902479
v 0.569686 4.406957 0.917123
v 0.556865 4.718747 0.917123
v 0.556865 4.734228 0.917123
v 0.441118 4.734228 0.917123
v 0.441118 4.718747 0.917123
v 0.556865 4.408298 0.917123
v 0.556865 4.532143 0.917123
v 0.556865 4.532143 0.902479
v 0.556865 4.408298 0.902480
v 0.556865 4.734228 0.902479
v 0.441118 4.734228 0.902479
v 0.556865 4.839217 0.917123
v 0.441118 4.718747 0.902479
v 0.556865 4.718747 0.902479
v 0.441118 4.532143 0.917123
v 0.441118 4.532143 0.902479
v 0.556865 4.548056 0.917123
v 0.441118 4.548056 0.917123
v 0.556865 4.548056 0.902479
v 0.441118 4.548056 0.902479
v 0.556865 4.839217 0.902479
v -0.457773 0.550899 1.003754
v -0.714908 0.834733 1.003754
v -0.714908 0.550899 1.003754
v -0.457773 0.834733 1.003754
v -0.714908 2.994181 1.003699
v -0.714908 3.400882 1.003699
v -0.457773 2.994181 1.003699
v -0.457773 3.400882 1.003699
v 0.457773 0.550899 1.003754
v 0.714908 0.834733 1.003754
v 0.714908 0.550899 1.003754
v 0.457773 0.834733 1.003754
v 0.714908 2.994181 1.003699
v 0.714908 3.400882 1.003699
v 0.457773 2.994181 1.003699
v 0.457773 3.400882 1.003699
v -0.714908 1.731755 1.003699
v -0.714908 2.138456 1.003699
v -0.457773 1.731755 1.003699
v -0.457773 2.138456 1.003699
v 0.714908 1.731755 1.003699
v 0.714908 2.138456 1.003699
v 0.457773 1.731755 1.003699
v 0.457773 2.138456 1.003699
v -0.655797 6.745666 0.902479
v -0.655797 7.152368 0.902479
v -0.398662 6.745666 0.902479
v -0.398662 7.152368 0.902479
v -0.655797 5.483240 0.902479
v -0.655797 5.889942 0.902479
v -0.398662 5.483240 0.902479
v -0.398662 5.889942 0.902479
v -0.655797 4.420406 0.902480
v -0.655797 4.827108 0.902479
v -0.398662 4.420406 0.902480
v -0.398662 4.827108 0.902479
v 0.698253 6.745666 0.902479
v 0.698253 7.152368 0.902479
v 0.441118 6.745666 0.902479
v 0.441118 7.152368 0.902479
v 0.698253 5.483240 0.902479
v 0.698253 5.889942 0.902479
v 0.441118 5.483240 0.902479
v 0.441118 5.889942 0.902479
v 0.698253 4.420406 0.902480
v 0.698253 4.827108 0.902479
v 0.441118 4.420406 0.902480
v 0.441118 4.827108 0.902479
v 0.219323 0.622123 0.936040
v 0.219323 0.622123 0.978978
v 0.219323 0.163660 0.978978
v 0.219323 0.163660 0.936041
v -0.219323 1.080585 0.978978
v 0.000000 1.080585 0.978978
v 0.000000 1.080585 0.936040
v -0.219323 1.080585 0.936040
v 0.000000 0.163660 0.978978
v -0.219323 0.163660 0.978978
v -0.219323 0.163660 0.936041
v 0.000000 0.163660 0.936041
v -0.219323 0.622123 0.978978
v -0.219323 0.622123 0.936040
v 0.219323 1.080585 0.978978
v 0.076763 1.020580 0.978978
v 0.142560 1.020580 0.978978
v -0.142560 0.223666 0.978978
v -0.142560 0.562117 0.978978
v 0.219323 1.080585 0.936040
v -0.142560 1.020580 0.978978
v -0.076763 1.020580 0.978978
v 0.000000 0.622123 0.978978
v 0.076763 0.223666 0.978978
v 0.076763 0.562117 0.978978
v -0.142560 0.223666 0.963688
v -0.142560 0.562117 0.963688
v -0.076763 0.682129 0.978978
v -0.142560 0.682129 0.978978
v -0.076763 1.020580 0.963688
v -0.076763 0.682129 0.963688
v 0.142560 0.682128 0.978978
v 0.076763 0.682128 0.978978
v 0.142560 0.223666 0.978978
v 0.142560 0.223666 0.963688
v 0.076763 0.223666 0.963688
v -0.076763 0.562117 0.978978
v -0.076763 0.223666 0.978978
v 0.076763 1.020580 0.963688
v 0.142560 1.020580 0.963688
v 0.142560 0.562117 0.978978
v 0.142560 0.562117 0.963688
v 0.076763 0.562117 0.963688
v 0.085262 0.550126 0.963688
v 0.134061 0.550126 0.963688
v -0.142560 1.020580 0.963688
v -0.134061 1.008588 0.963688
v -0.085262 1.008588 0.963688
v 0.076763 0.682128 0.963688
v 0.142560 0.682128 0.963688
v 0.134061 0.694120 0.963688
v 0.085262 0.694120 0.963688
v 0.085262 0.235658 0.963688
v -0.142560 0.682129 0.963688
v -0.076763 0.562117 0.963688
v -0.076763 0.223666 0.963688
v 0.085262 1.008588 0.963688
v 0.085262 0.694120 0.959178
v 0.085262 1.008588 0.959178
v 0.134061 0.235658 0.963688
v 0.134061 0.550126 0.959178
v 0.134061 0.235658 0.959178
v 0.134061 1.008588 0.963688
v 0.134061 1.008588 0.959178
v 0.085262 0.235658 0.959178
v -0.085262 0.235658 0.963688
v -0.134061 0.235658 0.963688
v -0.134061 0.694120 0.963688
v -0.134061 0.550126 0.963688
v -0.085262 0.694120 0.963688
v -0.085262 0.550126 0.963688
v -0.085262 1.008588 0.959178
v -0.134061 1.008588 0.959178
v -0.134061 0.694120 0.959178
v -0.085262 0.694120 0.959178
v 0.134061 0.694120 0.959178
v -0.085262 0.550126 0.959178
v -0.134061 0.550126 0.959178
v -0.134061 0.235658 0.959178
v -0.085262 0.235658 0.959178
v 0.085262 0.550126 0.959178
v 1.079323 1.392152 1.031008
v 1.079323 1.392152 -1.031008
v 0.981126 1.390402 -0.937207
v 0.981126 1.390403 0.937206
v -1.032942 1.304357 1.077302
v 1.032942 1.304357 1.077302
v 1.032942 1.392152 1.077302
v -1.032942 1.392152 1.077302
v 1.032942 1.304356 -1.077302
v -1.032942 1.304356 -1.077302
v -1.032942 1.392152 -1.077302
v 1.032942 1.392152 -1.077302
v 1.079323 1.304357 1.031008
v -1.079323 1.304356 -1.031008
v -1.079323 1.392152 -1.031008
v 1.079323 1.304356 -1.031008
v -1.079323 1.304357 1.031008
v -1.079323 1.392152 1.031008
v -0.981126 1.390403 0.937206
v -0.981126 1.390402 -0.937207
v 0.938965 1.390402 -0.979289
v -0.938965 1.390403 0.979288
v 0.938965 1.390403 0.979288
v -0.938965 1.390402 -0.979289
v -1.077080 3.950081 -1.030796
v -1.030796 3.950081 -1.077081
v 1.030796 3.950081 -1.077081
v 1.077080 3.950081 -1.030796
v 1.077080 3.950082 1.030795
v 1.030796 3.950082 1.077080
v -1.030796 3.950082 1.077080
v -1.077080 3.950082 1.030795
v 1.077080 4.079476 1.030795
v 1.077080 4.079475 -1.030797
v 1.029682 4.079475 -0.985435
v 1.029682 4.079476 0.985434
v 1.030796 4.079476 1.077080
v -1.030796 4.079476 1.077080
v -1.030796 4.079475 -1.077081
v 1.030796 4.079475 -1.077081
v -1.077080 4.079475 -1.030797
v -1.077080 4.079476 1.030795
v 0.985434 4.079475 -1.029683
v -0.985434 4.079475 -1.029683
v -1.029682 4.079476 0.985434
v -1.029682 4.079475 -0.985435
v -0.985434 4.079476 1.029681
v 0.985434 4.079476 1.029681
v 0.811082 3.959084 -0.981014
v 0.913562 3.959084 -0.981014
v 0.913562 3.959084 -1.070462
v 0.811082 3.959084 -1.070462
v 0.811082 3.797770 -0.981014
v 0.811082 3.797770 -1.012230
v 0.913562 3.797770 -1.012230
v 0.913562 3.797770 -0.981014
v 0.913562 3.860884 -1.024017
v 0.811082 3.860884 -1.024017
v 0.811082 3.860884 -0.981014
v 0.913562 3.860884 -0.981014
v 0.913562 3.903357 -0.981014
v 0.913562 3.903357 -1.070462
v 0.811082 3.903357 -1.070462
v 0.811082 3.903357 -0.981014
v 0.626618 3.903357 -1.070462
v 0.626618 3.903357 -0.981014
v 0.626618 3.860884 -0.981014
v 0.626618 3.860884 -1.024017
v 0.524137 3.959084 -0.981014
v 0.626618 3.959084 -0.981014
v 0.626618 3.959084 -1.070462
v 0.524137 3.959084 -1.070462
v 0.524137 3.797770 -0.981014
v 0.524137 3.797770 -1.012230
v 0.626618 3.797770 -1.012230
v 0.626618 3.797770 -0.981014
v 0.524137 3.860884 -1.024017
v 0.524137 3.860884 -0.981014
v 0.524137 3.903357 -1.070462
v 0.524137 3.903357 -0.981014
v 0.339673 3.903357 -1.070462
v 0.339673 3.903357 -0.981014
v 0.339673 3.860884 -0.981014
v 0.339673 3.860884 -1.024017
v 0.237193 3.959084 -0.981014
v 0.339673 3.959084 -0.981014
v 0.339673 3.959084 -1.070462
v 0.237193 3.959084 -1.070462
v 0.237193 3.797770 -0.981014
v 0.237193 3.797770 -1.012230
v 0.339673 3.797770 -1.012230
v 0.339673 3.797770 -0.981014
v 0.237193 3.860884 -1.024017
v 0.237193 3.860884 -0.981014
v 0.237193 3.903357 -1.070462
v 0.237193 3.903357 -0.981014
v 0.052729 3.903357 -1.070462
v 0.052729 3.903357 -0.981014
v 0.052729 3.860884 -0.981014
v 0.052729 3.860884 -1.024017
v -0.049751 3.959084 -0.981014
v 0.052729 3.959084 -0.981014
v 0.052729 3.959084 -1.070462
v -0.049751 3.959084 -1.070462
v -0.049751 3.797770 -0.981014
v -0.049751 3.797770 -1.012230
v 0.052729 3.797770 -1.012230
v 0.052729 3.797770 -0.981014
v -0.049751 3.860884 -1.024017
v -0.049751 3.860884 -0.981014
v -0.049751 3.903357 -1.070462
v -0.049751 3.903357 -0.981014
v -0.234215 3.903357 -1.070462
v -0.234215 3.903357 -0.981014
v -0.234215 3.860884 -0.981014
v -0.234215 3.860884 -1.024017
v -0.336695 3.959084 -0.981014
v -0.234215 3.959084 -0.981014
v -0.234215 3.959084 -1.070462
v -0.336695 3.959084 -1.070462
v -0.336695 3.797770 -0.981014
v -0.336695 3.797770 -1.012230
v -0.234215 3.797770 -1.012230
v -0.234215 3.797770 -0.981014
v -0.336695 3.860884 -1.024017
v -0.336695 3.860884 -0.981014
v -0.336695 3.903357 -1.070462
v -0.336695 3.903357 -0.981014
v -0.521159 3.903357 -1.070462
v -0.521159 3.903357 -0.981014
v -0.521159 3.860884 -0.981014
v -0.521159 3.860884 -1.024017
v -0.623639 3.959084 -0.981014
v -0.521159 3.959084 -0.981014
v -0.521159 3.959084 -1.070462
v -0.623639 3.959084 -1.070462
v -0.623639 3.797770 -0.981014
v -0.623639 3.797770 -1.012230
v -0.521159 3.797770 -1.012230
v -0.521159 3.797770 -0.981014
v -0.623639 3.860884 -1.024017
v -0.623639 3.860884 -0.981014
v -0.623639 3.903357 -1.070462
v -0.623639 3.903357 -0.981014
v -0.808103 3.903357 -1.070462
v -0.808103 3.903357 -0.981014
v -0.808103 3.860884 -0.981014
v -0.808103 3.860884 -1.024017
v -0.910583 3.959084 -0.981014
v -0.808103 3.959084 -0.981014
v -0.808103 3.959084 -1.070462
v -0.910583 3.959084 -1.070462
v -0.910583 3.797770 -0.981014
v -0.910583 3.797770 -1.012230
v -0.808103 3.797770 -1.012230
v -0.808103 3.797770 -0.981014
v -0.910583 3.860884 -1.024017
v -0.910583 3.860884 -0.981014
v -0.910583 3.903357 -1.070462
v -0.910583 3.903357 -0.981014
v 1.077017 3.903358 0.935582
v 0.987570 3.903358 0.935582
v 0.987570 3.860885 0.935582
v 1.030573 3.860885 0.935582
v 0.987570 3.959084 0.833102
v 0.987570 3.959084 0.935582
v 1.077017 3.959084 0.935582
v 1.077017 3.959084 0.833102
v 0.987570 3.797770 0.833102
v 1.018786 3.797770 0.833102
v 1.018786 3.797770 0.935582
v 0.987570 3.797770 0.935582
v 1.030573 3.860885 0.833102
v 0.987570 3.860885 0.833102
v 1.077017 3.903358 0.833102
v 0.987570 3.903358 0.833102
v 1.077017 3.903358 0.648638
v 0.987570 3.903358 0.648638
v 0.987570 3.860885 0.648638
v 1.030573 3.860885 0.648638
v 0.987570 3.959084 0.546158
v 0.987570 3.959084 0.648638
v 1.077017 3.959084 0.648638
v 1.077017 3.959084 0.546158
v 0.987570 3.797770 0.546158
v 1.018786 3.797770 0.546158
v 1.018786 3.797770 0.648638
v 0.987570 3.797770 0.648638
v 1.030573 3.860885 0.546158
v 0.987570 3.860885 0.546158
v 1.077017 3.903358 0.546158
v 0.987570 3.903358 0.546158
v 1.077017 3.903358 0.361694
v 0.987570 3.903358 0.361694
v 0.987570 3.860885 0.361694
v 1.030573 3.860885 0.361694
v 0.987570 3.959084 0.259214
v 0.987570 3.959084 0.361694
v 1.077017 3.959084 0.361694
v 1.077017 3.959084 0.259214
v 0.987570 3.797770 0.259214
v 1.018786 3.797770 0.259214
v 1.018786 3.797770 0.361694
v 0.987570 3.797770 0.361694
v 1.030573 3.860885 0.259214
v 0.987570 3.860885 0.259214
v 1.077017 3.903358 0.259214
v 0.987570 3.903358 0.259214
v 1.077017 3.903358 0.074750
v 0.987570 3.903358 0.074750
v 0.987570 3.860885 0.074750
v 1.030573 3.860885 0.074750
v 0.987570 3.959084 -0.027731
v 0.987570 3.959084 0.074749
v 1.077017 3.959084 0.074749
v 1.077017 3.959084 -0.027731
v 0.987570 3.797770 -0.027731
v 1.018786 3.797770 -0.027731
v 1.018786 3.797770 0.074750
v 0.987570 3.797770 0.074750
v 1.030573 3.860885 -0.027731
v 0.987570 3.860885 -0.027731
v 1.077017 3.903358 -0.027731
v 0.987570 3.903358 -0.027731
v 1.077017 3.903358 -0.212195
v 0.987570 3.903358 -0.212195
v 0.987570 3.860885 -0.212195
v 1.030573 3.860885 -0.212195
v 0.987570 3.959084 -0.314675
v 0.987570 3.959084 -0.212195
v 1.077017 3.959084 -0.212195
v 1.077017 3.959084 -0.314675
v 0.987570 3.797770 -0.314675
v 1.018786 3.797770 -0.314675
v 1.018786 3.797770 -0.212195
v 0.987570 3.797770 -0.212195
v 1.030573 3.860885 -0.314675
v 0.987570 3.860885 -0.314675
v 1.077017 3.903358 -0.314675
v 0.987570 3.903358 -0.314675
v 1.077017 3.903358 -0.499139
v 0.987570 3.903358 -0.499139
v 0.987570 3.860885 -0.499139
v 1.030573 3.860885 -0.499139
v 0.987570 3.959084 -0.601619
v 0.987570 3.959084 -0.499139
v 1.077017 3.959084 -0.499139
v 1.077017 3.959084 -0.601619
v 0.987570 3.797770 -0.601619
v 1.018786 3.797770 -0.601619
v 1.018786 3.797770 -0.499139
v 0.987570 3.797770 -0.499139
v 1.030573 3.860885 -0.601619
v 0.987570 3.860885 -0.601619
v 1.077017 3.903358 -0.601619
v 0.987570 3.903358 -0.601619
v 1.077017 3.903358 -0.786083
v 0.987570 3.903358 -0.786083
v 0.987570 3.860885 -0.786083
v 1.030573 3.860885 -0.786083
v 0.987570 3.959084 -0.888563
v 0.987570 3.959084 -0.786083
v 1.077017 3.959084 -0.786083
v 1.077017 3.959084 -0.888563
v 0.987570 3.797770 -0.888563
v 1.018786 3.797770 -0.888563
v 1.018786 3.797770 -0.786083
v 0.987570 3.797770 -0.786083
v 1.030573 3.860885 -0.888563
v 0.987570 3.860885 -0.888563
v 1.077017 3.903358 -0.888563
v 0.987570 3.903358 -0.888563
v -1.077017 3.903358 -0.935583
v -0.987570 3.903358 -0.935583
v -0.987570 3.860885 -0.935583
v -1.030573 3.860885 -0.935583
v -0.987570 3.959084 -0.833103
v -0.987570 3.959084 -0.935583
v -1.077017 3.959084 -0.935583
v -1.077017 3.959084 -0.833103
v -0.987570 3.797770 -0.833103
v -1.018786 3.797770 -0.833103
v -1.018786 3.797770 -0.935583
v -0.987570 3.797770 -0.935583
v -1.030573 3.860885 -0.833103
v -0.987570 3.860885 -0.833103
v -1.077017 3.903358 -0.833103
v -0.987570 3.903358 -0.833103
v -1.077017 3.903358 -0.648639
v -0.987570 3.903358 -0.648639
v -0.987570 3.860885 -0.648639
v -1.030573 3.860885 -0.648639
v -0.987570 3.959084 -0.546159
v -0.987570 3.959084 -0.648639
v -1.077017 3.959084 -0.648639
v -1.077017 3.959084 -0.546159
v -0.987570 3.797770 -0.546159
v -1.018786 3.797770 -0.546159
v -1.018786 3.797770 -0.648639
v -0.987570 3.797770 -0.648639
v -1.030573 3.860885 -0.546159
v -0.987570 3.860885 -0.546159
v -1.077017 3.903358 -0.546159
v -0.987570 3.903358 -0.546159
v -1.077017 3.903358 -0.361695
v -0.987570 3.903358 -0.361695
v -0.987570 3.860885 -0.361695
v -1.030573 3.860885 -0.361695
v -0.987570 3.959084 -0.259215
v -0.987570 3.959084 -0.361695
v -1.077017 3.959084 -0.361695
v -1.077017 3.959084 -0.259215
v -0.987570 3.797770 -0.259215
v -1.018786 3.797770 -0.259215
v -1.018786 3.797770 -0.361695
v -0.987570 3.797770 -0.361695
v -1.030573 3.860885 -0.259215
v -0.987570 3.860885 -0.259215
v -1.077017 3.903358 -0.259215
v -0.987570 3.903358 -0.259215
v -1.077017 3.903358 -0.074751
v -0.987570 3.903358 -0.074751
v -0.987570 3.860885 -0.074751
v -1.030573 3.860885 -0.074751
v -0.987570 3.959084 0.027729
v -0.987570 3.959084 -0.074751
v -1.077017 3.959084 -0.074751
v -1.077017 3.959084 0.027729
v -0.987570 3.797770 0.027729
v -1.018786 3.797770 0.027729
v -1.018786 3.797770 -0.074751
v -0.987570 3.797770 -0.074751
v -1.030573 3.860885 0.027729
v -0.987570 3.860885 0.027729
v -1.077017 3.903358 0.027729
v -0.987570 3.903358 0.027729
v -1.077017 3.903358 0.212193
v -0.987570 3.903358 0.212193
v -0.987570 3.860885 0.212193
v -1.030573 3.860885 0.212193
v -0.987570 3.959084 0.314673
v -0.987570 3.959084 0.212193
v -1.077017 3.959084 0.212193
v -1.077017 3.959084 0.314673
v -0.987570 3.797770 0.314673
v -1.018786 3.797770 0.314673
v -1.018786 3.797770 0.212193
v -0.987570 3.797770 0.212193
v -1.030573 3.860885 0.314673
v -0.987570 3.860885 0.314673
v -1.077017 3.903358 0.314673
v -0.987570 3.903358 0.314673
v -1.077017 3.903358 0.499137
v -0.987570 3.903358 0.499137
v -0.987570 3.860885 0.499137
v -1.030573 3.860885 0.499137
v -0.987570 3.959084 0.601617
v -0.987570 3.959084 0.499137
v -1.077017 3.959084 0.499137
v -1.077017 3.959084 0.601617
v -0.987570 3.797770 0.601618
v -1.018786 3.797770 0.601618
v -1.018786 3.797770 0.499137
v -0.987570 3.797770 0.499137
v -1.030573 3.860885 0.601618
v -0.987570 3.860885 0.601618
v -1.077017 3.903358 0.601617
v -0.987570 3.903358 0.601617
v -1.077017 3.903358 0.786082
v -0.987570 3.903358 0.786082
v -0.987570 3.860885 0.786082
v -1.030573 3.860885 0.786082
v -0.987570 3.959084 0.888562
v -0.987570 3.959084 0.786082
v -1.077017 3.959084 0.786082
v -1.077017 3.959084 0.888562
v -0.987570 3.797770 0.888562
v -1.018786 3.797770 0.888562
v -1.018786 3.797770 0.786082
v -0.987570 3.797770 0.786082
v -1.030573 3.860885 0.888562
v -0.987570 3.860885 0.888562
v -1.077017 3.903358 0.888562
v -0.987570 3.903358 0.888562
v -0.913562 3.903358 1.070461
v -0.913562 3.903358 0.981013
v -0.913562 3.860885 0.981013
v -0.913562 3.860885 1.024016
v -0.811082 3.959084 0.981013
v -0.913562 3.959084 0.981013
v -0.913562 3.959084 1.070461
v -0.811082 3.959084 1.070461
v -0.811082 3.797771 0.981013
v -0.811082 3.797771 1.012229
v -0.913562 3.797771 1.012229
v -0.913562 3.797771 0.981013
v -0.811082 3.860885 1.024016
v -0.811082 3.860885 0.981013
v -0.811082 3.903358 1.070461
v -0.811082 3.903358 0.981013
v -0.626618 3.903358 1.070461
v -0.626618 3.903358 0.981013
v -0.626618 3.860885 0.981013
v -0.626618 3.860885 1.024016
v -0.524137 3.959084 0.981013
v -0.626618 3.959084 0.981013
v -0.626618 3.959084 1.070461
v -0.524137 3.959084 1.070461
v -0.524137 3.797771 0.981013
v -0.524137 3.797771 1.012229
v -0.626618 3.797771 1.012229
v -0.626618 3.797771 0.981013
v -0.524137 3.860885 1.024016
v -0.524137 3.860885 0.981013
v -0.524137 3.903358 1.070461
v -0.524137 3.903358 0.981013
v -0.339673 3.903358 1.070461
v -0.339673 3.903358 0.981013
v -0.339673 3.860885 0.981013
v -0.339673 3.860885 1.024016
v -0.237193 3.959084 0.981013
v -0.339673 3.959084 0.981013
v -0.339673 3.959084 1.070461
v -0.237193 3.959084 1.070461
v -0.237193 3.797771 0.981013
v -0.237193 3.797771 1.012229
v -0.339673 3.797771 1.012229
v -0.339673 3.797771 0.981013
v -0.237193 3.860885 1.024016
v -0.237193 3.860885 0.981013
v -0.237193 3.903358 1.070461
v -0.237193 3.903358 0.981013
v -0.052729 3.903358 1.070461
v -0.052729 3.903358 0.981013
v -0.052729 3.860885 0.981013
v -0.052729 3.860885 1.024016
v 0.049751 3.959084 0.981013
v -0.052729 3.959084 0.981013
v -0.052729 3.959084 1.070461
v 0.049751 3.959084 1.070461
v 0.049751 3.797771 0.981013
v 0.049751 3.797771 1.012229
v -0.052729 3.797771 1.012229
v -0.052729 3.797771 0.981013
v 0.049751 3.860885 1.024016
v 0.049751 3.860885 0.981013
v 0.049751 3.903358 1.070461
v 0.049751 3.903358 0.981013
v 0.234215 3.903358 1.070461
v 0.234215 3.903358 0.981013
v 0.234215 3.860885 0.981013
v 0.234215 3.860885 1.024016
v 0.336695 3.959084 0.981013
v 0.234215 3.959084 0.981013
v 0.234215 3.959084 1.070461
v 0.336695 3.959084 1.070461
v 0.336695 3.797771 0.981013
v 0.336695 3.797771 1.012229
v 0.234215 3.797771 1.012229
v 0.234215 3.797771 0.981013
v 0.336695 3.860885 1.024016
v 0.336695 3.860885 0.981013
v 0.336695 3.903358 1.070461
v 0.336695 3.903358 0.981013
v 0.521159 3.903358 1.070461
v 0.521159 3.903358 0.981013
v 0.521159 3.860885 0.981013
v 0.521159 3.860885 1.024016
v 0.623639 3.959084 0.981013
v 0.521159 3.959084 0.981013
v 0.521159 3.959084 1.070461
v 0.623639 3.959084 1.070461
v 0.623639 3.797771 0.981013
v 0.623639 3.797771 1.012229
v 0.521159 3.797771 1.012229
v 0.521159 3.797771 0.981013
v 0.623639 3.860885 1.024016
v 0.623639 3.860885 0.981013
v 0.623639 3.903358 1.070461
v 0.623639 3.903358 0.981013
v 0.808103 3.903358 1.070461
v 0.808103 3.903358 0.981013
v 0.808103 3.860885 0.981013
v 0.808103 3.860885 1.024016
v 0.910583 3.959084 0.981013
v 0.808103 3.959084 0.981013
v 0.808103 3.959084 1.070461
v 0.910583 3.959084 1.070461
v 0.910583 3.797771 0.981013
v 0.910583 3.797771 1.012229
v 0.808103 3.797771 1.012229
v 0.808103 3.797771 0.981013
v 0.910583 3.860885 1.024016
v 0.910583 3.860885 0.981013
v 0.910583 3.903358 1.070461
v 0.910583 3.903358 0.981013
v -1.079323 2.626920 1.031008
v -1.032942 2.626920 1.077302
v -0.938965 2.625171 0.979288
v -0.981126 2.625171 0.937206
v -1.079323 2.539124 1.031008
v -1.079323 2.539124 -1.031008
v -1.032942 2.539124 -1.077302
v 1.032942 2.539124 -1.077302
v 1.079323 2.539124 -1.031008
v 1.079323 2.539124 1.031008
v 1.032942 2.539124 1.077302
v -1.032942 2.539124 1.077302
v -1.032942 2.626920 -1.077303
v -1.079323 2.626920 -1.031008
v -0.981126 2.625170 -0.937207
v -0.938965 2.625170 -0.979289
v 1.032942 2.626920 1.077302
v 1.079323 2.626920 1.031008
v 0.981126 2.625171 0.937206
v 0.938965 2.625171 0.979288
v 1.079323 2.626920 -1.031008
v 0.981126 2.625170 -0.937207
v 1.032942 2.626920 -1.077303
v 0.938965 2.625170 -0.979289
v 0.938652 5.137053 0.876356
v 0.938652 5.137053 -0.876358
v 0.855185 5.135566 -0.796626
v 0.855185 5.135566 0.796625
v -0.856773 5.062427 0.915706
v 0.899229 5.062427 0.915706
v 0.899229 5.137053 0.915706
v -0.856773 5.137053 0.915706
v 0.899229 5.062427 -0.915708
v -0.856773 5.062427 -0.915708
v -0.856773 5.137053 -0.915708
v 0.899229 5.137053 -0.915708
v 0.938652 5.062427 0.876356
v -0.896196 5.062427 -0.876358
v -0.896196 5.137053 -0.876358
v 0.938652 5.062427 -0.876358
v -0.896196 5.062427 0.876356
v -0.896196 5.137053 0.876356
v -0.812729 5.135566 0.796625
v -0.812729 5.135566 -0.796626
v 0.819348 5.135566 -0.832396
v -0.776892 5.135566 0.832395
v 0.819348 5.135566 0.832395
v -0.776892 5.135566 -0.832396
v -0.940824 7.538930 -0.912385
v -0.894539 7.538930 -0.958670
v 0.921771 7.538930 -0.958670
v 0.968055 7.538930 -0.912385
v 0.968055 7.538930 0.920841
v 0.921771 7.538930 0.967125
v -0.894539 7.538930 0.967125
v -0.940824 7.538930 0.920841
v 0.968055 7.668325 0.920841
v 0.968055 7.668325 -0.912385
v 0.920657 7.668325 -0.867023
v 0.920657 7.668325 0.875479
v 0.921771 7.668325 0.967125
v -0.894539 7.668325 0.967125
v -0.894539 7.668325 -0.958670
v 0.921771 7.668325 -0.958670
v -0.940824 7.668325 -0.912385
v -0.940824 7.668325 0.920841
v 0.876410 7.668325 -0.911271
v -0.849178 7.668325 -0.911271
v -0.893425 7.668325 0.875479
v -0.893425 7.668325 -0.867023
v -0.849178 7.668325 0.919727
v 0.876410 7.668325 0.919727
v 0.647846 7.508690 -0.941901
v 0.647846 7.508690 -0.852454
v 0.647846 7.466216 -0.852454
v 0.647846 7.466216 -0.895456
v 0.545366 7.564417 -0.852454
v 0.647846 7.564417 -0.852454
v 0.647846 7.564417 -0.941901
v 0.545366 7.564417 -0.941901
v 0.545366 7.403102 -0.852454
v 0.545366 7.403102 -0.883669
v 0.647846 7.403102 -0.883669
v 0.647846 7.403102 -0.852454
v 0.545366 7.466216 -0.895456
v 0.545366 7.466216 -0.852454
v 0.545366 7.508690 -0.941901
v 0.545366 7.508690 -0.852454
v 0.360901 7.508690 -0.941901
v 0.360901 7.508690 -0.852454
v 0.360901 7.466216 -0.852454
v 0.360901 7.466216 -0.895456
v 0.258421 7.564417 -0.852454
v 0.360901 7.564417 -0.852454
v 0.360901 7.564417 -0.941901
v 0.258421 7.564417 -0.941901
v 0.258421 7.403102 -0.852454
v 0.258421 7.403102 -0.883669
v 0.360901 7.403102 -0.883669
v 0.360901 7.403102 -0.852454
v 0.258421 7.466216 -0.895456
v 0.258421 7.466216 -0.852454
v 0.258421 7.508690 -0.941901
v 0.258421 7.508690 -0.852454
v 0.073957 7.508690 -0.941901
v 0.073957 7.508690 -0.852454
v 0.073957 7.466216 -0.852454
v 0.073957 7.466216 -0.895456
v -0.028523 7.564417 -0.852454
v 0.073957 7.564417 -0.852454
v 0.073957 7.564417 -0.941901
v -0.028523 7.564417 -0.941901
v -0.028523 7.403102 -0.852454
v -0.028523 7.403102 -0.883669
v 0.073957 7.403102 -0.883669
v 0.073957 7.403102 -0.852454
v -0.028523 7.466216 -0.895456
v -0.028523 7.466216 -0.852454
v -0.028523 7.508690 -0.941901
v -0.028523 7.508690 -0.852454
v -0.212987 7.508690 -0.941901
v -0.212987 7.508690 -0.852454
v -0.212987 7.466216 -0.852454
v -0.212987 7.466216 -0.895456
v -0.315467 7.564417 -0.852454
v -0.212987 7.564417 -0.852454
v -0.212987 7.564417 -0.941901
v -0.315467 7.564417 -0.941901
v -0.315467 7.403102 -0.852454
v -0.315467 7.403102 -0.883669
v -0.212987 7.403102 -0.883669
v -0.212987 7.403102 -0.852454
v -0.315467 7.466216 -0.895456
v -0.315467 7.466216 -0.852454
v -0.315467 7.508690 -0.941901
v -0.315467 7.508690 -0.852454
v -0.499931 7.508690 -0.941901
v -0.499931 7.508690 -0.852454
v -0.499931 7.466216 -0.852454
v -0.499931 7.466216 -0.895456
v -0.602411 7.564417 -0.852454
v -0.499931 7.564417 -0.852454
v -0.499931 7.564417 -0.941901
v -0.602411 7.564417 -0.941901
v -0.602411 7.403102 -0.852454
v -0.602411 7.403102 -0.883669
v -0.499931 7.403102 -0.883669
v -0.499931 7.403102 -0.852454
v -0.602411 7.466216 -0.895456
v -0.602411 7.466216 -0.852454
v -0.602411 7.508690 -0.941901
v -0.602411 7.508690 -0.852454
v 0.967992 7.508690 0.648637
v 0.878545 7.508690 0.648637
v 0.878545 7.466216 0.648637
v 0.921548 7.466216 0.648637
v 0.878545 7.564417 0.546157
v 0.878545 7.564417 0.648637
v 0.967992 7.564417 0.648637
v 0.967992 7.564417 0.546157
v 0.878545 7.403102 0.546157
v 0.909760 7.403102 0.546157
v 0.909760 7.403102 0.648637
v 0.878545 7.403102 0.648637
v 0.921548 7.466216 0.546157
v 0.878545 7.466216 0.546157
v 0.967992 7.508690 0.546157
v 0.878545 7.508690 0.546157
v 0.967992 7.508690 0.361693
v 0.878545 7.508690 0.361693
v 0.878545 7.466216 0.361693
v 0.921548 7.466216 0.361693
v 0.878545 7.564417 0.259213
v 0.878545 7.564417 0.361693
v 0.967992 7.564417 0.361693
v 0.967992 7.564417 0.259213
v 0.878545 7.403102 0.259213
v 0.909760 7.403102 0.259213
v 0.909760 7.403102 0.361693
v 0.878545 7.403102 0.361693
v 0.921548 7.466216 0.259213
v 0.878545 7.466216 0.259213
v 0.967992 7.508690 0.259213
v 0.878545 7.508690 0.259213
v 0.967992 7.508690 0.074749
v 0.878545 7.508690 0.074749
v 0.878545 7.466216 0.074749
v 0.921548 7.466216 0.074749
v 0.878545 7.564417 -0.027731
v 0.878545 7.564417 0.074749
v 0.967992 7.564417 0.074749
v 0.967992 7.564417 -0.027731
v 0.878545 7.403102 -0.027731
v 0.909760 7.403102 -0.027731
v 0.909760 7.403102 0.074749
v 0.878545 7.403102 0.074749
v 0.921548 7.466216 -0.027731
v 0.878545 7.466216 -0.027731
v 0.967992 7.508690 -0.027731
v 0.878545 7.508690 -0.027731
v 0.967992 7.508690 -0.212195
v 0.878545 7.508690 -0.212195
v 0.878545 7.466216 -0.212195
v 0.921548 7.466216 -0.212195
v 0.878545 7.564417 -0.314675
v 0.878545 7.564417 -0.212195
v 0.967992 7.564417 -0.212195
v 0.967992 7.564417 -0.314675
v 0.878545 7.403102 -0.314675
v 0.909760 7.403102 -0.314675
v 0.909760 7.403102 -0.212195
v 0.878545 7.403102 -0.212195
v 0.921548 7.466216 -0.314675
v 0.878545 7.466216 -0.314675
v 0.967992 7.508690 -0.314675
v 0.878545 7.508690 -0.314675
v 0.967992 7.508690 -0.499139
v 0.878545 7.508690 -0.499139
v 0.878545 7.466216 -0.499139
v 0.921548 7.466216 -0.499139
v 0.878545 7.564417 -0.601619
v 0.878545 7.564417 -0.499139
v 0.967992 7.564417 -0.499139
v 0.967992 7.564417 -0.601619
v 0.878545 7.403102 -0.601619
v 0.909760 7.403102 -0.601619
v 0.909760 7.403102 -0.499139
v 0.878545 7.403102 -0.499139
v 0.921548 7.466216 -0.601619
v 0.878545 7.466216 -0.601619
v 0.967992 7.508690 -0.601619
v 0.878545 7.508690 -0.601619
v -0.925537 7.508690 -0.648640
v -0.836089 7.508690 -0.648640
v -0.836089 7.466216 -0.648640
v -0.879092 7.466216 -0.648640
v -0.836089 7.564416 -0.546160
v -0.836089 7.564416 -0.648640
v -0.925537 7.564416 -0.648640
v -0.925537 7.564416 -0.546160
v -0.836089 7.403102 -0.546160
v -0.867304 7.403102 -0.546160
v -0.867304 7.403102 -0.648640
v -0.836089 7.403102 -0.648640
v -0.879092 7.466216 -0.546160
v -0.836089 7.466216 -0.546160
v -0.925537 7.508690 -0.546160
v -0.836089 7.508690 -0.546160
v -0.925537 7.508690 -0.361696
v -0.836089 7.508690 -0.361696
v -0.836089 7.466216 -0.361696
v -0.879092 7.466216 -0.361696
v -0.836089 7.564416 -0.259216
v -0.836089 7.564416 -0.361696
v -0.925537 7.564416 -0.361696
v -0.925537 7.564416 -0.259216
v -0.836089 7.403102 -0.259215
v -0.867304 7.403102 -0.259215
v -0.867304 7.403102 -0.361696
v -0.836089 7.403102 -0.361696
v -0.879092 7.466216 -0.259216
v -0.836089 7.466216 -0.259216
v -0.925537 7.508690 -0.259216
v -0.836089 7.508690 -0.259216
v -0.925537 7.508690 -0.074751
v -0.836089 7.508690 -0.074751
v -0.836089 7.466216 -0.074751
v -0.879092 7.466216 -0.074751
v -0.836089 7.564416 0.027729
v -0.836089 7.564416 -0.074751
v -0.925537 7.564416 -0.074751
v -0.925537 7.564416 0.027729
v -0.836089 7.403102 0.027729
v -0.867304 7.403102 0.027729
v -0.867304 7.403102 -0.074751
v -0.836089 7.403102 -0.074751
v -0.879092 7.466216 0.027729
v -0.836089 7.466216 0.027729
v -0.925537 7.508690 0.027729
v -0.836089 7.508690 0.027729
v -0.925537 7.508690 0.212193
v -0.836089 7.508690 0.212193
v -0.836089 7.466216 0.212193
v -0.879092 7.466216 0.212193
v -0.836089 7.564416 0.314673
v -0.836089 7.564416 0.212193
v -0.925537 7.564416 0.212193
v -0.925537 7.564416 0.314673
v -0.836089 7.403102 0.314673
v -0.867304 7.403102 0.314673
v -0.867304 7.403102 0.212193
v -0.836089 7.403102 0.212193
v -0.879092 7.466216 0.314673
v -0.836089 7.466216 0.314673
v -0.925537 7.508690 0.314673
v -0.836089 7.508690 0.314673
v -0.925537 7.508690 0.499137
v -0.836089 7.508690 0.499137
v -0.836089 7.466216 0.499137
v -0.879092 7.466216 0.499137
v -0.836089 7.564416 0.601617
v -0.836089 7.564416 0.499137
v -0.925537 7.564416 0.499137
v -0.925537 7.564416 0.601617
v -0.836089 7.403102 0.601617
v -0.867304 7.403102 0.601617
v -0.867304 7.403102 0.499137
v -0.836089 7.403102 0.499137
v -0.879092 7.466216 0.601617
v -0.836089 7.466216 0.601617
v -0.925537 7.508690 0.601617
v -0.836089 7.508690 0.601617
v -0.605389 7.508690 0.946973
v -0.605389 7.508690 0.857526
v -0.605389 7.466216 0.857526
v -0.605389 7.466216 0.900529
v -0.502909 7.564416 0.857526
v -0.605389 7.564416 0.857526
v -0.605389 7.564416 0.946973
v -0.502909 7.564416 0.946973
v -0.502909 7.403102 0.857526
v -0.502909 7.403102 0.888742
v -0.605389 7.403102 0.888742
v -0.605389 7.403102 0.857526
v -0.502909 7.466216 0.900529
v -0.502909 7.466216 0.857526
v -0.502909 7.508690 0.946973
v -0.502909 7.508690 0.857526
v -0.318446 7.508690 0.946973
v -0.318446 7.508690 0.857526
v -0.318446 7.466216 0.857526
v -0.318446 7.466216 0.900529
v -0.215965 7.564416 0.857526
v -0.318446 7.564416 0.857526
v -0.318446 7.564416 0.946973
v -0.215965 7.564416 0.946973
v -0.215965 7.403102 0.857526
v -0.215965 7.403102 0.888742
v -0.318446 7.403102 0.888742
v -0.318446 7.403102 0.857526
v -0.215965 7.466216 0.900529
v -0.215965 7.466216 0.857526
v -0.215965 7.508690 0.946973
v -0.215965 7.508690 0.857526
v -0.031502 7.508690 0.946973
v -0.031502 7.508690 0.857526
v -0.031502 7.466216 0.857526
v -0.031502 7.466216 0.900529
v 0.070978 7.564416 0.857526
v -0.031502 7.564416 0.857526
v -0.031502 7.564416 0.946973
v 0.070978 7.564416 0.946973
v 0.070978 7.403102 0.857526
v 0.070978 7.403102 0.888742
v -0.031502 7.403102 0.888742
v -0.031502 7.403102 0.857526
v 0.070978 7.466216 0.900529
v 0.070978 7.466216 0.857526
v 0.070978 7.508690 0.946973
v 0.070978 7.508690 0.857526
v 0.255443 7.508690 0.946973
v 0.255443 7.508690 0.857526
v 0.255443 7.466216 0.857526
v 0.255443 7.466216 0.900529
v 0.357923 7.564416 0.857526
v 0.255443 7.564416 0.857526
v 0.255443 7.564416 0.946973
v 0.357923 7.564416 0.946973
v 0.357923 7.403102 0.857526
v 0.357923 7.403102 0.888742
v 0.255443 7.403102 0.888742
v 0.255443 7.403102 0.857526
v 0.357923 7.466216 0.900529
v 0.357923 7.466216 0.857526
v 0.357923 7.508690 0.946973
v 0.357923 7.508690 0.857526
v 0.542387 7.508690 0.946973
v 0.542387 7.508690 0.857526
v 0.542387 7.466216 0.857526
v 0.542387 7.466216 0.900529
v 0.644867 7.564416 0.857526
v 0.542387 7.564416 0.857526
v 0.542387 7.564416 0.946973
v 0.644867 7.564416 0.946973
v 0.644867 7.403102 0.857526
v 0.644867 7.403102 0.888742
v 0.542387 7.403102 0.888742
v 0.542387 7.403102 0.857526
v 0.644867 7.466216 0.900529
v 0.644867 7.466216 0.857526
v 0.644867 7.508690 0.946973
v 0.644867 7.508690 0.857526
v -0.896196 6.371821 0.876356
v -0.856773 6.371821 0.915706
v -0.776892 6.370334 0.832394
v -0.812729 6.370334 0.796624
v -0.896196 6.297195 0.876356
v -0.896196 6.297195 -0.876358
v -0.856773 6.297195 -0.915708
v 0.899229 6.297195 -0.915708
v 0.938652 6.297195 -0.876358
v 0.938652 6.297195 0.876356
v 0.899229 6.297195 0.915706
v -0.856773 6.297195 0.915706
v -0.856773 6.371821 -0.915708
v -0.896196 6.371821 -0.876358
v -0.812729 6.370334 -0.796627
v -0.776892 6.370334 -0.832397
v 0.899229 6.371821 0.915706
v 0.938652 6.371821 0.876356
v 0.855185 6.370334 0.796624
v 0.819348 6.370334 0.832394
v 0.938652 6.371821 -0.876358
v 0.855185 6.370334 -0.796627
v 0.899229 6.371821 -0.915708
v 0.819348 6.370334 -0.832397
v -0.644912 7.711757 -0.496352
v -0.644912 7.711757 -0.456065
v -0.666643 7.659294 -0.456065
v -0.666643 7.659294 -0.496352
v -0.719105 7.637563 -0.456065
v -0.719105 7.637563 -0.496352
v -0.771568 7.659294 -0.456065
v -0.771568 7.659294 -0.496352
v -0.793299 7.711757 -0.456065
v -0.793299 7.711757 -0.496352
v -0.771568 7.764219 -0.456065
v -0.771568 7.764219 -0.496352
v -0.719105 7.785950 -0.456065
v -0.719106 7.785950 -0.496352
v -0.666643 7.764219 -0.456065
v -0.666643 7.764219 -0.496352
v -0.307349 7.711757 -0.496352
v -0.307349 7.711757 -0.456065
v -0.329080 7.659294 -0.456065
v -0.329080 7.659294 -0.496352
v -0.381542 7.637563 -0.456065
v -0.381542 7.637563 -0.496352
v -0.434004 7.659294 -0.456065
v -0.434004 7.659294 -0.496352
v -0.455735 7.711757 -0.456065
v -0.455735 7.711757 -0.496352
v -0.434004 7.764219 -0.456065
v -0.434004 7.764219 -0.496352
v -0.381542 7.785950 -0.456065
v -0.381542 7.785950 -0.496352
v -0.329080 7.764219 -0.456065
v -0.329080 7.764219 -0.496352

# 8572 UV coordinates
vt 0.938154757 0.490422219 0
vt 0.938154817 0.479720771 0
vt 0.948632717 0.479720771 0
vt 0.948632717 0.490422219 0
vt 0.957232952 0.0980888605 0
vt 0.957232952 0.108790055 0
vt 0.946754992 0.108790129 0
vt 0.946754992 0.098088935 0
vt 0.180669442 0.931465328 0
vt 0.170191646 0.931465447 0
vt 0.170191646 0.912736595 0
vt 0.180669442 0.912736535 0
vt 0.201625466 0.912736475 0
vt 0.201625481 0.894007683 0
vt 0.212103412 0.894007683 0
vt 0.212103426 0.912736475 0
vt 0.270858496 0.913221478 0
vt 0.270858496 0.894492626 0
vt 0.281336457 0.894492626 0
vt 0.281336457 0.913221478 0
vt 0.952563584 0.302778959 0
vt 0.952563643 0.313480258 0
vt 0.942085683 0.313480198 0
vt 0.942085683 0.3027789 0
vt 0.913828671 0.168559939 0
vt 0.903351009 0.168559864 0
vt 0.903351009 0.149831027 0
vt 0.913828671 0.149831086 0
vt 0.826226592 0.961557388 0
vt 0.826226592 0.972258747 0
vt 0.815748632 0.972258568 0
vt 0.815748692 0.961557329 0
vt 0.903351009 0.0749154389 0
vt 0.892873108 0.0749154389 0
vt 0.892873108 0.0561865754 0
vt 0.903351009 0.0561865829 0
vt 0.0924522951 0.857106864 0
vt 0.0924522951 0.875835776 0
vt 0.0819743425 0.875835776 0
vt 0.0819743276 0.857106864 0
vt 0.542827666 0.900021017 0
vt 0.542827666 0.881292164 0
vt 0.553305626 0.881292164 0
vt 0.553305626 0.900021017 0
vt 0.938130617 0.602795422 0
vt 0.938130677 0.592094004 0
vt 0.948608577 0.592094004 0
vt 0.948608577 0.602795422 0
vt 0.959059656 0.278746963 0
vt 0.948581934 0.278746903 0
vt 0.948581934 0.268045425 0
vt 0.959059656 0.268045515 0
vt 0.12827982 0.912736595 0
vt 0.138757616 0.912736535 0
vt 0.138757631 0.931465328 0
vt 0.12827982 0.931465447 0
vt 0.0681482404 0.893404901 0
vt 0.0681482404 0.912133753 0
vt 0.0576702841 0.912133753 0
vt 0.0576702841 0.893404901 0
vt 0.88152802 0.707042158 0
vt 0.88152802 0.688313365 0
vt 0.89200598 0.688313365 0
vt 0.89200598 0.707042158 0
vt 0.948616982 0.421141207 0
vt 0.938139081 0.421141207 0
vt 0.938139021 0.410439759 0
vt 0.948616982 0.410439759 0
vt 0.959086537 0.581392467 0
vt 0.959086537 0.592093647 0
vt 0.948608577 0.592093706 0
vt 0.948608577 0.581392586 0
vt 0.939730644 0.628122211 0
vt 0.929252803 0.62812227 0
vt 0.929252803 0.612041414 0
vt 0.939730644 0.612041354 0
vt 0.0105017675 0.95407933 0
vt 0.0105017675 0.937998474 0
vt 0.0209797211 0.937998474 0
vt 0.0209797211 0.95407933 0
vt 0.692257226 0.952512205 0
vt 0.692257226 0.936431348 0
vt 0.702735186 0.936431348 0
vt 0.702735186 0.952512205 0
vt 0.0320468955 0.956672609 0
vt 0.0320468955 0.967374027 0
vt 0.0215689335 0.967374086 0
vt 0.0215689484 0.956672609 0
vt 0.882395148 0.224746108 0
vt 0.882395148 0.206017271 0
vt 0.892873108 0.206017271 0
vt 0.892873108 0.224746108 0
vt 0.958707452 0.713326335 0
vt 0.958707452 0.724027514 0
vt 0.948229492 0.724027574 0
vt 0.948229492 0.713326395 0
vt 0.376180679 0.931461036 0
vt 0.365702897 0.931461155 0
vt 0.365702868 0.912732303 0
vt 0.376180679 0.912732244 0
vt 0.89200598 0.763228774 0
vt 0.89200598 0.781957567 0
vt 0.88152802 0.781957567 0
vt 0.88152802 0.763228714 0
vt 0.493155569 0.906977892 0
vt 0.493155569 0.888249099 0
vt 0.503633559 0.888249099 0
vt 0.503633559 0.906977892 0
vt 0.938126862 0.189962849 0
vt 0.938126862 0.179261416 0
vt 0.948604822 0.179261416 0
vt 0.948604822 0.189962849 0
vt 0.892972946 0.358965427 0
vt 0.892972946 0.377694279 0
vt 0.882495046 0.377694279 0
vt 0.882494986 0.358965427 0
vt 0.957163453 0.0401319563 0
vt 0.946685791 0.0401318856 0
vt 0.946685791 0.0294304062 0
vt 0.957163453 0.0294304695 0
vt 0.149235576 0.931465328 0
vt 0.13875778 0.931465447 0
vt 0.13875778 0.912736595 0
vt 0.149235576 0.912736535 0
vt 0.291814446 0.875763774 0
vt 0.291814446 0.894492626 0
vt 0.281336486 0.894492626 0
vt 0.281336457 0.875763774 0
vt 0.518350244 0.898957968 0
vt 0.518350244 0.880229115 0
vt 0.528828204 0.880229115 0
vt 0.528828204 0.898957968 0
vt 0.938130617 0.592093945 0
vt 0.938130617 0.581392467 0
vt 0.948608577 0.581392467 0
vt 0.912961721 0.763228714 0
vt 0.902484 0.763228834 0
vt 0.902484 0.744499981 0
vt 0.912961721 0.744499922 0
vt 0.957232952 0.0766860694 0
vt 0.957232952 0.0873872563 0
vt 0.946754992 0.0873873234 0
vt 0.946754992 0.0766861364 0
vt 0.439048409 0.931461036 0
vt 0.428570598 0.931461155 0
vt 0.428570598 0.912732303 0
vt 0.439048409 0.912732244 0
vt 0.89200598 0.744499922 0
vt 0.89200598 0.763228714 0
vt 0.88152802 0.744499922 0
vt 0.890510619 0.437791049 0
vt 0.890510619 0.456519902 0
vt 0.880032659 0.456519902 0
vt 0.880032659 0.437791049 0
vt 0.948616922 0.410439461 0
vt 0.948616982 0.399738282 0
vt 0.959094882 0.399738252 0
vt 0.959094882 0.410439432 0
vt 0.938139021 0.399738252 0
vt 0.93815273 0.3322092 0
vt 0.948630631 0.3322092 0
vt 0.948630631 0.342910677 0
vt 0.93815273 0.342910677 0
vt 0.958683133 0.762515187 0
vt 0.948205411 0.762515128 0
vt 0.948205411 0.75181365 0
vt 0.958683133 0.75181371 0
vt 0.386658609 0.931461036 0
vt 0.376180828 0.931461155 0
vt 0.376180798 0.912732303 0
vt 0.386658609 0.912732244 0
vt 0.87712723 0.630770206 0
vt 0.87712723 0.612041354 0
vt 0.88760519 0.612041354 0
vt 0.88760519 0.630770206 0
vt 0.0104779806 0.901055455 0
vt 0.0104779759 0.882326663 0
vt 0.0209559519 0.882326663 0
vt 0.0209559426 0.901055455 0
vt 0.908108532 0.962069631 0
vt 0.918586314 0.962069571 0
vt 0.918586314 0.972771049 0
vt 0.908108532 0.972771108 0
vt 0.953068733 0.448492527 0
vt 0.942590892 0.448492587 0
vt 0.942590892 0.437791109 0
vt 0.953068733 0.437791049 0
vt 0.903351009 0.074915491 0
vt 0.913828671 0.0749155656 0
vt 0.913828671 0.0936443955 0
vt 0.903351009 0.093644321 0
vt 0.428570598 0.912732244 0
vt 0.428570598 0.894003391 0
vt 0.439048529 0.894003391 0
vt 0.439048529 0.912732244 0
vt 0.233059302 0.912736535 0
vt 0.233059317 0.894007683 0
vt 0.243537262 0.894007683 0
vt 0.243537262 0.912736535 0
vt 0.948630691 0.321507752 0
vt 0.948630691 0.33220917 0
vt 0.93815273 0.321507752 0
vt 0.418092489 0.931461096 0
vt 0.407614678 0.931461155 0
vt 0.407614678 0.912732303 0
vt 0.418092489 0.912732244 0
vt 0.946749508 0.242002815 0
vt 0.95722723 0.242002875 0
vt 0.95722723 0.252704352 0
vt 0.946749508 0.252704293 0
vt 0.201625302 0.931465328 0
vt 0.191147506 0.931465447 0
vt 0.191147506 0.912736595 0
vt 0.201625302 0.912736535 0
vt 0.89200598 0.632126808 0
vt 0.89200598 0.650855601 0
vt 0.88152802 0.65085566 0
vt 0.88152802 0.632126808 0
vt 0 0.882326663 0
vt 0 0.86359781 0
vt 0.0104779759 0.86359781 0
vt 0.159185529 0.972619176 0
vt 0.148707733 0.972619295 0
vt 0.148707733 0.961917818 0
vt 0.159185529 0.961917698 0
vt 0.942223549 0.632126868 0
vt 0.95270139 0.632126808 0
vt 0.95270139 0.642828286 0
vt 0.942223549 0.642828345 0
vt 0.913828671 0.074915491 0
vt 0.903351009 0.0749154165 0
vt 0.903351009 0.0561865941 0
vt 0.913828671 0.0561866611 0
vt 0.468817294 0.90355432 0
vt 0.468817294 0.884825468 0
vt 0.479295254 0.884825468 0
vt 0.479295254 0.90355432 0
vt 0.892544866 0.533233166 0
vt 0.892544866 0.551961958 0
vt 0.882066905 0.551961958 0
vt 0.882066905 0.533233166 0
vt 0.407614678 0.894003391 0
vt 0.407614678 0.912732244 0
vt 0.397136748 0.912732244 0
vt 0.397136748 0.894003391 0
vt 0.882395148 0.0561865307 0
vt 0.882395148 0.0374577045 0
vt 0.892873108 0.0374576934 0
vt 0.892873108 0.0561865307 0
vt 0.90248394 0.632126808 0
vt 0.90248394 0.65085566 0
vt 0.89200598 0.65085566 0
vt 0.89200604 0.632126808 0
vt 0.222581208 0.972242117 0
vt 0.212103426 0.972242236 0
vt 0.212103426 0.961540759 0
vt 0.222581208 0.961540639 0
vt 0.903351009 0.093644388 0
vt 0.913828671 0.0936444476 0
vt 0.913828671 0.112373278 0
vt 0.903351009 0.112373218 0
vt 0.892873108 0.168559596 0
vt 0.892873108 0.187288418 0
vt 0.882395148 0.187288418 0
vt 0.882395148 0.168559596 0
vt 0.128040254 0.961746156 0
vt 0.13851805 0.961746097 0
vt 0.13851805 0.972447574 0
vt 0.128040239 0.972447634 0
vt 0.346001744 0.972855151 0
vt 0.335523963 0.97285521 0
vt 0.335523963 0.962153733 0
vt 0.346001744 0.962153673 0
vt 0.913828671 0.22474663 0
vt 0.903351009 0.22474657 0
vt 0.903351009 0.206017748 0
vt 0.913828671 0.206017792 0
vt 0.281048417 0.961569548 0
vt 0.281048417 0.972270846 0
vt 0.270570457 0.972270787 0
vt 0.270570457 0.961569488 0
vt 0.903351009 0.0374577083 0
vt 0.913828731 0.0374577679 0
vt 0.913828731 0.0561865941 0
vt 0.903351068 0.0561865419 0
vt 0.892873108 2.27349251e-09 0
vt 0.892873108 0.018728843 0
vt 0.882395148 0.0187288392 0
vt 0.882395148 0 0
vt 0.355224907 0.894003391 0
vt 0.355224907 0.912732244 0
vt 0.344746977 0.912732244 0
vt 0.344746977 0.894003391 0
vt 3.56161003e-08 0.964780927 0
vt 0.0104777934 0.964780867 0
vt 0.0104777934 0.975482345 0
vt 0 0.975482345 0
vt 0.587477505 0.964019001 0
vt 0.587477505 0.974720299 0
vt 0.576999545 0.97472024 0
vt 0.576999545 0.964018941 0
vt 0.957232416 0.123074822 0
vt 0.946754694 0.12307474 0
vt 0.946754694 0.112373278 0
vt 0.957232416 0.112373352 0
vt 0.948632717 0.469019324 0
vt 0.938154757 0.479720771 0
vt 0.938154817 0.469019324 0
vt 0.159713537 0.931465328 0
vt 0.149235725 0.931465387 0
vt 0.14923574 0.912736595 0
vt 0.159713537 0.912736535 0
vt 0.90248394 0.763228714 0
vt 0.90248394 0.781957567 0
vt 0.264493167 0.894007683 0
vt 0.264493167 0.912736535 0
vt 0.254015207 0.912736535 0
vt 0.254015207 0.894007683 0
vt 0.489773214 0.967279613 0
vt 0.489773214 0.977980793 0
vt 0.479295254 0.977980852 0
vt 0.479295254 0.967279673 0
vt 0.948616982 0.431842715 0
vt 0.938139021 0.431842715 0
vt 0.938139021 0.421141237 0
vt 0.948616982 0.421141237 0
vt 0.212103426 0.912736595 0
vt 0.222581223 0.912736535 0
vt 0.222581208 0.931465328 0
vt 0.212103426 0.931465387 0
vt 0.882395148 0.24347496 0
vt 0.882395148 0.224746123 0
vt 0.892873108 0.224746123 0
vt 0.892873108 0.243474975 0
vt 0.10293024 0.894564569 0
vt 0.10293024 0.913293421 0
vt 0.0924522877 0.913293421 0
vt 0.0924522877 0.894564569 0
vt 0.959082544 0.179261446 0
vt 0.948604822 0.179261401 0
vt 0.948604822 0.168559939 0
vt 0.959082544 0.168559998 0
vt 0.802647293 0.970468879 0
vt 0.792169392 0.970468879 0
vt 0.792169392 0.959767401 0
vt 0.802647293 0.959767401 0
vt 0.0811184794 0.962238491 0
vt 0.0706406683 0.96223855 0
vt 0.0706406832 0.946157694 0
vt 0.0811184794 0.946157634 0
vt 0.925641894 0.94498682 0
vt 0.925641954 0.928905964 0
vt 0.936119854 0.928905964 0
vt 0.936119854 0.94498682 0
vt 0.934620082 0.0578049161 0
vt 0.934620082 0.0738857538 0
vt 0.924142122 0.0738857612 0
vt 0.924142122 0.0578049161 0
vt 0.479295224 0.90355432 0
vt 0.479295224 0.922283113 0
vt 0.468817294 0.922283113 0
vt 0.959108651 0.3322092 0
vt 0.959108651 0.342910349 0
vt 0.948630691 0.342910409 0
vt 0.948630691 0.332209259 0
vt 0.553305626 0.916457951 0
vt 0.553305626 0.897729158 0
vt 0.563783586 0.897729158 0
vt 0.563783586 0.916457951 0
vt 0.936119914 0.961067677 0
vt 0.936119914 0.971769094 0
vt 0.925641894 0.971769094 0
vt 0.925641954 0.961067677 0
vt 0.912961721 0.781957626 0
vt 0.902484 0.781957686 0
vt 0.902484 0.763228893 0
vt 0.912961721 0.763228834 0
vt 0.13875778 0.912736475 0
vt 0.13875778 0.894007683 0
vt 0.14923574 0.894007683 0
vt 0.14923574 0.912736475 0
vt 0.464756042 0.868630052 0
vt 0.464756072 0.887358844 0
vt 0.454278082 0.887358904 0
vt 0.454278082 0.868630052 0
vt 0.959071875 0.216228321 0
vt 0.959071875 0.226929516 0
vt 0.948593915 0.226929575 0
vt 0.948593915 0.216228396 0
vt 0.254015237 0.912736595 0
vt 0.264493018 0.912736535 0
vt 0.264493018 0.931465328 0
vt 0.254015207 0.931465387 0
vt 0.948624611 0.543934703 0
vt 0.948624611 0.55463618 0
vt 0.938146651 0.55463618 0
vt 0.938146651 0.543934703 0
vt 0.191147372 0.931465328 0
vt 0.180669576 0.931465387 0
vt 0.180669576 0.912736595 0
vt 0.191147372 0.912736535 0
vt 0.201625466 0.894007683 0
vt 0.201625466 0.912736535 0
vt 0.191147506 0.912736535 0
vt 0.191147521 0.894007683 0
vt 0.254015207 0.912736475 0
vt 0.243537262 0.912736475 0
vt 0.116024844 0.971193314 0
vt 0.116024844 0.960491896 0
vt 0.126502797 0.960491896 0
vt 0.126502797 0.971193314 0
vt 0.95908618 0.602795482 0
vt 0.948608518 0.592094004 0
vt 0.95908618 0.592094004 0
vt 0.959082782 0.189962849 0
vt 0.959082782 0.200664043 0
vt 0.948604822 0.200664103 0
vt 0.948604822 0.189962938 0
vt 0.264204979 0.961084783 0
vt 0.264204979 0.971786261 0
vt 0.253727049 0.971786201 0
vt 0.253727049 0.961084783 0
vt 0.0924521238 0.932022274 0
vt 0.0819743276 0.932022333 0
vt 0.0819743425 0.913293481 0
vt 0.0924521238 0.913293421 0
vt 0.90248394 0.72577107 0
vt 0.90248394 0.744499862 0
vt 0.89200598 0.744499862 0
vt 0.89200598 0.72577107 0
vt 0.892873108 0.262203783 0
vt 0.882395148 0.262203783 0
vt 0.953108609 0.068506375 0
vt 0.942630768 0.0685064271 0
vt 0.942630768 0.0578049757 0
vt 0.953108609 0.0578049161 0
vt 0.0681479573 0.97225666 0
vt 0.05767015 0.97225672 0
vt 0.0576701686 0.961555302 0
vt 0.0681479573 0.961555183 0
vt 0.903351009 0.168559685 0
vt 0.892873108 0.168559656 0
vt 0.892873108 0.149830833 0
vt 0.903351009 0.149830848 0
vt 0.727231741 0.89613241 0
vt 0.727231741 0.914861202 0
vt 0.716753781 0.914861202 0
vt 0.716753781 0.89613241 0
vt 0.313313067 0.894003391 0
vt 0.313313067 0.912732244 0
vt 0.302835107 0.912732244 0
vt 0.302835107 0.894003391 0
vt 0.955243111 0.955688357 0
vt 0.944765449 0.955688238 0
vt 0.944765389 0.94498682 0
vt 0.955243111 0.94498688 0
vt 0.292357177 0.912732303 0
vt 0.302835017 0.912732244 0
vt 0.302835017 0.931461036 0
vt 0.292357147 0.931461096 0
vt 0.948533595 0.53251946 0
vt 0.938055634 0.53251946 0
vt 0.938055634 0.521817982 0
vt 0.948533595 0.521817982 0
vt 0.323790878 0.931461096 0
vt 0.313313037 0.931461155 0
vt 0.313313067 0.912732303 0
vt 0.323790878 0.912732244 0
vt 0.892873108 0.187288433 0
vt 0.882395148 0.0374576934 0
vt 0.882395148 0.0187288467 0
vt 0.892972946 0.415151983 0
vt 0.892972946 0.433880866 0
vt 0.882494986 0.433880866 0
vt 0.882494986 0.415151983 0
vt 0.882395148 0.131101921 0
vt 0.882395148 0.112373069 0
vt 0.892873108 0.112373069 0
vt 0.892873108 0.131101906 0
vt 0.903351009 0.0936442912 0
vt 0.892873108 0.0936442837 0
vt 0.903351009 0.0749154463 0
vt 0.650344968 0.974334955 0
vt 0.639867187 0.974335015 0
vt 0.639867187 0.963633537 0
vt 0.650344968 0.963633478 0
vt 0.727231741 0.962550759 0
vt 0.727231741 0.973252058 0
vt 0.716753781 0.973251939 0
vt 0.716753781 0.96255064 0
vt 0.377909005 0.972625852 0
vt 0.367431223 0.972625911 0
vt 0.367431223 0.961924434 0
vt 0.377909005 0.961924374 0
vt 0.54185611 0.91177845 0
vt 0.53137815 0.91177845 0
vt 0.53137815 0.893049598 0
vt 0.54185605 0.893049598 0
vt 0.874940634 0.610889256 0
vt 0.874940634 0.629618108 0
vt 0.864462674 0.629618108 0
vt 0.864462674 0.610889256 0
vt 0.0811186358 0.890485764 0
vt 0.0811186358 0.909214616 0
vt 0.0706406757 0.909214616 0
vt 0.0706406683 0.890485764 0
vt 0.292357177 0.962931156 0
vt 0.302834958 0.962931097 0
vt 0.302834958 0.973632574 0
vt 0.292357147 0.973632574 0
vt 0.957227468 0.255024135 0
vt 0.957227468 0.265725344 0
vt 0.946749508 0.265725404 0
vt 0.946749508 0.255024225 0
vt 0.948624611 0.565337658 0
vt 0.938146651 0.565337658 0
vt 0.201625466 0.912736595 0
vt 0.212103263 0.912736535 0
vt 0.212103263 0.931465387 0
vt 0.201625466 0.931465387 0
vt 0.170191631 0.894007683 0
vt 0.170191646 0.912736535 0
vt 0.1597137 0.912736535 0
vt 0.159713686 0.894007683 0
vt 0.376180828 0.894003391 0
vt 0.376180828 0.912732244 0
vt 0.365702868 0.912732244 0
vt 0.365702868 0.894003391 0
vt 0.892873108 0.0561865382 0
vt 0.892873108 0.0749153793 0
vt 0.882395148 0.0749153718 0
vt 0.738187253 0.962280989 0
vt 0.738187253 0.972982287 0
vt 0.727709293 0.972982228 0
vt 0.727709293 0.962280929 0
vt 0.913828671 0.13110216 0
vt 0.903351009 0.1311021 0
vt 0.903351009 0.112373278 0
vt 0.913828671 0.112373337 0
vt 0.516418636 0.884257555 0
vt 0.516418636 0.902986407 0
vt 0.505940676 0.902986407 0
vt 0.505940676 0.884257555 0
vt 0.253341287 0.971786261 0
vt 0.242863461 0.97178638 0
vt 0.242863461 0.961084902 0
vt 0.253341287 0.961084783 0
vt 0.874692261 0.963200986 0
vt 0.874692261 0.973902285 0
vt 0.864214361 0.973902225 0
vt 0.864214361 0.963200927 0
vt 0.913828671 0.187288836 0
vt 0.903351009 0.187288761 0
vt 0.903351009 0.168559939 0
vt 0.913828671 0.168560013 0
vt 0.116024651 0.972945154 0
vt 0.105546877 0.972945213 0
vt 0.105546869 0.962243736 0
vt 0.116024643 0.962243676 0
vt 0.903022766 0.589419782 0
vt 0.892544866 0.589419782 0
vt 0.892544866 0.57069093 0
vt 0.903022766 0.57069093 0
vt 0.853984714 0.629618108 0
vt 0.853984654 0.610889256 0
vt 0.864462614 0.610889256 0
vt 0.397136718 0.894003391 0
vt 0.397136718 0.912732244 0
vt 0.386658788 0.912732244 0
vt 0.386658788 0.894003391 0
vt 0.938115954 0.226929739 0
vt 0.938116014 0.216228321 0
vt 0.948593915 0.216228321 0
vt 0.948593915 0.226929784 0
vt 0.957178771 0.517178178 0
vt 0.94670105 0.517178118 0
vt 0.94670105 0.506476641 0
vt 0.957178771 0.5064767 0
vt 0.50363338 0.960001767 0
vt 0.493155569 0.960001826 0
vt 0.493155569 0.94392097 0
vt 0.50363338 0.94392091 0
vt 0.660823286 0.936431348 0
vt 0.660823286 0.952512205 0
vt 0.650345325 0.952512205 0
vt 0.650345325 0.936431348 0
vt 0.479295254 0.94049722 0
vt 0.479295254 0.956578076 0
vt 0.468817294 0.956578076 0
vt 0.468817294 0.94049722 0
vt 0.948630512 0.379853666 0
vt 0.938152552 0.379853666 0
vt 0.938152552 0.369152188 0
vt 0.948630512 0.369152188 0
vt 0 0.919784307 0
vt 0 0.901055515 0
vt 0.0104779452 0.901055515 0
vt 0.0104779452 0.919784307 0
vt 0.956916273 0.682959735 0
vt 0.946438611 0.682959676 0
vt 0.946438611 0.672258198 0
vt 0.956916273 0.672258258 0
vt 0.233059302 0.912736595 0
vt 0.243537098 0.912736535 0
vt 0.243537098 0.931465328 0
vt 0.233059302 0.931465387 0
vt 0.493155599 0.888249099 0
vt 0.493155569 0.869520247 0
vt 0.503633559 0.869520247 0
vt 0.892972946 0.396423131 0
vt 0.882494986 0.396423131 0
vt 0.882494986 0.377694279 0
vt 0.948630691 0.342910677 0
vt 0.948630691 0.353612125 0
vt 0.93815273 0.353612125 0
vt 0.93815273 0.342910707 0
vt 0.0375412479 0.898640871 0
vt 0.0375412479 0.917369723 0
vt 0.0270633027 0.917369723 0
vt 0.0270633213 0.898640871 0
vt 0.957163453 0.0508335046 0
vt 0.946685791 0.0508334227 0
vt 0.946685791 0.0401319563 0
vt 0.957163453 0.0401320308 0
vt 0.233059153 0.931465328 0
vt 0.222581357 0.931465447 0
vt 0.222581357 0.912736595 0
vt 0.233059153 0.912736535 0
vt 0.0937890261 0.875835717 0
vt 0.0937890187 0.857106924 0
vt 0.104266971 0.857106864 0
vt 0.104266994 0.875835717 0
vt 0.882395148 0.149830759 0
vt 0.892873108 0.131101921 0
vt 0.892873108 0.149830759 0
vt 0.102930076 0.932022274 0
vt 0.0924522877 0.932022333 0
vt 0.0924522877 0.913293481 0
vt 0.102930076 0.913293421 0
vt 0.957232654 0.0980888605 0
vt 0.946754992 0.098088786 0
vt 0.957232654 0.0873873979 0
vt 0.895359874 0.971583486 0
vt 0.895359933 0.960882068 0
vt 0.905837834 0.960882008 0
vt 0.905837834 0.971583486 0
vt 0.365702897 0.894003391 0
vt 0.365702897 0.912732244 0
vt 0.355224937 0.912732244 0
vt 0.355224937 0.894003391 0
vt 0.89200604 0.707042158 0
vt 0.90248394 0.688313365 0
vt 0.90248394 0.707042158 0
vt 0.0816624016 0.961193204 0
vt 0.0921401978 0.961193144 0
vt 0.0921401978 0.971894622 0
vt 0.0816623867 0.971894681 0
vt 0.903351009 0.187288836 0
vt 0.913828671 0.18728891 0
vt 0.913828671 0.206017748 0
vt 0.903351009 0.206017673 0
vt 0.942055523 5.91108034e-08 0
vt 0.952533305 0 0
vt 0.952533305 0.0107014887 0
vt 0.942055523 0.0107015427 0
vt 0.913828731 0.0187288914 0
vt 0.903351068 0.0187288299 0
vt 0.903351009 0 0
vt 0.913828671 5.91108034e-08 0
vt 0.892544866 0.458317757 0
vt 0.892544866 0.477046609 0
vt 0.882066905 0.477046609 0
vt 0.882066905 0.458317757 0
vt 0.386658758 0.894003391 0
vt 0.386658758 0.912732184 0
vt 0.376180798 0.912732244 0
vt 0.376180798 0.894003391 0
vt 0.553281784 0.964208424 0
vt 0.553281784 0.974909723 0
vt 0.542803824 0.974909663 0
vt 0.542803824 0.964208364 0
vt 0.952939391 0.301348746 0
vt 0.94246161 0.301348835 0
vt 0.94246161 0.290647358 0
vt 0.952939391 0.290647268 0
vt 0.946701109 0.495775402 0
vt 0.95717901 0.495775372 0
vt 0.95717901 0.506476581 0
vt 0.948630512 0.390555114 0
vt 0.938152552 0.390555114 0
vt 0.938152552 0.379853696 0
vt 0.936119735 0.961067617 0
vt 0.925641894 0.961067677 0
vt 0.925641954 0.94498682 0
vt 0.936119735 0.94498682 0
vt 8.90402507e-09 0.95407933 0
vt 0 0.937998474 0
vt 0.0104779536 0.937998474 0
vt 0.0104779536 0.95407933 0
vt 0.489773214 0.94049722 0
vt 0.489773214 0.956578076 0
vt 0.233059302 0.894007683 0
vt 0.222581357 0.912736535 0
vt 0.222581357 0.894007683 0
vt 0.959082782 0.179261416 0
vt 0.959082782 0.189962581 0
vt 0.948604822 0.18996264 0
vt 0.948604822 0.179261461 0
vt 0.892972946 0.340236604 0
vt 0.882495046 0.358965427 0
vt 0.882494986 0.340236604 0
vt 0.938152552 0.358450681 0
vt 0.948630452 0.358450681 0
vt 0.948630452 0.369152188 0
vt 0.938152552 0.369152158 0
vt 0.902484 0.632126868 0
vt 0.912961781 0.632126808 0
vt 0.912961781 0.650855601 0
vt 0.902484 0.65085566 0
vt 0.116024837 0.890491009 0
vt 0.116024837 0.909219861 0
vt 0.105546869 0.909219861 0
vt 0.105546869 0.890491009 0
vt 0.518350244 0.861500323 0
vt 0.528828204 0.861500263 0
vt 0.901673019 0.279945761 0
vt 0.9121508 0.279945701 0
vt 0.9121508 0.298674554 0
vt 0.901673019 0.298674613 0
vt 0.222581208 0.971856534 0
vt 0.222581208 0.961155176 0
vt 0.233059153 0.961155117 0
vt 0.233059153 0.971856534 0
vt 0.959071875 0.205526873 0
vt 0.959071875 0.216228053 0
vt 0.948593915 0.216228127 0
vt 0.948593915 0.205526963 0
vt 0.505940676 0.956010163 0
vt 0.505940676 0.939929307 0
vt 0.516418636 0.939929307 0
vt 0.516418636 0.956010163 0
vt 0.959094644 0.431842774 0
vt 0.948616982 0.431842685 0
vt 0.959094644 0.421141297 0
vt 0.442381948 0.946159303 0
vt 0.45285973 0.946159244 0
vt 0.45285973 0.9622401 0
vt 0.442381948 0.96224016 0
vt 0.553281784 0.936964214 0
vt 0.553281784 0.95304507 0
vt 0.542803824 0.95304507 0
vt 0.542803824 0.936964214 0
vt 0.948624551 0.543934703 0
vt 0.938146651 0.533233225 0
vt 0.948624551 0.533233225 0
vt 0.714080334 0.973260403 0
vt 0.703602552 0.973260462 0
vt 0.703602552 0.962559044 0
vt 0.714080334 0.962558985 0
vt 0.0576701052 0.973034084 0
vt 0.0471923128 0.973034143 0
vt 0.0471923128 0.962332726 0
vt 0.0576701052 0.962332606 0
vt 0.903022766 0.608148634 0
vt 0.892544866 0.608148575 0
vt 0.89200598 0.669584513 0
vt 0.90248394 0.669584453 0
vt 0.0924522728 0.894564569 0
vt 0.0924522653 0.913293421 0
vt 0.0819743276 0.913293421 0
vt 0.0819743276 0.894564569 0
vt 0.946372986 0.747173607 0
vt 0.946372986 0.736472368 0
vt 0.956850946 0.736472309 0
vt 0.956850946 0.747173548 0
vt 0.541855991 0.930507302 0
vt 0.53137815 0.930507362 0
vt 0.53137815 0.91177851 0
vt 0.541855991 0.91177845 0
vt 0.938126862 0.168559954 0
vt 0.313312948 0.931461096 0
vt 0.302835107 0.931461155 0
vt 0.302835107 0.912732303 0
vt 0.313312948 0.912732244 0
vt 0.88152802 0.669584513 0
vt 0.882066905 0.514504313 0
vt 0.892544866 0.514504313 0
vt 0.334975958 0.961742043 0
vt 0.334975958 0.972443342 0
vt 0.324497998 0.972443283 0
vt 0.324497998 0.961741984 0
vt 0.438853234 0.972809494 0
vt 0.428375453 0.972809613 0
vt 0.428375453 0.962108135 0
vt 0.438853234 0.962108076 0
vt 0.892544866 0.551962078 0
vt 0.903022766 0.551962078 0
vt 0.716753781 0.877403557 0
vt 0.716753781 0.858674705 0
vt 0.727231741 0.858674705 0
vt 0.727231741 0.877403557 0
vt 0.116024852 0.907467961 0
vt 0.116024844 0.888739109 0
vt 0.126502812 0.888739109 0
vt 0.126502812 0.907467961 0
vt 0.90248394 0.669584513 0
vt 0.90248394 0.688313305 0
vt 0.89200598 0.688313305 0
vt 0.201625347 0.971856773 0
vt 0.191147506 0.971856833 0
vt 0.191147506 0.961155355 0
vt 0.201625347 0.961155295 0
vt 0.913500488 0.608148754 0
vt 0.903022766 0.608148694 0
vt 0.903022766 0.589419901 0
vt 0.913500488 0.589419961 0
vt 0.418092519 0.972447395 0
vt 0.407614678 0.972447455 0
vt 0.407614708 0.961746037 0
vt 0.418092519 0.961745977 0
vt 0.452859759 0.972941637 0
vt 0.442381948 0.972941697 0
vt 0.442381978 0.962240219 0
vt 0.452859759 0.96224016 0
vt 0.952872872 0.160532489 0
vt 0.942395091 0.160532549 0
vt 0.942395091 0.149831101 0
vt 0.952872872 0.149831027 0
vt 0.489773184 0.922283173 0
vt 0.479295254 0.922283173 0
vt 0.489773184 0.90355432 0
vt 0.703602552 0.914861143 0
vt 0.703602552 0.89613229 0
vt 0.714080453 0.89613229 0
vt 0.714080453 0.914861143 0
vt 0.892972946 0.3027789 0
vt 0.892972946 0.321507752 0
vt 0.882494986 0.321507752 0
vt 0.882495046 0.3027789 0
vt 0.956875086 0.687283814 0
vt 0.956875086 0.697985053 0
vt 0.946397126 0.697985113 0
vt 0.946397126 0.687283874 0
vt 0.05767015 0.930862606 0
vt 0.0471923202 0.930862665 0
vt 0.0471923128 0.912133873 0
vt 0.05767015 0.912133753 0
vt 0.938130617 0.570690989 0
vt 0.948608577 0.570690989 0
vt 0.0576703101 0.912133813 0
vt 0.0681481287 0.912133753 0
vt 0.0681481287 0.930862606 0
vt 0.0576702841 0.930862665 0
vt 0.14923574 0.912736535 0
vt 0.149235725 0.894007683 0
vt 0.159713686 0.912736535 0
vt 0.0576702841 0.874676049 0
vt 0.0471923128 0.893404901 0
vt 0.0471923202 0.874676049 0
vt 0.334268987 0.894003391 0
vt 0.334268987 0.912732244 0
vt 0.323791027 0.912732244 0
vt 0.323791027 0.894003391 0
vt 0.880717039 0.298674554 0
vt 0.880717039 0.279945701 0
vt 0.891194999 0.279945731 0
vt 0.891194999 0.298674554 0
vt 0.912961781 0.744499862 0
vt 0.902484 0.744499922 0
vt 0.902484 0.72577107 0
vt 0.912961781 0.72577107 0
vt 0.895359933 0.971583486 0
vt 0.884882033 0.971583486 0
vt 0.884881973 0.960882008 0
vt 0.479294956 0.977981091 0
vt 0.468817294 0.977981031 0
vt 0.468817294 0.967279553 0
vt 0.479294926 0.967279613 0
vt 0.503633499 0.960001826 0
vt 0.503633499 0.970703244 0
vt 0.493155569 0.970703304 0
vt 0.959108174 0.369152129 0
vt 0.948630452 0.369152099 0
vt 0.959108174 0.358450711 0
vt 0.334268838 0.931461036 0
vt 0.323791027 0.931461096 0
vt 0.323791057 0.912732303 0
vt 0.334268838 0.912732244 0
vt 0.892973006 0.433880866 0
vt 0.892973006 0.415152013 0
vt 0.903450847 0.415152013 0
vt 0.903450847 0.433880866 0
vt 0.892973006 0.340236574 0
vt 0.892973006 0.321507752 0
vt 0.903450906 0.321507752 0
vt 0.903450906 0.340236574 0
vt 0.956850946 0.72577107 0
vt 0.956850946 0.736472368 0
vt 0.946372986 0.736472309 0
vt 0.946372986 0.72577107 0
vt 0.903351009 0.13110216 0
vt 0.913828671 0.131102204 0
vt 0.913828671 0.149831042 0
vt 0.903351068 0.149830997 0
vt 0.660823107 0.974334896 0
vt 0.650345325 0.974334955 0
vt 0.650345325 0.963633478 0
vt 0.660823107 0.963633418 0
vt 0.903351009 0.0187288597 0
vt 0.454278082 0.906087756 0
vt 0.464756042 0.887358904 0
vt 0.464756042 0.906087756 0
vt 0.291814417 0.894492626 0
vt 0.291814417 0.913221478 0
vt 0.0924522877 0.972207904 0
vt 0.0924522951 0.961506486 0
vt 0.102930188 0.961506486 0
vt 0.102930188 0.972207904 0
vt 0.959108531 0.342910677 0
vt 0.959108531 0.353611857 0
vt 0.948630631 0.353611887 0
vt 0.948630631 0.342910767 0
vt 0.281336278 0.931950331 0
vt 0.270858496 0.93195039 0
vt 0.270858496 0.913221538 0
vt 0.281336278 0.913221478 0
vt 0.892873108 0.187288508 0
vt 0.892873108 0.168559685 0
vt 0.903351009 0.187288523 0
vt 0.892873108 0.262203932 0
vt 0.892873108 0.243475109 0
vt 0.903351009 0.243475109 0
vt 0.903351009 0.262203932 0
vt 0.0209797397 0.964780807 0
vt 0.0105017675 0.964780807 0
vt 0.0209797397 0.95407933 0
vt 0.0461090207 0.977520704 0
vt 0.0356313363 0.977520645 0
vt 0.0356313363 0.966819167 0
vt 0.0461090207 0.966819227 0
vt 0.464755982 0.959111571 0
vt 0.454278082 0.959111571 0
vt 0.454278141 0.943030775 0
vt 0.464755982 0.943030715 0
vt 0.618911445 0.952512205 0
vt 0.618911445 0.936431348 0
vt 0.629389405 0.936431348 0
vt 0.629389405 0.952512205 0
vt 0.639867365 0.936431348 0
vt 0.639867365 0.952512205 0
vt 0.779068053 0.959767401 0
vt 0.779068053 0.970468819 0
vt 0.768590093 0.970468819 0
vt 0.768590093 0.959767461 0
vt 0.892973006 0.396423161 0
vt 0.892973006 0.377694339 0
vt 0.903450906 0.377694339 0
vt 0.903450906 0.396423161 0
vt 0.946597576 0.979411125 0
vt 0.936119914 0.979411125 0
vt 0.936119914 0.968709588 0
vt 0.946597576 0.968709648 0
vt 0.902484 0.707042217 0
vt 0.912961781 0.707042217 0
vt 0.912961781 0.72577101 0
vt 0.53137815 0.874320745 0
vt 0.54185611 0.874320745 0
vt 0.54185611 0.893049598 0
vt 0.703602552 0.877403438 0
vt 0.714080513 0.877403438 0
vt 0.714080513 0.89613229 0
vt 0.464756072 0.959111631 0
vt 0.464756072 0.969813049 0
vt 0.454278082 0.969813049 0
vt 0.454278082 0.959111631 0
vt 0.903351009 0.0936442986 0
vt 0.903351009 0.112373136 0
vt 0.892873108 0.112373136 0
vt 0.892873108 0.0936442912 0
vt 0.959064841 0.14911738 0
vt 0.948587179 0.149117306 0
vt 0.948587179 0.138415828 0
vt 0.959064841 0.138415888 0
vt 0.291814238 0.931950331 0
vt 0.281336486 0.93195039 0
vt 0.281336457 0.913221538 0
vt 0.291814208 0.913221478 0
vt 0.479295254 0.866096616 0
vt 0.468817294 0.866096616 0
vt 0.479747444 0.884825468 0
vt 0.479747444 0.866096616 0
vt 0.490225405 0.866096616 0
vt 0.490225405 0.884825468 0
vt 0.938115954 0.216228321 0
vt 0.938115954 0.205526903 0
vt 0.948593915 0.205526873 0
vt 0.903022826 0.514504373 0
vt 0.913500488 0.514504313 0
vt 0.913500488 0.533233106 0
vt 0.903022766 0.533233225 0
vt 0.959011555 0.521817982 0
vt 0.959011555 0.532519221 0
vt 0.948533595 0.532519221 0
vt 0.948533595 0.521818042 0
vt 0.254015058 0.931465328 0
vt 0.243537262 0.931465387 0
vt 0.243537262 0.912736595 0
vt 0.254015058 0.912736535 0
vt 0.0685592443 0.874676049 0
vt 0.0685592443 0.893404901 0
vt 0.0580812767 0.893404901 0
vt 0.0580812693 0.874676049 0
vt 0.0706406683 0.871756911 0
vt 0.0811186358 0.871756911 0
vt 0.0811186433 0.890485764 0
vt 0.959110498 0.458317757 0
vt 0.959110498 0.469018847 0
vt 0.948632598 0.469018906 0
vt 0.948632598 0.458317876 0
vt 0.407326639 0.962153614 0
vt 0.407326639 0.972855031 0
vt 0.396848708 0.972855031 0
vt 0.396848708 0.962153614 0
vt 0.946597815 0.968709648 0
vt 0.936119914 0.958008111 0
vt 0.946597815 0.958008111 0
vt 0.397136778 0.912732244 0
vt 0.407614589 0.912732244 0
vt 0.407614589 0.931461036 0
vt 0.397136748 0.931461096 0
vt 0.528827906 0.975518405 0
vt 0.518350244 0.975518286 0
vt 0.518350244 0.964816809 0
vt 0.528827906 0.964816928 0
vt 0.91146642 0.456519872 0
vt 0.900988579 0.456519961 0
vt 0.900988579 0.437791139 0
vt 0.91146642 0.437791049 0
vt 0.291814446 0.857034922 0
vt 0.281336486 0.857034922 0
vt 0.716753781 0.89613235 0
vt 0.727231741 0.89613235 0
vt 0.541855991 0.96119988 0
vt 0.541855991 0.971901357 0
vt 0.53137815 0.971901417 0
vt 0.53137821 0.961199939 0
vt 0.597955465 0.974335551 0
vt 0.597955465 0.963634074 0
vt 0.608433247 0.963634014 0
vt 0.608433247 0.974335492 0
vt 0.913500488 0.570691049 0
vt 0.913500488 0.589419901 0
vt 0.903022826 0.589419842 0
vt 0.903022766 0.570690989 0
vt 0.892544866 0.495775461 0
vt 0.882066905 0.495775461 0
vt 0.442381948 0.890487492 0
vt 0.452859908 0.890487492 0
vt 0.452859908 0.909216344 0
vt 0.442381948 0.909216344 0
vt 0.418092668 0.912732244 0
vt 0.418092668 0.894003391 0
vt 0.0104779936 0.919784248 0
vt 0.0104779713 0.901055515 0
vt 0.0209559519 0.901055515 0
vt 0.0209559519 0.919784248 0
vt 0.0576702654 0.893404901 0
vt 0.0576702617 0.912133753 0
vt 0.0471923128 0.912133753 0
vt 0.0471923202 0.893404901 0
vt 0.191147402 0.971856892 0
vt 0.180669576 0.971857011 0
vt 0.180669576 0.961155534 0
vt 0.191147402 0.961155415 0
vt 0.913500547 0.551962018 0
vt 0.903022826 0.551961958 0
vt 0.903022766 0.533233166 0
vt 0.913500488 0.533233285 0
vt 0.903022826 0.477046609 0
vt 0.903022826 0.495775372 0
vt 0.892544866 0.495775372 0
vt 0.939730704 0.612041414 0
vt 0.950208485 0.612041354 0
vt 0.950208485 0.622742832 0
vt 0.939730644 0.622742891 0
vt 0.913500547 0.514504313 0
vt 0.903022945 0.514504194 0
vt 0.913500547 0.495775461 0
vt 0.212103292 0.971856773 0
vt 0.201625466 0.971856833 0
vt 0.201625541 0.961155355 0
vt 0.212103292 0.961155295 0
vt 0.170191348 0.971887827 0
vt 0.159713522 0.971887887 0
vt 0.159713566 0.961186409 0
vt 0.170191348 0.961186349 0
vt 0.959094822 0.421140939 0
vt 0.948616922 0.421141028 0
vt 0.948616922 0.410439849 0
vt 0.959094822 0.410439759 0
vt 0.849988997 0.959892333 0
vt 0.860466897 0.959892333 0
vt 0.860466897 0.97059375 0
vt 0.849988997 0.97059381 0
vt 0.912961781 0.65085566 0
vt 0.912961781 0.669584453 0
vt 0.902484 0.669584513 0
vt 0.116024762 0.927948654 0
vt 0.105546877 0.927948654 0
vt 0.116024762 0.909219861 0
vt 0.903351009 0.243475094 0
vt 0.892873108 0.224746257 0
vt 0.903351009 0.224746257 0
vt 0.948624551 0.554636121 0
vt 0.959102273 0.543934762 0
vt 0.959102273 0.55463618 0
vt 0.180669382 0.97189945 0
vt 0.170191482 0.97189945 0
vt 0.170191482 0.961198032 0
vt 0.180669382 0.961197972 0
vt 0.442381978 0.927945256 0
vt 0.442381948 0.909216404 0
vt 0.452859789 0.909216344 0
vt 0.452859819 0.927945197 0
vt 0.892973006 0.396423191 0
vt 0.903450847 0.396423161 0
vt 0.903450847 0.377694309 0
vt 0.892973006 0.377694309 0
vt 0.892973006 0.358965486 0
vt 0.903450847 0.358965486 0
vt 0.956916571 0.66155684 0
vt 0.946438611 0.6615569 0
vt 0.946438611 0.65085572 0
vt 0.956916571 0.65085566 0
vt 0.937727451 0.75181365 0
vt 0.948205411 0.762515068 0
vt 0.937727451 0.762515068 0
vt 0.116024666 0.94616276 0
vt 0.116024666 0.962243617 0
vt 0.105546869 0.962243676 0
vt 0.105546869 0.94616282 0
vt 0.671301305 0.952512205 0
vt 0.660823345 0.952512205 0
vt 0.660823345 0.936431348 0
vt 0.671301305 0.936431348 0
vt 0.608433485 0.952512205 0
vt 0.597955465 0.952512205 0
vt 0.597955465 0.936431348 0
vt 0.608433485 0.936431348 0
vt 0.870239079 0.298674554 0
vt 0.870239079 0.279945701 0
vt 0.880717039 0.279945731 0
vt 0.505940676 0.977413118 0
vt 0.505940676 0.96671164 0
vt 0.516418338 0.9667117 0
vt 0.516418338 0.977413177 0
vt 0.344746947 0.912732184 0
vt 0.334268987 0.912732184 0
vt 0.344746947 0.894003391 0
vt 0.516418636 0.96671164 0
vt 0.892973006 0.340236664 0
vt 0.903450847 0.340236604 0
vt 0.903450847 0.358965427 0
vt 0.88152802 0.744499862 0
vt 0.88152802 0.72577107 0
vt 0.270858496 0.875763774 0
vt 0.948630691 0.332209229 0
vt 0.959108293 0.321507812 0
vt 0.959108293 0.332209289 0
vt 0.903022826 0.477046639 0
vt 0.903022826 0.458317816 0
vt 0.913500607 0.458317757 0
vt 0.913500607 0.477046579 0
vt 0.813125253 0.959767401 0
vt 0.813125253 0.970468819 0
vt 0.802647293 0.970468819 0
vt 0.902484 0.688313365 0
vt 0.912961781 0.669584513 0
vt 0.912961781 0.688313305 0
vt 0.418092638 0.912732184 0
vt 0.407614678 0.912732184 0
vt 0.418092638 0.894003391 0
vt 0.505940676 0.865528703 0
vt 0.516418636 0.865528703 0
vt 0.938426554 0.773930252 0
vt 0.948904514 0.773930252 0
vt 0.948904514 0.78463167 0
vt 0.938426554 0.78463167 0
vt 0.959102571 0.5653373 0
vt 0.948624611 0.56533736 0
vt 0.948624611 0.5546363 0
vt 0.959102571 0.55463618 0
vt 0.0105018029 0.975482285 0
vt 0.0209794901 0.964780867 0
vt 0.0209794901 0.975482345 0
vt 0.938115954 0.226929814 0
vt 0.948593915 0.237631232 0
vt 0.938115954 0.237631232 0
vt 0.344746977 0.931461096 0
vt 0.344747007 0.912732244 0
vt 0.355224788 0.912732244 0
vt 0.355224788 0.931461036 0
vt 0.892544866 0.589419663 0
vt 0.882066905 0.589419663 0
vt 0.882066905 0.57069087 0
vt 0.892544866 0.57069087 0
vt 0.553305626 0.879000306 0
vt 0.563783586 0.879000306 0
vt 0.75868839 0.972921729 0
vt 0.74821043 0.972921729 0
vt 0.74821043 0.962220371 0
vt 0.758688331 0.96222043 0
vt 0.281336457 0.972194016 0
vt 0.281336457 0.961492598 0
vt 0.291814268 0.961492479 0
vt 0.291814268 0.972193956 0
vt 0.90248394 0.744499922 0
vt 0.891194999 0.279945701 0
vt 0.901672959 0.279945701 0
vt 0.901672959 0.298674554 0
vt 0.191147521 0.912736535 0
vt 0.180669576 0.912736535 0
vt 0.180669591 0.894007683 0
vt 0.948624551 0.533233285 0
vt 0.959102452 0.533233225 0
vt 0.959102452 0.543934464 0
vt 0.948624551 0.543934524 0
vt 0.493155569 0.925706804 0
vt 0.493155569 0.906978011 0
vt 0.50363344 0.906977952 0
vt 0.50363344 0.925706744 0
vt 0.948581994 0.278746963 0
vt 0.938104093 0.278746963 0
vt 0.938104033 0.268045485 0
vt 0.948581994 0.268045425 0
vt 0.903350949 0.187288508 0
vt 0.903350949 0.20601736 0
vt 0.892873108 0.20601742 0
vt 0.892873168 0.187288582 0
vt 0.116024844 0.907468021 0
vt 0.126502737 0.907467961 0
vt 0.126502737 0.926196814 0
vt 0.116024844 0.926196814 0
vt 0.892873108 0.224746242 0
vt 0.903351009 0.20601742 0
vt 0.882066905 0.551962018 0
vt 0.892544866 0.551962018 0
vt 0.89808315 0.612041354 0
vt 0.89808315 0.630770206 0
vt 0.892873108 0.0374577269 0
vt 0.903351009 0.0561865605 0
vt 0.702735186 0.963257015 0
vt 0.702735186 0.973958313 0
vt 0.692257226 0.973958313 0
vt 0.692257226 0.963256955 0
vt 0.553305626 0.974647939 0
vt 0.553305626 0.963946462 0
vt 0.563783348 0.963946402 0
vt 0.563783348 0.97464788 0
vt 0.629389167 0.974335432 0
vt 0.618911445 0.974335492 0
vt 0.618911445 0.963634014 0
vt 0.629389167 0.963633955 0
vt 0.212103456 0.912736535 0
vt 0.212103426 0.894007683 0
vt 0.89200598 0.707042217 0
vt 0.89200598 0.72577101 0
vt 0.88152802 0.72577101 0
vt 0.88152802 0.707042217 0
vt 0.13875778 0.912736535 0
vt 0.12827982 0.912736535 0
vt 0.12827982 0.894007683 0
vt 0.691949964 0.974376857 0
vt 0.681472063 0.974376738 0
vt 0.681472063 0.963675499 0
vt 0.691949964 0.963675499 0
vt 0.948630452 0.379853755 0
vt 0.959108353 0.379853666 0
vt 0.959108353 0.390554875 0
vt 0.948630452 0.390554875 0
vt 0.313926905 0.962329924 0
vt 0.324404776 0.962329924 0
vt 0.324404776 0.973031342 0
vt 0.313926905 0.973031342 0
vt 0.355224937 0.931461096 0
vt 0.365702778 0.912732244 0
vt 0.365702778 0.931461096 0
vt 0.908561051 0.630770206 0
vt 0.89808321 0.630770206 0
vt 0.908561051 0.612041354 0
vt 0.892873108 0.131101981 0
vt 0.903351009 0.131101981 0
vt 0.903351009 0.149830833 0
vt 0.892873108 0.149830818 0
vt 0.89200604 0.72577095 0
vt 0.902484 0.72577095 0
vt 0.386082798 0.972614765 0
vt 0.386082798 0.961913407 0
vt 0.396560758 0.961913526 0
vt 0.396560758 0.972614825 0
vt 0.913828671 0.243475452 0
vt 0.903351009 0.243475392 0
vt 0.903351009 0.22474663 0
vt 0.913828671 0.224746689 0
vt 0.903022826 0.458317757 0
vt 0.903022826 0.47704652 0
vt 0.892544866 0.47704652 0
vt 0.302835137 0.961741924 0
vt 0.313312948 0.961741865 0
vt 0.313312948 0.972443402 0
vt 0.302835107 0.972443402 0
vt 0.639867187 0.974334955 0
vt 0.629389405 0.974335074 0
vt 0.629389405 0.963633597 0
vt 0.639867187 0.963633478 0
vt 0.913828611 0.262204379 0
vt 0.903351009 0.262204289 0
vt 0.903351009 0.243475452 0
vt 0.913828611 0.243475541 0
vt 0.597955465 0.963634253 0
vt 0.597955465 0.974335492 0
vt 0.587477505 0.974335492 0
vt 0.587477505 0.963634133 0
vt 0.892873108 0.112373129 0
vt 0.903350949 0.112373143 0
vt 0.505940676 0.92171526 0
vt 0.516418576 0.902986407 0
vt 0.516418576 0.92171526 0
vt 0.0104779713 0.95407933 0
vt 0.0104779759 0.964780748 0
vt 4.45201254e-09 0.964780807 0
vt 0 0.95407933 0
vt 0.956916571 0.6615569 0
vt 0.956916571 0.672258139 0
vt 0.946438611 0.661557019 0
vt 0.126502633 0.960491776 0
vt 0.116024844 0.944411039 0
vt 0.126502633 0.94441098 0
vt 0.587477505 0.952512205 0
vt 0.587477505 0.936431348 0
vt 0.597955525 0.952512205 0
vt 0.650345385 0.952512205 0
vt 0.790857732 0.959767401 0
vt 0.790857732 0.970468819 0
vt 0.780379713 0.970468819 0
vt 0.780379713 0.959767461 0
vt 0.892973006 0.321507722 0
vt 0.892973006 0.3027789 0
vt 0.903450906 0.3027789 0
vt 0.903450906 0.321507722 0
vt 0.957075536 0.968709648 0
vt 0.946597874 0.968709588 0
vt 0.946597874 0.958008111 0
vt 0.957075536 0.95800817 0
vt 0.159713715 0.912736595 0
vt 0.170191482 0.912736535 0
vt 0.170191482 0.931465328 0
vt 0.159713686 0.931465447 0
vt 0.489773214 0.884825468 0
vt 0.489773214 0.903554261 0
vt 0.479295254 0.903554261 0
vt 0.0924522951 0.894564569 0
vt 0.0924522877 0.875835717 0
vt 0.102930263 0.875835717 0
vt 0.102930263 0.894564569 0
vt 0.489773154 0.967279553 0
vt 0.479295254 0.967279553 0
vt 0.479295254 0.956578016 0
vt 0.489773154 0.956578076 0
vt 0.903351009 4.54698501e-09 0
vt 0.903351009 0.0187288448 0
vt 0.892873108 0.0187288448 0
vt 0.892873108 0 0
vt 0.959071636 0.237631291 0
vt 0.948593974 0.237631261 0
vt 0.959071636 0.226929814 0
vt 0.428570449 0.931461036 0
vt 0.418092698 0.931461155 0
vt 0.418092668 0.912732303 0
vt 0.42857042 0.912732244 0
vt 0.859761119 0.279945701 0
vt 0.859761119 0.298674554 0
vt 0.849283159 0.298674554 0
vt 0.849283159 0.279945701 0
vt 0.913500488 0.57069087 0
vt 0.903022766 0.551962137 0
vt 0.913500488 0.551962078 0
vt 0.959108353 0.369152188 0
vt 0.959108353 0.379853338 0
vt 0.948630452 0.379853427 0
vt 0.948630452 0.369152278 0
vt 0.946397126 0.711006463 0
vt 0.946397126 0.700305104 0
vt 0.956875026 0.700305104 0
vt 0.956875026 0.711006463 0
vt 0.946685791 0.0294303745 0
vt 0.946685791 0.0187288914 0
vt 0.957163513 0.0187289231 0
vt 0.957163513 0.0294304062 0
vt 0.518350244 0.954115331 0
vt 0.528828204 0.954115331 0
vt 0.528828204 0.964816868 0
vt 0.932113051 0.453871936 0
vt 0.932113111 0.437791079 0
vt 0.942590892 0.437791049 0
vt 0.942590892 0.453871906 0
vt 0.681779265 0.952512205 0
vt 0.681779265 0.936431348 0
vt 0.576999545 0.952512205 0
vt 0.576999545 0.936431348 0
vt 0.948608637 0.581392467 0
vt 0.959086299 0.570691049 0
vt 0.959086299 0.581392527 0
vt 0.892544866 0.608148515 0
vt 0.882066905 0.608148515 0
vt 0.882066905 0.589419723 0
vt 0.892544866 0.589419723 0
vt 0.479295254 0.967279494 0
vt 0.912961781 0.688313365 0
vt 0.912961781 0.707042158 0
vt 0.892972946 0.340236574 0
vt 0.882494986 0.340236574 0
vt 4.45201254e-09 0.882326663 0
vt 0.0104779713 0.882326663 0
vt 0.397136599 0.912732244 0
vt 0.397136599 0.931461036 0
vt 0.386658788 0.931461096 0
vt 0.386658818 0.912732244 0
vt 0.938426554 0.763228834 0
vt 0.948904514 0.763228834 0
vt 0.0320469029 0.978075266 0
vt 0.0215689335 0.978075325 0
vt 0.0215689335 0.967374265 0
vt 0.0320469029 0.967374086 0
vt 0.957232654 0.133776024 0
vt 0.946754694 0.133776069 0
vt 0.946754694 0.123074897 0
vt 0.957232654 0.123074822 0
vt 0.864214361 0.94712007 0
vt 0.874692082 0.947120011 0
vt 0.874692082 0.963200867 0
vt 0.938126862 0.200664341 0
vt 0.948604763 0.189962879 0
vt 0.948604763 0.200664371 0
vt 0.671301246 0.974334776 0
vt 0.660823345 0.974334717 0
vt 0.660823345 0.963633418 0
vt 0.671301246 0.963633478 0
vt 0.829609275 0.97219497 0
vt 0.829609275 0.961493492 0
vt 0.840087116 0.961493433 0
vt 0.840087116 0.97219491 0
vt 0.0222682245 0.86359781 0
vt 0.0222681537 0.882326663 0
vt 0.0117902532 0.882326663 0
vt 0.0117902532 0.86359781 0
vt 0.900988579 0.437791049 0
vt 0.900988579 0.456519902 0
vt 0.882395148 0.0749153793 0
vt 0.892873108 0.0936442316 0
vt 0.882395148 0.0936442316 0
vt 0.94246161 0.290647209 0
vt 0.94246161 0.279945701 0
vt 0.952939391 0.279945791 0
vt 0.903022766 0.514504313 0
vt 0.903022766 0.533233106 0
vt 0.892544925 0.514504373 0
vt 0.948229492 0.724027872 0
vt 0.937751591 0.724027872 0
vt 0.937751591 0.713326395 0
vt 0.948229492 0.713326335 0
vt 0.454278082 0.924816608 0
vt 0.454278111 0.906087816 0
vt 0.464755952 0.906087756 0
vt 0.464755952 0.924816608 0
vt 0.892873049 0.093644239 0
vt 0.0819743946 0.875835717 0
vt 0.0924522951 0.875835717 0
vt 0.575455427 0.9663468 0
vt 0.575455427 0.977048099 0
vt 0.564977467 0.977048099 0
vt 0.564977467 0.9663468 0
vt 0.0706406981 0.96223861 0
vt 0.081118457 0.96223855 0
vt 0.081118457 0.972940028 0
vt 0.0706406683 0.972940087 0
vt 0.323790997 0.894003391 0
vt 0.323790997 0.912732244 0
vt 0.313313037 0.912732184 0
vt 0.292357147 0.912732244 0
vt 0.292357147 0.894003391 0
vt 0.542827666 0.918749809 0
vt 0.553305626 0.918749809 0
vt 0.948632598 0.469019234 0
vt 0.938154757 0.469019324 0
vt 0.938154757 0.458317846 0
vt 0.948632598 0.458317757 0
vt 0.913828731 0.0374576673 0
vt 0.903351068 0.0374576077 0
vt 0.903351009 0.018728843 0
vt 0.913828731 0.0187289063 0
vt 0.903022826 0.514504135 0
vt 0.892544866 0.514504135 0
vt 0.346153766 0.961561084 0
vt 0.356631547 0.961561024 0
vt 0.356631547 0.972262502 0
vt 0.346153736 0.972262561 0
vt 0.944130599 0.939607441 0
vt 0.944130599 0.928905964 0
vt 0.95460844 0.928905964 0
vt 0.95460844 0.939607441 0
vt 0.618911386 0.974335372 0
vt 0.608433485 0.974335372 0
vt 0.608433485 0.963634014 0
vt 0.618911386 0.963634074 0
vt 0.270858496 0.875763834 0
vt 0.270858526 0.857034981 0
vt 0.281336457 0.857034922 0
vt 0.528828204 0.91768682 0
vt 0.518350244 0.91768682 0
vt 0.170191646 0.894007683 0
vt 0.356953502 0.973149419 0
vt 0.356953502 0.962447941 0
vt 0.367431223 0.962448061 0
vt 0.367431223 0.973149538 0
vt 0.0811185315 0.909214616 0
vt 0.0811185315 0.927943408 0
vt 0.0706406683 0.927943468 0
vt 0.0706406981 0.909214675 0
vt 0.938109279 0.138415858 0
vt 0.948587179 0.149117351 0
vt 0.938109279 0.149117321 0
vt 0.334268987 0.931461096 0
vt 0.344746828 0.912732244 0
vt 0.344746828 0.931461096 0
vt 0.882495046 0.396423131 0
vt 0.892972946 0.396423161 0
vt 0.703602612 0.858674586 0
vt 0.714080513 0.858674645 0
vt 0.435268879 0.523934841 0
vt 0.433206379 0.524489403 0
vt 0.420633376 0.475702703 0
vt 0.422695845 0.475148171 0
vt 0.550058007 0.87517041 0
vt 0.547599554 0.875018358 0
vt 0.550585032 0.824662268 0
vt 0.553043544 0.82481432 0
vt 0.101106472 0.586497068 0
vt 0.10315951 0.587090969 0
vt 0.0897000954 0.635630369 0
vt 0.0876470655 0.635036469 0
vt 0.105211139 0.587684333 0
vt 0.0917517319 0.636223674 0
vt 0.553305626 0.826679349 0
vt 0.555763602 0.826520622 0
vt 0.558880508 0.876868427 0
vt 0.556422532 0.877027154 0
vt 0.437331975 0.523380339 0
vt 0.424758941 0.474593639 0
vt 0.104453526 0.582420349 0
vt 0.10631261 0.583708525 0
vt 0.551145554 0.877930105 0
vt 0.549047172 0.879247248 0
vt 0.554742217 0.822446525 0
vt 0.556843996 0.823758006 0
vt 0.435758382 0.525835514 0
vt 0.433875799 0.527088404 0
vt 0.102207944 0.58252126 0
vt 0.438001394 0.52597934 0
vt 0.587938964 0.300399691 0
vt 0.586934566 0.298222184 0
vt 0.589164317 0.298223466 0
vt 0.589158356 0.300400496 0
vt 0.558864236 0.820390403 0
vt 0.559001267 0.82260257 0
vt 0.883662105 0.781957567 0
vt 0.885794103 0.782992184 0
vt 0.885794103 0.787313819 0
vt 0.883662045 0.787306964 0
vt 0.88152802 0.782990515 0
vt 0.88152802 0.78731215 0
vt 0.553305626 0.87907964 0
vt 0.553174496 0.881292224 0
vt 0.586934566 0.302579284 0
vt 0.589164317 0.302580565 0
vt 0.422792107 0.471887827 0
vt 0.420754224 0.471245378 0
vt 0.553305626 0.820542455 0
vt 0.550847232 0.820390403 0
vt 0.0876867175 0.639495254 0
vt 0.0897369534 0.638891935 0
vt 0.0917859226 0.638288081 0
vt 0.556543171 0.879000306 0
vt 0.559001267 0.878841579 0
vt 0.424830735 0.472530246 0
vt 0.101748437 0.644619048 0
vt 0.102340803 0.64252615 0
vt 0.106225908 0.643674552 0
vt 0.10631261 0.645968199 0
vt 0.544277191 0.862490892 0
vt 0.54185611 0.86295253 0
vt 0.542779982 0.858573198 0
vt 0.545021832 0.859614968 0
vt 0.959082782 0.17212069 0
vt 0.961481392 0.172692284 0
vt 0.962099791 0.175599292 0
vt 0.959814548 0.176537797 0
vt 0.434905827 0.466389894 0
vt 0.434351385 0.464286298 0
vt 0.436891824 0.463587224 0
vt 0.436763585 0.465878665 0
vt 0.101154782 0.646711528 0
vt 0.105039895 0.647859871 0
vt 0.435460985 0.468493462 0
vt 0.438001394 0.467794418 0
vt 0.585706353 0.300412238 0
vt 0.586926699 0.300408095 0
vt 0.586934566 0.302579165 0
vt 0.584703088 0.30258587 0
vt 0.96404022 0.177103102 0
vt 0.96354723 0.17926161 0
vt 0.436247438 0.582374752 0
vt 0.43624723 0.577019036 0
vt 0.438373595 0.577010691 0
vt 0.438373595 0.581337512 0
vt 0.434107572 0.581348479 0
vt 0.434107572 0.577021718 0
vt 0.54662782 0.856022298 0
vt 0.547026157 0.858201265 0
vt 0.584703147 0.29822883 0
vt 0.426471084 0.471161097 0
vt 0.425915927 0.4690575 0
vt 0.961208105 0.16281192 0
vt 0.96164161 0.160892829 0
vt 0.96404022 0.161464423 0
vt 0.963606715 0.163383499 0
vt 0.0928086713 0.641781151 0
vt 0.0934010446 0.639688194 0
vt 0.0922148824 0.643873513 0
vt 0.54599601 0.871887028 0
vt 0.547026157 0.877434731 0
vt 0.544605076 0.877896428 0
vt 0.543574929 0.872348666 0
vt 0.425361335 0.466953933 0
vt 0.121595092 0.749781728 0
vt 0.1215951 0.811167181 0
vt 0.119461618 0.811167121 0
vt 0.119461626 0.749781668 0
vt 0.0417082086 0.749138832 0
vt 0.0417082421 0.810524285 0
vt 0.0392452814 0.810524285 0
vt 0.0392452814 0.749138832 0
vt 0.0252678413 0.757479846 0
vt 0.0252678469 0.696094394 0
vt 0.0274002887 0.696094334 0
vt 0.027400285 0.757479787 0
vt 0.0295339432 0.696094394 0
vt 0.0295339376 0.757479846 0
vt 0.46086061 0.860972881 0
vt 0.46086058 0.799587488 0
vt 0.463323534 0.799587488 0
vt 0.463323474 0.860972881 0
vt 0.123727724 0.749781668 0
vt 0.123727724 0.811167121 0
vt 0.0295348726 0.76161176 0
vt 0.0274013449 0.76233381 0
vt 0.0409405008 0.745007038 0
vt 0.0429571196 0.746451318 0
vt 0.46457234 0.863660455 0
vt 0.462555796 0.865104735 0
vt 0.119461976 0.747094214 0
vt 0.121595383 0.747816443 0
vt 0.0252687763 0.76161176 0
vt 0.123728067 0.747094214 0
vt 0.590168715 0.30039984 0
vt 0.591388047 0.300400674 0
vt 0.591393948 0.302580565 0
vt 0.589164317 0.302579284 0
vt 0.466796637 0.864674509 0
vt 0.466796666 0.866891146 0
vt 0.0316965245 0.892714739 0
vt 0.0316964872 0.898064077 0
vt 0.0295623355 0.898069203 0
vt 0.0295623317 0.893747568 0
vt 0.0338284336 0.893749297 0
vt 0.0338284336 0.898070991 0
vt 0.0451814532 0.743220627 0
vt 0.0451814532 0.745437205 0
vt 0.589164317 0.298222184 0
vt 0.591393948 0.298223466 0
vt 0.1215951 0.861615539 0
vt 0.119461626 0.861615479 0
vt 0.0417082794 0.860972643 0
vt 0.0392452814 0.860972643 0
vt 0.0252678469 0.645646036 0
vt 0.027400285 0.645645976 0
vt 0.0295339432 0.645646036 0
vt 0.46086061 0.74913913 0
vt 0.463323534 0.74913919 0
vt 0.123727724 0.861615479 0
vt 0.0274013449 0.640792131 0
vt 0.0295348819 0.641514361 0
vt 0.0429571569 0.863660157 0
vt 0.0409405008 0.865104437 0
vt 0.462555796 0.745007396 0
vt 0.46457237 0.746451676 0
vt 0.121595398 0.863581002 0
vt 0.119461983 0.864303112 0
vt 0.0252687857 0.641514361 0
vt 0.123728074 0.864303052 0
vt 0.596857786 0.300399959 0
vt 0.595853269 0.298222184 0
vt 0.5980829 0.298223138 0
vt 0.598077059 0.300400555 0
vt 0.466796637 0.743220985 0
vt 0.466796637 0.745437562 0
vt 0.532410622 0.873678148 0
vt 0.530278981 0.872643232 0
vt 0.530278981 0.868321657 0
vt 0.532410681 0.868328869 0
vt 0.534545064 0.872645557 0
vt 0.534545064 0.868323982 0
vt 0.045181416 0.86467427 0
vt 0.0451814532 0.866890848 0
vt 0.595853269 0.302579284 0
vt 0.5980829 0.302580237 0
vt 0.125861406 0.749781728 0
vt 0.125861406 0.811167181 0
vt 0.123728074 0.811167121 0
vt 0.123728074 0.749781668 0
vt 0.562313259 0.740533888 0
vt 0.562313259 0.801919341 0
vt 0.559850335 0.801919341 0
vt 0.559850335 0.740533888 0
vt 0.454278082 0.863776028 0
vt 0.454278082 0.802390635 0
vt 0.456410378 0.802390516 0
vt 0.456410378 0.863775969 0
vt 0.458544195 0.802390635 0
vt 0.458544165 0.863776028 0
vt 0.0354983956 0.749143898 0
vt 0.0354983956 0.810529292 0
vt 0.033035472 0.810529292 0
vt 0.0330354348 0.749143898 0
vt 0.127994165 0.749781668 0
vt 0.127994165 0.811167061 0
vt 0.458545119 0.867907941 0
vt 0.456411451 0.868630052 0
vt 0.56154561 0.736402094 0
vt 0.563562214 0.737846375 0
vt 0.0317866281 0.746456325 0
vt 0.0338032097 0.745012105 0
vt 0.123728432 0.747094214 0
vt 0.125861689 0.747816443 0
vt 0.454279006 0.867907941 0
vt 0.127994522 0.747094214 0
vt 0.592398405 0.300399691 0
vt 0.593617797 0.300400496 0
vt 0.593623638 0.302580565 0
vt 0.591394007 0.302579284 0
vt 0.0295623317 0.745442271 0
vt 0.0295623317 0.743225634 0
vt 0.108072981 0.889196157 0
vt 0.108073018 0.8838467 0
vt 0.110207021 0.883841634 0
vt 0.110207021 0.888163269 0
vt 0.105940938 0.88816154 0
vt 0.105940938 0.883839905 0
vt 0.565786541 0.734615684 0
vt 0.565786541 0.736832321 0
vt 0.591393948 0.298222184 0
vt 0.593623638 0.298223466 0
vt 0.125861406 0.861615539 0
vt 0.123728082 0.861615479 0
vt 0.562313378 0.852367699 0
vt 0.559850335 0.852367699 0
vt 0.454278082 0.751942277 0
vt 0.456410378 0.751942158 0
vt 0.458544195 0.751942277 0
vt 0.0354983956 0.86097765 0
vt 0.0330354348 0.86097759 0
vt 0.12799418 0.861615479 0
vt 0.456411451 0.747088313 0
vt 0.458545119 0.747810543 0
vt 0.563562214 0.855055273 0
vt 0.561545551 0.856499493 0
vt 0.0338031761 0.865109384 0
vt 0.0317866281 0.863665104 0
vt 0.125861704 0.863581061 0
vt 0.123728432 0.864303112 0
vt 0.454279035 0.747810543 0
vt 0.127994522 0.864303112 0
vt 0.594628096 0.300400108 0
vt 0.593623638 0.298222184 0
vt 0.595853269 0.298223138 0
vt 0.595847368 0.300400704 0
vt 0.0295623671 0.866895795 0
vt 0.0295623671 0.864679217 0
vt 0.500868618 0.806395054 0
vt 0.498737127 0.805360079 0
vt 0.498737127 0.801038504 0
vt 0.500868678 0.801045775 0
vt 0.50300324 0.805362403 0
vt 0.50300324 0.801040828 0
vt 0.565786481 0.856069326 0
vt 0.565786481 0.858285964 0
vt 0.593623638 0.302579284 0
vt 0.595853269 0.302580237 0
vt 0.878223062 0.78922689 0
vt 0.731014252 0.789226949 0
vt 0.727709293 0.785851419 0
vt 0.727709293 0.635502279 0
vt 0.731014252 0.632126808 0
vt 0.878223062 0.632126808 0
vt 0.88152802 0.635502279 0
vt 0.88152802 0.785851419 0
vt 0.0706160665 0.982859671 0
vt 0.0706160665 0.992735267 0
vt 0.0663156807 0.992735207 0
vt 0.0663156807 0.982859612 0
vt 0.288017482 0.992694199 0
vt 0.288017452 0.982818604 0
vt 0.292317867 0.982818604 0
vt 0.292317867 0.992694199 0
vt 0.0270633027 0.93578136 0
vt 0.0367325507 0.935781419 0
vt 0.0367325507 0.953995466 0
vt 0.0270633083 0.953995407 0
vt 0.324497998 0.962329924 0
vt 0.314260662 0.962160826 0
vt 0.313926905 0.949675262 0
vt 0.324497998 0.949849904 0
vt 0.861080647 0.959892333 0
vt 0.850890875 0.947413921 0
vt 0.860972703 0.947413921 0
vt 0.967824757 0.22374092 0
vt 0.967824757 0.205526873 0
vt 0.972125173 0.205526873 0
vt 0.972125173 0.22374092 0
vt 0.924066722 0.168152139 0
vt 0.91398555 0.168047622 0
vt 0.913828671 0.149831027 0
vt 0.924066722 0.149937168 0
vt 0.819063246 0.629103303 0
vt 0.819063306 0.610889316 0
vt 0.831281006 0.610889256 0
vt 0.831281006 0.629103303 0
vt 0.864479244 0.929199755 0
vt 0.864479244 0.940039456 0
vt 0.860178888 0.939832568 0
vt 0.860178888 0.929795682 0
vt 0.972045183 0.75936377 0
vt 0.972045183 0.750209332 0
vt 0.976345599 0.750230372 0
vt 0.976345599 0.75995338 0
vt 0.770191312 0.610889316 0
vt 0.770191312 0.629103303 0
vt 0.757973254 0.629103303 0
vt 0.757973075 0.610889256 0
vt 0.553975344 0.916458011 0
vt 0.563495159 0.916458011 0
vt 0.563918829 0.934671998 0
vt 0.553305626 0.934671998 0
vt 0.972082376 0.469060302 0
vt 0.972082376 0.487274379 0
vt 0.967781842 0.487274289 0
vt 0.967781842 0.469060212 0
vt 0.972118139 0.126023173 0
vt 0.972118139 0.144237235 0
vt 0.967817843 0.144237235 0
vt 0.967817724 0.126023158 0
vt 0.849988878 0.971791089 0
vt 0.840319574 0.971791089 0
vt 0.840281069 0.960669816 0
vt 0.849988997 0.960669816 0
vt 0.233059317 0.961540401 0
vt 0.242728665 0.961540341 0
vt 0.242728665 0.972661614 0
vt 0.233059302 0.972661674 0
vt 0.924368739 0.3027789 0
vt 0.934037983 0.302778959 0
vt 0.934037983 0.320992976 0
vt 0.924368739 0.320992917 0
vt 0.0472809151 0.973034203 0
vt 0.0572223887 0.973034143 0
vt 0.0572223887 0.983441412 0
vt 0.0471923128 0.983441472 0
vt 0.201337442 0.972961962 0
vt 0.201337442 0.982112408 0
vt 0.191147506 0.982536912 0
vt 0.838394165 0.298159748 0
vt 0.838394165 0.279945701 0
vt 0.849283159 0.298159748 0
vt 0.921923339 0.437791049 0
vt 0.921507716 0.456005096 0
vt 0.911566377 0.456005096 0
vt 0.914064527 0.43336615 0
vt 0.914064169 0.415152013 0
vt 0.924254417 0.415152103 0
vt 0.924254417 0.43336612 0
vt 0.959094405 0.763228834 0
vt 0.959094405 0.774185658 0
vt 0.948904514 0.773763001 0
vt 0.948904514 0.763687253 0
vt 0.713792443 0.951289058 0
vt 0.713792503 0.962558925 0
vt 0.703602552 0.961951435 0
vt 0.703602552 0.951288998 0
vt 0.428282589 0.931461155 0
vt 0.428282589 0.949675202 0
vt 0.418092668 0.949675202 0
vt 0.418092877 0.931461155 0
vt 0.914178729 0.320993006 0
vt 0.903739095 0.320992917 0
vt 0.914178729 0.302778959 0
vt 0.829608917 0.947413743 0
vt 0.829609036 0.929199755 0
vt 0.839798987 0.929199755 0
vt 0.839798987 0.947413802 0
vt 0.914077878 0.339721799 0
vt 0.914078176 0.321507812 0
vt 0.924267888 0.321507752 0
vt 0.924268126 0.339721799 0
vt 0.962931573 0.29035303 0
vt 0.952939391 0.29035309 0
vt 0.953059673 0.279945791 0
vt 0.962931573 0.279945701 0
vt 0.905549824 0.971583605 0
vt 0.905549824 0.982328236 0
vt 0.895359933 0.981459141 0
vt 0.895359874 0.971583545 0
vt 0.934010684 0.186774015 0
vt 0.92434144 0.186773956 0
vt 0.924018621 0.168559939 0
vt 0.934010684 0.168559998 0
vt 0.346153647 0.962153673 0
vt 0.335792959 0.962153673 0
vt 0.335523963 0.949675262 0
vt 0.346153736 0.949675262 0
vt 0.41893214 0.949675262 0
vt 0.428375453 0.949675202 0
vt 0.428375453 0.962153614 0
vt 0.418185651 0.962153614 0
vt 0.493155569 0.94392091 0
vt 0.493155837 0.925706923 0
vt 0.503345728 0.925706863 0
vt 0.503345966 0.94392091 0
vt 0.92332232 0.781442881 0
vt 0.913132608 0.781442821 0
vt 0.92332232 0.763228893 0
vt 0.794627607 0.629103363 0
vt 0.794627368 0.610889256 0
vt 0.806845367 0.610889316 0
vt 0.806845367 0.629103303 0
vt 0.812549293 0.970468879 0
vt 0.812549293 0.981322646 0
vt 0.802359343 0.980875969 0
vt 0.802359343 0.971114337 0
vt 0.960398436 0.612041414 0
vt 0.960398436 0.622967601 0
vt 0.950208485 0.622448504 0
vt 0.806845486 0.629103303 0
vt 0.806845367 0.610889256 0
vt 0.819063246 0.610889316 0
vt 0.819063246 0.629103363 0
vt 0.914077759 0.395908415 0
vt 0.903888106 0.395908356 0
vt 0.914077759 0.377694398 0
vt 0.915451825 0.947120011 0
vt 0.915451884 0.928906024 0
vt 0.925641835 0.928905964 0
vt 0.925641894 0.947120011 0
vt 0.924268007 0.340236634 0
vt 0.924267709 0.358450651 0
vt 0.914077997 0.358450651 0
vt 0.914077818 0.340236604 0
vt 0.671001792 0.963633358 0
vt 0.660823345 0.963633478 0
vt 0.661332428 0.952512205 0
vt 0.671001792 0.952512145 0
vt 0.681472003 0.963633418 0
vt 0.67180264 0.963633418 0
vt 0.671301305 0.952512145 0
vt 0.681472063 0.952512145 0
vt 0.933577895 0.669069767 0
vt 0.923407257 0.669069648 0
vt 0.923399508 0.65085566 0
vt 0.933577895 0.65085572 0
vt 0.407038659 0.972855031 0
vt 0.407038659 0.983262181 0
vt 0.396848738 0.983262122 0
vt 0.396848708 0.973021626 0
vt 0.253727049 0.960286438 0
vt 0.253727049 0.949679375 0
vt 0.263916969 0.95053947 0
vt 0.263916969 0.961084783 0
vt 0.0591749847 0.874676049 0
vt 0.0591749959 0.856462061 0
vt 0.0700636655 0.856462002 0
vt 0.0700636655 0.874676049 0
vt 0.923825443 0.588905036 0
vt 0.913500547 0.588905036 0
vt 0.913635612 0.570690989 0
vt 0.923825324 0.570690989 0
vt 0.116025016 0.94441092 0
vt 0.126214996 0.926196873 0
vt 0.126214996 0.94441092 0
vt 0.629389405 0.952512264 0
vt 0.639579177 0.952512145 0
vt 0.639579177 0.963633418 0
vt 0.629389405 0.963633478 0
vt 0.170191482 0.949679494 0
vt 0.180374131 0.950068891 0
vt 0.180374131 0.961197972 0
vt 0.170348033 0.960814536 0
vt 0.914064348 0.377694279 0
vt 0.914064765 0.359480321 0
vt 0.924254715 0.359480262 0
vt 0.924254715 0.377694309 0
vt 0.913985312 0.000234173567 0
vt 0.924015701 0 0
vt 0.924015701 0.0182187799 0
vt 0.913828671 0.0184566118 0
vt 0.504044533 0.8513062 0
vt 0.504044533 0.869520187 0
vt 0.493155748 0.869520247 0
vt 0.493155569 0.8513062 0
vt 0.0580812693 0.856462002 0
vt 0.0471923128 0.874676049 0
vt 0.0471925326 0.856462061 0
vt 0.212103426 0.982845068 0
vt 0.212103426 0.97252363 0
vt 0.222293347 0.972242236 0
vt 0.222293347 0.982845128 0
vt 0.618102849 0.984742641 0
vt 0.608433485 0.984742701 0
vt 0.608433485 0.974335432 0
vt 0.618102849 0.974335372 0
vt 0.933931291 0.570176184 0
vt 0.924262047 0.570176125 0
vt 0.923825562 0.551962078 0
vt 0.933931291 0.551962137 0
vt 0.839799225 0.972483277 0
vt 0.839799225 0.9819296 0
vt 0.829609275 0.982819498 0
vt 0.829609334 0.972195029 0
vt 0.597955465 0.963634014 0
vt 0.597955525 0.952512145 0
vt 0.608145416 0.953226924 0
vt 0.608145416 0.963307023 0
vt 0.0706408098 0.946157515 0
vt 0.0808307528 0.927943647 0
vt 0.0808307528 0.946157694 0
vt 0.924019277 0.260216892 0
vt 0.933888674 0.260216951 0
vt 0.933888674 0.278430998 0
vt 0.924639761 0.278430909 0
vt 0.212103426 0.949679554 0
vt 0.212103441 0.931465566 0
vt 0.222293288 0.931465447 0
vt 0.222293273 0.949679434 0
vt 0.0684993789 0.961555183 0
vt 0.0581502989 0.961555183 0
vt 0.05767015 0.949076831 0
vt 0.0684994683 0.949076831 0
vt 0.357899636 0.949946165 0
vt 0.367431223 0.949675262 0
vt 0.367431223 0.962158501 0
vt 0.357245356 0.962447941 0
vt 0.91382879 0.278430939 0
vt 0.913828671 0.260216892 0
vt 0.924019098 0.260216951 0
vt 0.924019098 0.278430998 0
vt 0.923849463 0.53271842 0
vt 0.913659811 0.532718301 0
vt 0.923849523 0.514504373 0
vt 0.77019161 0.629103363 0
vt 0.770191312 0.610889256 0
vt 0.78240937 0.610889316 0
vt 0.78240931 0.629103363 0
vt 0.78240943 0.629103303 0
vt 0.78240937 0.610889256 0
vt 0.794627368 0.610889316 0
vt 0.794627368 0.629103363 0
vt 0.542404115 0.96119988 0
vt 0.532721221 0.96119988 0
vt 0.53137815 0.948721528 0
vt 0.542404234 0.948721528 0
vt 0.407086849 0.962153494 0
vt 0.396848708 0.962153554 0
vt 0.397417486 0.949675202 0
vt 0.407086849 0.949675143 0
vt 0.933824897 0.0556717999 0
vt 0.924155653 0.0556717329 0
vt 0.924142122 0.0374577083 0
vt 0.933824897 0.0374577753 0
vt 0.649768949 0.963633418 0
vt 0.639579237 0.952512145 0
vt 0.649519444 0.952512145 0
vt 0.660535157 0.963633418 0
vt 0.650345325 0.963633418 0
vt 0.650345385 0.952512145 0
vt 0.660330296 0.952512145 0
vt 0.745755017 0.629103363 0
vt 0.7457546 0.610889256 0
vt 0.757973075 0.610889316 0
vt 0.757973075 0.629103363 0
vt 0.923562706 0.669069707 0
vt 0.933547497 0.669069707 0
vt 0.933547616 0.687283695 0
vt 0.923357904 0.687283695 0
vt 0.490636468 0.847882569 0
vt 0.490636379 0.866096616 0
vt 0.479747474 0.866096616 0
vt 0.479747444 0.847882569 0
vt 0.918298483 0.973520339 0
vt 0.918298483 0.983178377 0
vt 0.908108532 0.983178318 0
vt 0.345713764 0.983262539 0
vt 0.335523963 0.983262599 0
vt 0.335523963 0.97285527 0
vt 0.345713764 0.97285521 0
vt 0.84309572 0.629103303 0
vt 0.84309572 0.610889256 0
vt 0.853984654 0.629103303 0
vt 0.923341393 0.707042217 0
vt 0.933531046 0.707042277 0
vt 0.933531046 0.725256264 0
vt 0.924074888 0.725256205 0
vt 0.158849627 0.931465447 0
vt 0.158849627 0.949679494 0
vt 0.148659691 0.949679494 0
vt 0.148659885 0.931465507 0
vt 0.428570449 0.949675202 0
vt 0.428570449 0.931461155 0
vt 0.4387604 0.931461155 0
vt 0.4387604 0.949675202 0
vt 0.356343657 0.972262561 0
vt 0.356343657 0.982796013 0
vt 0.346153736 0.982138157 0
vt 0.346153736 0.972262502 0
vt 0.71675384 0.973252058 0
vt 0.726423144 0.973251998 0
vt 0.726652801 0.983659327 0
vt 0.716753781 0.983659327 0
vt 0.924142003 0.0920998678 0
vt 0.914243042 0.0920997933 0
vt 0.913828671 0.0738857612 0
vt 0.924142003 0.0738858357 0
vt 0.201625466 0.961155176 0
vt 0.201625466 0.950748026 0
vt 0.211815402 0.949679494 0
vt 0.211815402 0.961155295 0
vt 0.963050663 0.448198378 0
vt 0.953068733 0.448198378 0
vt 0.953259766 0.437791079 0
vt 0.962787569 0.437791049 0
vt 0.932113051 0.456005126 0
vt 0.921923459 0.456005126 0
vt 0.9144907 0.223787189 0
vt 0.924018323 0.223764911 0
vt 0.924018323 0.241978988 0
vt 0.913828671 0.242002815 0
vt 0.313025057 0.931461215 0
vt 0.313025057 0.949675322 0
vt 0.302835196 0.949675262 0
vt 0.232771143 0.971856534 0
vt 0.232771143 0.982517123 0
vt 0.222581208 0.982383549 0
vt 0.222581223 0.972285569 0
vt 0.607554138 0.98474288 0
vt 0.597955465 0.98474288 0
vt 0.597955525 0.974335551 0
vt 0.607257426 0.974335551 0
vt 0.913829207 0.260216892 0
vt 0.924019217 0.24200286 0
vt 0.924019217 0.260216892 0
vt 0.913662136 0.65085566 0
vt 0.922963917 0.65085566 0
vt 0.923399508 0.669069707 0
vt 0.912961721 0.669069707 0
vt 0.748089254 0.929199755 0
vt 0.748089194 0.947413802 0
vt 0.737899363 0.947413802 0
vt 0.737899184 0.929199755 0
vt 0.323214978 0.931461275 0
vt 0.323214978 0.949675322 0
vt 0.313025117 0.949675202 0
vt 0.313025057 0.931461155 0
vt 0.737799108 0.983389556 0
vt 0.727709293 0.983389616 0
vt 0.727820337 0.972982347 0
vt 0.737799108 0.972982228 0
vt 0.952701449 0.632126808 0
vt 0.962833762 0.632126808 0
vt 0.962699831 0.642534137 0
vt 0.95270139 0.642534137 0
vt 0.933939219 0.53271842 0
vt 0.923940897 0.532718301 0
vt 0.923849523 0.514504313 0
vt 0.933939219 0.514504373 0
vt 0.965347886 0.673568606 0
vt 0.965347886 0.663161457 0
vt 0.972669542 0.663161516 0
vt 0.972669542 0.673568666 0
vt 0.972603321 0.738076866 0
vt 0.972603321 0.748546302 0
vt 0.965281725 0.74839884 0
vt 0.965281725 0.73809737 0
vt 0.919062853 0.630255401 0
vt 0.919062912 0.612041354 0
vt 0.929252803 0.612041354 0
vt 0.929252863 0.630255401 0
vt 0.839695215 0.961493731 0
vt 0.829609036 0.961493731 0
vt 0.829608917 0.9474141 0
vt 0.839798629 0.9474141 0
vt 0.386082679 0.963754833 0
vt 0.386082679 0.977834523 0
vt 0.378761053 0.977834523 0
vt 0.378761053 0.963754833 0
vt 0.503336847 0.981550038 0
vt 0.493155777 0.981119514 0
vt 0.503336847 0.971133828 0
vt 0.180381417 0.971899569 0
vt 0.180381417 0.982538164 0
vt 0.170191482 0.982306659 0
vt 0.170191482 0.971899509 0
vt 0.378761142 0.949675202 0
vt 0.386082768 0.949675202 0
vt 0.386082768 0.963754892 0
vt 0.933511972 0.781442881 0
vt 0.92332232 0.781442821 0
vt 0.92332232 0.763228834 0
vt 0.933511972 0.763228893 0
vt 0.809228957 0.947413743 0
vt 0.809229136 0.929199755 0
vt 0.819419026 0.929199755 0
vt 0.819419026 0.947413802 0
vt 0.105546974 0.94616276 0
vt 0.105546869 0.927948713 0
vt 0.115737043 0.927948713 0
vt 0.115737043 0.94616276 0
vt 0.825999379 0.961557329 0
vt 0.815809667 0.961494386 0
vt 0.815748632 0.9474141 0
vt 0.825999379 0.9474774 0
vt 0.933923662 0.414637208 0
vt 0.924254179 0.414637208 0
vt 0.924254179 0.396423161 0
vt 0.933923662 0.396423161 0
vt 0.924066961 0.0920998752 0
vt 0.933894277 0.0920998752 0
vt 0.933693945 0.110313922 0
vt 0.924730599 0.11031393 0
vt 0.961336672 0.041823145 0
vt 0.961336672 0.0516986586 0
vt 0.957163453 0.0516986884 0
vt 0.957163453 0.0418231823 0
vt 0.284332395 0.790600657 0
vt 0.284332395 0.780724883 0
vt 0.288505644 0.780724883 0
vt 0.288505614 0.790600657 0
vt 0.933937073 0.395908356 0
vt 0.924267709 0.395908415 0
vt 0.924267709 0.377694368 0
vt 0.933937073 0.377694339 0
vt 0.378002107 0.961924314 0
vt 0.36776498 0.961749315 0
vt 0.378002107 0.949856043 0
vt 0.302835107 0.949675262 0
vt 0.313025028 0.961741924 0
vt 0.30294311 0.961741924 0
vt 0.972008944 0.17926161 0
vt 0.972008944 0.197475657 0
vt 0.967835784 0.197475657 0
vt 0.967835724 0.17926161 0
vt 0.924066842 0.130694255 0
vt 0.91398555 0.130589873 0
vt 0.924066842 0.112479292 0
vt 0.84309566 0.610889316 0
vt 0.84309566 0.629103184 0
vt 0.831281066 0.629103243 0
vt 0.831281066 0.610889256 0
vt 0.468641192 0.969813049 0
vt 0.468641192 0.98065263 0
vt 0.464468002 0.980445802 0
vt 0.464468002 0.970409036 0
vt 0.963245094 0.22921069 0
vt 0.963245094 0.238365218 0
vt 0.959071875 0.238344193 0
vt 0.959071875 0.228621095 0
vt 0.0937890187 0.857106864 0
vt 0.093789041 0.838892817 0
vt 0.10560368 0.838892519 0
vt 0.10560368 0.857106388 0
vt 0.913394213 0.414637238 0
vt 0.903874338 0.414637238 0
vt 0.914064229 0.396423191 0
vt 0.967824757 0.241955221 0
vt 0.967824757 0.22374098 0
vt 0.971997976 0.223741129 0
vt 0.971997976 0.24195537 0
vt 0.972012579 0.581392765 0
vt 0.972012579 0.599606693 0
vt 0.96783942 0.599606574 0
vt 0.96783936 0.581392765 0
vt 0.681009054 0.984448195 0
vt 0.67133981 0.984448075 0
vt 0.671301305 0.974040806 0
vt 0.681009054 0.974040866 0
vt 0.597146988 0.98474282 0
vt 0.587477505 0.98474282 0
vt 0.597146988 0.974335492 0
vt 0.933937371 0.358450621 0
vt 0.924268007 0.358450681 0
vt 0.933937371 0.340236604 0
vt 0.952961445 0.149831042 0
vt 0.962902784 0.149831027 0
vt 0.962902904 0.16023834 0
vt 0.952872932 0.16023834 0
vt 0.242863461 0.981361508 0
vt 0.242863461 0.972210944 0
vt 0.253053397 0.97178638 0
vt 0.253053397 0.982466578 0
vt 0.159713522 0.949679494 0
vt 0.159713522 0.931465447 0
vt 0.169903457 0.931465447 0
vt 0.169903457 0.949679494 0
vt 0.468817294 0.922283173 0
vt 0.479274273 0.922283173 0
vt 0.478858471 0.94049716 0
vt 0.468917012 0.94049716 0
vt 0.915451825 0.928905964 0
vt 0.915451825 0.947120309 0
vt 0.905261993 0.947120011 0
vt 0.905261874 0.928906024 0
vt 0.0921641216 0.95023644 0
vt 0.0921641216 0.961193144 0
vt 0.0816623867 0.960770667 0
vt 0.0816623867 0.950694978 0
vt 0.420633376 0.582360268 0
vt 0.420633376 0.571090281 0
vt 0.431135118 0.571697712 0
vt 0.431135118 0.582360268 0
vt 0.768469274 0.947413802 0
vt 0.768469214 0.929199755 0
vt 0.778659165 0.929199755 0
vt 0.778659165 0.947413981 0
vt 0.727481663 0.933075249 0
vt 0.71704191 0.933075249 0
vt 0.716753781 0.914861262 0
vt 0.727481723 0.914861262 0
vt 0.90856111 0.630255222 0
vt 0.919062793 0.612041354 0
vt 0.919062793 0.630255401 0
vt 0.528851986 0.91768682 0
vt 0.528851986 0.935901284 0
vt 0.518350303 0.935901046 0
vt 0.518350244 0.917687237 0
vt 0.748210371 0.97290802 0
vt 0.738218307 0.97290802 0
vt 0.73833859 0.962182224 0
vt 0.748210311 0.962182283 0
vt 0.702758968 0.952512145 0
vt 0.702758968 0.963256955 0
vt 0.692257226 0.962387919 0
vt 0.692257226 0.952512145 0
vt 0.933930039 0.495532662 0
vt 0.924260736 0.495532662 0
vt 0.923937976 0.477318615 0
vt 0.933930159 0.477318615 0
vt 0.788969934 0.970468819 0
vt 0.788969934 0.981050432 0
vt 0.778779984 0.981325269 0
vt 0.778779984 0.970468879 0
vt 0.367431223 0.982270777 0
vt 0.377621144 0.972625911 0
vt 0.377621144 0.98303318 0
vt 0.542803884 0.918749809 0
vt 0.553305626 0.918749869 0
vt 0.553305626 0.936963737 0
vt 0.92332232 0.762713909 0
vt 0.913132548 0.762713909 0
vt 0.923322439 0.744499922 0
vt 0.758279204 0.947413981 0
vt 0.758279264 0.929199755 0
vt 0.768469155 0.929199934 0
vt 0.768469155 0.947413981 0
vt 0.860178888 0.97059381 0
vt 0.860178888 0.981447399 0
vt 0.849988997 0.9810009 0
vt 0.849988997 0.971239388 0
vt 0.959094465 0.774185658 0
vt 0.959094465 0.785111964 0
vt 0.948904514 0.784592986 0
vt 0.948904514 0.774185658 0
vt 0.243249252 0.931465447 0
vt 0.243249252 0.949679255 0
vt 0.233059302 0.949679375 0
vt 0.233059317 0.931465447 0
vt 0.914077818 0.339721769 0
vt 0.903887987 0.339721769 0
vt 0.914077878 0.321507752 0
vt 0.180381358 0.931465626 0
vt 0.180381417 0.949679494 0
vt 0.170191482 0.931465447 0
vt 0.905261874 0.928905964 0
vt 0.905261874 0.947120309 0
vt 0.895071983 0.94712007 0
vt 0.895071924 0.928906262 0
vt 0.884879172 0.983263791 0
vt 0.874700844 0.983263791 0
vt 0.875209868 0.972856462 0
vt 0.884879112 0.972856462 0
vt 0.768590093 0.983385444 0
vt 0.75892061 0.983385444 0
vt 0.758419216 0.972978115 0
vt 0.768590093 0.972978115 0
vt 0.933536291 0.705497861 0
vt 0.923365533 0.705497861 0
vt 0.923357904 0.687283814 0
vt 0.93353641 0.687283814 0
vt 0.115736797 0.972945213 0
vt 0.115736797 0.983352244 0
vt 0.105546869 0.983352363 0
vt 0.105546869 0.973111987 0
vt 0.242863476 0.960286558 0
vt 0.242863461 0.949679375 0
vt 0.253053397 0.95053941 0
vt 0.253053397 0.961084843 0
vt 0.829608917 0.929199994 0
vt 0.829608917 0.947414041 0
vt 0.819419026 0.947413743 0
vt 0.923825562 0.570176125 0
vt 0.913500547 0.570176184 0
vt 0.913635731 0.551962137 0
vt 0.860178888 0.929199755 0
vt 0.860178888 0.947413981 0
vt 0.849988997 0.947413743 0
vt 0.849988997 0.929199755 0
vt 0.13851805 0.949679494 0
vt 0.148707733 0.949679554 0
vt 0.148707733 0.961746216 0
vt 0.138518065 0.961746097 0
vt 0.438559294 0.950034201 0
vt 0.438559294 0.962108016 0
vt 0.428532034 0.96175456 0
vt 0.914064169 0.414637774 0
vt 0.924254179 0.414637297 0
vt 0.913907468 0.477552921 0
vt 0.923937976 0.4955374 0
vt 0.913750827 0.495775372 0
vt 0.703602552 0.858674645 0
vt 0.703602552 0.840460598 0
vt 0.715417147 0.84046042 0
vt 0.715417147 0.858674586 0
vt 0.727231801 0.840460658 0
vt 0.727231801 0.858674645 0
vt 0.715417206 0.858674705 0
vt 0.715417206 0.84046042 0
vt 0.0678600743 0.97225678 0
vt 0.0678600743 0.982578099 0
vt 0.05767015 0.982859612 0
vt 0.05767015 0.972256839 0
vt 0.639058888 0.984742403 0
vt 0.629389405 0.984742343 0
vt 0.639058888 0.974335074 0
vt 0.933931351 0.551447272 0
vt 0.924261987 0.551447272 0
vt 0.923825562 0.533233225 0
vt 0.93393141 0.533233225 0
vt 0.0924522951 0.982544184 0
vt 0.0924522877 0.97309798 0
vt 0.102642223 0.972207963 0
vt 0.102642223 0.982832313 0
vt 0.597667456 0.952512145 0
vt 0.597667456 0.963634193 0
vt 0.587477505 0.962919474 0
vt 0.587477505 0.952839255 0
vt 0.703602552 0.933075368 0
vt 0.713792503 0.933075249 0
vt 0.713792503 0.951288998 0
vt 0.933888018 0.241978943 0
vt 0.924018443 0.241978943 0
vt 0.924018562 0.223764911 0
vt 0.933267593 0.223764911 0
vt 0.253727049 0.931465507 0
vt 0.263916999 0.931465447 0
vt 0.263916999 0.949679315 0
vt 0.563495517 0.952886105 0
vt 0.563495517 0.963455856 0
vt 0.553305626 0.963946402 0
vt 0.553305626 0.952886164 0
vt 0.11667902 0.97151798 0
vt 0.126209095 0.971193314 0
vt 0.126209095 0.981606364 0
vt 0.116024844 0.981953323 0
vt 0.914178729 0.320993334 0
vt 0.914178729 0.302779377 0
vt 0.923849583 0.476531774 0
vt 0.913659811 0.476531774 0
vt 0.923849702 0.458317757 0
vt 0.727709293 0.947414041 0
vt 0.727709353 0.929199755 0
vt 0.737899244 0.929199994 0
vt 0.737899244 0.947414041 0
vt 0.0678601265 0.930862665 0
vt 0.067860119 0.949076533 0
vt 0.0576701686 0.930862844 0
vt 0.335523963 0.961741984 0
vt 0.325841159 0.961741924 0
vt 0.324497998 0.949675262 0
vt 0.335523963 0.949675381 0
vt 0.13851805 0.961746156 0
vt 0.12827982 0.961746097 0
vt 0.128848583 0.949679494 0
vt 0.138518065 0.949679494 0
vt 0.933749557 0.168045059 0
vt 0.924080193 0.168045059 0
vt 0.924066782 0.149831027 0
vt 0.933749676 0.149831027 0
vt 0.263916731 0.971786261 0
vt 0.263916731 0.982512057 0
vt 0.253976613 0.982511997 0
vt 0.935831845 0.971769094 0
vt 0.935831845 0.982494891 0
vt 0.925846815 0.982494891 0
vt 0.0937890112 0.838892519 0
vt 0.0937890038 0.857106149 0
vt 0.0819743723 0.838892817 0
vt 0.922793746 0.279945761 0
vt 0.932778656 0.279945701 0
vt 0.932778597 0.298159748 0
vt 0.922588825 0.298159778 0
vt 4.00681124e-08 0.937998354 0
vt 0 0.919784427 0
vt 0.0105017675 0.919784367 0
vt 0.0105017675 0.937998414 0
vt 0.442381948 0.982599616 0
vt 0.452571869 0.972941637 0
vt 0.452571869 0.983348727 0
vt 0.396272719 0.972614765 0
vt 0.396272719 0.983022094 0
vt 0.386082798 0.983022094 0
vt 0.021003522 0.919784367 0
vt 0.0210035257 0.937998354 0
vt 0.0105017768 0.937998354 0
vt 0.93351227 0.743985057 0
vt 0.923322439 0.743985057 0
vt 0.923322558 0.72577107 0
vt 0.932778835 0.72577107 0
vt 0.365702868 0.949675202 0
vt 0.365702927 0.931461155 0
vt 0.375892848 0.931461155 0
vt 0.375892848 0.949675024 0
vt 0.190859497 0.931465447 0
vt 0.190859511 0.949679494 0
vt 0.180669576 0.949679494 0
vt 0.180669576 0.931465447 0
vt 0.825938582 0.972258747 0
vt 0.825938582 0.98279202 0
vt 0.815748632 0.982134342 0
vt 0.815748632 0.972258806 0
vt 0.242728665 0.983068943 0
vt 0.233059198 0.983068943 0
vt 0.232829511 0.972661614 0
vt 0.91382879 0.0556717366 0
vt 0.92372781 0.0556717366 0
vt 0.222581208 0.961155117 0
vt 0.222581208 0.950748086 0
vt 0.232771143 0.949679434 0
vt 0.232771143 0.961155057 0
vt 0.366935521 0.983556807 0
vt 0.356953502 0.983556807 0
vt 0.357144445 0.973149478 0
vt 0.366672367 0.973149478 0
vt 0.343594909 0.931461275 0
vt 0.343594909 0.949675322 0
vt 0.333405018 0.949674964 0
vt 0.333404988 0.931461155 0
vt 0.9144907 0.187311232 0
vt 0.924018443 0.187288836 0
vt 0.924018443 0.205502927 0
vt 0.913828671 0.205526873 0
vt 0.758279204 0.929199755 0
vt 0.758279204 0.947413862 0
vt 0.748089254 0.947413981 0
vt 0.211815387 0.971856833 0
vt 0.211815387 0.982517302 0
vt 0.201625466 0.982383847 0
vt 0.201625481 0.972285986 0
vt 0.660823345 0.974334776 0
vt 0.670422077 0.974334776 0
vt 0.670422077 0.984742105 0
vt 0.661120057 0.984742105 0
vt 0.799039125 0.929199755 0
vt 0.799039125 0.947413325 0
vt 0.788849115 0.947413862 0
vt 0.788849175 0.929199815 0
vt 0.454978704 0.924816668 0
vt 0.464280635 0.924816668 0
vt 0.464715987 0.943030715 0
vt 0.454278082 0.943030715 0
vt 0.788849056 0.929199874 0
vt 0.788849056 0.947413862 0
vt 0.778659105 0.947413981 0
vt 0.281048447 0.93195045 0
vt 0.281048447 0.950164258 0
vt 0.270858496 0.950164199 0
vt 0.747888863 0.983389556 0
vt 0.737910092 0.972982228 0
vt 0.747888744 0.972982228 0
vt 0.681433737 0.974040747 0
vt 0.671301305 0.974040747 0
vt 0.671435237 0.963633418 0
vt 0.681433737 0.963633478 0
vt 0.933939457 0.476531774 0
vt 0.923941016 0.476531774 0
vt 0.933939576 0.458317757 0
vt 0.626959145 0.974335492 0
vt 0.626959145 0.984742522 0
vt 0.618911445 0.984742582 0
vt 0.618911445 0.974335551 0
vt 0.647914827 0.974335074 0
vt 0.647914827 0.98480463 0
vt 0.639867187 0.984657228 0
vt 0.639867187 0.974355638 0
vt 0.302547127 0.931461096 0
vt 0.302547127 0.949675202 0
vt 0.292357177 0.949675143 0
vt 0.292357147 0.931461155 0
vt 0.874795556 0.94712007 0
vt 0.884881854 0.947120011 0
vt 0.884881854 0.962009072 0
vt 0.874692082 0.962009132 0
vt 0.934037983 0.317667991 0
vt 0.934037983 0.3027789 0
vt 0.942085683 0.317667961 0
vt 0.884881973 0.972856402 0
vt 0.874701023 0.972425759 0
vt 0.874700844 0.962009549 0
vt 0.884881973 0.962440193 0
vt 0.169903472 0.971887946 0
vt 0.169903472 0.98252666 0
vt 0.159713522 0.982295215 0
vt 0.159713537 0.971887946 0
vt 0.942055583 0 0
vt 0.942055583 0.0148891294 0
vt 0.934007883 0.0148891294 0
vt 0.934007883 9.09397002e-08 0
vt 0.726943552 0.951289296 0
vt 0.716753781 0.951289356 0
vt 0.716753781 0.933075368 0
vt 0.726943552 0.933075309 0
vt 0.407614708 0.949675083 0
vt 0.417804629 0.931461155 0
vt 0.417804629 0.949675202 0
vt 0.53137815 0.9305076 0
vt 0.5415681 0.930507362 0
vt 0.5415681 0.948721409 0
vt 0.91835916 0.962069571 0
vt 0.908169508 0.962010086 0
vt 0.908108532 0.947120428 0
vt 0.91835916 0.947180271 0
vt 0.93393749 0.339721769 0
vt 0.924268126 0.339721829 0
vt 0.924268126 0.321507812 0
vt 0.93393749 0.321507752 0
vt 0.933894038 0.13058731 0
vt 0.924066842 0.13058731 0
vt 0.924267352 0.112373285 0
vt 0.933230579 0.112373278 0
vt 0.972008944 0.189137354 0
vt 0.976546049 0.17926161 0
vt 0.976546049 0.18913734 0
vt 0.529568315 0.987379372 0
vt 0.529568315 0.997300446 0
vt 0.525031269 0.997254908 0
vt 0.525031269 0.987379432 0
vt 0.933924079 0.377694309 0
vt 0.924254715 0.377694368 0
vt 0.924254775 0.359480351 0
vt 0.933924079 0.359480262 0
vt 0.428375602 0.962153673 0
vt 0.428375602 0.972610891 0
vt 0.418185651 0.97315377 0
vt 0.418185651 0.962355614 0
vt 0.291526377 0.950164378 0
vt 0.291526377 0.961492538 0
vt 0.281336457 0.960571527 0
vt 0.281336457 0.950274765 0
vt 0.963287711 0.241954997 0
vt 0.963287711 0.22374098 0
vt 0.967824817 0.22374098 0
vt 0.967824817 0.241955027 0
vt 0.924066842 0.149423122 0
vt 0.91398555 0.14931874 0
vt 0.924066842 0.131208152 0
vt 0.849988937 0.929199755 0
vt 0.849988937 0.947413921 0
vt 0.839799047 0.947413921 0
vt 0.839798987 0.929199815 0
vt 0.437020898 0.994056702 0
vt 0.437020898 0.983216822 0
vt 0.441557974 0.983432651 0
vt 0.441557974 0.994056702 0
vt 0.970721245 0.170570716 0
vt 0.970721245 0.160892829 0
vt 0.975258291 0.161443189 0
vt 0.975258291 0.171166062 0
vt 0.874692142 0.947119951 0
vt 0.874692082 0.928905964 0
vt 0.884881973 0.928906262 0
vt 0.884881973 0.947120488 0
vt 0.904120862 0.415152043 0
vt 0.913640797 0.415152013 0
vt 0.914064229 0.43336606 0
vt 0.903450906 0.43336606 0
vt 0.967835724 0.17926164 0
vt 0.967835724 0.197475314 0
vt 0.963298619 0.197475463 0
vt 0.963298678 0.17926161 0
vt 0.962723315 0.0182139762 0
vt 0.962723255 1.27315573e-07 0
vt 0.967260361 0 0
vt 0.967260361 0.0182142798 0
vt 0.972012579 0.59126848 0
vt 0.976549685 0.581392765 0
vt 0.976549685 0.59126848 0
vt 0.976493061 0.417952269 0
vt 0.976493061 0.428116441 0
vt 0.971955955 0.427827835 0
vt 0.971955955 0.417952299 0
vt 0.933923841 0.43336606 0
vt 0.924254477 0.43336612 0
vt 0.924254477 0.415152103 0
vt 0.933923841 0.415152013 0
vt 0.14879632 0.949679494 0
vt 0.158737913 0.949679494 0
vt 0.158737928 0.961917698 0
vt 0.148707733 0.961917698 0
vt 0.387164682 0.949675202 0
vt 0.396123886 0.949675202 0
vt 0.396539688 0.961913407 0
vt 0.96331048 0.41795212 0
vt 0.96331048 0.399738252 0
vt 0.967847586 0.399738252 0
vt 0.967847586 0.417952299 0
vt 0.479295224 0.922283173 0
vt 0.489752203 0.922283173 0
vt 0.489336371 0.94049716 0
vt 0.479394913 0.94049716 0
vt 0.0591749847 0.838248014 0
vt 0.0591749847 0.856461763 0
vt 0.0471923128 0.856462002 0
vt 0.0471924022 0.838247955 0
vt 0.127242953 0.981953323 0
vt 0.127242953 0.992910266 0
vt 0.122705869 0.992360651 0
vt 0.122705877 0.981953323 0
vt 0.969999135 0.57717663 0
vt 0.969999135 0.567197323 0
vt 0.97453624 0.566942036 0
vt 0.97453624 0.577604353 0
vt 0.0591749847 0.856462002 0
vt 0.0591750182 0.838247955 0
vt 0.0711576045 0.838247955 0
vt 0.0711576045 0.856461763 0
vt 0.913750708 0.495775372 0
vt 0.903310955 0.495775402 0
vt 0.903022826 0.477561355 0
vt 0.913750827 0.477561355 0
vt 0.963244677 0.48727423 0
vt 0.963244677 0.469060332 0
vt 0.967781782 0.48727423 0
vt 0.965985894 0.0949004665 0
vt 0.965985894 0.113114499 0
vt 0.961448789 0.113114797 0
vt 0.961448789 0.0949006081 0
vt 0.952538431 0.99712944 0
vt 0.952538431 0.986923933 0
vt 0.957075536 0.987253666 0
vt 0.957075536 0.99712944 0
vt 0.976499796 0.72577107 0
vt 0.976499796 0.735881627 0
vt 0.97196275 0.735646605 0
vt 0.97196275 0.72577107 0
vt 0.934007764 0.0182140209 0
vt 0.9243384 0.0182140209 0
vt 0.934007883 0 0
vt 0.758707881 0.972978115 0
vt 0.758707941 0.962396264 0
vt 0.768590093 0.962121427 0
vt 0.292357147 0.983277261 0
vt 0.292357147 0.973632634 0
vt 0.302239358 0.973632574 0
vt 0.302239358 0.984039605 0
vt 0.948001325 0.986923754 0
vt 0.948001266 0.968709886 0
vt 0.952538371 0.968709707 0
vt 0.952538371 0.986923873 0
vt 0.92332232 0.743985057 0
vt 0.913132489 0.743985057 0
vt 0.912961721 0.72577107 0
vt 0.923322439 0.72577107 0
vt 0.933900714 0.205526903 0
vt 0.933900714 0.223740727 0
vt 0.924018443 0.223740906 0
vt 0.924018562 0.205526873 0
vt 0.512621641 0.988662839 0
vt 0.512621701 0.977809012 0
vt 0.517158747 0.977413177 0
vt 0.517158747 0.988662839 0
vt 0.974542201 0.355789751 0
vt 0.974542201 0.365489751 0
vt 0.970005155 0.365455896 0
vt 0.970005095 0.355048835 0
vt 0.924018443 0.205503121 0
vt 0.924018502 0.187288836 0
vt 0.933900654 0.187288985 0
vt 0.933900654 0.205503106 0
vt 0.914077699 0.358450621 0
vt 0.903887928 0.358450621 0
vt 0.903450787 0.340236604 0
vt 0.963050663 0.448198408 0
vt 0.963050663 0.42998457 0
vt 0.967587769 0.429984361 0
vt 0.967587769 0.448198408 0
vt 0.96598047 0.260845453 0
vt 0.96598047 0.279059947 0
vt 0.961443365 0.279059738 0
vt 0.961443365 0.260845453 0
vt 0.974997222 0.313995212 0
vt 0.974997222 0.324390918 0
vt 0.970460176 0.323870957 0
vt 0.970460176 0.313995212 0
vt 0.564523757 0.98505491 0
vt 0.564523757 0.995477676 0
vt 0.559986651 0.99544251 0
vt 0.559986651 0.98505491 0
vt 0.933578014 0.650340796 0
vt 0.923407257 0.650340796 0
vt 0.923399687 0.632126808 0
vt 0.933578134 0.632126808 0
vt 0.148707733 0.97259295 0
vt 0.148707733 0.983000219 0
vt 0.138517782 0.983000219 0
vt 0.138517782 0.972759664 0
vt 0.270858496 0.960771263 0
vt 0.270858496 0.950164318 0
vt 0.281048447 0.951024354 0
vt 0.281048447 0.961569488 0
vt 0.963280618 0.144237176 0
vt 0.963280559 0.126023442 0
vt 0.967817724 0.14423719 0
vt 0.923825562 0.551447272 0
vt 0.913500547 0.551447332 0
vt 0.913635731 0.533233285 0
vt 0.354936957 0.931461096 0
vt 0.354936957 0.949674964 0
vt 0.344746977 0.949675143 0
vt 0.344747007 0.931461096 0
vt 0.974815726 0.673949897 0
vt 0.974815726 0.684357166 0
vt 0.970278621 0.684357166 0
vt 0.970278621 0.673949897 0
vt 0.743392944 0.994213164 0
vt 0.743392885 0.983578563 0
vt 0.74792999 0.983389616 0
vt 0.74792999 0.993636668 0
vt 0.222581252 0.949678898 0
vt 0.222581208 0.931465447 0
vt 0.232771158 0.931465447 0
vt 0.232771158 0.949679375 0
vt 0.913657129 0.589654207 0
vt 0.923687637 0.589419901 0
vt 0.923687637 0.607638657 0
vt 0.913500547 0.607876658 0
vt 0.96783942 0.581392765 0
vt 0.96783942 0.599606752 0
vt 0.963302374 0.599606633 0
vt 0.963302314 0.581392765 0
vt 0.967847049 0.763228834 0
vt 0.967847049 0.781442702 0
vt 0.963309944 0.781442702 0
vt 0.963309944 0.763228893 0
vt 0.965985894 0.111619189 0
vt 0.965985894 0.101297639 0
vt 0.972315669 0.101328336 0
vt 0.972315669 0.111619182 0
vt 0.105463058 0.982832313 0
vt 0.105463058 0.992707849 0
vt 0.0991333053 0.992707908 0
vt 0.0991333053 0.982832372 0
vt 0.933793366 0.607633889 0
vt 0.924124002 0.607633889 0
vt 0.933793485 0.589419901 0
vt 0.53137815 0.982237875 0
vt 0.53137815 0.972791433 0
vt 0.5415681 0.971901476 0
vt 0.5415681 0.982526064 0
vt 0.629101336 0.952512145 0
vt 0.629101336 0.963633895 0
vt 0.618911445 0.962919295 0
vt 0.618911445 0.952839315 0
vt 0.56618011 0.858285964 0
vt 0.56618011 0.876500249 0
vt 0.559850335 0.876500249 0
vt 0.559850335 0.858285964 0
vt 0.933888793 0.260216832 0
vt 0.924019277 0.260216832 0
vt 0.924019396 0.242002815 0
vt 0.933268428 0.242002815 0
vt 0.809229016 0.929199815 0
vt 0.809229016 0.947414041 0
vt 0.799039066 0.947413981 0
vt 0.799039066 0.929199755 0
vt 0.974542201 0.332209498 0
vt 0.974542201 0.342779458 0
vt 0.970005095 0.342616796 0
vt 0.970005095 0.332639486 0
vt 0.97488153 0.450804859 0
vt 0.97488153 0.46121189 0
vt 0.970344484 0.46121192 0
vt 0.970344484 0.450804889 0
vt 0.884881973 0.94712007 0
vt 0.884881973 0.928905964 0
vt 0.895071864 0.928906441 0
vt 0.895071864 0.947120488 0
vt 0.923849463 0.513989389 0
vt 0.913659692 0.513989389 0
vt 0.913500547 0.495775372 0
vt 0.923849642 0.495775372 0
vt 0.967370868 0.632126808 0
vt 0.967370868 0.650340974 0
vt 0.962833762 0.650340974 0
vt 0.962833762 0.632126927 0
vt 0.967824817 0.205526873 0
vt 0.967824817 0.223740906 0
vt 0.963287711 0.223740995 0
vt 0.963287711 0.205526873 0
vt 0.0321954638 0.965296447 0
vt 0.032195475 0.955406845 0
vt 0.0367325507 0.953995407 0
vt 0.0367325507 0.965296447 0
vt 0.976523936 0.687283814 0
vt 0.976523936 0.697346568 0
vt 0.97198689 0.69715941 0
vt 0.97198689 0.687283874 0
vt 0.933824956 0.0369429179 0
vt 0.924155593 0.0369429179 0
vt 0.924142182 0.0187288933 0
vt 0.933825076 0.0187288914 0
vt 0.158897668 0.972619295 0
vt 0.158897668 0.983026564 0
vt 0.148707733 0.983026564 0
vt 0.148707733 0.972874224 0
vt 0.0808306038 0.972940147 0
vt 0.0808306038 0.983347178 0
vt 0.0706406683 0.983347237 0
vt 0.0706406683 0.973149478 0
vt 0.965916336 0.0369430557 0
vt 0.965916336 0.0551577732 0
vt 0.961379349 0.0551570132 0
vt 0.96137923 0.03694297 0
vt 0.0821792483 0.932022333 0
vt 0.0921641141 0.932022274 0
vt 0.0921641216 0.95023632 0
vt 0.0819743276 0.95023638 0
vt 0.354936957 0.949675202 0
vt 0.365126908 0.931461155 0
vt 0.365126908 0.949675143 0
vt 0.571658492 0.987575769 0
vt 0.571658492 0.977917671 0
vt 0.576195598 0.977048159 0
vt 0.576195598 0.98832494 0
vt 0.970354915 0.951481521 0
vt 0.970354915 0.94184047 0
vt 0.97489202 0.94184041 0
vt 0.97489202 0.952247441 0
vt 0.138469756 0.949679494 0
vt 0.138469756 0.931465447 0
vt 0.148659691 0.931465447 0
vt 0.93351227 0.762199104 0
vt 0.923322439 0.762199104 0
vt 0.923322558 0.743985116 0
vt 0.932778895 0.743985116 0
vt 0.96598053 0.24263142 0
vt 0.96598053 0.260845244 0
vt 0.961443484 0.242631197 0
vt 0.961394846 0.513989866 0
vt 0.961394906 0.495775372 0
vt 0.965931952 0.495775849 0
vt 0.965931952 0.513989866 0
vt 0.974542201 0.344515294 0
vt 0.974542201 0.355048835 0
vt 0.970005095 0.354773611 0
vt 0.970005155 0.344515294 0
vt 0.97650665 0.369126946 0
vt 0.97650665 0.379002452 0
vt 0.971969545 0.379237056 0
vt 0.971969545 0.369126976 0
vt 0.91382879 0.0374577157 0
vt 0.92372787 0.0374577083 0
vt 0.924142122 0.0556717366 0
vt 0.913828671 0.0556717366 0
vt 0.180669576 0.961155415 0
vt 0.180669591 0.950748146 0
vt 0.190859526 0.949679494 0
vt 0.190859526 0.961155415 0
vt 0.953108609 0.0578049198 0
vt 0.96309042 0.0578049161 0
vt 0.962899506 0.0682122111 0
vt 0.953371823 0.0682122111 0
vt 0.961448789 0.0949004665 0
vt 0.961448789 0.0766862258 0
vt 0.965985894 0.0766860694 0
vt 0.965985894 0.0949003398 0
vt 0.9144907 0.205549285 0
vt 0.924018443 0.205526873 0
vt 0.924018443 0.223740935 0
vt 0.913828671 0.223764911 0
vt 0.253727049 0.931465447 0
vt 0.243537113 0.949679315 0
vt 0.243537098 0.931465447 0
vt 0.0423123576 0.988181412 0
vt 0.0423123576 0.977520704 0
vt 0.0469828993 0.977965474 0
vt 0.046982903 0.988372743 0
vt 0.974669516 0.533146203 0
vt 0.974669516 0.543553233 0
vt 0.969999015 0.543553233 0
vt 0.969999015 0.534053028 0
vt 0.924267709 0.377694398 0
vt 0.924267709 0.395908892 0
vt 0.914077878 0.395908326 0
vt 0.914077818 0.377694339 0
vt 0.922698975 0.650340796 0
vt 0.913397074 0.650340855 0
vt 0.912961721 0.632126808 0
vt 0.923399627 0.632126808 0
vt 0.963778973 0.379853994 0
vt 0.963778973 0.398068011 0
vt 0.959108472 0.398067743 0
vt 0.959108472 0.379853934 0
vt 0.963779151 0.313995212 0
vt 0.963779151 0.332209259 0
vt 0.959108591 0.332209498 0
vt 0.959108591 0.313995212 0
vt 0.974997103 0.379853934 0
vt 0.974997103 0.39015913 0
vt 0.970459998 0.389729679 0
vt 0.970459998 0.379853934 0
vt 0.976169348 0.612041354 0
vt 0.976169348 0.621940792 0
vt 0.971632302 0.622252941 0
vt 0.971632302 0.612041354 0
vt 0.933939338 0.513989389 0
vt 0.923940957 0.513989389 0
vt 0.933939457 0.495775372 0
vt 0.576999545 0.985127568 0
vt 0.576999545 0.974720299 0
vt 0.585010231 0.974720299 0
vt 0.585010231 0.985127568 0
vt 0.658356071 0.974335015 0
vt 0.658356071 0.984804332 0
vt 0.650345325 0.98465693 0
vt 0.650345325 0.974355578 0
vt 0.957075536 0.968709707 0
vt 0.957075536 0.986923695 0
vt 0.952538431 0.968709826 0
vt 0.758503795 0.94741416 0
vt 0.768590093 0.9474141 0
vt 0.768590093 0.962121367 0
vt 0.758400321 0.962121427 0
vt 0.936119914 0.943613231 0
vt 0.936119914 0.928905964 0
vt 0.944130599 0.943613231 0
vt 0.969999135 0.565305471 0
vt 0.969999135 0.554898202 0
vt 0.97453624 0.55463618 0
vt 0.97453624 0.565305471 0
vt 0.970354915 0.941094398 0
vt 0.970354915 0.93143338 0
vt 0.97489202 0.93143338 0
vt 0.942630827 0.0578049868 0
vt 0.942630827 0.0725122318 0
vt 0.934620082 0.0725122243 0
vt 0.102642089 0.95023638 0
vt 0.0924522877 0.95023644 0
vt 0.0924522951 0.932022452 0
vt 0.102642082 0.932022333 0
vt 0.962931573 0.298159748 0
vt 0.962931573 0.27994594 0
vt 0.967468679 0.279945701 0
vt 0.967468679 0.298159748 0
vt 0.96309042 0.0760190859 0
vt 0.967627525 0.0578050613 0
vt 0.967627525 0.0760190859 0
vt 0.0374635607 0.917564273 0
vt 0.0374635607 0.93578136 0
vt 0.0279892851 0.935604095 0
vt 0.0471774191 0.93558377 0
vt 0.0375080593 0.93558377 0
vt 0.0374635607 0.917369723 0
vt 0.0471775122 0.917369723 0
vt 0.74821043 0.962182224 0
vt 0.738020837 0.962122023 0
vt 0.737959802 0.9474141 0
vt 0.74821043 0.947474658 0
vt 0.976539731 0.69958967 0
vt 0.976539731 0.709465325 0
vt 0.97198689 0.709465265 0
vt 0.97198689 0.69958967 0
vt 0.976550817 0.22374101 0
vt 0.976550817 0.233616635 0
vt 0.971997976 0.233616605 0
vt 0.971997976 0.22374098 0
vt 0.933811605 0.0738857612 0
vt 0.933811605 0.0920998156 0
vt 0.924142122 0.0920998007 0
vt 0.418185651 0.961745977 0
vt 0.407948434 0.961568415 0
vt 0.407614678 0.949675202 0
vt 0.418185651 0.949858546 0
vt 0.357245386 0.961560965 0
vt 0.346153736 0.961560965 0
vt 0.347055674 0.949675262 0
vt 0.357137471 0.949675262 0
vt 0.960398376 0.630255401 0
vt 0.960398376 0.612041354 0
vt 0.964951277 0.612041354 0
vt 0.964951277 0.630255401 0
vt 0.924066961 0.110420935 0
vt 0.91398555 0.11031647 0
vt 0.913828671 0.0920998752 0
vt 0.924066961 0.0922059566 0
vt 0.518350303 0.861500263 0
vt 0.518350244 0.843286157 0
vt 0.529987752 0.843286216 0
vt 0.529987752 0.861500263 0
vt 0.542612016 0.982526064 0
vt 0.542612016 0.993365765 0
vt 0.538059175 0.993158877 0
vt 0.538059175 0.983122051 0
vt 0.976581752 0.65144527 0
vt 0.976581752 0.660599709 0
vt 0.972028911 0.660578609 0
vt 0.972028911 0.65085566 0
vt 0.0116371689 0.845383763 0
vt 0.0116371736 0.863597751 0
vt 2.0479257e-07 0.845383763 0
vt 0.904120743 0.359480262 0
vt 0.913640797 0.359480262 0
vt 0.914064348 0.377694309 0
vt 0.903450906 0.377694309 0
vt 0.965931952 0.0187288914 0
vt 0.965931952 0.0369428732 0
vt 0.96137923 0.0187289827 0
vt 0.963663459 0.450804859 0
vt 0.963663459 0.469018906 0
vt 0.959110498 0.469018906 0
vt 0.959110618 0.450804889 0
vt 0.713310361 0.983861566 0
vt 0.703640997 0.983861566 0
vt 0.713310421 0.973260462 0
vt 0.873883665 0.984503388 0
vt 0.864214361 0.984503448 0
vt 0.864214361 0.973902345 0
vt 0.873883665 0.973902285 0
vt 0.0471330322 0.953797817 0
vt 0.0374635719 0.953797817 0
vt 0.0374635607 0.93558377 0
vt 0.0471330322 0.93558377 0
vt 0.314015508 0.973031402 0
vt 0.323956966 0.973031342 0
vt 0.323956966 0.983438671 0
vt 0.313926905 0.98343873 0
vt 0.190859497 0.972962141 0
vt 0.190859497 0.982112527 0
vt 0.180669576 0.982537091 0
vt 0.923341393 0.725256205 0
vt 0.912961781 0.725256264 0
vt 0.912961721 0.707042217 0
vt 0.516397774 0.92171526 0
vt 0.515982091 0.939929307 0
vt 0.506040454 0.939929307 0
vt 0.375892848 0.949675143 0
vt 0.375893176 0.931461215 0
vt 0.386082798 0.931461155 0
vt 0.386082798 0.949675202 0
vt 0.958822668 0.479720771 0
vt 0.958822668 0.490677595 0
vt 0.948632777 0.490254998 0
vt 0.948632777 0.48017925 0
vt 0.102642223 0.950236559 0
vt 0.102642231 0.961506426 0
vt 0.0924522877 0.960898936 0
vt 0.0924522877 0.950236499 0
vt 0.864502132 0.947120011 0
vt 0.864501894 0.928905964 0
vt 0.714330614 0.93307519 0
vt 0.703890741 0.93307519 0
vt 0.714330614 0.914861202 0
vt 0.386658818 0.949675143 0
vt 0.396848708 0.931461096 0
vt 0.396848619 0.949675143 0
vt 0.45257166 0.927945197 0
vt 0.452572107 0.946159303 0
vt 0.442382067 0.927945256 0
vt 0.962931573 0.301054597 0
vt 0.952939391 0.301054657 0
vt 0.953059673 0.290647328 0
vt 0.962931573 0.290647268 0
vt 0.895071924 0.971583605 0
vt 0.895071924 0.982328296 0
vt 0.884881973 0.981459141 0
vt 0.884881973 0.971583545 0
vt 0.291040748 0.857034922 0
vt 0.281371266 0.857034922 0
vt 0.281048447 0.83510077 0
vt 0.291040748 0.83510077 0
vt 0.778780043 0.970468879 0
vt 0.778780043 0.981050611 0
vt 0.768590093 0.981325328 0
vt 0.438565373 0.973572075 0
vt 0.438565373 0.983216822 0
vt 0.428375453 0.983216763 0
vt 0.828204453 0.301879883 0
vt 0.828204155 0.279945701 0
vt 0.838394165 0.279945791 0
vt 0.838393927 0.301879853 0
vt 0.0575531274 0.962332606 0
vt 0.0473632216 0.962332606 0
vt 0.0471923128 0.949076772 0
vt 0.0575531311 0.949076772 0
vt 0.292357147 0.962931037 0
vt 0.292357385 0.949675262 0
vt 0.302547097 0.949675202 0
vt 0.302547097 0.962931037 0
vt 0.802359343 0.970468879 0
vt 0.802359343 0.981322646 0
vt 0.792169392 0.980876029 0
vt 0.792169392 0.971114397 0
vt 0.464468002 0.969813108 0
vt 0.464468002 0.980739295 0
vt 0.454278082 0.980220199 0
vt 0.839798987 0.960669696 0
vt 0.839799166 0.947413862 0
vt 0.849988937 0.947413802 0
vt 0.849988937 0.960669637 0
vt 0.479444444 0.847882509 0
vt 0.469254524 0.847882509 0
vt 0.468817294 0.825948417 0
vt 0.479444444 0.825948417 0
vt 0.281048238 0.83510077 0
vt 0.281048447 0.857034981 0
vt 0.270858496 0.857034981 0
vt 0.270858496 0.83510083 0
vt 0.489634246 0.825948417 0
vt 0.489634603 0.847882569 0
vt 0.479444414 0.847882569 0
vt 0.479444593 0.825948477 0
vt 0.281336457 0.982530296 0
vt 0.281336457 0.973083973 0
vt 0.291526377 0.972194076 0
vt 0.291526377 0.982818544 0
vt 0.618623376 0.952512145 0
vt 0.618623376 0.963634014 0
vt 0.608433485 0.962919235 0
vt 0.608433485 0.952839196 0
vt 0.404892951 0.983262122 0
vt 0.404892951 0.99334234 0
vt 0.396848708 0.99334234 0
vt 0.396848708 0.983895898 0
vt 0.689516306 0.984784245 0
vt 0.681472063 0.984784424 0
vt 0.681472063 0.974377036 0
vt 0.689516306 0.974376857 0
vt 0.561349869 0.98505491 0
vt 0.553305626 0.985054791 0
vt 0.553305626 0.974647999 0
vt 0.561349869 0.974647999 0
vt 0.726943731 0.951289415 0
vt 0.726943731 0.961178839 0
vt 0.417804599 0.972447515 0
vt 0.417804599 0.982904077 0
vt 0.407614678 0.98232311 0
vt 0.94246161 0.296839833 0
vt 0.932792127 0.296839833 0
vt 0.932778597 0.279945701 0
vt 0.94246161 0.279945731 0
vt 0.758400321 0.972921789 0
vt 0.758400321 0.983328938 0
vt 0.74821043 0.983328879 0
vt 0.74821043 0.973176658 0
vt 0.962753534 0.3027789 0
vt 0.962753534 0.313186049 0
vt 0.952563643 0.31318599 0
vt 0.952563643 0.302988112 0
vt 0.566809952 0.95332551 0
vt 0.566810369 0.936431408 0
vt 0.576999545 0.95332545 0
vt 0.201830372 0.931465447 0
vt 0.211815357 0.931465447 0
vt 0.211815372 0.949679494 0
vt 0.201625466 0.949679494 0
vt 0.333404899 0.931461155 0
vt 0.333404988 0.949675202 0
vt 0.323215008 0.949675202 0
vt 0.323215038 0.931461155 0
vt 0.952533364 0.00965802837 0
vt 0.952533364 0 0
vt 0.962723315 5.00168333e-08 0
vt 0.962723315 0.0104072168 0
vt 0.849988997 0.982602298 0
vt 0.839799225 0.982602358 0
vt 0.839799225 0.972195089 0
vt 0.849988997 0.972195029 0
vt 0.12827982 0.949679494 0
vt 0.903351009 0.262204379 0
vt 0.9135409 0.262204379 0
vt 0.9135409 0.279098511 0
vt 0.904084504 0.279098481 0
vt 0.892585278 0.262203872 0
vt 0.892585278 0.279097974 0
vt 0.882395327 0.279097974 0
vt 0.882395148 0.262203813 0
vt 0.892873108 0.279098064 0
vt 0.903063059 0.262203932 0
vt 0.903063059 0.279098064 0
vt 0.170026928 0.96118629 0
vt 0.159713522 0.961186349 0
vt 0.16035758 0.949679554 0
vt 0.170026928 0.949679494 0
vt 0.576999664 0.952512145 0
vt 0.586668968 0.952512205 0
vt 0.586898565 0.964019001 0
vt 0.576999545 0.964019001 0
vt 0.924142241 0.0369429365 0
vt 0.914243042 0.0369429253 0
vt 0.913828671 0.0187288914 0
vt 0.924142241 0.0187289026 0
vt 0.201337442 0.949679554 0
vt 0.201337442 0.960086703 0
vt 0.191147506 0.961155295 0
vt 0.191147521 0.949679494 0
vt 0.428167403 0.983561039 0
vt 0.418185502 0.983561039 0
vt 0.418376535 0.97315371 0
vt 0.427904338 0.97315371 0
vt 0.0117902802 0.863597751 0
vt 0.0117902532 0.845383763 0
vt 0.0230570771 0.845383763 0
vt 0.0230568722 0.86359781 0
vt 0.9144907 0.168582276 0
vt 0.924018562 0.168559939 0
vt 0.924018562 0.18677403 0
vt 0.913828671 0.186797917 0
vt 0.0573823191 0.930862665 0
vt 0.0573823228 0.949076712 0
vt 0.047192391 0.930862784 0
vt 0.9590289 0.469060212 0
vt 0.9590289 0.479720771 0
vt 0.948632777 0.479587197 0
vt 0.948632777 0.469489247 0
vt 0.701855898 0.984576225 0
vt 0.692257226 0.984576225 0
vt 0.692257285 0.973958313 0
vt 0.701559186 0.973958313 0
vt 0.281336457 0.950164378 0
vt 0.281336933 0.93195039 0
vt 0.291526288 0.931950331 0
vt 0.291526288 0.950164378 0
vt 0.912851334 0.279945731 0
vt 0.922153354 0.279945701 0
vt 0.922588885 0.298159748 0
vt 0.9121508 0.298159748 0
vt 0.923357964 0.687283814 0
vt 0.923357964 0.705497861 0
vt 0.912961721 0.705497861 0
vt 0.9129619 0.687283874 0
vt 0.923357964 0.669069707 0
vt 0.923357964 0.687283754 0
vt 0.912961721 0.687283814 0
vt 0.912961841 0.669069827 0
vt 0.552893639 0.964208305 0
vt 0.542914867 0.95304513 0
vt 0.552893639 0.95304507 0
vt 0.691604376 0.963675439 0
vt 0.681605935 0.952512205 0
vt 0.691604376 0.952512145 0
vt 0.933915377 0.588905036 0
vt 0.923916817 0.588905036 0
vt 0.923825443 0.570690989 0
vt 0.933915377 0.570690989 0
vt 0.755451024 0.983328998 0
vt 0.755451024 0.993736148 0
vt 0.74821043 0.993736088 0
vt 0.74821043 0.983328938 0
vt 0.881941497 0.983263731 0
vt 0.881941497 0.993733227 0
vt 0.874700844 0.993585706 0
vt 0.874700844 0.983284235 0
vt 0.479747355 0.847882569 0
vt 0.479747444 0.866096556 0
vt 0.468817294 0.866096556 0
vt 0.468817323 0.847882569 0
vt 0.748313904 0.9474141 0
vt 0.758400321 0.9474141 0
vt 0.758400321 0.96222043 0
vt 0.74821043 0.96222043 0
vt 0.925641954 0.947120011 0
vt 0.925641954 0.961926341 0
vt 0.918401301 0.961926341 0
vt 0.918401301 0.947120011 0
vt 0.138526663 0.972162426 0
vt 0.138526469 0.961746156 0
vt 0.148707733 0.96217674 0
vt 0.0918523073 0.971894741 0
vt 0.0918523148 0.982533395 0
vt 0.0816623867 0.982301831 0
vt 0.019672811 0.795571208 0
vt 0.0196727309 0.780764878 0
vt 0.0269133598 0.780764878 0
vt 0.0269133598 0.795571208 0
vt 0.201337427 0.949679494 0
vt 0.201337427 0.931465447 0
vt 0.396848768 0.949675143 0
vt 0.407038659 0.931461096 0
vt 0.407038599 0.949675143 0
vt 0.553305626 0.952886105 0
vt 0.553305745 0.934672058 0
vt 0.563495457 0.934672058 0
vt 0.563495457 0.952886045 0
vt 0.737959802 0.962280929 0
vt 0.727770269 0.962220967 0
vt 0.727709293 0.9474141 0
vt 0.737959802 0.94747436 0
vt 0.528019488 0.954115331 0
vt 0.518350244 0.954115272 0
vt 0.518350244 0.935901284 0
vt 0.528019488 0.935901344 0
vt 0.924066842 0.13110216 0
vt 0.933893919 0.131102175 0
vt 0.933693647 0.149316177 0
vt 0.924730539 0.149316192 0
vt 0.489105403 0.582414508 0
vt 0.489105403 0.667331457 0
vt 0.470543712 0.667331457 0
vt 0.470543712 0.582414508 0
vt 0.507667065 0.582414508 0
vt 0.507667065 0.667331457 0
vt 0.864501894 0.925530493 0
vt 0.864501894 0.79260242 0
vt 0.867806852 0.789226949 0
vt 0.996695042 0.789226949 0
vt 1 0.79260242 0
vt 1 0.925530493 0
vt 0.996695042 0.928905964 0
vt 0.867806852 0.928905964 0
vt 0.507684827 0.734614611 0
vt 0.507667065 0.731269479 0
vt 0.537220716 0.731269479 0
vt 0.537238419 0.734614611 0
vt 0.0295623317 0.640792131 0
vt 8.37381413e-06 0.640792131 0
vt 8.37130119e-06 0.58576113 0
vt 0.0295623299 0.58576113 0
vt 0.286131263 0.454978734 0
vt 0.256577998 0.454978526 0
vt 0.256577998 0.306123585 0
vt 0.286131263 0.306123793 0
vt 0.0295539573 0.582420349 0
vt 0 0.582420349 0
vt 0.2861076 0.30278492 0
vt 0.256554335 0.302784741 0
vt 0.537239611 0.582414508 0
vt 0.566793203 0.582414508 0
vt 0.566792071 0.731269479 0
vt 0.537238419 0.731269419 0
vt 0.50766784 0.582414508 0
vt 0.537221432 0.582414508 0
vt 0.5372563 0.734615684 0
vt 0.566809893 0.734615684 0
vt 0.880032659 0.454975843 0
vt 0.876760483 0.458317757 0
vt 0.872821212 0.454113811 0
vt 0.875916481 0.45095253 0
vt 0.784896195 0.458317757 0
vt 0.731014609 0.458317757 0
vt 0.73495388 0.454113811 0
vt 0.784896195 0.454113811 0
vt 0.731014609 0.3027789 0
vt 0.876760542 0.3027789 0
vt 0.872821271 0.306982875 0
vt 0.73495388 0.306982845 0
vt 0.727742493 0.454975814 0
vt 0.731858611 0.45095253 0
vt 0.880032659 0.306120843 0
vt 0.875916481 0.310144156 0
vt 0.727742493 0.306120813 0
vt 0.731858671 0.310144126 0
vt 0.823616683 0.458317757 0
vt 0.823616683 0.454113811 0
vt 0.286108285 0.579204381 0
vt 0.256554335 0.579204321 0
vt 0.256554335 0.524926841 0
vt 0.286108315 0.524926841 0
vt 0.938055634 0.525959492 0
vt 0.933939457 0.525959432 0
vt 0.938055634 0.495775402 0
vt 0.938126862 0.198744029 0
vt 0.934010684 0.198743999 0
vt 0.934010684 0.168559939 0
vt 0.938126862 0.168559968 0
vt 0.51835084 0.841465116 0
vt 0.51835084 0.823347986 0
vt 0.53014046 0.823347986 0
vt 0.53014046 0.841465116 0
vt 0.792169333 0.94741416 0
vt 0.792169333 0.959767461 0
vt 0.780379713 0.959767342 0
vt 0.780379713 0.9474141 0
vt 0.0117896395 0.825445473 0
vt 0.0117896395 0.843562543 0
vt 0 0.843562543 0
vt 2.22600627e-09 0.825445473 0
vt 0.815748632 0.959767342 0
vt 0.803959012 0.959767282 0
vt 0.803959012 0.9474141 0
vt 0.0117902579 0.823624432 0
vt 0.0235799029 0.823624432 0
vt 0.0235798992 0.845383763 0
vt 0.790014863 0.279945701 0
vt 0.802109957 0.279945761 0
vt 0.803214729 0.281766891 0
vt 0.803214729 0.299883991 0
vt 0.802110016 0.301705092 0
vt 0.790014923 0.301705033 0
vt 0.518350244 0.821526825 0
vt 0.530139863 0.821526825 0
vt 0.530139863 0.843286157 0
vt 0.763614595 0.279945701 0
vt 0.775709987 0.279945731 0
vt 0.776814759 0.281766832 0
vt 0.776814759 0.299883962 0
vt 0.775709987 0.301705062 0
vt 0.763614655 0.301705062 0
vt 0.780379713 0.947414219 0
vt 0.768590093 0.959767342 0
vt 0.792169392 0.959767342 0
vt 0.792169392 0.9474141 0
vt 0.803959072 0.959767342 0
vt 0.828204155 0.301705033 0
vt 0.816414535 0.301705033 0
vt 0.816414535 0.279945731 0
vt 0.816414535 0.301705062 0
vt 0.804319441 0.301705033 0
vt 0.803214788 0.299883932 0
vt 0.803214729 0.281766802 0
vt 0.804319441 0.279945701 0
vt 0.816414535 0.279945761 0
vt 6.09925735e-07 0.845383763 0
vt 6.09925735e-07 0.823624432 0
vt 0.0117902495 0.823624432 0
vt 0.790014863 0.301705062 0
vt 0.777919531 0.301705033 0
vt 0.776814818 0.299883932 0
vt 0.777919531 0.279945701 0
vt 0.790014863 0.279945731 0
vt 0.730952203 0.458317786 0
vt 0.87391746 0.458317757 0
vt 0.877127171 0.461595923 0
vt 0.877127171 0.479612559 0
vt 0.877127171 0.497629195 0
vt 0.877127171 0.515645802 0
vt 0.877127171 0.534603477 0
vt 0.727742493 0.534603536 0
vt 0.727742493 0.461595953 0
vt 0.289144397 0.281431675 0
vt 0.289144397 0.302784681 0
vt 0.146179125 0.302783936 0
vt 0.146179125 0.28143093 0
vt 0.567062736 0.0213532411 0
vt 0.567062736 1.818794e-08 0
vt 0.584703088 0 0
vt 0.584703088 0.0213532243 0
vt 0.292357147 0.0213774126 0
vt 0.292357147 2.4662846e-05 0
vt 0.295563906 9.45772854e-07 0
vt 0.295563906 0.0213536955 0
vt 0.292357147 0.281413913 0
vt 0.292357177 0.302766949 0
vt 0.513220429 0.0213532783 0
vt 0.513220429 5.45638201e-08 0
vt 0.531782091 3.63758801e-08 0
vt 0.531782091 0.0213532597 0
vt 0.367046505 4.91074388e-07 0
vt 0.367046505 0.0213532243 0
vt 0.295563906 0.302764326 0
vt 0.295563906 0.217849359 0
vt 0.367046535 0.217848882 0
vt 0.367046535 0.302763849 0
vt 0.504522204 0.752247393 0
vt 0.504522204 0.667331457 0
vt 0.507667065 0.752247453 0
vt 0.292357147 0 0
vt 0.292357147 0.0849159658 0
vt 0.289144397 0.0849337354 0
vt 0.289144367 1.7767592e-05 0
vt 0.292357177 0.302788049 0
vt 0.292357177 0.217873082 0
vt 0.567062795 0.302770376 0
vt 0.567062736 0.217853427 0
vt 0.584703088 0.217853412 0
vt 0.584703088 0.302770346 0
vt 0.14617911 0.0849329978 0
vt 0.14617911 1.70260973e-05 0
vt 0.289253235 0.543884516 0
vt 0.289253235 0.562842131 0
vt 0.286108285 0.562842131 0
vt 0.286108315 0.543884456 0
vt 0.53178215 0.302770406 0
vt 0.531782091 0.217853472 0
vt 0.549422443 0.217853457 0
vt 0.549422443 0.302770406 0
vt 0.549422443 1.818794e-08 0
vt 0.549422443 0.0213532411 0
vt 0.730952203 0.610889256 0
vt 0.727742493 0.60761106 0
vt 0.87712723 0.553561151 0
vt 0.87712723 0.571577787 0
vt 0.87712723 0.589594424 0
vt 0.87712723 0.60761106 0
vt 0.87391752 0.610889256 0
vt 0.14617911 0.0213540047 0
vt 0.00321388547 0.0213529691 0
vt 0.00321388105 0 0
vt 0.14617911 1.01852459e-06 0
vt 0.459378064 0.0213533323 0
vt 0.441737741 0.0213533137 0
vt 0.441737741 9.09397002e-08 0
vt 0.459378064 1.0912764e-07 0
vt 8.90402507e-09 0.0213708468 0
vt 8.90402507e-09 1.7878745e-05 0
vt 0.438529134 0.0213617347 0
vt 0.438529134 8.51195546e-06 0
vt 0.494658709 0.0213532969 0
vt 0.494658709 5.45638201e-08 0
vt 0.438529134 0.0213527326 0
vt 0.438529134 0 0
vt 0.438529134 0.302763373 0
vt 0.438529134 0.21784839 0
vt 0.0779737309 0.786840916 0
vt 0.0811186433 0.786840916 0
vt 0.0811186433 0.871756911 0
vt 0.0779737383 0.871756852 0
vt 0.441737771 0.302770495 0
vt 0.438529164 0.3027789 0
vt 0.438529164 0.21786195 0
vt 0.441737741 0.217853546 0
vt 0.0032138722 0.30276683 0
vt 4.45201254e-09 0.302784711 0
vt 0 0.21786876 0
vt 0.00321388105 0.217850879 0
vt 0.459378093 0.302770495 0
vt 0.459378093 0.217853531 0
vt 0.146179095 0.302767873 0
vt 0.146179095 0.217851922 0
vt 0.289253235 0.524926841 0
vt 0.494658738 0.302770436 0
vt 0.477018416 0.302770466 0
vt 0.477018416 0.217853516 0
vt 0.494658738 0.217853501 0
vt 0.477018386 0.0213533137 0
vt 0.477018386 9.09397002e-08 0
vt 0.434107572 0.527088404 0
vt 0.434107602 0.571090281 0
vt 0.420633376 0.571090221 0
vt 0.420633376 0.527088404 0
vt 0.282471746 0.83510077 0
vt 0.270858496 0.83510077 0
vt 0.270858496 0.791098952 0
vt 0.282471776 0.791098952 0
vt 0.493155569 0.807304323 0
vt 0.502959609 0.807304382 0
vt 0.502959609 0.8513062 0
vt 0.493155599 0.85130614 0
vt 0.896495223 0.947120547 0
vt 0.896495223 0.960882068 0
vt 0.884881973 0.960881948 0
vt 0.884881973 0.947120428 0
vt 0.292276025 0.791098952 0
vt 0.292276025 0.83510077 0
vt 0.282471776 0.83510077 0
vt 0.703602552 0.796458542 0
vt 0.715215802 0.796458542 0
vt 0.715215802 0.84046042 0
vt 0.703602552 0.84046042 0
vt 0.518350244 0.865528703 0
vt 0.512145519 0.865528643 0
vt 0.512145519 0.821526825 0
vt 0.518350244 0.821526885 0
vt 0.212103426 0.949679613 0
vt 0.221907556 0.949679554 0
vt 0.221907556 0.96154058 0
vt 0.212103426 0.961540639 0
vt 0.512145519 0.865528703 0
vt 0.505940676 0.821526825 0
vt 0.726829052 0.796458542 0
vt 0.726829052 0.84046042 0
vt 0.286131263 0.442757517 0
vt 0.292336076 0.442757457 0
vt 0.292336076 0.454618454 0
vt 0.286131263 0.454618514 0
vt 0.908108532 0.960882008 0
vt 0.896495283 0.960881948 0
vt 0.896495283 0.947120428 0
vt 0.908108532 0.947120488 0
vt 0.233059302 0.961540401 0
vt 0.233059317 0.949679375 0
vt 0.242863446 0.949679375 0
vt 0.242863446 0.961540341 0
vt 0.531236053 0.975518405 0
vt 0.531236053 0.987379372 0
vt 0.525031269 0.987379372 0
vt 0.525031269 0.975518405 0
vt 0.284332395 0.791098893 0
vt 0.270858496 0.791098833 0
vt 0.270858496 0.747097015 0
vt 0.284332395 0.747097075 0
vt 0.477018386 0.117416121 0
vt 0.459378064 0.117416121 0
vt 0.459378064 0.0940672234 0
vt 0.477018386 0.0940672234 0
vt 0.494658709 0.117416099 0
vt 0.494658709 0.0940672085 0
vt 0.438529134 0.117413335 0
vt 0.367046505 0.117413826 0
vt 0.367046505 0.0940654427 0
vt 0.438529134 0.0940649733 0
vt 0.513220429 0.117416099 0
vt 0.513220429 0.0940672085 0
vt 0.441737741 0.117416158 0
vt 0.438529164 0.11742454 0
vt 0.438529164 0.0940756649 0
vt 0.441737741 0.0940672457 0
vt 0.00321388547 0.117414668 0
vt 4.45201254e-09 0.117432564 0
vt 8.90402507e-09 0.0940839201 0
vt 0.00321388547 0.0940660462 0
vt 0.14617911 0.117415704 0
vt 0.146179095 0.0940670818 0
vt 0.549422443 0.117416069 0
vt 0.549422443 0.0940671489 0
vt 0.567062736 0.094067134 0
vt 0.567062736 0.117416047 0
vt 0.531782091 0.117416069 0
vt 0.531782091 0.0940671712 0
vt 0.295563906 0.117414303 0
vt 0.295563906 0.0940659121 0
vt 0.292357147 0.185352176 0
vt 0.292357147 0.208700836 0
vt 0.289144397 0.208718613 0
vt 0.289144397 0.185369983 0
vt 0.292357177 0.117438018 0
vt 0.292357177 0.0940896496 0
vt 0.584703088 0.094067134 0
vt 0.584703088 0.117416032 0
vt 0.146179125 0.208717868 0
vt 0.146179125 0.185369223 0
vt 0.513220429 0.191296339 0
vt 0.531782091 0.191296324 0
vt 0.289144397 0.111490563 0
vt 0.146179125 0.11148984 0
vt 0.567062736 0.191296279 0
vt 0.584703088 0.191296265 0
vt 0.292357177 0.191316575 0
vt 0.295563906 0.191292852 0
vt 0.292357147 0.111472793 0
vt 0.367046535 0.19129236 0
vt 0.549422443 0.191296309 0
vt 0.146179095 0.191295072 0
vt 0.00321388105 0.191294044 0
vt 0.459378093 0.191296399 0
vt 0.441737741 0.191296414 0
vt 4.45201254e-09 0.191311941 0
vt 0.438529164 0.191304803 0
vt 0.438529134 0.191291854 0
vt 0.494658738 0.191296354 0
vt 0.477018416 0.191296384 0
vt 0.513220429 0.217853487 0
vt 0.71298027 0.298222184 0
vt 0.587519825 0.298222184 0
vt 0.584703088 0.295345366 0
vt 0.584703088 0.279534757 0
vt 0.584703088 0.263724118 0
vt 0.584703088 0.24791342 0
vt 0.584703088 0.231276974 0
vt 0.715796947 0.231276959 0
vt 0.715796947 0.295345366 0
vt 0.00281939725 0.309482008 0
vt 0.00281939725 0.302784741 0
vt 0.128279835 0.302785456 0
vt 0.12827982 0.309482694 0
vt 0.307837546 0.575721383 0
vt 0.307837546 0.58241868 0
vt 0.292357177 0.58241874 0
vt 0.292357177 0.575721443 0
vt 0.256554306 0.575704277 0
vt 0.256554306 0.582401454 0
vt 0.253740191 0.582422256 0
vt 0.253740191 0.575725079 0
vt 1.78080501e-08 0.309497595 0
vt 1.33560372e-08 0.302800357 0
vt 0.355087399 0.575721383 0
vt 0.355087399 0.58241868 0
vt 0.338798434 0.58241874 0
vt 0.338798434 0.575721443 0
vt 0.191009998 0.582422733 0
vt 0.191010013 0.575725555 0
vt 0.253740221 0.302805543 0
vt 0.253740191 0.403288603 0
vt 0.191010013 0.40328902 0
vt 0.191010028 0.30280596 0
vt 4.45201254e-09 0.481936097 0
vt 0.00281938817 0.481920511 0
vt 0.00281938375 0.582404733 0
vt 0.256554306 0.403267801 0
vt 0.307837546 0.302795529 0
vt 0.307837546 0.403280944 0
vt 0.292357177 0.403280973 0
vt 0.292357147 0.302795559 0
vt 0.12827982 0.481921136 0
vt 0.12827982 0.582405388 0
vt 0.35508737 0.30279547 0
vt 0.35508737 0.403280914 0
vt 0.338798404 0.403280914 0
vt 0.338798404 0.3027955 0
vt 0.323317945 0.403280914 0
vt 0.323317945 0.302795529 0
vt 0.323317975 0.58241874 0
vt 0.323317945 0.575721443 0
vt 0.71298027 0.164331749 0
vt 0.715796947 0.167208567 0
vt 0.584703088 0.214640513 0
vt 0.584703088 0.198829889 0
vt 0.584703088 0.183019176 0
vt 0.584703088 0.167208552 0
vt 0.587519825 0.164331749 0
vt 0.566809893 0.309477061 0
vt 0.441349536 0.309476078 0
vt 0.441349506 0.3027789 0
vt 0.566809893 0.302779824 0
vt 0.402337223 0.575721323 0
vt 0.417817622 0.575721323 0
vt 0.417817622 0.582418621 0
vt 0.402337223 0.58241868 0
vt 0.438529164 0.309491783 0
vt 0.438529134 0.302794546 0
vt 0.420633376 0.575713933 0
vt 0.420633376 0.582411289 0
vt 0.371376365 0.575721383 0
vt 0.371376365 0.58241868 0
vt 0.12827982 0.575725913 0
vt 0.12827982 0.582423091 0
vt 0.12827985 0.302806377 0
vt 0.128279835 0.403289467 0
vt 0.371376365 0.30279547 0
vt 0.371376365 0.403280854 0
vt 0.417817593 0.30279541 0
vt 0.420633346 0.302788049 0
vt 0.420633376 0.403273433 0
vt 0.417817622 0.403280824 0
vt 0.441349506 0.582398832 0
vt 0.438529134 0.582414508 0
vt 0.438529134 0.481930286 0
vt 0.441349506 0.48191458 0
vt 0.402337223 0.30279544 0
vt 0.402337223 0.403280854 0
vt 0.566809893 0.582399726 0
vt 0.566809893 0.481915504 0
vt 0.386856824 0.30279544 0
vt 0.386856765 0.403280854 0
vt 0.386856765 0.575721383 0
vt 0.386856765 0.582418621 0
vt 0.386856765 0.491420597 0
vt 0.402337223 0.491420567 0
vt 0.402337223 0.511910617 0
vt 0.386856765 0.511910617 0
vt 0.371376365 0.491420597 0
vt 0.371376365 0.511910617 0
vt 0.128279835 0.491427094 0
vt 0.191010013 0.491426706 0
vt 0.191010013 0.51191628 0
vt 0.128279835 0.511916697 0
vt 0.355087399 0.491420627 0
vt 0.355087399 0.511910677 0
vt 0.417817622 0.491420567 0
vt 0.420633376 0.491413176 0
vt 0.420633376 0.511903226 0
vt 0.417817622 0.511910558 0
vt 0.441349506 0.39377588 0
vt 0.438529134 0.393791586 0
vt 0.438529164 0.373301804 0
vt 0.441349506 0.373286128 0
vt 0.566809893 0.393776804 0
vt 0.566809893 0.373286992 0
vt 0.323317945 0.491420597 0
vt 0.323317945 0.511910617 0
vt 0.307837546 0.511910677 0
vt 0.307837546 0.491420627 0
vt 0.338798404 0.491420627 0
vt 0.338798404 0.511910677 0
vt 0.253740191 0.491426259 0
vt 0.253740191 0.511915863 0
vt 1.33560372e-08 0.393797398 0
vt 1.33560372e-08 0.373307556 0
vt 0.00281939283 0.37329188 0
vt 0.00281939283 0.393781751 0
vt 0.256554306 0.491405457 0
vt 0.256554306 0.511895061 0
vt 0.292357177 0.511910677 0
vt 0.292357177 0.491420686 0
vt 0.12827982 0.373292595 0
vt 0.12827982 0.393782496 0
vt 0.35508737 0.42658639 0
vt 0.338798404 0.426586419 0
vt 0.00281938817 0.458615303 0
vt 0.12827982 0.458615929 0
vt 0.307837546 0.42658639 0
vt 0.292357177 0.426586419 0
vt 0.256554306 0.42657271 0
vt 0.253740191 0.426593542 0
vt 8.90402507e-09 0.45863086 0
vt 0.191010013 0.426593959 0
vt 0.323317945 0.42658639 0
vt 0.566809893 0.458610296 0
vt 0.441349506 0.458609402 0
vt 0.402337223 0.4265863 0
vt 0.417817622 0.42658627 0
vt 0.438529134 0.458625078 0
vt 0.420633376 0.426578939 0
vt 0.128279835 0.426594406 0
vt 0.371376365 0.42658636 0
vt 0.386856765 0.42658636 0
vt 0.734923005 0.621488452 0
vt 0.734146118 0.62236315 0
vt 0.727742493 0.616430879 0
vt 0.72851932 0.61555618 0
vt 0.105360754 0.866554379 0
vt 0.105360769 0.875384271 0
vt 0.104266994 0.875384271 0
vt 0.104266986 0.866554379 0
vt 0.734855413 0.623020232 0
vt 0.729519665 0.62902832 0
vt 0.728877723 0.628295481 0
vt 0.292276055 0.848122001 0
vt 0.292276055 0.856951892 0
vt 0.29118228 0.856951892 0
vt 0.29118228 0.848122001 0
vt 0.0270633027 0.76233381 0
vt 0.0270633027 0.776643455 0
vt 0.0259695332 0.776643455 0
vt 0.0259695332 0.76233381 0
vt 0.735632241 0.622145474 0
vt 0.0489186868 0.743220627 0
vt 0.0489186868 0.757530272 0
vt 0.0478249155 0.757530272 0
vt 0.0478249155 0.743220627 0
vt 0.745112658 0.61147052 0
vt 0.744336128 0.610889256 0
vt 0.864214361 0.947120011 0
vt 0.864214361 0.955129027 0
vt 0.863120556 0.955129027 0
vt 0.863120556 0.947120011 0
vt 0.736341536 0.622802556 0
vt 0.742745161 0.628734827 0
vt 0.741968334 0.629609585 0
vt 0.735564649 0.623677254 0
vt 0.7457546 0.61220336 0
vt 0.0220497232 0.917646229 0
vt 0.0209559519 0.917646229 0
vt 0.0209559519 0.908816338 0
vt 0.0220497232 0.908816338 0
vt 0.730296195 0.629609585 0
vt 0.269802183 0.911667466 0
vt 0.268708408 0.911667466 0
vt 0.268708408 0.902837574 0
vt 0.269802183 0.902837574 0
vt 0.0693860501 0.95015347 0
vt 0.0704798102 0.95015347 0
vt 0.0704798102 0.958162487 0
vt 0.0693860427 0.958162487 0
vt 0.0800336748 0.784206867 0
vt 0.0779737309 0.785728812 0
vt 0.0779737309 0.778048992 0
vt 0.0800336748 0.777222216 0
vt 0.0883577093 0.762084901 0
vt 0.0800336823 0.762995481 0
vt 0.0779737383 0.761473596 0
vt 0.087126188 0.760472357 0
vt 0.0883577093 0.785117507 0
vt 0.087126188 0.786729991 0
vt 0.0800336748 0.776058078 0
vt 0.0779737309 0.776768982 0
vt 0.0892796591 0.76198405 0
vt 0.0892796591 0.760361433 0
vt 0.0892796591 0.785218298 0
vt 0.0892796591 0.786840916 0
vt 0.959072471 0.228621095 0
vt 0.959071934 0.219273329 0
vt 0.963287175 0.219273329 0
vt 0.963287711 0.228621095 0
vt 0.268708408 0.968749762 0
vt 0.264493167 0.968749702 0
vt 0.264493197 0.953454494 0
vt 0.268708408 0.953454554 0
vt 0.268708378 0.970029771 0
vt 0.264493167 0.970029771 0
vt 0.965305567 0.698830843 0
vt 0.965305567 0.701030254 0
vt 0.961090386 0.701030254 0
vt 0.961090326 0.698830843 0
vt 0.959071875 0.217073917 0
vt 0.963287115 0.217073917 0
vt 0.268708378 0.977709472 0
vt 0.264493167 0.977709472 0
vt 0.965305865 0.710378051 0
vt 0.961090624 0.710378051 0
vt 0.0451814607 0.816227138 0
vt 0.0451814532 0.809242547 0
vt 0.0466128476 0.809242547 0
vt 0.0466128476 0.816227138 0
vt 0.503077328 0.819937587 0
vt 0.503077805 0.811436057 0
vt 0.504509211 0.811436057 0
vt 0.504508674 0.819937587 0
vt 0.110215954 0.84704721 0
vt 0.110215686 0.855548739 0
vt 0.108784303 0.855548739 0
vt 0.108784571 0.84704715 0
vt 0.0451814532 0.808078349 0
vt 0.0451814532 0.795015931 0
vt 0.0466128476 0.795015991 0
vt 0.0466128476 0.808078408 0
vt 0.503077865 0.810494423 0
vt 0.504509211 0.810494423 0
vt 0.110215977 0.846105576 0
vt 0.108784601 0.846105576 0
vt 0.0985256433 0.784206867 0
vt 0.0985256433 0.777222216 0
vt 0.100585587 0.778048992 0
vt 0.100585587 0.785728812 0
vt 0.0902016163 0.762084901 0
vt 0.0914331302 0.760472357 0
vt 0.100585587 0.761473536 0
vt 0.0985256433 0.762995481 0
vt 0.0914331302 0.786729991 0
vt 0.0902016088 0.785117507 0
vt 0.0985256433 0.776058018 0
vt 0.100585587 0.776768923 0
vt 0.95907253 0.205526873 0
vt 0.963287175 0.214874506 0
vt 0.959071934 0.214874506 0
vt 0.95524317 0.946728587 0
vt 0.95524317 0.93143338 0
vt 0.959458411 0.93143338 0
vt 0.959458411 0.946728587 0
vt 0.95524317 0.948008597 0
vt 0.959458411 0.948008597 0
vt 0.961090386 0.696631432 0
vt 0.965305567 0.696631432 0
vt 0.95524317 0.955688298 0
vt 0.959458411 0.955688357 0
vt 0.961090684 0.687283814 0
vt 0.965305865 0.687283814 0
vt 0.459976494 0.798883617 0
vt 0.458545119 0.798883617 0
vt 0.458545119 0.791899025 0
vt 0.459976494 0.791899025 0
vt 0.503077328 0.80105114 0
vt 0.504508674 0.80105114 0
vt 0.504509211 0.809552789 0
vt 0.503077805 0.809552789 0
vt 0.110215932 0.845163941 0
vt 0.108784556 0.845163941 0
vt 0.108784311 0.836662233 0
vt 0.110215694 0.836662292 0
vt 0.459976494 0.790734887 0
vt 0.458545119 0.790734887 0
vt 0.458545119 0.77767247 0
vt 0.459976494 0.77767247 0
vt 0.509727001 0.767832994 0
vt 0.507667065 0.769354939 0
vt 0.507667065 0.761675119 0
vt 0.509727001 0.760848343 0
vt 0.518051088 0.736338019 0
vt 0.509727061 0.7372486 0
vt 0.507667065 0.735726714 0
vt 0.516819537 0.734725475 0
vt 0.518051028 0.768743634 0
vt 0.516819537 0.770356119 0
vt 0.509727001 0.746847987 0
vt 0.507667065 0.746281385 0
vt 0.507667065 0.744965672 0
vt 0.509727061 0.745651305 0
vt 0.507667065 0.76039511 0
vt 0.509727001 0.759684145 0
vt 0.518972993 0.736237168 0
vt 0.518972993 0.734614611 0
vt 0.518972993 0.768844426 0
vt 0.518972993 0.770466983 0
vt 0.957233548 0.122874536 0
vt 0.957233012 0.113526769 0
vt 0.961448252 0.113526769 0
vt 0.961448789 0.122874536 0
vt 0.938109279 0.122927904 0
vt 0.933894038 0.122927867 0
vt 0.933894038 0.121612117 0
vt 0.938109279 0.121612154 0
vt 0.938109279 0.138321489 0
vt 0.933894038 0.138321444 0
vt 0.933894038 0.137041375 0
vt 0.938109279 0.13704142 0
vt 0.963323832 0.343756527 0
vt 0.963323832 0.345955938 0
vt 0.959108591 0.345955938 0
vt 0.959108591 0.343756527 0
vt 0.933894038 0.112373278 0
vt 0.938109279 0.112373315 0
vt 0.957232952 0.111327358 0
vt 0.961448193 0.111327358 0
vt 0.938109279 0.14600116 0
vt 0.933894038 0.14600116 0
vt 0.96332413 0.355303705 0
vt 0.959108889 0.355303705 0
vt 0.468330204 0.767210424 0
vt 0.468330204 0.774195015 0
vt 0.466898829 0.774194956 0
vt 0.466898829 0.767210364 0
vt 0.287540227 0.581728637 0
vt 0.287540734 0.573227048 0
vt 0.288972139 0.573227048 0
vt 0.288971633 0.581728637 0
vt 0.440461844 0.827291965 0
vt 0.440462112 0.818790436 0
vt 0.441893518 0.818790436 0
vt 0.44189325 0.827291965 0
vt 0.468330204 0.788195193 0
vt 0.468330204 0.789391875 0
vt 0.466898829 0.789391875 0
vt 0.466898829 0.788195193 0
vt 0.468330204 0.775359154 0
vt 0.466898829 0.775359154 0
vt 0.287540793 0.572285473 0
vt 0.288972199 0.572285473 0
vt 0.468330204 0.797794461 0
vt 0.466898829 0.797794461 0
vt 0.440461814 0.8282336 0
vt 0.44189322 0.8282336 0
vt 0.528218985 0.767832994 0
vt 0.528218985 0.760848284 0
vt 0.530278921 0.761675119 0
vt 0.530278921 0.769354939 0
vt 0.519894958 0.736338019 0
vt 0.521126509 0.734725475 0
vt 0.530278921 0.735726714 0
vt 0.528218985 0.7372486 0
vt 0.521126449 0.770356119 0
vt 0.519894958 0.768743575 0
vt 0.528218985 0.746847928 0
vt 0.528218985 0.745651305 0
vt 0.530278921 0.744965672 0
vt 0.530278921 0.746281385 0
vt 0.528218985 0.759684145 0
vt 0.530278921 0.76039505 0
vt 0.957233548 0.0997803137 0
vt 0.961448789 0.0997803137 0
vt 0.961448252 0.109127954 0
vt 0.957233012 0.109127954 0
vt 0.933923781 0.410292834 0
vt 0.933923781 0.408977121 0
vt 0.938139021 0.408977151 0
vt 0.938139021 0.410292894 0
vt 0.933923781 0.425686419 0
vt 0.933923781 0.42440635 0
vt 0.938139021 0.42440635 0
vt 0.938139021 0.425686419 0
vt 0.959108591 0.341557115 0
vt 0.963323832 0.341557115 0
vt 0.933923781 0.399738252 0
vt 0.938139021 0.399738282 0
vt 0.933923781 0.43336612 0
vt 0.938139021 0.43336615 0
vt 0.959108889 0.332209498 0
vt 0.96332413 0.332209498 0
vt 0.127459496 0.643588483 0
vt 0.126028106 0.643588483 0
vt 0.126028106 0.636603892 0
vt 0.127459511 0.636603892 0
vt 0.287540227 0.56284219 0
vt 0.288971633 0.56284219 0
vt 0.288972139 0.571343839 0
vt 0.287540734 0.571343839 0
vt 0.440461874 0.829175174 0
vt 0.44189325 0.829175174 0
vt 0.441893488 0.837676883 0
vt 0.440462112 0.837676883 0
vt 0.127459511 0.622603714 0
vt 0.126028106 0.622603714 0
vt 0.126028106 0.621407092 0
vt 0.127459511 0.621407092 0
vt 0.126028106 0.635439754 0
vt 0.127459511 0.635439754 0
vt 0.126028106 0.613004446 0
vt 0.127459511 0.613004446 0
vt 0.0085049374 0.804986537 0
vt 0.00771539984 0.804123759 0
vt 0.0140316477 0.798094511 0
vt 0.0148212034 0.798957288 0
vt 0.128215641 0.735340834 0
vt 0.128215641 0.744788289 0
vt 0.127121881 0.744788289 0
vt 0.127121881 0.735340834 0
vt 0.453953683 0.935709953 0
vt 0.453953683 0.944539845 0
vt 0.452859938 0.944539845 0
vt 0.452859908 0.935709953 0
vt 0.00701581081 0.80479151 0
vt 0.00159288559 0.798865438 0
vt 0.00236085779 0.798272431 0
vt 0.452859938 0.900390208 0
vt 0.452859908 0.891560316 0
vt 0.453953683 0.891560316 0
vt 0.453953683 0.900390208 0
vt 0.440799713 0.893727005 0
vt 0.440799713 0.884897113 0
vt 0.441893458 0.884897113 0
vt 0.441893458 0.893727005 0
vt 0.0165108759 0.815167487 0
vt 0.00780536607 0.805654287 0
vt 0.0172104482 0.814499736 0
vt 0.504439771 0.9423545 0
vt 0.504439771 0.933524609 0
vt 0.505533516 0.933524609 0
vt 0.505533516 0.9423545 0
vt 0.0173224155 0.816054344 0
vt 0.0180220045 0.815386593 0
vt 0.0235267039 0.808470488 0
vt 0.0243382528 0.809357345 0
vt 0.453953683 0.824772179 0
vt 0.453953683 0.837793291 0
vt 0.452859908 0.837793291 0
vt 0.452859908 0.82477212 0
vt 0.128107145 0.94986999 0
vt 0.128107145 0.957879007 0
vt 0.12701337 0.957879007 0
vt 0.127013385 0.94986999 0
vt 0.0237070993 0.823031366 0
vt 0.0243382622 0.822288811 0
vt 0.00710579474 0.806322098 0
vt 0.000789555488 0.812351406 0
vt 0 0.811488569 0
vt 0.00631623948 0.805459321 0
vt 0.517512381 0.884423614 0
vt 0.516418636 0.884423614 0
vt 0.516418636 0.874976158 0
vt 0.517512381 0.874976158 0
vt 0.492104799 0.949764848 0
vt 0.491011024 0.949764848 0
vt 0.491011024 0.940934956 0
vt 0.492104799 0.940934956 0
vt 0.00096169702 0.799607992 0
vt 0.035631638 0.878639996 0
vt 0.0367254168 0.878639996 0
vt 0.0367254168 0.887469947 0
vt 0.0356316455 0.887469947 0
vt 0.504044533 0.906129777 0
vt 0.505138278 0.906129777 0
vt 0.505138278 0.914959669 0
vt 0.504044533 0.914959669 0
vt 0.0158112962 0.815835297 0
vt 0.10511779 0.948406219 0
vt 0.10402403 0.948406219 0
vt 0.10402403 0.939576328 0
vt 0.10511779 0.939576328 0
vt 0.0166228618 0.816722155 0
vt 0.0103066228 0.822751403 0
vt 0.00949503854 0.821864545 0
vt 0.29118228 0.83510077 0
vt 0.292276025 0.83510083 0
vt 0.292276025 0.848121941 0
vt 0.29118228 0.848121941 0
vt 0.531234086 0.963543773 0
vt 0.53014034 0.963543773 0
vt 0.53014034 0.955534756 0
vt 0.531234086 0.955534816 0
vt 0.0229391102 0.823624372 0
vt 0.754201472 0.291859001 0
vt 0.760605156 0.297791272 0
vt 0.759828269 0.29866603 0
vt 0.753424644 0.292733729 0
vt 0.0115717556 0.881875157 0
vt 0.0104779853 0.881875157 0
vt 0.0104779759 0.873045266 0
vt 0.0115717463 0.873045266 0
vt 0.752715349 0.292076677 0
vt 0.74815619 0.29866603 0
vt 0.747379601 0.298084766 0
vt 0.128107145 0.896890521 0
vt 0.12701337 0.896890581 0
vt 0.12701337 0.888060689 0
vt 0.128107145 0.888060629 0
vt 0.743982852 0.286668241 0
vt 0.745076597 0.286668241 0
vt 0.745076597 0.300977856 0
vt 0.743982852 0.300977856 0
vt 0.753492236 0.291201949 0
vt 0.0477066264 0.757530272 0
vt 0.046612855 0.757530272 0
vt 0.0466128476 0.743220627 0
vt 0.0477066152 0.743220627 0
vt 0.762972653 0.280526996 0
vt 0.763614595 0.281259805 0
vt 0.862026811 0.947120011 0
vt 0.862026811 0.955129027 0
vt 0.752782941 0.290544897 0
vt 0.752006114 0.291419625 0
vt 0.745602489 0.285487354 0
vt 0.746379316 0.284612626 0
vt 0.762196124 0.279945701 0
vt 0.505138278 0.888470054 0
vt 0.505138278 0.897299945 0
vt 0.504044533 0.897299945 0
vt 0.504044533 0.888470054 0
vt 0.746737659 0.297351927 0
vt 0.128107145 0.905720413 0
vt 0.128107145 0.914550304 0
vt 0.12701337 0.914550304 0
vt 0.12701337 0.905720413 0
vt 0.715515971 0.955524206 0
vt 0.715515971 0.963533223 0
vt 0.714422226 0.963533223 0
vt 0.714422226 0.955524206 0
vt 0.717856944 0.27452299 0
vt 0.717856944 0.281507671 0
vt 0.715797007 0.280680895 0
vt 0.715797007 0.273001105 0
vt 0.726180971 0.296644986 0
vt 0.724949479 0.29825753 0
vt 0.715797007 0.297256321 0
vt 0.717856944 0.295734406 0
vt 0.724949419 0.271999866 0
vt 0.726180971 0.27361238 0
vt 0.717856944 0.282671839 0
vt 0.715797007 0.281960934 0
vt 0.727102935 0.296745837 0
vt 0.727102935 0.298368394 0
vt 0.727102935 0.271888971 0
vt 0.727102935 0.273511559 0
vt 0.963301718 0.604486942 0
vt 0.959086478 0.604486942 0
vt 0.959087074 0.595139325 0
vt 0.963302255 0.595139325 0
vt 0.956850946 0.741066277 0
vt 0.961066186 0.72577107 0
vt 0.961066186 0.741066277 0
vt 0.956850946 0.742346287 0
vt 0.961066186 0.742346346 0
vt 0.965347588 0.662402689 0
vt 0.961132348 0.662402689 0
vt 0.961132407 0.660203278 0
vt 0.965347648 0.660203278 0
vt 0.959087133 0.592939913 0
vt 0.963302314 0.592939913 0
vt 0.956850946 0.750025988 0
vt 0.961066186 0.750026047 0
vt 0.961132705 0.65085566 0
vt 0.965347886 0.65085566 0
vt 0.0451814607 0.773804724 0
vt 0.0466128476 0.773804724 0
vt 0.0466128476 0.780789316 0
vt 0.0451814607 0.780789316 0
vt 0.11021623 0.836662292 0
vt 0.108784847 0.836662292 0
vt 0.108784363 0.828160644 0
vt 0.110215746 0.828160644 0
vt 0.440461844 0.866948068 0
vt 0.44189322 0.866948068 0
vt 0.441893488 0.875449717 0
vt 0.440462083 0.875449717 0
vt 0.0451814532 0.781953514 0
vt 0.0466128364 0.781953514 0
vt 0.0466128476 0.795015931 0
vt 0.0451814607 0.795015931 0
vt 0.108784303 0.827219009 0
vt 0.110215686 0.827219009 0
vt 0.440461814 0.866006434 0
vt 0.44189322 0.866006434 0
vt 0.736348867 0.27452299 0
vt 0.738408864 0.273001075 0
vt 0.738408864 0.280680865 0
vt 0.736348867 0.281507641 0
vt 0.72802484 0.296644986 0
vt 0.736348927 0.295734376 0
vt 0.738408864 0.297256291 0
vt 0.729256392 0.2982575 0
vt 0.72802484 0.27361238 0
vt 0.729256392 0.271999866 0
vt 0.736348867 0.282671809 0
vt 0.738408864 0.281960905 0
vt 0.963301718 0.581392765 0
vt 0.963302255 0.590740502 0
vt 0.959087074 0.590740502 0
vt 0.959086478 0.581392765 0
vt 0.956875086 0.696243584 0
vt 0.961090326 0.696243584 0
vt 0.961090326 0.711538792 0
vt 0.956875086 0.711538792 0
vt 0.956875086 0.694963515 0
vt 0.961090326 0.694963574 0
vt 0.965347648 0.664602101 0
vt 0.961132407 0.664602101 0
vt 0.961090326 0.687283874 0
vt 0.965347886 0.673949897 0
vt 0.961132705 0.673949897 0
vt 0.108784311 0.798889399 0
vt 0.108784303 0.791904807 0
vt 0.110215694 0.791904867 0
vt 0.110215694 0.798889458 0
vt 0.11021623 0.817775846 0
vt 0.110215746 0.826277375 0
vt 0.108784363 0.826277375 0
vt 0.108784847 0.817775846 0
vt 0.440461844 0.8650648 0
vt 0.440462083 0.85656327 0
vt 0.441893488 0.85656327 0
vt 0.44189322 0.8650648 0
vt 0.108784303 0.790740669 0
vt 0.108784303 0.777678251 0
vt 0.110215694 0.777678251 0
vt 0.110215694 0.790740669 0
vt 0.736348927 0.233402565 0
vt 0.736348927 0.226417884 0
vt 0.738408864 0.22724469 0
vt 0.738408864 0.234924495 0
vt 0.72802484 0.201907575 0
vt 0.729256392 0.200295076 0
vt 0.738408864 0.201296225 0
vt 0.736348927 0.20281814 0
vt 0.729256392 0.23592566 0
vt 0.7280249 0.23431316 0
vt 0.736348927 0.212417513 0
vt 0.736348927 0.21122086 0
vt 0.738408864 0.210535184 0
vt 0.738408864 0.211850941 0
vt 0.736348927 0.225253701 0
vt 0.738408864 0.225964606 0
vt 0.727102935 0.201806709 0
vt 0.727102935 0.200184166 0
vt 0.727102935 0.236036554 0
vt 0.727102935 0.234413967 0
vt 0.963298023 0.202355832 0
vt 0.959082782 0.202355832 0
vt 0.959083319 0.193008199 0
vt 0.963298559 0.193008199 0
vt 0.938154757 0.481391013 0
vt 0.938154757 0.482706755 0
vt 0.933939576 0.482706726 0
vt 0.933939576 0.481390983 0
vt 0.938154757 0.465997458 0
vt 0.938154757 0.467277527 0
vt 0.933939576 0.467277497 0
vt 0.933939576 0.465997428 0
vt 0.963317871 0.566183209 0
vt 0.959102631 0.566183209 0
vt 0.959102631 0.563983798 0
vt 0.963317871 0.563983798 0
vt 0.938154757 0.491945595 0
vt 0.933939517 0.491945595 0
vt 0.959083378 0.190808803 0
vt 0.963298619 0.190808788 0
vt 0.938154757 0.458317757 0
vt 0.933939517 0.458317757 0
vt 0.959102929 0.55463618 0
vt 0.963318169 0.55463618 0
vt 0.438311338 0.333372146 0
vt 0.436879963 0.333372146 0
vt 0.436879933 0.326387554 0
vt 0.438311338 0.326387525 0
vt 0.0466133915 0.835113525 0
vt 0.0451819971 0.835113525 0
vt 0.0451815054 0.826611876 0
vt 0.0466128998 0.826611876 0
vt 0.108784325 0.865933478 0
vt 0.110215724 0.865933478 0
vt 0.110215969 0.874435127 0
vt 0.108784571 0.874435127 0
vt 0.438311338 0.312387317 0
vt 0.436879933 0.312387317 0
vt 0.436879933 0.311190695 0
vt 0.438311338 0.311190695 0
vt 0.436879933 0.325223386 0
vt 0.438311338 0.325223386 0
vt 0.0451814532 0.825670242 0
vt 0.0466128364 0.825670242 0
vt 0.436879933 0.302788049 0
vt 0.438311338 0.302788049 0
vt 0.108784303 0.864991844 0
vt 0.110215686 0.864991844 0
vt 0.717856944 0.23340261 0
vt 0.715797007 0.234924525 0
vt 0.715797007 0.227244735 0
vt 0.717856944 0.226417914 0
vt 0.726180971 0.201907575 0
vt 0.717856944 0.20281817 0
vt 0.715797007 0.201296285 0
vt 0.724949419 0.200295076 0
vt 0.726180971 0.234313175 0
vt 0.724949479 0.235925674 0
vt 0.717856944 0.212417558 0
vt 0.715797007 0.211851001 0
vt 0.715797007 0.210535243 0
vt 0.717856944 0.21122089 0
vt 0.715797007 0.225964636 0
vt 0.717856944 0.225253776 0
vt 0.963298023 0.17926161 0
vt 0.963298559 0.188609377 0
vt 0.959083319 0.188609377 0
vt 0.959082782 0.17926161 0
vt 0.937727451 0.736325681 0
vt 0.933512211 0.736325622 0
vt 0.933512211 0.735009909 0
vt 0.937727451 0.735009909 0
vt 0.937727451 0.751719236 0
vt 0.933512211 0.751719236 0
vt 0.933512211 0.750439167 0
vt 0.937727451 0.750439167 0
vt 0.963317871 0.568382621 0
vt 0.959102631 0.568382621 0
vt 0.933512211 0.72577107 0
vt 0.937727451 0.72577107 0
vt 0.937727451 0.759398937 0
vt 0.933512211 0.759398937 0
vt 0.963318169 0.577730417 0
vt 0.959102929 0.577730417 0
vt 0.0451814532 0.773804724 0
vt 0.0451814532 0.766820133 0
vt 0.0466128476 0.766820133 0
vt 0.0466133915 0.816227078 0
vt 0.0466128998 0.824728668 0
vt 0.0451815054 0.824728668 0
vt 0.0451819971 0.816227078 0
vt 0.108784325 0.86405021 0
vt 0.108784579 0.85554868 0
vt 0.110215969 0.85554868 0
vt 0.110215724 0.86405021 0
vt 0.0451814607 0.752819896 0
vt 0.0451814532 0.751623273 0
vt 0.0466128476 0.751623273 0
vt 0.0466128476 0.752819896 0
vt 0.0451814532 0.765655994 0
vt 0.0466128476 0.765655994 0
vt 0.477322251 0.819056332 0
vt 0.483638465 0.82508558 0
vt 0.482848912 0.825948358 0
vt 0.476532668 0.819919109 0
vt 0.536994874 0.873602629 0
vt 0.535901129 0.873602629 0
vt 0.535901129 0.864155173 0
vt 0.536994874 0.864155173 0
vt 0.517512381 0.902083516 0
vt 0.516418636 0.902083516 0
vt 0.516418636 0.893253624 0
vt 0.517512381 0.893253624 0
vt 0.475833118 0.819251299 0
vt 0.471178114 0.825770438 0
vt 0.470410168 0.825177372 0
vt 0.0344768651 0.885173142 0
vt 0.0355706364 0.885173142 0
vt 0.0355706364 0.894003034 0
vt 0.0344768651 0.894003034 0
vt 0.0924522951 0.866554379 0
vt 0.0935460702 0.866554379 0
vt 0.0935460627 0.875384271 0
vt 0.0924522877 0.875384271 0
vt 0.485328197 0.808875382 0
vt 0.486027747 0.809543192 0
vt 0.476622701 0.818388522 0
vt 0.453953683 0.909220099 0
vt 0.452859938 0.909220099 0
vt 0.452859908 0.900390208 0
vt 0.486139774 0.807988524 0
vt 0.486839324 0.808656335 0
vt 0.493155569 0.814685583 0
vt 0.492343992 0.815572441 0
vt 0.0356316455 0.833702803 0
vt 0.0367253982 0.833702803 0
vt 0.0367253982 0.846723914 0
vt 0.035631638 0.846723914 0
vt 0.715515971 0.955524266 0
vt 0.716609716 0.955524206 0
vt 0.716609716 0.963533282 0
vt 0.715515971 0.963533282 0
vt 0.492524415 0.801011503 0
vt 0.493155569 0.801754057 0
vt 0.475923091 0.817720711 0
vt 0.475133538 0.818583548 0
vt 0.468817294 0.8125543 0
vt 0.469606847 0.811691523 0
vt 0.505603015 0.827093422 0
vt 0.505603015 0.836540937 0
vt 0.50450927 0.836540878 0
vt 0.50450927 0.827093422 0
vt 0.0704798028 0.932493687 0
vt 0.0704798028 0.941323638 0
vt 0.0693860427 0.941323638 0
vt 0.0693860427 0.932493687 0
vt 0.469778985 0.824434876 0
vt 0.0220497232 0.891156614 0
vt 0.0220497139 0.899986506 0
vt 0.0209559519 0.899986506 0
vt 0.0209559519 0.891156614 0
vt 0.565555811 0.934097469 0
vt 0.565555811 0.942927361 0
vt 0.564462066 0.942927361 0
vt 0.564462066 0.934097469 0
vt 0.484628618 0.808207572 0
vt 0.128107131 0.932210207 0
vt 0.128107131 0.941040099 0
vt 0.12701337 0.941040099 0
vt 0.12701337 0.932210207 0
vt 0.485440165 0.807320714 0
vt 0.478312373 0.802178323 0
vt 0.47912392 0.801291525 0
vt 0.035631638 0.859745085 0
vt 0.035631638 0.846723974 0
vt 0.0367253982 0.846723974 0
vt 0.0367253982 0.859745085 0
vt 0.104024023 0.956415236 0
vt 0.104024023 0.964424253 0
vt 0.102930263 0.964424253 0
vt 0.102930263 0.956415236 0
vt 0.491756439 0.800418496 0
vt 0.974622548 0.531422079 0
vt 0.969999015 0.531168222 0
vt 0.970340073 0.520840287 0
vt 0.974622548 0.520840228 0
vt 0.438390046 0.577010691 0
vt 0.434107572 0.577010691 0
vt 0.434643209 0.552049518 0
vt 0.438390046 0.552049577 0
vt 0.541013241 0.848357677 0
vt 0.537573576 0.848357677 0
vt 0.537238479 0.822394431 0
vt 0.54185611 0.823396504 0
vt 0.557960629 0.770468056 0
vt 0.557960629 0.79542923 0
vt 0.547599554 0.79542917 0
vt 0.547599792 0.770468056 0
vt 0.547599554 0.796431422 0
vt 0.547599018 0.821392536 0
vt 0.537485659 0.822394431 0
vt 0.537238419 0.796431243 0
vt 0.907566905 0.991481662 0
vt 0.902040899 0.991262853 0
vt 0.902331352 0.982328236 0
vt 0.907566905 0.982328236 0
vt 0.452859938 0.890487432 0
vt 0.447624356 0.890487492 0
vt 0.448087692 0.818790555 0
vt 0.452859938 0.818790495 0
vt 0.971632302 0.622253001 0
vt 0.97639817 0.622504652 0
vt 0.97639817 0.631670296 0
vt 0.971897662 0.631432652 0
vt 0.111220963 0.818792343 0
vt 0.115727477 0.818791866 0
vt 0.116024844 0.890491009 0
vt 0.110498771 0.890491009 0
vt 0.443898112 0.747092664 0
vt 0.443898082 0.818790436 0
vt 0.434936821 0.818786323 0
vt 0.434935868 0.747092605 0
vt 0.452859908 0.747095287 0
vt 0.452859908 0.818790495 0
vt 0.444112182 0.818788767 0
vt 0.443898112 0.747092605 0
vt 0.71606797 0.983861566 0
vt 0.716067851 0.994443417 0
vt 0.711785376 0.994443417 0
vt 0.711444318 0.984113216 0
vt 0.438390046 0.527088404 0
vt 0.434107602 0.527088404 0
vt 0.464756042 0.927402377 0
vt 0.465062827 0.916790187 0
vt 0.468497932 0.91660881 0
vt 0.468497932 0.927204788 0
vt 0.54185611 0.873318851 0
vt 0.537238419 0.874320745 0
vt 0.557960629 0.820390403 0
vt 0.547599792 0.820390403 0
vt 0.537486255 0.770468056 0
vt 0.547599554 0.771470189 0
vt 0.50536263 0.981550097 0
vt 0.50536263 0.990703523 0
vt 0.500127077 0.990703523 0
vt 0.499836624 0.981768906 0
vt 0.447624356 0.818790495 0
vt 0.447623968 0.890487432 0
vt 0.442851752 0.890487432 0
vt 0.442388773 0.818790495 0
vt 0.970459998 0.399576396 0
vt 0.970725358 0.390396744 0
vt 0.975225866 0.3901591 0
vt 0.975225866 0.399324775 0
vt 0.439739674 0.818790853 0
vt 0.440461785 0.890489578 0
vt 0.434935868 0.890489578 0
vt 0.435233176 0.818790436 0
vt 0.087647751 0.647859871 0
vt 0.0966099948 0.647859991 0
vt 0.0966099873 0.719553769 0
vt 0.0876470655 0.719557643 0
vt 0.119461618 0.818789423 0
vt 0.110498771 0.818791866 0
vt 0.110713243 0.747095704 0
vt 0.119461618 0.747094214 0
vt 0.717856944 0.269254982 0
vt 0.715797007 0.270776927 0
vt 0.715797007 0.263097107 0
vt 0.717856944 0.262270272 0
vt 0.726180971 0.237759978 0
vt 0.717856944 0.238670543 0
vt 0.715797007 0.237148657 0
vt 0.724949419 0.236147448 0
vt 0.726180971 0.270165563 0
vt 0.724949419 0.271778077 0
vt 0.717856944 0.248269916 0
vt 0.715797007 0.247703344 0
vt 0.715797007 0.246387601 0
vt 0.717856944 0.247073263 0
vt 0.715797007 0.261817008 0
vt 0.717856944 0.261106133 0
vt 0.727102935 0.237659097 0
vt 0.727102935 0.270266414 0
vt 0.957228065 0.265725404 0
vt 0.957227528 0.256377667 0
vt 0.961442769 0.256377667 0
vt 0.961443305 0.265725404 0
vt 0.938104033 0.252557397 0
vt 0.933888853 0.252557367 0
vt 0.933888853 0.251241654 0
vt 0.938104093 0.251241684 0
vt 0.938104033 0.267951012 0
vt 0.933888853 0.267950982 0
vt 0.933888853 0.266670913 0
vt 0.938104093 0.266670942 0
vt 0.965506554 0.96955514 0
vt 0.965506613 0.971754551 0
vt 0.961291373 0.971754551 0
vt 0.961291373 0.96955514 0
vt 0.933888853 0.242002815 0
vt 0.938104093 0.24200283 0
vt 0.957227468 0.254178226 0
vt 0.961442709 0.254178226 0
vt 0.938104033 0.275630713 0
vt 0.933888853 0.275630683 0
vt 0.965506911 0.981102347 0
vt 0.961291671 0.981102347 0
vt 0.126028106 0.704756737 0
vt 0.126028106 0.697772145 0
vt 0.127459496 0.697772145 0
vt 0.127459511 0.704756737 0
vt 0.28753975 0.57134372 0
vt 0.286108345 0.57134372 0
vt 0.286108851 0.56284219 0
vt 0.440461844 0.846178412 0
vt 0.440462083 0.837676883 0
vt 0.44189322 0.846178412 0
vt 0.126028106 0.683771968 0
vt 0.126028106 0.682575285 0
vt 0.127459511 0.682575285 0
vt 0.127459511 0.683771968 0
vt 0.126028106 0.696607947 0
vt 0.127459511 0.696608007 0
vt 0.287539691 0.572285354 0
vt 0.286108285 0.572285354 0
vt 0.126028106 0.67417264 0
vt 0.127459511 0.674172699 0
vt 0.440461814 0.847119987 0
vt 0.44189319 0.847119987 0
vt 0.736348867 0.269254982 0
vt 0.736348867 0.262270272 0
vt 0.738408864 0.263097107 0
vt 0.738408864 0.270776898 0
vt 0.72802484 0.237759978 0
vt 0.729256392 0.236147448 0
vt 0.738408864 0.237148643 0
vt 0.736348867 0.238670528 0
vt 0.729256392 0.271778047 0
vt 0.72802484 0.270165563 0
vt 0.736348867 0.248269901 0
vt 0.736348867 0.247073248 0
vt 0.738408864 0.246387571 0
vt 0.738408864 0.247703329 0
vt 0.736348867 0.261106133 0
vt 0.738408864 0.261817008 0
vt 0.957228065 0.242631197 0
vt 0.961443305 0.242631197 0
vt 0.961442769 0.251978844 0
vt 0.957227528 0.251978844 0
vt 0.933825076 0.0292834714 0
vt 0.933825076 0.0279677473 0
vt 0.938040316 0.0279677827 0
vt 0.938040316 0.0292834975 0
vt 0.933825076 0.0446770526 0
vt 0.933825076 0.0433969684 0
vt 0.938040316 0.0433969833 0
vt 0.938040316 0.0446770713 0
vt 0.961291373 0.967355728 0
vt 0.965506613 0.967355728 0
vt 0.938040316 0.0187289268 0
vt 0.933825076 0.052356746 0
vt 0.938040316 0.0523567833 0
vt 0.961291671 0.958008111 0
vt 0.965506911 0.958008111 0
vt 0.438311338 0.455708653 0
vt 0.436879933 0.455708623 0
vt 0.436879933 0.448724031 0
vt 0.438311338 0.448724031 0
vt 0.286108851 0.581728637 0
vt 0.286108345 0.573226929 0
vt 0.28753975 0.573226929 0
vt 0.440461844 0.848061621 0
vt 0.44189322 0.848061621 0
vt 0.441893488 0.85656333 0
vt 0.440462083 0.85656333 0
vt 0.438311338 0.434723824 0
vt 0.436879933 0.434723824 0
vt 0.436879933 0.433527172 0
vt 0.438311338 0.433527201 0
vt 0.436879933 0.447559863 0
vt 0.438311338 0.447559893 0
vt 0.436879933 0.425124556 0
vt 0.438311338 0.425124556 0
vt 0.08908014 0.805135012 0
vt 0.088290602 0.805997849 0
vt 0.0819743276 0.7999686 0
vt 0.0827638805 0.799105763 0
vt 0.0367253982 0.8691926 0
vt 0.035631638 0.869192541 0
vt 0.505138278 0.897299886 0
vt 0.504044533 0.897299886 0
vt 0.0889901519 0.806665599 0
vt 0.0835672244 0.812591672 0
vt 0.0829360485 0.811849177 0
vt 0.876034379 0.610889256 0
vt 0.876034379 0.619719148 0
vt 0.874940634 0.619719148 0
vt 0.565699816 0.942927361 0
vt 0.565699816 0.934097469 0
vt 0.566793621 0.934097469 0
vt 0.566793621 0.942927361 0
vt 0.098485209 0.796289623 0
vt 0.0897797123 0.805802822 0
vt 0.0977856517 0.795621872 0
vt 0.0220497232 0.908816397 0
vt 0.0209559612 0.908816397 0
vt 0.0992967784 0.795402765 0
vt 0.0985972062 0.794735014 0
vt 0.0914693847 0.789592624 0
vt 0.0922809467 0.788705766 0
vt 0.50450927 0.814072251 0
vt 0.505603015 0.814072251 0
vt 0.10402403 0.956415236 0
vt 0.10293027 0.948406219 0
vt 0.105681442 0.788425744 0
vt 0.104913466 0.787832737 0
vt 0.090479292 0.806470573 0
vt 0.0967955589 0.812499821 0
vt 0.0960060209 0.813362598 0
vt 0.089689739 0.80733341 0
vt 0.505138278 0.879640043 0
vt 0.504044533 0.879640043 0
vt 0.504044533 0.870192587 0
vt 0.505138278 0.870192587 0
vt 0.344688684 0.949120939 0
vt 0.343594939 0.949120939 0
vt 0.343594939 0.940291047 0
vt 0.344688684 0.940291047 0
vt 0.0843351781 0.813184738 0
vt 0.0344768725 0.87634325 0
vt 0.0355706438 0.87634325 0
vt 0.108784311 0.874435127 0
vt 0.109878093 0.874435127 0
vt 0.109878078 0.883265018 0
vt 0.108784318 0.883265018 0
vt 0.0991848037 0.796957433 0
vt 0.104024023 0.948406219 0
vt 0.102930263 0.948406219 0
vt 0.102930263 0.939576328 0
vt 0.104024023 0.939576328 0
vt 0.0999963582 0.796070576 0
vt 0.106312618 0.802099824 0
vt 0.105501056 0.802986681 0
vt 0.535901129 0.812070549 0
vt 0.536994874 0.812070549 0
vt 0.536994874 0.82509172 0
vt 0.535901129 0.82509172 0
vt 0.505533516 0.959193349 0
vt 0.504439771 0.959193349 0
vt 0.504439771 0.951184392 0
vt 0.505533516 0.951184392 0
vt 0.106312603 0.789168298 0
vt 0.736348927 0.197550148 0
vt 0.736348927 0.190565452 0
vt 0.738408864 0.191392273 0
vt 0.738408864 0.199072063 0
vt 0.72802484 0.166055143 0
vt 0.729256392 0.164442614 0
vt 0.738408864 0.165443808 0
vt 0.736348927 0.166965708 0
vt 0.729256392 0.200073272 0
vt 0.72802484 0.198460743 0
vt 0.736348927 0.176565096 0
vt 0.736348927 0.175368428 0
vt 0.738408864 0.174682751 0
vt 0.738408864 0.175998509 0
vt 0.736348927 0.189401299 0
vt 0.738408864 0.190112174 0
vt 0.727102935 0.165954292 0
vt 0.727102935 0.164331749 0
vt 0.727102935 0.198561579 0
vt 0.963280022 0.14911738 0
vt 0.959064782 0.14911738 0
vt 0.959065318 0.139769748 0
vt 0.963280559 0.139769733 0
vt 0.938130617 0.593764305 0
vt 0.938130617 0.595080018 0
vt 0.933915377 0.595080018 0
vt 0.933915377 0.593764305 0
vt 0.938130617 0.57837075 0
vt 0.938130617 0.579650819 0
vt 0.933915377 0.57965076 0
vt 0.933915377 0.57837069 0
vt 0.963673651 0.942980409 0
vt 0.959458411 0.942980409 0
vt 0.959458411 0.940780997 0
vt 0.963673651 0.940780997 0
vt 0.938130617 0.604318857 0
vt 0.933915377 0.604318857 0
vt 0.959065378 0.137570336 0
vt 0.963280618 0.137570336 0
vt 0.938130617 0.570691049 0
vt 0.959458709 0.93143338 0
vt 0.963673949 0.93143338 0
vt 0.50450927 0.770467043 0
vt 0.505940616 0.770467043 0
vt 0.505940616 0.777451634 0
vt 0.50450927 0.777451634 0
vt 0.559392571 0.8199386 0
vt 0.557961166 0.8199386 0
vt 0.557960689 0.811436951 0
vt 0.559392095 0.811436951 0
vt 0.504508972 0.828439236 0
vt 0.503077567 0.828439236 0
vt 0.50450927 0.791451812 0
vt 0.505940616 0.791451871 0
vt 0.505940616 0.792648494 0
vt 0.50450927 0.792648494 0
vt 0.505940616 0.778615832 0
vt 0.50450927 0.778615832 0
vt 0.557960629 0.810495317 0
vt 0.559392035 0.810495317 0
vt 0.505940616 0.80105114 0
vt 0.50450927 0.80105108 0
vt 0.504508972 0.82938087 0
vt 0.503077567 0.82938087 0
vt 0.717856944 0.197550163 0
vt 0.715797007 0.199072078 0
vt 0.715797007 0.191392288 0
vt 0.717856944 0.190565452 0
vt 0.726180971 0.166055158 0
vt 0.717856944 0.166965723 0
vt 0.715797007 0.165443838 0
vt 0.724949479 0.164442629 0
vt 0.726180971 0.198460758 0
vt 0.724949419 0.200073257 0
vt 0.717856944 0.176565096 0
vt 0.715797007 0.175998524 0
vt 0.715797007 0.174682781 0
vt 0.717856944 0.175368443 0
vt 0.715797007 0.190112174 0
vt 0.717856944 0.189401299 0
vt 0.963280022 0.126023158 0
vt 0.963280559 0.13537091 0
vt 0.959065318 0.135370925 0
vt 0.959064782 0.126023158 0
vt 0.54185611 0.845467687 0
vt 0.546071351 0.845467687 0
vt 0.546071351 0.846783459 0
vt 0.54185611 0.8467834 0
vt 0.54185611 0.830074072 0
vt 0.546071351 0.830074131 0
vt 0.546071351 0.831354201 0
vt 0.54185611 0.831354201 0
vt 0.963673651 0.94517982 0
vt 0.95945847 0.94517982 0
vt 0.546071351 0.856022298 0
vt 0.54185611 0.856022239 0
vt 0.54185611 0.822394431 0
vt 0.546071351 0.822394431 0
vt 0.963673949 0.954527617 0
vt 0.959458709 0.954527617 0
vt 0.126028106 0.667187989 0
vt 0.127459496 0.667187989 0
vt 0.127459511 0.67417264 0
vt 0.559392571 0.801052153 0
vt 0.559392095 0.809553742 0
vt 0.557960689 0.809553742 0
vt 0.557961166 0.801052153 0
vt 0.504508972 0.830322504 0
vt 0.504508734 0.838824034 0
vt 0.503077328 0.838824034 0
vt 0.503077567 0.830322504 0
vt 0.126028106 0.653187811 0
vt 0.126028106 0.651991189 0
vt 0.127459511 0.651991189 0
vt 0.127459511 0.653187811 0
vt 0.126028106 0.66602385 0
vt 0.127459496 0.66602385 0
vt 0.126028106 0.643588543 0
vt 0.127459511 0.643588543 0
vt 0.514445603 0.8146348 0
vt 0.520761847 0.820664048 0
vt 0.519972324 0.821526825 0
vt 0.51365608 0.815497577 0
vt 0.0367253982 0.878639996 0
vt 0.0367253982 0.869192541 0
vt 0.517512381 0.910913408 0
vt 0.516418636 0.910913408 0
vt 0.516418636 0.902083457 0
vt 0.517512381 0.902083457 0
vt 0.5129565 0.814829767 0
vt 0.508301497 0.821348906 0
vt 0.50753355 0.820755839 0
vt 0.876034379 0.628549039 0
vt 0.874940634 0.628549039 0
vt 0.0367253982 0.896299779 0
vt 0.0356316455 0.896299839 0
vt 0.035631638 0.887469888 0
vt 0.0367254093 0.887469888 0
vt 0.52245158 0.80445385 0
vt 0.5231511 0.805121601 0
vt 0.513746023 0.81396699 0
vt 0.127013385 0.905720413 0
vt 0.12701337 0.896890521 0
vt 0.128107131 0.896890521 0
vt 0.523263097 0.803566992 0
vt 0.523962677 0.804234743 0
vt 0.530278921 0.810263991 0
vt 0.529467404 0.811150849 0
vt 0.535901129 0.83811295 0
vt 0.536994874 0.83811295 0
vt 0.536994874 0.851134062 0
vt 0.535901129 0.851134062 0
vt 0.529046595 0.963543773 0
vt 0.529046595 0.955534756 0
vt 0.529647768 0.796589971 0
vt 0.530278921 0.797332525 0
vt 0.513046443 0.813299239 0
vt 0.51225692 0.814162016 0
vt 0.505940676 0.808132768 0
vt 0.506730199 0.80726999 0
vt 0.529987693 0.861500323 0
vt 0.529987693 0.870947778 0
vt 0.528893948 0.870947778 0
vt 0.528893948 0.861500263 0
vt 0.503345966 0.9423545 0
vt 0.503345966 0.933524609 0
vt 0.506902337 0.820013344 0
vt 0.269802183 0.894007683 0
vt 0.268708408 0.894007683 0
vt 0.270501465 0.936465502 0
vt 0.270501465 0.945295393 0
vt 0.269407719 0.945295393 0
vt 0.269407719 0.936465502 0
vt 0.521752 0.803786039 0
vt 0.0692420006 0.932493687 0
vt 0.0692420006 0.941323638 0
vt 0.0681482404 0.941323638 0
vt 0.0681482404 0.932493687 0
vt 0.522563517 0.802899182 0
vt 0.515435696 0.797756791 0
vt 0.516247272 0.796869934 0
vt 0.0367253982 0.820681632 0
vt 0.0367253982 0.833702743 0
vt 0.035631638 0.833702743 0
vt 0.035631638 0.820681632 0
vt 0.492104799 0.957773864 0
vt 0.491011024 0.957773864 0
vt 0.528879821 0.795996964 0
vt 0.539298415 0.767834127 0
vt 0.537238419 0.769356012 0
vt 0.537238479 0.761676192 0
vt 0.539298415 0.760849416 0
vt 0.547622383 0.736339092 0
vt 0.539298415 0.737249672 0
vt 0.537238479 0.735727787 0
vt 0.546390951 0.734726548 0
vt 0.547622383 0.768744648 0
vt 0.546390951 0.770357192 0
vt 0.539298415 0.74684906 0
vt 0.537238419 0.746282518 0
vt 0.537238419 0.744966686 0
vt 0.539298415 0.745652378 0
vt 0.537238479 0.760396123 0
vt 0.539298415 0.759685278 0
vt 0.548544347 0.736238182 0
vt 0.548544347 0.734615684 0
vt 0.548544347 0.768845439 0
vt 0.548544347 0.770468056 0
vt 0.957233012 0.0904325247 0
vt 0.961448252 0.0904325247 0
vt 0.938146651 0.543787837 0
vt 0.93393141 0.543787837 0
vt 0.93393141 0.542472064 0
vt 0.938146651 0.542472064 0
vt 0.938146651 0.559181392 0
vt 0.93393141 0.559181392 0
vt 0.93393141 0.557901323 0
vt 0.938146651 0.557901323 0
vt 0.963317692 0.532387316 0
vt 0.963317752 0.534586728 0
vt 0.959102511 0.534586728 0
vt 0.959102452 0.532387316 0
vt 0.938146651 0.533233285 0
vt 0.957232952 0.088233158 0
vt 0.961448193 0.088233158 0
vt 0.938146651 0.566861093 0
vt 0.93393141 0.566861033 0
vt 0.96331799 0.543934524 0
vt 0.95910275 0.543934524 0
vt 0.743982852 0.225500003 0
vt 0.743982852 0.218515366 0
vt 0.745414257 0.218515396 0
vt 0.745414257 0.225500003 0
vt 0.110216245 0.798889399 0
vt 0.110215746 0.807390928 0
vt 0.108784355 0.807390928 0
vt 0.108784847 0.798889399 0
vt 0.54616791 0.830895901 0
vt 0.546168149 0.822394431 0
vt 0.547599554 0.822394431 0
vt 0.547599316 0.830895901 0
vt 0.743982852 0.204515204 0
vt 0.743982852 0.203318536 0
vt 0.745414257 0.203318581 0
vt 0.745414257 0.204515234 0
vt 0.743982852 0.217351273 0
vt 0.745414257 0.217351273 0
vt 0.110215694 0.808332503 0
vt 0.108784303 0.808332503 0
vt 0.743982852 0.194915935 0
vt 0.745414257 0.194915935 0
vt 0.54616785 0.831837475 0
vt 0.547599256 0.831837535 0
vt 0.557790339 0.767834127 0
vt 0.557790339 0.760849357 0
vt 0.559850335 0.761676192 0
vt 0.559850335 0.769355953 0
vt 0.549466312 0.736339092 0
vt 0.550697863 0.734726548 0
vt 0.559850335 0.735727787 0
vt 0.557790339 0.737249672 0
vt 0.550697863 0.770357251 0
vt 0.549466312 0.768744648 0
vt 0.557790339 0.746849 0
vt 0.557790399 0.745652378 0
vt 0.559850335 0.744966686 0
vt 0.559850335 0.746282518 0
vt 0.557790339 0.759685278 0
vt 0.559850335 0.760396123 0
vt 0.957233548 0.0766860694 0
vt 0.961448789 0.0766860694 0
vt 0.961448252 0.0860337391 0
vt 0.957233012 0.0860337391 0
vt 0.933937311 0.369005293 0
vt 0.933937371 0.36768949 0
vt 0.938152552 0.36768955 0
vt 0.938152552 0.369005293 0
vt 0.933937311 0.384398848 0
vt 0.933937311 0.383118778 0
vt 0.938152552 0.383118808 0
vt 0.938152552 0.384398848 0
vt 0.959102511 0.530187905 0
vt 0.963317752 0.530187905 0
vt 0.933937311 0.358450681 0
vt 0.938152552 0.358450711 0
vt 0.933937311 0.392078519 0
vt 0.938152552 0.392078519 0
vt 0.95910275 0.520840228 0
vt 0.96331799 0.520840228 0
vt 0.438311338 0.363956243 0
vt 0.436879933 0.363956243 0
vt 0.436879933 0.356971562 0
vt 0.438311338 0.356971651 0
vt 0.110216245 0.817775846 0
vt 0.108784363 0.809274137 0
vt 0.110215753 0.809274137 0
vt 0.54616791 0.832779169 0
vt 0.547599316 0.832779169 0
vt 0.547599554 0.841280818 0
vt 0.546168149 0.841280818 0
vt 0.438311338 0.342971444 0
vt 0.436879933 0.342971414 0
vt 0.436879963 0.341774732 0
vt 0.438311338 0.341774821 0
vt 0.436879933 0.355807453 0
vt 0.438311338 0.355807513 0
vt 0.436879933 0.333372146 0
vt 0.438311338 0.333372205 0
vt 0.0542981848 0.804490507 0
vt 0.0535086133 0.805353284 0
vt 0.0471923128 0.799324036 0
vt 0.0479818843 0.798461199 0
vt 0.453953683 0.873282969 0
vt 0.453953683 0.882730365 0
vt 0.452859938 0.882730365 0
vt 0.452859908 0.873282969 0
vt 0.270501465 0.92763555 0
vt 0.269407719 0.92763555 0
vt 0.0542081855 0.806020975 0
vt 0.0487852059 0.811947048 0
vt 0.0481540523 0.811204672 0
vt 0.491011024 0.932105064 0
vt 0.491011024 0.940935016 0
vt 0.489917248 0.940935016 0
vt 0.489917248 0.932105064 0
vt 0.452859938 0.891560316 0
vt 0.452859908 0.882730365 0
vt 0.0637032241 0.795645058 0
vt 0.0549977571 0.805158257 0
vt 0.0630036891 0.794977307 0
vt 0.453953683 0.926879942 0
vt 0.452859908 0.926879942 0
vt 0.0645148084 0.794758141 0
vt 0.0638152361 0.79409045 0
vt 0.0566873848 0.788947999 0
vt 0.0574989356 0.788061202 0
vt 0.505603015 0.801051199 0
vt 0.505603015 0.814072311 0
vt 0.50450927 0.814072311 0
vt 0.50450927 0.80105114 0
vt 0.565555811 0.951757193 0
vt 0.565555811 0.959766269 0
vt 0.564462066 0.959766269 0
vt 0.564462066 0.951757193 0
vt 0.0708994567 0.787781179 0
vt 0.0701314658 0.787188232 0
vt 0.0556972921 0.805826008 0
vt 0.0620135255 0.811855257 0
vt 0.0612239502 0.812718093 0
vt 0.0549077205 0.806688845 0
vt 0.452859908 0.863835514 0
vt 0.453953683 0.863835454 0
vt 0.453953683 0.873282909 0
vt 0.531234086 0.955534756 0
vt 0.53014034 0.946704924 0
vt 0.531234086 0.946704924 0
vt 0.0495531596 0.812540174 0
vt 0.516418636 0.946233094 0
vt 0.517512381 0.946233094 0
vt 0.517512381 0.955062985 0
vt 0.516418636 0.955062985 0
vt 0.715515971 0.937864482 0
vt 0.716609716 0.937864482 0
vt 0.716609716 0.946694374 0
vt 0.715515971 0.946694374 0
vt 0.0644027963 0.796312869 0
vt 0.453953683 0.953369677 0
vt 0.452859908 0.953369677 0
vt 0.452859908 0.944539785 0
vt 0.453953683 0.944539785 0
vt 0.0652143434 0.795426011 0
vt 0.0715305731 0.801455259 0
vt 0.0707190633 0.802342117 0
vt 0.452859908 0.863835454 0
vt 0.452859908 0.850814342 0
vt 0.453953683 0.850814342 0
vt 0.491011024 0.957773924 0
vt 0.489917278 0.957773924 0
vt 0.489917248 0.949764848 0
vt 0.0715306103 0.788523793 0
vt 0.0800337121 0.757727444 0
vt 0.0779737458 0.759249389 0
vt 0.0779737383 0.751569569 0
vt 0.0800337046 0.750742793 0
vt 0.088357687 0.726232529 0
vt 0.0800336897 0.727143049 0
vt 0.0779737383 0.725621164 0
vt 0.0871262178 0.724619925 0
vt 0.088357687 0.758638024 0
vt 0.0871262327 0.760250628 0
vt 0.0800336972 0.736742377 0
vt 0.0779737383 0.736175895 0
vt 0.0779737309 0.734860122 0
vt 0.0800336972 0.735545754 0
vt 0.0779737383 0.7502895 0
vt 0.0800337046 0.749578595 0
vt 0.0892796367 0.726131618 0
vt 0.0892796367 0.72450912 0
vt 0.0892796442 0.758738875 0
vt 0.0892796516 0.760361433 0
vt 0.961290777 0.958008111 0
vt 0.961291313 0.967355907 0
vt 0.957076073 0.967355907 0
vt 0.957075536 0.958008111 0
vt 0.0392452814 0.889964223 0
vt 0.0434605181 0.889964223 0
vt 0.0434605181 0.891279995 0
vt 0.0392452851 0.891279936 0
vt 0.0392452851 0.874570608 0
vt 0.0434605218 0.874570668 0
vt 0.0434605218 0.875850737 0
vt 0.0392452851 0.875850677 0
vt 0.963323832 0.366850764 0
vt 0.963323832 0.369050145 0
vt 0.959108591 0.369050145 0
vt 0.959108591 0.366850764 0
vt 0.0434605218 0.900518835 0
vt 0.0392452925 0.900518775 0
vt 0.961291373 0.969555259 0
vt 0.957076132 0.969555259 0
vt 0.0392452851 0.866890907 0
vt 0.0434605218 0.866890967 0
vt 0.96332413 0.378397942 0
vt 0.959108889 0.378397942 0
vt 0.743982852 0.194915891 0
vt 0.743982852 0.187931284 0
vt 0.745414257 0.187931284 0
vt 0.458545119 0.836656451 0
vt 0.458545595 0.828154922 0
vt 0.459977001 0.828154922 0
vt 0.459976494 0.836656451 0
vt 0.466898859 0.844068825 0
vt 0.466899127 0.835567355 0
vt 0.468330503 0.835567355 0
vt 0.468330264 0.844068825 0
vt 0.743982852 0.173931092 0
vt 0.743982852 0.172734469 0
vt 0.745414257 0.172734424 0
vt 0.745414257 0.173931122 0
vt 0.743982852 0.186767116 0
vt 0.745414257 0.186767146 0
vt 0.458545655 0.827213347 0
vt 0.459977031 0.827213347 0
vt 0.743982852 0.164331749 0
vt 0.745414257 0.164331824 0
vt 0.466898829 0.845010459 0
vt 0.468330204 0.845010459 0
vt 0.0985256582 0.757727444 0
vt 0.0985256508 0.750742733 0
vt 0.100585617 0.751569569 0
vt 0.100585617 0.759249389 0
vt 0.0902016014 0.726232529 0
vt 0.0914331302 0.724619925 0
vt 0.10058561 0.725621164 0
vt 0.0985256508 0.727143049 0
vt 0.0914331377 0.760250568 0
vt 0.0902016088 0.758638084 0
vt 0.0985256508 0.736742437 0
vt 0.0985256582 0.735545695 0
vt 0.100585617 0.734860122 0
vt 0.100585617 0.736175835 0
vt 0.0985256508 0.749578595 0
vt 0.100585617 0.7502895 0
vt 0.961290777 0.981102347 0
vt 0.957075536 0.981102347 0
vt 0.957076073 0.97175467 0
vt 0.961291313 0.97175467 0
vt 0.264493167 0.904562235 0
vt 0.264493167 0.903246522 0
vt 0.268708408 0.903246582 0
vt 0.268708408 0.904562354 0
vt 0.264493167 0.91995585 0
vt 0.264493167 0.91867578 0
vt 0.268708408 0.91867578 0
vt 0.268708408 0.919955909 0
vt 0.959108591 0.364651352 0
vt 0.963323832 0.364651352 0
vt 0.264493167 0.92763561 0
vt 0.268708408 0.92763555 0
vt 0.127459496 0.613004386 0
vt 0.126028106 0.613004386 0
vt 0.126028106 0.606019795 0
vt 0.127459496 0.606019795 0
vt 0.458545119 0.817770004 0
vt 0.459976494 0.817770004 0
vt 0.459977001 0.826271713 0
vt 0.458545595 0.826271713 0
vt 0.466898859 0.845952094 0
vt 0.468330264 0.845952094 0
vt 0.468330503 0.854453802 0
vt 0.466899127 0.854453802 0
vt 0.127459511 0.592019618 0
vt 0.126028106 0.592019558 0
vt 0.126028106 0.590822995 0
vt 0.127459496 0.590822995 0
vt 0.126028106 0.604855597 0
vt 0.127459496 0.604855657 0
vt 0.126028106 0.582420349 0
vt 0.127459496 0.582420349 0
vt 0.0556972399 0.768550336 0
vt 0.0549076833 0.767687559 0
vt 0.0612239502 0.761658251 0
vt 0.0620135255 0.762521029 0
vt 0.0115717333 0.86359781 0
vt 0.0115717379 0.873045266 0
vt 0.53137815 0.929045081 0
vt 0.53137815 0.937875032 0
vt 0.530284345 0.937875032 0
vt 0.530284345 0.929045081 0
vt 0.0542081483 0.76835531 0
vt 0.0487852246 0.762429237 0
vt 0.0495530888 0.761836231 0
vt 0.517512381 0.928573251 0
vt 0.517512381 0.937403202 0
vt 0.516418636 0.937403202 0
vt 0.516418636 0.928573251 0
vt 0.0637032017 0.778731227 0
vt 0.0549977049 0.769218087 0
vt 0.0644027442 0.778063476 0
vt 0.128107131 0.914550304 0
vt 0.128107131 0.923380256 0
vt 0.12701337 0.923380256 0
vt 0.0645147339 0.779618084 0
vt 0.0652142689 0.778950334 0
vt 0.0707189888 0.772034228 0
vt 0.0715305582 0.772921085 0
vt 0.453953683 0.811751068 0
vt 0.452859908 0.824772179 0
vt 0.452859938 0.811751068 0
vt 0.105117798 0.948406219 0
vt 0.105117798 0.956415236 0
vt 0.10402403 0.956415296 0
vt 0.104024038 0.948406279 0
vt 0.0708994418 0.786595106 0
vt 0.0715305731 0.785852611 0
vt 0.054298114 0.769885957 0
vt 0.0479818657 0.775915146 0
vt 0.0471923128 0.775052369 0
vt 0.0535085611 0.76902312 0
vt 0.516418636 0.865528762 0
vt 0.517512381 0.865528703 0
vt 0.0481539816 0.763171792 0
vt 0.343594939 0.931461155 0
vt 0.344688684 0.931461155 0
vt 0.489917278 0.940934956 0
vt 0.0630036145 0.779399037 0
vt 0.0638151616 0.780285954 0
vt 0.057498917 0.786315143 0
vt 0.0566873848 0.785428345 0
vt 0.491011024 0.965782821 0
vt 0.489917248 0.965782821 0
vt 0.489917248 0.957773864 0
vt 0.472603679 0.700549901 0
vt 0.470543712 0.702071786 0
vt 0.470543712 0.694392025 0
vt 0.472603679 0.69356519 0
vt 0.480927646 0.669054866 0
vt 0.472603679 0.669965446 0
vt 0.470543712 0.668443561 0
vt 0.479696184 0.667442381 0
vt 0.480927646 0.701460481 0
vt 0.479696184 0.703073025 0
vt 0.472603679 0.679564774 0
vt 0.470543712 0.678998291 0
vt 0.470543712 0.677682519 0
vt 0.472603679 0.678368151 0
vt 0.470543712 0.693111897 0
vt 0.472603679 0.692401052 0
vt 0.481849611 0.668954015 0
vt 0.481849611 0.667331457 0
vt 0.481849611 0.701561332 0
vt 0.481849611 0.703183889 0
vt 0.96324414 0.469060212 0
vt 0.963244677 0.478407979 0
vt 0.959029436 0.478407979 0
vt 0.937793136 0.661410272 0
vt 0.933577895 0.661410272 0
vt 0.933577895 0.660094559 0
vt 0.937793136 0.660094559 0
vt 0.937793136 0.676803887 0
vt 0.933577895 0.676803827 0
vt 0.933577895 0.675523758 0
vt 0.937793136 0.675523758 0
vt 0.961066484 0.737318218 0
vt 0.961066484 0.735118866 0
vt 0.965281725 0.735118866 0
vt 0.965281725 0.737318218 0
vt 0.933577895 0.65085566 0
vt 0.937793136 0.65085566 0
vt 0.963244736 0.480607361 0
vt 0.959029496 0.480607361 0
vt 0.937793136 0.684483528 0
vt 0.933577895 0.684483528 0
vt 0.965281427 0.72577107 0
vt 0.108784303 0.7706936 0
vt 0.110215694 0.77069366 0
vt 0.025481414 0.814457715 0
vt 0.0254819039 0.805956185 0
vt 0.0269132964 0.805956185 0
vt 0.0269128066 0.814457715 0
vt 0.0451814905 0.843614995 0
vt 0.0451817438 0.835113525 0
vt 0.0466131419 0.835113525 0
vt 0.0466128848 0.843614995 0
vt 0.108784303 0.756693423 0
vt 0.108784303 0.7554968 0
vt 0.110215694 0.7554968 0
vt 0.110215694 0.756693482 0
vt 0.108784303 0.769529462 0
vt 0.110215694 0.769529462 0
vt 0.0254819654 0.805014551 0
vt 0.0269133598 0.805014551 0
vt 0.108784303 0.747094154 0
vt 0.110215694 0.747094154 0
vt 0.0451814532 0.84455663 0
vt 0.046612855 0.84455663 0
vt 0.491095632 0.700549901 0
vt 0.491095632 0.69356519 0
vt 0.493155599 0.694392025 0
vt 0.493155569 0.702071846 0
vt 0.482771575 0.669054866 0
vt 0.484003097 0.667442381 0
vt 0.493155569 0.668443561 0
vt 0.491095632 0.669965446 0
vt 0.484003097 0.703072965 0
vt 0.482771575 0.701460481 0
vt 0.491095632 0.679564774 0
vt 0.491095632 0.678368151 0
vt 0.493155599 0.677682519 0
vt 0.493155599 0.678998232 0
vt 0.491095632 0.692400992 0
vt 0.493155569 0.693111897 0
vt 0.96324414 0.492154449 0
vt 0.9590289 0.492154449 0
vt 0.959029436 0.482806772 0
vt 0.963244677 0.482806772 0
vt 0.284332395 0.757651567 0
vt 0.284332424 0.756335855 0
vt 0.288547665 0.756335914 0
vt 0.288547635 0.757651627 0
vt 0.284332424 0.773045123 0
vt 0.284332424 0.771765053 0
vt 0.288547635 0.771765113 0
vt 0.288547635 0.773045182 0
vt 0.965281725 0.739517629 0
vt 0.961066484 0.739517629 0
vt 0.284332424 0.747097015 0
vt 0.288547635 0.747097015 0
vt 0.288547635 0.780724943 0
vt 0.965281427 0.748865306 0
vt 0.961066186 0.748865306 0
vt 0.436879933 0.418139935 0
vt 0.438311338 0.418139935 0
vt 0.025481414 0.795571268 0
vt 0.0269128066 0.795571268 0
vt 0.0269132964 0.804072917 0
vt 0.0254819077 0.804072917 0
vt 0.0451814942 0.845498264 0
vt 0.046612896 0.845498264 0
vt 0.0466131419 0.853999972 0
vt 0.0451817438 0.853999972 0
vt 0.438311338 0.404139727 0
vt 0.436879933 0.404139698 0
vt 0.436879933 0.402943075 0
vt 0.438311338 0.402943105 0
vt 0.436879933 0.416975766 0
vt 0.438311338 0.416975766 0
vt 0.436879933 0.394540429 0
vt 0.438311338 0.394540459 0
vt 0.0556971878 0.819610178 0
vt 0.0549076498 0.818747342 0
vt 0.0612239167 0.812718034 0
vt 0.0620134696 0.813580871 0
vt 0.0935460478 0.857106924 0
vt 0.0935460478 0.866554379 0
vt 0.0924522877 0.866554379 0
vt 0.0924522877 0.857106864 0
vt 0.0220972877 0.919784367 0
vt 0.0220972877 0.928614318 0
vt 0.0210035257 0.928614318 0
vt 0.0210035257 0.919784367 0
vt 0.0542081296 0.819415152 0
vt 0.0487851538 0.813489079 0
vt 0.0495530702 0.812896013 0
vt 0.0696530119 0.884123445 0
vt 0.0696530044 0.892953396 0
vt 0.0685592443 0.892953396 0
vt 0.0685592443 0.884123504 0
vt 0.269802183 0.911667407 0
vt 0.269802183 0.920497417 0
vt 0.268708408 0.920497358 0
vt 0.268708408 0.911667407 0
vt 0.0637031868 0.829791069 0
vt 0.0549976863 0.820277929 0
vt 0.0644027218 0.829123318 0
vt 0.064514786 0.830677927 0
vt 0.0652142912 0.830010176 0
vt 0.0707190037 0.82309401 0
vt 0.0715305731 0.823980868 0
vt 0.547261655 0.841280878 0
vt 0.547261596 0.854301989 0
vt 0.54616785 0.854301989 0
vt 0.54616785 0.841280818 0
vt 0.270501465 0.954125345 0
vt 0.270501465 0.962134302 0
vt 0.269407719 0.962134302 0
vt 0.269407719 0.954125285 0
vt 0.0708994716 0.837654948 0
vt 0.0715305731 0.836912394 0
vt 0.0542980805 0.82094574 0
vt 0.0479818657 0.826974988 0
vt 0.0471923128 0.826112211 0
vt 0.0535085239 0.820082903 0
vt 0.0700638369 0.856462002 0
vt 0.0711576045 0.856462002 0
vt 0.0711576045 0.865909457 0
vt 0.0700638443 0.865909457 0
vt 0.566793621 0.951757193 0
vt 0.565699816 0.951757193 0
vt 0.048153948 0.814231575 0
vt 0.492104799 0.932105064 0
vt 0.0704798028 0.95015347 0
vt 0.0693860427 0.941323578 0
vt 0.0704798028 0.941323578 0
vt 0.0630035773 0.83045882 0
vt 0.0638151467 0.831345677 0
vt 0.0574989356 0.837374926 0
vt 0.0566874035 0.836488128 0
vt 0.0722513646 0.851269126 0
vt 0.0711576045 0.851269126 0
vt 0.0722513646 0.838248014 0
vt 0.566793621 0.959766269 0
vt 0.565699816 0.959766269 0
vt 0.0701314285 0.838247955 0
vt 0.0694706067 0.759024262 0
vt 0.0694706067 0.752039552 0
vt 0.0715305656 0.752866387 0
vt 0.0715305656 0.760546148 0
vt 0.0611466244 0.727529287 0
vt 0.0623780861 0.725916743 0
vt 0.0715305656 0.726917922 0
vt 0.0694705993 0.728439867 0
vt 0.0623780861 0.761547387 0
vt 0.0611466281 0.759934843 0
vt 0.0694705993 0.738039196 0
vt 0.0694706067 0.736842573 0
vt 0.0715305731 0.736156881 0
vt 0.0715305656 0.737472713 0
vt 0.0694706067 0.750875473 0
vt 0.0715305731 0.751586318 0
vt 0.0602246672 0.727428436 0
vt 0.0602246597 0.725805879 0
vt 0.0602246672 0.761658251 0
vt 0.0602246709 0.760035634 0
vt 0.961131811 0.673949897 0
vt 0.956916571 0.673949897 0
vt 0.956917107 0.66460222 0
vt 0.961132348 0.66460222 0
vt 0.93815273 0.344581008 0
vt 0.93815273 0.345896751 0
vt 0.93393749 0.345896751 0
vt 0.93393749 0.344581008 0
vt 0.93815273 0.329187423 0
vt 0.93815273 0.330467433 0
vt 0.93393749 0.330467492 0
vt 0.93393749 0.329187423 0
vt 0.963310122 0.411285251 0
vt 0.959094882 0.411285251 0
vt 0.959094942 0.4090859 0
vt 0.963310182 0.4090859 0
vt 0.93815273 0.35513556 0
vt 0.93393749 0.35513556 0
vt 0.956917167 0.662402868 0
vt 0.961132407 0.662402868 0
vt 0.93393749 0.321507782 0
vt 0.95909524 0.399738252 0
vt 0.458545119 0.770687759 0
vt 0.459976494 0.770687819 0
vt 0.468330771 0.816680908 0
vt 0.466899365 0.816680908 0
vt 0.466898888 0.808179319 0
vt 0.468330264 0.808179319 0
vt 0.491672933 0.851969302 0
vt 0.493104339 0.851969302 0
vt 0.493104607 0.860470951 0
vt 0.491673201 0.860470951 0
vt 0.459976494 0.756687641 0
vt 0.458545119 0.756687641 0
vt 0.458545119 0.755490959 0
vt 0.459976494 0.755491018 0
vt 0.458545119 0.76952368 0
vt 0.459976494 0.76952368 0
vt 0.466898829 0.807237685 0
vt 0.468330204 0.807237685 0
vt 0.458545119 0.747088313 0
vt 0.459976494 0.747088373 0
vt 0.491672933 0.851027668 0
vt 0.493104309 0.851027668 0
vt 0.0509786531 0.759024322 0
vt 0.0489186868 0.760546207 0
vt 0.0489186868 0.752866447 0
vt 0.0509786494 0.752039611 0
vt 0.0593027063 0.727529287 0
vt 0.0509786494 0.728439867 0
vt 0.0489186868 0.726917982 0
vt 0.05807117 0.725916803 0
vt 0.05930271 0.759934902 0
vt 0.0580711737 0.761547446 0
vt 0.0509786494 0.738039255 0
vt 0.0489186868 0.737472713 0
vt 0.0489186868 0.736156881 0
vt 0.0509786531 0.736842573 0
vt 0.0489186868 0.751586318 0
vt 0.0509786531 0.750875473 0
vt 0.961131811 0.65085566 0
vt 0.961132348 0.660203457 0
vt 0.956917107 0.660203457 0
vt 0.938109577 0.0872406736 0
vt 0.933894336 0.0872406736 0
vt 0.933894336 0.0859248862 0
vt 0.938109577 0.0859248862 0
vt 0.938109577 0.102634214 0
vt 0.933894336 0.102634214 0
vt 0.933894336 0.101354189 0
vt 0.938109517 0.101354152 0
vt 0.963310182 0.413484693 0
vt 0.959094942 0.413484693 0
vt 0.933894336 0.0766860694 0
vt 0.938109577 0.0766860694 0
vt 0.938109577 0.11031393 0
vt 0.933894336 0.11031393 0
vt 0.96331048 0.422832489 0
vt 0.95909524 0.422832489 0
vt 0.126028106 0.735340774 0
vt 0.126028106 0.728356123 0
vt 0.127459496 0.728356123 0
vt 0.127459496 0.735340834 0
vt 0.468330771 0.797794461 0
vt 0.468330264 0.806296051 0
vt 0.466898888 0.806296051 0
vt 0.466899365 0.797794461 0
vt 0.491672933 0.850086093 0
vt 0.491673201 0.841584504 0
vt 0.493104607 0.841584504 0
vt 0.493104339 0.850086093 0
vt 0.126028106 0.714355946 0
vt 0.126028106 0.713159323 0
vt 0.127459496 0.713159323 0
vt 0.127459496 0.714356005 0
vt 0.126028106 0.727192044 0
vt 0.127459496 0.727192044 0
vt 0.126028106 0.704756677 0
vt 0.127459496 0.704756677 0
vt 0.0904792398 0.832000375 0
vt 0.0967954695 0.838029683 0
vt 0.0960058942 0.838892519 0
vt 0.0896896273 0.832863212 0
vt 0.0696530044 0.884123504 0
vt 0.0696530044 0.874676049 0
vt 0.452859908 0.918049991 0
vt 0.453953683 0.918049991 0
vt 0.0889901295 0.832195461 0
vt 0.0843350366 0.83871454 0
vt 0.0835671499 0.838121474 0
vt 0.542661846 0.939337313 0
vt 0.5415681 0.939337313 0
vt 0.542661846 0.930507362 0
vt 0.517512381 0.893253565 0
vt 0.516418636 0.884423673 0
vt 0.517512381 0.884423673 0
vt 0.0984852016 0.821819484 0
vt 0.0991847366 0.822487295 0
vt 0.0897797346 0.831332624 0
vt 0.516418636 0.919743299 0
vt 0.517512381 0.919743299 0
vt 0.0992968231 0.820932627 0
vt 0.0999963582 0.821600378 0
vt 0.106312588 0.827629745 0
vt 0.105501004 0.828516543 0
vt 0.466899067 0.854453802 0
vt 0.467992842 0.854453802 0
vt 0.467992842 0.867474914 0
vt 0.466899067 0.867474914 0
vt 0.453953683 0.961378694 0
vt 0.452859938 0.961378694 0
vt 0.105681472 0.813955724 0
vt 0.106312588 0.814698219 0
vt 0.0890801325 0.830664814 0
vt 0.08829052 0.83152765 0
vt 0.0819743276 0.825498343 0
vt 0.0827639028 0.824635565 0
vt 0.440799713 0.884897172 0
vt 0.440799713 0.875449777 0
vt 0.441893458 0.875449717 0
vt 0.441893458 0.884897172 0
vt 0.0808307528 0.945603311 0
vt 0.0808307528 0.936773419 0
vt 0.0819245204 0.936773419 0
vt 0.0819245204 0.945603311 0
vt 0.0829359293 0.837378919 0
vt 0.529046595 0.946704924 0
vt 0.12701337 0.94986999 0
vt 0.128107131 0.94986999 0
vt 0.0977856666 0.821151674 0
vt 0.5415681 0.948167205 0
vt 0.542661846 0.948167205 0
vt 0.0985972136 0.820264876 0
vt 0.0914694369 0.815122485 0
vt 0.0922810212 0.814235568 0
vt 0.0254814103 0.808592439 0
vt 0.0243876483 0.808592498 0
vt 0.0243876576 0.795571327 0
vt 0.576999545 0.961334467 0
vt 0.5759058 0.961334467 0
vt 0.5759058 0.95332545 0
vt 0.104913481 0.813362658 0
vt 0.491095632 0.772254646 0
vt 0.491095632 0.765269876 0
vt 0.493155599 0.766096711 0
vt 0.493155599 0.773776472 0
vt 0.482771635 0.740759552 0
vt 0.484003097 0.739147127 0
vt 0.493155569 0.740148306 0
vt 0.491095632 0.741670191 0
vt 0.484003097 0.77477777 0
vt 0.482771635 0.773165166 0
vt 0.491095632 0.751269519 0
vt 0.491095632 0.750072896 0
vt 0.493155569 0.749387264 0
vt 0.493155599 0.750702977 0
vt 0.491095632 0.764105737 0
vt 0.493155599 0.764816642 0
vt 0.48184967 0.74065876 0
vt 0.48184967 0.739036262 0
vt 0.48184967 0.774888575 0
vt 0.48184967 0.773266017 0
vt 0.961378694 0.041823145 0
vt 0.957163453 0.041823145 0
vt 0.95716399 0.0324754752 0
vt 0.96137923 0.0324754752 0
vt 0.0222682338 0.874152422 0
vt 0.0222682301 0.872836709 0
vt 0.0264834613 0.872836709 0
vt 0.0264834668 0.874152541 0
vt 0.0222682301 0.889546037 0
vt 0.0222682301 0.888265908 0
vt 0.0264834613 0.888265967 0
vt 0.0264834668 0.889546037 0
vt 0.925641656 0.97347331 0
vt 0.921426415 0.97347331 0
vt 0.921426415 0.971273959 0
vt 0.925641656 0.971273959 0
vt 0.0222682375 0.86359781 0
vt 0.0264834668 0.863597929 0
vt 0.957164049 0.0302761253 0
vt 0.96137929 0.0302761253 0
vt 0.0222682245 0.897225678 0
vt 0.0264834519 0.897225738 0
vt 0.921426713 0.961926341 0
vt 0.438311338 0.394540429 0
vt 0.436879933 0.394540399 0
vt 0.436879933 0.387555748 0
vt 0.438311338 0.387555748 0
vt 0.468330771 0.835567355 0
vt 0.466899365 0.835567355 0
vt 0.466898888 0.827065766 0
vt 0.468330264 0.827065766 0
vt 0.504044533 0.861690998 0
vt 0.505475938 0.861690998 0
vt 0.505476177 0.870192587 0
vt 0.504044831 0.870192587 0
vt 0.438311338 0.373555541 0
vt 0.436879933 0.373555511 0
vt 0.436879933 0.372358888 0
vt 0.438311338 0.372358918 0
vt 0.436879933 0.38639158 0
vt 0.438311338 0.38639164 0
vt 0.466898829 0.826124132 0
vt 0.468330204 0.826124132 0
vt 0.438311338 0.363956332 0
vt 0.504044533 0.860749364 0
vt 0.505475938 0.860749364 0
vt 0.472603679 0.772254646 0
vt 0.470543712 0.773776531 0
vt 0.470543712 0.766096711 0
vt 0.472603679 0.765269876 0
vt 0.480927736 0.740759671 0
vt 0.472603679 0.741670191 0
vt 0.470543712 0.740148306 0
vt 0.479696184 0.739147127 0
vt 0.480927736 0.773165226 0
vt 0.479696184 0.77477777 0
vt 0.472603679 0.751269579 0
vt 0.470543712 0.750703037 0
vt 0.470543712 0.749387324 0
vt 0.472603679 0.750072837 0
vt 0.470543712 0.764816642 0
vt 0.472603679 0.764105737 0
vt 0.961378694 0.0187288914 0
vt 0.96137923 0.028076686 0
vt 0.95716399 0.028076686 0
vt 0.957163453 0.0187288914 0
vt 0.937751591 0.697838426 0
vt 0.933536351 0.697838426 0
vt 0.933536351 0.696522713 0
vt 0.937751591 0.696522713 0
vt 0.937751591 0.71323204 0
vt 0.933536351 0.713231981 0
vt 0.933536351 0.711951911 0
vt 0.937751591 0.711951911 0
vt 0.925641656 0.975672781 0
vt 0.921426415 0.975672781 0
vt 0.933536351 0.687283814 0
vt 0.937751591 0.687283874 0
vt 0.937751591 0.720911741 0
vt 0.933536351 0.720911682 0
vt 0.925641954 0.985020578 0
vt 0.921426713 0.985020578 0
vt 0.557960629 0.801052153 0
vt 0.557960629 0.794067502 0
vt 0.559392035 0.794067502 0
vt 0.559392035 0.801052153 0
vt 0.468330264 0.825182498 0
vt 0.466898888 0.825182498 0
vt 0.504044533 0.85980773 0
vt 0.504044831 0.8513062 0
vt 0.505476177 0.8513062 0
vt 0.505475938 0.85980773 0
vt 0.557960629 0.780067325 0
vt 0.557960629 0.778870702 0
vt 0.559392035 0.778870642 0
vt 0.559392035 0.780067325 0
vt 0.557960629 0.792903364 0
vt 0.559392035 0.792903364 0
vt 0.557960629 0.770468116 0
vt 0.559392035 0.770468056 0
vt 0.513046563 0.77869463 0
vt 0.506730258 0.784723818 0
vt 0.505940676 0.783861041 0
vt 0.51225698 0.777831793 0
vt 0.126028106 0.735340834 0
vt 0.127121866 0.735340893 0
vt 0.127121866 0.744788289 0
vt 0.126028106 0.744788349 0
vt 0.0808307603 0.927943468 0
vt 0.0819245204 0.927943468 0
vt 0.51295656 0.777164042 0
vt 0.506902456 0.771980405 0
vt 0.50753361 0.77123791 0
vt 0.0220497176 0.891156614 0
vt 0.0209559612 0.882326663 0
vt 0.0220497232 0.882326663 0
vt 0.505138278 0.92378962 0
vt 0.504044533 0.92378962 0
vt 0.52245152 0.787540019 0
vt 0.521752059 0.788207829 0
vt 0.513746083 0.778026879 0
vt 0.714422226 0.937864482 0
vt 0.714422226 0.929034531 0
vt 0.715515971 0.929034531 0
vt 0.523263097 0.788426876 0
vt 0.522563577 0.789094627 0
vt 0.516247213 0.795123875 0
vt 0.515435636 0.794237018 0
vt 0.452859938 0.798729956 0
vt 0.453953683 0.798729956 0
vt 0.452859908 0.811751068 0
vt 0.10511779 0.964424253 0
vt 0.10402403 0.964424253 0
vt 0.10511779 0.956415296 0
vt 0.529647708 0.795403957 0
vt 0.514445662 0.777359009 0
vt 0.513656139 0.776496232 0
vt 0.519972384 0.770467043 0
vt 0.520761967 0.77132982 0
vt 0.104266986 0.857106864 0
vt 0.105360746 0.857106924 0
vt 0.105360746 0.866554379 0
vt 0.508301556 0.770644844 0
vt 0.105261832 0.930746436 0
vt 0.105261825 0.939576328 0
vt 0.104168065 0.939576328 0
vt 0.104168065 0.930746436 0
vt 0.102930263 0.930746436 0
vt 0.10402403 0.930746436 0
vt 0.523151159 0.786872268 0
vt 0.714422226 0.946694374 0
vt 0.523962677 0.787759125 0
vt 0.529467404 0.780843019 0
vt 0.530278981 0.781729877 0
vt 0.458883286 0.86856395 0
vt 0.458883286 0.855542898 0
vt 0.459977031 0.855542898 0
vt 0.459977031 0.86856395 0
vt 0.829469323 0.955232084 0
vt 0.829469323 0.9632411 0
vt 0.828375578 0.9632411 0
vt 0.828375578 0.955232084 0
vt 0.530278981 0.794661403 0
vt 0.491095603 0.736402273 0
vt 0.491095603 0.729417562 0
vt 0.493155599 0.730244398 0
vt 0.493155599 0.737924218 0
vt 0.482771635 0.704907238 0
vt 0.484003097 0.703294754 0
vt 0.493155599 0.704295933 0
vt 0.491095632 0.705817819 0
vt 0.484003097 0.738925397 0
vt 0.482771635 0.737312853 0
vt 0.491095603 0.715417206 0
vt 0.491095632 0.714220524 0
vt 0.493155599 0.713534892 0
vt 0.493155599 0.714850664 0
vt 0.491095603 0.728253424 0
vt 0.493155599 0.728964329 0
vt 0.48184967 0.704806387 0
vt 0.48184967 0.703183889 0
vt 0.48184967 0.737413704 0
vt 0.96139431 0.518869638 0
vt 0.95717907 0.518869638 0
vt 0.957179606 0.509521961 0
vt 0.961394846 0.509521961 0
vt 0.0222682245 0.907780349 0
vt 0.0222682338 0.906464636 0
vt 0.0264834613 0.906464636 0
vt 0.0264834613 0.907780409 0
vt 0.0222682245 0.923173964 0
vt 0.0222682301 0.921893895 0
vt 0.0264834613 0.921893895 0
vt 0.0264834613 0.923173964 0
vt 0.963309646 0.774775803 0
vt 0.959094405 0.774775803 0
vt 0.959094465 0.772576451 0
vt 0.963309705 0.772576451 0
vt 0.0222682301 0.897225797 0
vt 0.0264834613 0.897225797 0
vt 0.957179666 0.507322609 0
vt 0.961394906 0.507322609 0
vt 0.0222682245 0.930853724 0
vt 0.0264834575 0.930853724 0
vt 0.959094703 0.763228834 0
vt 0.963309944 0.763228834 0
vt 0.745414257 0.256084085 0
vt 0.743982852 0.256084085 0
vt 0.743982852 0.249099478 0
vt 0.745414257 0.249099478 0
vt 0.458545119 0.798883557 0
vt 0.459976494 0.798883557 0
vt 0.459977001 0.807385206 0
vt 0.458545595 0.807385206 0
vt 0.459976763 0.845158041 0
vt 0.458545357 0.845158041 0
vt 0.745414257 0.235099271 0
vt 0.743982852 0.235099271 0
vt 0.743982852 0.233902648 0
vt 0.745414257 0.233902648 0
vt 0.743982852 0.24793531 0
vt 0.745414257 0.24793531 0
vt 0.459977031 0.80832684 0
vt 0.458545655 0.80832684 0
vt 0.745414257 0.225500047 0
vt 0.459976792 0.846099675 0
vt 0.458545387 0.846099675 0
vt 0.472603679 0.736402273 0
vt 0.470543712 0.737924218 0
vt 0.470543712 0.730244398 0
vt 0.472603679 0.729417562 0
vt 0.480927736 0.704907238 0
vt 0.472603679 0.705817819 0
vt 0.470543712 0.704295933 0
vt 0.479696184 0.703294814 0
vt 0.480927736 0.737312913 0
vt 0.479696184 0.738925397 0
vt 0.472603679 0.715417206 0
vt 0.470543712 0.714850664 0
vt 0.470543712 0.713534892 0
vt 0.472603679 0.714220583 0
vt 0.470543712 0.728964329 0
vt 0.472603679 0.728253424 0
vt 0.96139431 0.495775372 0
vt 0.961394846 0.505123198 0
vt 0.957179606 0.505123198 0
vt 0.95717907 0.495775372 0
vt 0.938115954 0.21608147 0
vt 0.933900714 0.21608147 0
vt 0.933900714 0.214765757 0
vt 0.938115954 0.214765757 0
vt 0.938115954 0.231475055 0
vt 0.933900714 0.231475025 0
vt 0.933900714 0.230194956 0
vt 0.938115954 0.230194956 0
vt 0.963309705 0.776975274 0
vt 0.959094465 0.776975274 0
vt 0.933900714 0.205526873 0
vt 0.938115954 0.239154771 0
vt 0.933900714 0.239154771 0
vt 0.963309944 0.786323071 0
vt 0.959094703 0.786323071 0
vt 0.743982852 0.286668211 0
vt 0.743982852 0.27968359 0
vt 0.745414257 0.27968362 0
vt 0.745414257 0.286668241 0
vt 0.458545595 0.809268415 0
vt 0.459977001 0.809268415 0
vt 0.459976763 0.847041309 0
vt 0.459976494 0.855542898 0
vt 0.458545119 0.855542898 0
vt 0.458545357 0.847041309 0
vt 0.743982852 0.265683383 0
vt 0.743982852 0.26448676 0
vt 0.745414257 0.26448676 0
vt 0.745414257 0.265683413 0
vt 0.743982852 0.278519452 0
vt 0.745414257 0.278519452 0
vt 0.745414257 0.256084114 0
vt 0.477322221 0.793526411 0
vt 0.483638495 0.799555659 0
vt 0.482848912 0.800418496 0
vt 0.476532638 0.794389248 0
vt 0.0462754704 0.863447428 0
vt 0.0451817065 0.863447428 0
vt 0.0451817028 0.853999972 0
vt 0.046275463 0.853999972 0
vt 0.53014034 0.937875032 0
vt 0.529046595 0.937875032 0
vt 0.529046595 0.929045081 0
vt 0.53014034 0.929045081 0
vt 0.475833118 0.793721497 0
vt 0.471178055 0.800240517 0
vt 0.470410138 0.79964757 0
vt 0.453953683 0.918050051 0
vt 0.452859908 0.918050051 0
vt 0.452859908 0.90922004 0
vt 0.516418636 0.910913348 0
vt 0.517512381 0.910913348 0
vt 0.485328168 0.78334552 0
vt 0.486027718 0.784013271 0
vt 0.476622671 0.79285866 0
vt 0.716609716 0.929034531 0
vt 0.486139715 0.782458723 0
vt 0.486839294 0.783126414 0
vt 0.493155569 0.789155722 0
vt 0.492343992 0.790042579 0
vt 0.452859908 0.837793231 0
vt 0.453953683 0.850814402 0
vt 0.452859908 0.850814402 0
vt 0.827281773 0.9632411 0
vt 0.827281773 0.955232084 0
vt 0.492524415 0.775481701 0
vt 0.493155569 0.776224196 0
vt 0.475923091 0.79219085 0
vt 0.475133538 0.793053627 0
vt 0.468817294 0.787024438 0
vt 0.469606847 0.786161602 0
vt 0.0344768688 0.87634325 0
vt 0.0344768651 0.866895795 0
vt 0.0355706215 0.866895795 0
vt 0.0355706252 0.87634325 0
vt 0.469778925 0.798905015 0
vt 0.531234086 0.937875032 0
vt 0.484628618 0.78267771 0
vt 0.270501465 0.954125285 0
vt 0.485440165 0.781790853 0
vt 0.478312343 0.776648521 0
vt 0.47912392 0.775761664 0
vt 0.535901129 0.838112891 0
vt 0.536994874 0.838112891 0
vt 0.516418636 0.963072002 0
vt 0.516418636 0.955063045 0
vt 0.517512381 0.963072002 0
vt 0.491756469 0.774888575 0
vt 0.933749616 0.163217112 0
vt 0.933749616 0.149831027 0
vt 0.942395091 0.149831027 0
vt 0.942395091 0.164140835 0
vt 0.300198972 0.992869556 0
vt 0.292357147 0.992869556 0
vt 0.293261588 0.984039664 0
vt 0.300198942 0.984039664 0
vt 0.942223608 0.632126808 0
vt 0.942223608 0.645512879 0
vt 0.933578134 0.646436572 0
vt 0.364795297 0.983556807 0
vt 0.364795297 0.992386699 0
vt 0.357857943 0.992386699 0
vt 0.376076698 0.98303318 0
vt 0.376076698 0.992480755 0
vt 0.367431223 0.992480755 0
vt 0.367431223 0.983956873 0
vt 0.735551119 0.983389616 0
vt 0.743392944 0.983389616 0
vt 0.742488503 0.992219508 0
vt 0.735551119 0.992219508 0
vt 0.938055634 0.508796692 0
vt 0.946701109 0.508796692 0
vt 0.946701109 0.521817982 0
vt 0.971955955 0.427399814 0
vt 0.96331048 0.426476151 0
vt 0.96331048 0.417952269 0
vt 0.971955955 0.417952269 0
vt 0.450223744 0.983348727 0
vt 0.450223774 0.992178619 0
vt 0.443286389 0.992178619 0
vt 0.442381948 0.983348727 0
vt 0.946754992 0.0897073373 0
vt 0.938109577 0.0897073597 0
vt 0.946754992 0.0766860694 0
vt 0.128107086 0.877689183 0
vt 0.119461618 0.878612936 0
vt 0.119461626 0.864303112 0
vt 0.128107086 0.864303112 0
vt 0.724595606 0.983659327 0
vt 0.724595606 0.992489219 0
vt 0.717658222 0.992489219 0
vt 0.0461867228 0.9030599 0
vt 0.0461867228 0.917369664 0
vt 0.0375412479 0.916445971 0
vt 0.0375412554 0.9030599 0
vt 0.671301305 0.984448135 0
vt 0.679143071 0.984448135 0
vt 0.67823869 0.993278027 0
vt 0.671301305 0.993278027 0
vt 0.147163242 0.983923972 0
vt 0.147163242 0.992447793 0
vt 0.138517782 0.992447793 0
vt 0.0471923128 0.992271364 0
vt 0.0541297048 0.983441472 0
vt 0.0550341383 0.992271364 0
vt 0.946749508 0.268045425 0
vt 0.938104033 0.268045425 0
vt 0.938104033 0.255024135 0
vt 0.946749508 0.255024165 0
vt 0.437020928 0.983216822 0
vt 0.437020928 0.992664397 0
vt 0.428375453 0.992664397 0
vt 0.428375453 0.984140515 0
vt 0.0784825087 0.992177188 0
vt 0.0706406683 0.992177188 0
vt 0.0715451166 0.983347297 0
vt 0.0784825087 0.983347297 0
vt 0.938109279 0.125394568 0
vt 0.938109279 0.112373292 0
vt 0.946754754 0.112373278 0
vt 0.946754754 0.125394568 0
vt 0.241474986 0.983068943 0
vt 0.241474986 0.992516458 0
vt 0.232829511 0.992516458 0
vt 0.232829511 0.983992636 0
vt 0.711444318 0.992691457 0
vt 0.703602552 0.992691457 0
vt 0.704506934 0.983861566 0
vt 0.711444318 0.983861566 0
vt 0.946438611 0.663876951 0
vt 0.946438611 0.676898241 0
vt 0.937793136 0.676898301 0
vt 0.937793136 0.66387701 0
vt 0.916754007 0.992625892 0
vt 0.908108532 0.991702199 0
vt 0.916754007 0.983178377 0
vt 0.966944456 0.545806289 0
vt 0.966944456 0.55463618 0
vt 0.960007071 0.55463618 0
vt 0.959102631 0.545806229 0
vt 0.938040316 0.0447715372 0
vt 0.946685791 0.0447715297 0
vt 0.946685791 0.0577928275 0
vt 0.938040316 0.0577928461 0
vt 0.394728273 0.992469609 0
vt 0.386082798 0.991545975 0
vt 0.394728273 0.983022094 0
vt 0.11338868 0.983352363 0
vt 0.113388695 0.992182255 0
vt 0.106451303 0.992182255 0
vt 0.946438611 0.65085566 0
vt 0.937793136 0.663876951 0
vt 0.157353207 0.983026564 0
vt 0.157353193 0.992474139 0
vt 0.148707733 0.992474139 0
vt 0.148707733 0.983950257 0
vt 0.766261041 0.992215276 0
vt 0.758419216 0.992215276 0
vt 0.759323657 0.983385384 0
vt 0.766261041 0.983385384 0
vt 0.938040316 0.0447715297 0
vt 0.938040316 0.0317502357 0
vt 0.946685791 0.0317502171 0
vt 0.0663156807 0.992307127 0
vt 0.05767015 0.992307186 0
vt 0.05767015 0.983783305 0
vt 0.945994377 0.399385095 0
vt 0.938152552 0.399385095 0
vt 0.939056993 0.390555114 0
vt 0.945994318 0.390555143 0
vt 0.944765389 0.958008111 0
vt 0.936119914 0.94498682 0
vt 0.96332413 0.369126946 0
vt 0.971969545 0.37005055 0
vt 0.971969545 0.378574401 0
vt 0.96332413 0.378574491 0
vt 0.938130677 0.611625314 0
vt 0.945068061 0.602795422 0
vt 0.945972502 0.611625314 0
vt 0.0374635607 0.953797877 0
vt 0.0461090207 0.953797817 0
vt 0.0461090207 0.966819108 0
vt 0.0374635719 0.966819167 0
vt 0.333143532 0.982901156 0
vt 0.333143532 0.992348731 0
vt 0.324497998 0.992348731 0
vt 0.324497998 0.983824849 0
vt 0.953836203 0.399385095 0
vt 0.946898758 0.390555114 0
vt 0.953836143 0.390555143 0
vt 0.937727451 0.73879236 0
vt 0.946372986 0.73879236 0
vt 0.946754992 0.112176269 0
vt 0.938109577 0.111252606 0
vt 0.938109577 0.10272865 0
vt 0.946754992 0.102728687 0
vt 0.727709293 0.992219508 0
vt 0.734646678 0.983389616 0
vt 0.946754754 0.138415828 0
vt 0.938109279 0.138415828 0
vt 0.220748946 0.982845128 0
vt 0.220748946 0.992292702 0
vt 0.212103426 0.992292702 0
vt 0.212103426 0.983768821 0
vt 0.959078252 0.457322508 0
vt 0.951236427 0.457322508 0
vt 0.952140808 0.448492557 0
vt 0.959078193 0.448492557 0
vt 0.937751591 0.700305104 0
vt 0.937751591 0.687283814 0
vt 0.946397126 0.687283814 0
vt 0.946438611 0.686345935 0
vt 0.937793136 0.685422242 0
vt 0.937793136 0.67689836 0
vt 0.946438611 0.676898301 0
vt 0.321768701 0.98343873 0
vt 0.321768701 0.992268622 0
vt 0.314831316 0.992268622 0
vt 0.946685791 0.0317501463 0
vt 0.938040316 0.0317502208 0
vt 0.311480641 0.992349029 0
vt 0.302835107 0.991425335 0
vt 0.302835107 0.982901454 0
vt 0.311480641 0.982901454 0
vt 0.939730644 0.631572843 0
vt 0.946668029 0.622742891 0
vt 0.94757247 0.631572843 0
vt 0.566809952 0.9663468 0
vt 0.566809952 0.95332545 0
vt 0.575455427 0.95332551 0
vt 0.344169408 0.983262599 0
vt 0.344169408 0.992710114 0
vt 0.335523963 0.992710114 0
vt 0.335523963 0.984186232 0
vt 0.700099051 0.993406057 0
vt 0.692257226 0.993406057 0
vt 0.693161607 0.984576166 0
vt 0.700098991 0.984576166 0
vt 0.94670105 0.495775372 0
vt 0.94670105 0.508796692 0
vt 0.938055634 0.495775372 0
vt 0.119461618 0.887136877 0
vt 0.119461626 0.878612936 0
vt 0.128107145 0.878613055 0
vt 0.950208485 0.631797552 0
vt 0.950208485 0.622967541 0
vt 0.95714587 0.622967601 0
vt 0.958050311 0.631797552 0
vt 0.946397126 0.713326395 0
vt 0.136685699 0.982905805 0
vt 0.136685699 0.992353439 0
vt 0.128040239 0.992353439 0
vt 0.128040239 0.983829558 0
vt 0.872056127 0.99333334 0
vt 0.864214361 0.99333334 0
vt 0.865118742 0.984503448 0
vt 0.872056127 0.984503448 0
vt 0.946754992 0.0897073597 0
vt 0.946754992 0.102728613 0
vt 0.938109577 0.0897073969 0
vt 0.951236427 0.457940221 0
vt 0.942590892 0.457016438 0
vt 0.942590892 0.448492557 0
vt 0.951236427 0.448492616 0
vt 0.945972502 0.611625373 0
vt 0.945972562 0.602795422 0
vt 0.952909946 0.602795422 0
vt 0.953814328 0.611625373 0
vt 0.937727451 0.738792419 0
vt 0.946372986 0.75181365 0
vt 0.416260153 0.982904077 0
vt 0.416260153 0.992351651 0
vt 0.407614678 0.992351651 0
vt 0.407614678 0.98382777 0
vt 0.426027358 0.992390871 0
vt 0.418185502 0.992390871 0
vt 0.419089943 0.983561039 0
vt 0.426027328 0.983561039 0
vt 0.946749508 0.255024076 0
vt 0.938104033 0.24200286 0
vt 0.119231947 0.853765547 0
vt 0.116024844 0.853765488 0
vt 0.116024844 0.818791866 0
vt 0.119231939 0.818791926 0
vt 0.0434605218 0.900353372 0
vt 0.0434605293 0.88362211 0
vt 0.0466676317 0.88362211 0
vt 0.046667628 0.900353372 0
vt 0.0267870128 0.840355635 0
vt 0.0267870128 0.857086897 0
vt 0.0235799029 0.857086897 0
vt 0.0235799085 0.840355635 0
vt 0.100731075 0.647859871 0
vt 0.100731075 0.682833493 0
vt 0.0975239724 0.682833493 0
vt 0.0975239724 0.647859871 0
vt 0.256554335 0.454978764 0
vt 0.272936106 0.454978734 0
vt 0.267202497 0.459556282 0
vt 0.262287974 0.459556311 0
vt 0.289317876 0.489952743 0
vt 0.289317876 0.524926782 0
vt 0.283584267 0.520349264 0
vt 0.283584267 0.49453032 0
vt 0.043460533 0.866890907 0
vt 0.0466676392 0.866890907 0
vt 0.0235799178 0.823624432 0
vt 0.0267870184 0.823624432 0
vt 0.289317876 0.454978734 0
vt 0.283584267 0.459556282 0
vt 0.278669745 0.459556282 0
vt 0.100731075 0.717807174 0
vt 0.0975239724 0.717807114 0
vt 0.272936106 0.489952773 0
vt 0.272936106 0.524926782 0
vt 0.267202497 0.520349264 0
vt 0.267202497 0.49453032 0
vt 0.119231947 0.888739169 0
vt 0.0367736928 0.794862986 0
vt 0.0367736928 0.820681572 0
vt 0.0356316343 0.820681572 0
vt 0.035631638 0.794862926 0
vt 0.278669745 0.485375226 0
vt 0.283584267 0.485375196 0
vt 0.535852849 0.812070549 0
vt 0.535852849 0.786251903 0
vt 0.536994934 0.786251903 0
vt 0.256554335 0.489952773 0
vt 0.262287974 0.485375226 0
vt 0.267202497 0.485375226 0
vt 0.0267870184 0.857086897 0
vt 0.0267870184 0.862106264 0
vt 0.0256449524 0.862106264 0
vt 0.0256449524 0.857086897 0
vt 0.278669745 0.49453032 0
vt 0.278669745 0.520349264 0
vt 0.100731075 0.717807114 0
vt 0.100731075 0.722826481 0
vt 0.0995890126 0.722826481 0
vt 0.0995890051 0.717807114 0
vt 0.262287974 0.520349264 0
vt 0.262287974 0.49453032 0
vt 0.0295623317 0.866895795 0
vt 0.0344768614 0.866895795 0
vt 0.0338420421 0.867810547 0
vt 0.0301971529 0.867810547 0
vt 0.026483465 0.956672609 0
vt 0.0215689335 0.956672609 0
vt 0.0222037584 0.955757797 0
vt 0.025848642 0.955757797 0
vt 0.264493167 0.92763555 0
vt 0.26940769 0.92763555 0
vt 0.26877287 0.928550363 0
vt 0.265127987 0.928550363 0
vt 0.0344768651 0.892714739 0
vt 0.0338420421 0.891799927 0
vt 0.535852849 0.760433257 0
vt 0.535852849 0.734614611 0
vt 0.536994934 0.734614611 0
vt 0.536994934 0.760433257 0
vt 0.469472259 0.767210364 0
vt 0.469472259 0.772229731 0
vt 0.468330204 0.772229731 0
vt 0.468330204 0.767210364 0
vt 0.454001993 0.747092605 0
vt 0.454001993 0.772911251 0
vt 0.452859908 0.772911251 0
vt 0.452859938 0.747092605 0
vt 0.489634603 0.84660387 0
vt 0.489634603 0.841584504 0
vt 0.490776688 0.841584504 0
vt 0.490776688 0.84660387 0
vt 0.452859908 0.798729897 0
vt 0.454001993 0.77291131 0
vt 0.454001993 0.798729897 0
vt 0.0722996742 0.851269066 0
vt 0.0722996742 0.856288433 0
vt 0.0711576045 0.856288433 0
vt 0.0711576045 0.851269066 0
vt 0.438022017 0.455708653 0
vt 0.438022017 0.460728019 0
vt 0.436879933 0.460728019 0
vt 0.436879933 0.455708653 0
vt 0.0975239724 0.722826481 0
vt 0.0986660421 0.717807114 0
vt 0.0986660421 0.722826481 0
vt 0.0356316343 0.76904428 0
vt 0.0367737003 0.76904428 0
vt 0.0367737003 0.794862926 0
vt 0.035631638 0.76904428 0
vt 0.0356316343 0.743225634 0
vt 0.0367737003 0.743225634 0
vt 0.036773704 0.76904428 0
vt 0.025481414 0.808592439 0
vt 0.025481414 0.813611805 0
vt 0.0243393481 0.813611805 0
vt 0.0243393481 0.808592439 0
vt 0.292357147 0.374751896 0
vt 0.292357147 0.398740977 0
vt 0.292020291 0.398740977 0
vt 0.292020291 0.374751866 0
vt 0.292336047 0.454618514 0
vt 0.292336047 0.478607595 0
vt 0.291999221 0.478607595 0
vt 0.291999191 0.454618514 0
vt 0.292357147 0.422730058 0
vt 0.292357147 0.426452726 0
vt 0.292020291 0.426452696 0
vt 0.292020291 0.422730058 0
vt 0.438358873 0.455708653 0
vt 0.438358873 0.459431291 0
vt 0.438022017 0.459431291 0
vt 0.933512032 0.763228834 0
vt 0.937791705 0.764143586 0
vt 0.934146821 0.764143586 0
vt 0.0215689335 0.930853665 0
vt 0.0222037565 0.931768477 0
vt 0.933512032 0.789047718 0
vt 0.934146821 0.788132966 0
vt 0.0264834668 0.930853665 0
vt 0.0258486439 0.931768477 0
vt 0.938426554 0.789047718 0
vt 0.937791705 0.788132966 0
vt 0.26940769 0.953454494 0
vt 0.26877287 0.952539682 0
vt 0.0295623355 0.892714739 0
vt 0.0301971566 0.891799927 0
vt 0.264493167 0.953454494 0
vt 0.265127987 0.952539682 0
vt 0.464756072 0.868630052 0
vt 0.468400955 0.868630052 0
vt 0.468400955 0.892619371 0
vt 0.464756042 0.892619371 0
vt 0.464756042 0.892619431 0
vt 0.468400925 0.892619431 0
vt 0.468400925 0.91660881 0
vt 0.464756042 0.91660881 0
vt 0.470543712 0.767210364 0
vt 0.466898829 0.743220985 0
vt 0.470543712 0.743220985 0
vt 0.292276025 0.791098893 0
vt 0.288631141 0.791098893 0
vt 0.288631141 0.767109573 0
vt 0.292276025 0.767109513 0
vt 0.292020291 0.350762814 0
vt 0.292020291 0.326773733 0
vt 0.292357147 0.326773733 0
vt 0.292357147 0.350762814 0
vt 0.292357147 0.43762061 0
vt 0.292357147 0.441343248 0
vt 0.292020291 0.441343248 0
vt 0.292020291 0.43762061 0
vt 0.292020291 0.430175334 0
vt 0.292357147 0.426452696 0
vt 0.292357147 0.430175334 0
vt 0.438358843 0.459431291 0
vt 0.438358843 0.463153929 0
vt 0.438022017 0.463153929 0
vt 0.292357147 0.433897972 0
vt 0.292020291 0.433897972 0
vt 0.292020291 0.374751896 0
vt 0.292020291 0.302784681 0
vt 0.292357147 0.302784681 0
vt 0.43833825 0.463587224 0
vt 0.43833825 0.487576276 0
vt 0.438001394 0.487576276 0
vt 0.438001394 0.463587224 0
vt 0.43833822 0.487576306 0
vt 0.43833822 0.491298944 0
vt 0.438001394 0.491298944 0
vt 0.438001394 0.487576306 0
vt 0.292336047 0.502596676 0
vt 0.291999191 0.502596676 0
vt 0.291999191 0.478607595 0
vt 0.131737635 0.582423091 0
vt 0.285754472 0.582423091 0
vt 0.278748274 0.589914143 0
vt 0.138743967 0.589914143 0
vt 0.126019239 0.585959733 0
vt 0.126019239 0.743557274 0
vt 0.119461626 0.743557274 0
vt 0.119461618 0.585959733 0
vt 0.460835576 0.585955977 0
vt 0.460835576 0.7435534 0
vt 0.454278111 0.74355334 0
vt 0.454278082 0.585955977 0
vt 0.126028106 0.747094274 0
vt 0.11947047 0.747094214 0
vt 0.46086055 0.747088313 0
vt 0.454303086 0.747088313 0
vt 0.0131151564 0.640792131 0
vt 0.0131151387 0.798094451 0
vt 0.00655758288 0.798094451 0
vt 0.00655759173 0.640792191 0
vt 0.0196727123 0.640792131 0
vt 0.0196727309 0.798094451 0
vt 0.0131151658 0.798094511 0
vt 0.46086058 0.582414567 0
vt 0.454303086 0.582414508 0
vt 0.126028091 0.582420349 0
vt 0.11947047 0.582420349 0
vt 0.285754472 0.747097015 0
vt 0.131737635 0.747097015 0
vt 0.138743967 0.739605963 0
vt 0.278748274 0.739605963 0
vt 0.289212286 0.585961282 0
vt 0.281891495 0.593130469 0
vt 0.12827982 0.743558824 0
vt 0.135600746 0.736389637 0
vt 0.12827982 0.585961282 0
vt 0.135600761 0.593130469 0
vt 0.289212286 0.743558764 0
vt 0.281891495 0.736389637 0
vt 0.570267737 0.467452854 0
vt 0.724284589 0.467452824 0
vt 0.727742434 0.470991015 0
vt 0.727742434 0.628588557 0
vt 0.724284649 0.632126749 0
vt 0.570267737 0.632126749 0
vt 0.566809952 0.628588557 0
vt 0.566809952 0.470991045 0
vt 0.745602489 0.160800919 0
vt 0.74214536 0.164331764 0
vt 0.588160217 0.164331749 0
vt 0.584703088 0.160800889 0
vt 0.584703088 0.00353084295 0
vt 0.588160217 0 0
vt 0.74214536 0 0
vt 0.745602489 0.00353086111 0
vt 0.570267022 0.632126808 0
vt 0.724252164 0.632126808 0
vt 0.720863998 0.635742605 0
vt 0.573655188 0.635742605 0
vt 0.0489186868 0.582420886 0
vt 0.0489100479 0.739690959 0
vt 0.0392452814 0.739690363 0
vt 0.0392539725 0.582420349 0
vt 0.430322289 0.302789688 0
vt 0.430297911 0.460059613 0
vt 0.420633376 0.460058004 0
vt 0.420657754 0.302788049 0
vt 0.0489186868 0.743220568 0
vt 0.0392539725 0.743220031 0
vt 0.430322319 0.463587224 0
vt 0.420657843 0.463585585 0
vt 0.470543683 0.58241564 0
vt 0.470525205 0.739685535 0
vt 0.46086058 0.739684463 0
vt 0.460879058 0.582414508 0
vt 0.0392452814 0.582421422 0
vt 0.0392269194 0.739691436 0
vt 0.0295623317 0.739690304 0
vt 0.0295807086 0.582420349 0
vt 0.470543683 0.743220985 0
vt 0.460879058 0.743219852 0
vt 0.0392452814 0.743225634 0
vt 0.0295806732 0.743224502 0
vt 0.879589558 0.458317906 0
vt 0.879581273 0.608667076 0
vt 0.87712723 0.608666956 0
vt 0.877135456 0.458317757 0
vt 0.724252164 0.796458542 0
vt 0.570267022 0.796458542 0
vt 0.573655188 0.792842746 0
vt 0.720863998 0.792842746 0
vt 0.727709234 0.635657668 0
vt 0.724168956 0.639118075 0
vt 0.566809952 0.792927742 0
vt 0.57035023 0.789467275 0
vt 0.566809952 0.635657668 0
vt 0.57035023 0.639118075 0
vt 0.727709293 0.792927682 0
vt 0.724168956 0.789467275 0
vt 0.291771919 0.605328262 0
vt 0.291795254 0.608700573 0
vt 0.289341211 0.608700156 0
vt 0.289317906 0.605327845 0
vt 0.879589558 0.612041414 0
vt 0.877135456 0.612041235 0
vt 0.0392452478 0.743225932 0
vt 0.0392277241 0.893575072 0
vt 0.036773704 0.893574774 0
vt 0.0367911905 0.743225634 0
vt 0.291789591 0.608700871 0
vt 0.291771948 0.759049952 0
vt 0.289317906 0.759049654 0
vt 0.289335519 0.608700573 0
vt 0.0392452814 0.896953762 0
vt 0.0367912278 0.896953464 0
vt 0.291789621 0.762429774 0
vt 0.289335549 0.762429535 0
vt 0.291795284 0.454979151 0
vt 0.289341271 0.454978734 0
vt 0.972613037 0.487957627 0
vt 0.972613037 0.495775402 0
vt 0.965932012 0.495775402 0
vt 0.965932012 0.487957627 0
vt 0.881921172 0.601145983 0
vt 0.879589617 0.601145983 0
vt 0.879589617 0.593328238 0
vt 0.881921172 0.593328238 0
vt 0.953836203 0.390555918 0
vt 0.958556592 0.390555114 0
vt 0.958556592 0.398372889 0
vt 0.953836203 0.398373663 0
vt 0.968833268 0.755023956 0
vt 0.969713628 0.750209332 0
vt 0.972045243 0.750209332 0
vt 0.972045243 0.755023956 0
vt 0.96331811 0.559450805 0
vt 0.96331811 0.55463618 0
vt 0.965649664 0.55463618 0
vt 0.966530085 0.559450865 0
vt 0.96331811 0.566941977 0
vt 0.96331811 0.562690854 0
vt 0.969999135 0.562690854 0
vt 0.969999194 0.566942036 0
vt 0.965364218 0.762515068 0
vt 0.965364218 0.758264005 0
vt 0.972045243 0.758264005 0
vt 0.972045243 0.762515128 0
vt 0.97489202 0.949658155 0
vt 0.979054272 0.949658215 0
vt 0.979054272 0.95747596 0
vt 0.97489202 0.95747596 0
vt 0.969999135 0.57499671 0
vt 0.96331811 0.57499671 0
vt 0.96331811 0.571756721 0
vt 0.966530085 0.571756721 0
vt 0.700099051 0.992394209 0
vt 0.700099051 0.984576464 0
vt 0.703567207 0.984576166 0
vt 0.703567207 0.99239397 0
vt 0.59415853 0.98474288 0
vt 0.59415853 0.992560625 0
vt 0.587477505 0.992560625 0
vt 0.587477505 0.98474288 0
vt 0.529046595 0.913409531 0
vt 0.53137815 0.913409531 0
vt 0.53137815 0.921227336 0
vt 0.529046595 0.921227336 0
vt 0.975441575 0.178983822 0
vt 0.970721245 0.178984612 0
vt 0.970721245 0.171166852 0
vt 0.975441575 0.171166062 0
vt 0.968857586 0.718141019 0
vt 0.969738007 0.713326335 0
vt 0.972069561 0.713326395 0
vt 0.972069561 0.718141019 0
vt 0.96331811 0.566942036 0
vt 0.965649664 0.566942036 0
vt 0.96331811 0.579247832 0
vt 0.969999135 0.579247892 0
vt 0.965388536 0.725632131 0
vt 0.965388536 0.721381009 0
vt 0.972069561 0.721381068 0
vt 0.972069561 0.725632191 0
vt 0.4465442 0.992178619 0
vt 0.450706452 0.992178619 0
vt 0.450706452 0.999996364 0
vt 0.4465442 0.999996364 0
vt 0.96332413 0.33646062 0
vt 0.970005155 0.33646065 0
vt 0.970005155 0.339700669 0
vt 0.96679318 0.339700639 0
vt 0.670972466 0.984742045 0
vt 0.670972466 0.99255985 0
vt 0.667504311 0.992560089 0
vt 0.667504311 0.984742284 0
vt 0.00668104598 0.995606065 0
vt 0.00668104598 0.98778832 0
vt 0.0133620743 0.98778832 0
vt 0.0133620743 0.995606065 0
vt 0.566793621 0.902826428 0
vt 0.564462066 0.902826428 0
vt 0.564462066 0.895008683 0
vt 0.566793621 0.895008683 0
vt 0.505940676 0.989719927 0
vt 0.510661066 0.989719152 0
vt 0.510661066 0.997536898 0
vt 0.505940676 0.997537673 0
vt 0.464428157 0.98555398 0
vt 0.465308547 0.980739355 0
vt 0.467640132 0.980739355 0
vt 0.467640132 0.98555398 0
vt 0.970005155 0.344515324 0
vt 0.9676736 0.344515294 0
vt 0.970005155 0.332209557 0
vt 0.460959077 0.993045092 0
vt 0.460959077 0.988793969 0
vt 0.467640132 0.988794029 0
vt 0.467640132 0.993045151 0
vt 0.979054272 0.939251125 0
vt 0.97489202 0.939251125 0
vt 0.979054272 0.93143338 0
vt 0.963778973 0.384105057 0
vt 0.970459998 0.384105086 0
vt 0.970459998 0.387345105 0
vt 0.967248023 0.387345105 0
vt 0.660494506 0.984804332 0
vt 0.660494506 0.992622077 0
vt 0.65702635 0.992622316 0
vt 0.65702635 0.984804571 0
vt 0.66750437 0.984742045 0
vt 0.66750437 0.99255985 0
vt 0.660823345 0.99255985 0
vt 0.660823345 0.984742045 0
vt 0.564462066 0.918461919 0
vt 0.566793621 0.918461919 0
vt 0.566793621 0.926279724 0
vt 0.564462066 0.926279724 0
vt 0.04703274 0.996190488 0
vt 0.0423123576 0.996191323 0
vt 0.0423123762 0.988373518 0
vt 0.04703274 0.988372743 0
vt 0.96944958 0.259751648 0
vt 0.97032994 0.254936993 0
vt 0.972661555 0.254936993 0
vt 0.972661555 0.259751648 0
vt 0.970459998 0.39215976 0
vt 0.968128443 0.39215973 0
vt 0.970459998 0.379853994 0
vt 0.963778973 0.379853934 0
vt 0.96598047 0.267242759 0
vt 0.96598047 0.262991637 0
vt 0.972661555 0.262991697 0
vt 0.972661555 0.267242789 0
vt 0.979054272 0.94184047 0
vt 0.97489202 0.949658215 0
vt 0.96332413 0.348766446 0
vt 0.970005155 0.348766476 0
vt 0.970005155 0.352006495 0
vt 0.96679318 0.352006465 0
vt 0.63607043 0.992560387 0
vt 0.63607043 0.984742582 0
vt 0.639538586 0.984742343 0
vt 0.639538586 0.992560148 0
vt 0.962266684 0.642828286 0
vt 0.962266684 0.650646091 0
vt 0.955585659 0.650646091 0
vt 0.955585659 0.642828286 0
vt 0.493104577 0.868288696 0
vt 0.490773022 0.868288696 0
vt 0.490773022 0.860470951 0
vt 0.493104577 0.860470951 0
vt 0.976729333 0.196955115 0
vt 0.972008944 0.196955919 0
vt 0.972008944 0.189138144 0
vt 0.976729333 0.189137354 0
vt 0.96679318 0.361635745 0
vt 0.9676736 0.35682112 0
vt 0.970005155 0.35682115 0
vt 0.970005155 0.361635804 0
vt 0.970005155 0.344515383 0
vt 0.96332413 0.344515294 0
vt 0.96332413 0.369126856 0
vt 0.96332413 0.364875764 0
vt 0.970005155 0.364875823 0
vt 0.970005155 0.369126946 0
vt 0.109709129 1 0
vt 0.105546884 1 0
vt 0.105546869 0.992182255 0
vt 0.109709129 0.992182255 0
vt 0.965916336 0.0411940925 0
vt 0.972597361 0.0411941297 0
vt 0.972597361 0.0444341302 0
vt 0.969385386 0.0444341116 0
vt 0.629060626 0.984742582 0
vt 0.629060626 0.992560327 0
vt 0.62559247 0.992560565 0
vt 0.62559247 0.98474282 0
vt 0.58368057 0.985127568 0
vt 0.58368057 0.992945373 0
vt 0.576999545 0.992945373 0
vt 0.714422226 0.874310195 0
vt 0.716753781 0.874310195 0
vt 0.716753781 0.882128 0
vt 0.714422226 0.882128 0
vt 0.970344484 0.461212695 0
vt 0.975064874 0.46121192 0
vt 0.975064874 0.469029695 0
vt 0.970344484 0.46903047 0
vt 0.939588964 0.98422575 0
vt 0.940469325 0.979411125 0
vt 0.942800939 0.979411125 0
vt 0.942800939 0.98422581 0
vt 0.972597361 0.0492487848 0
vt 0.970265746 0.0492487662 0
vt 0.972597361 0.0369430259 0
vt 0.965916336 0.03694297 0
vt 0.936119914 0.991716862 0
vt 0.936119914 0.987465739 0
vt 0.942800939 0.987465799 0
vt 0.942800939 0.991716921 0
vt 0.442381978 0.999996364 0
vt 0.442381948 0.992178619 0
vt 0.965932012 0.512332261 0
vt 0.972613037 0.51233232 0
vt 0.972613037 0.515572309 0
vt 0.969401062 0.515572309 0
vt 0.450223774 0.991166711 0
vt 0.450223744 0.983348966 0
vt 0.4536919 0.983348727 0
vt 0.45369193 0.991166472 0
vt 0.955757201 0.160532534 0
vt 0.955757201 0.168350309 0
vt 0.949076176 0.168350309 0
vt 0.949076176 0.160532549 0
vt 0.102930263 0.922928691 0
vt 0.105261825 0.922928691 0
vt 0.105261825 0.930746436 0
vt 0.517342031 0.996480584 0
vt 0.512621641 0.996481359 0
vt 0.512621701 0.988663614 0
vt 0.517342031 0.988662779 0
vt 0.96750927 0.165707484 0
vt 0.96838969 0.160892829 0
vt 0.970721245 0.160892859 0
vt 0.970721245 0.165707499 0
vt 0.972613037 0.520386934 0
vt 0.970281482 0.520386934 0
vt 0.972613037 0.508081198 0
vt 0.965932012 0.508081138 0
vt 0.96404022 0.173198611 0
vt 0.96404022 0.168947503 0
vt 0.970721245 0.168947533 0
vt 0.970721245 0.17319864 0
vt 0.0706406683 0.992177129 0
vt 0.0748029426 0.992177188 0
vt 0.0748029426 0.999994934 0
vt 0.0706406981 0.999994934 0
vt 0.0356313363 0.981771886 0
vt 0.0423123576 0.981771886 0
vt 0.0423123538 0.985011935 0
vt 0.0391003974 0.985011935 0
vt 0.352834731 0.990614057 0
vt 0.352834731 0.982796311 0
vt 0.356302887 0.982796013 0
vt 0.356302887 0.990613818 0
vt 0.965916336 0.0570665561 0
vt 0.965916336 0.0492487885 0
vt 0.972597361 0.0570665523 0
vt 0.53137815 0.913409591 0
vt 0.529046595 0.905591786 0
vt 0.53137815 0.905591786 0
vt 0.976844072 0.205527976 0
vt 0.976844132 0.213345736 0
vt 0.972125232 0.213344634 0
vt 0.843268275 0.987416983 0
vt 0.844148695 0.982602358 0
vt 0.84648025 0.982602358 0
vt 0.84648025 0.987416923 0
vt 0.0423123576 0.98982662 0
vt 0.0399807803 0.98982662 0
vt 0.0356313363 0.977520704 0
vt 0.839799225 0.994908035 0
vt 0.839799225 0.990656972 0
vt 0.84648025 0.990656972 0
vt 0.84648025 0.994907975 0
vt 0.249544501 0.982466578 0
vt 0.253706843 0.982466519 0
vt 0.253706843 0.990284324 0
vt 0.249544486 0.990284324 0
vt 0.968129814 0.121169582 0
vt 0.961448789 0.121169582 0
vt 0.961448789 0.117929511 0
vt 0.964660764 0.117929496 0
vt 0.932362974 0.990312696 0
vt 0.932362974 0.982494891 0
vt 0.935831785 0.982495844 0
vt 0.935831785 0.99031359 0
vt 0.948766768 0.321298033 0
vt 0.948766768 0.313480288 0
vt 0.955447793 0.313480288 0
vt 0.955447793 0.321298033 0
vt 0.529046595 0.882138491 0
vt 0.53137815 0.882138491 0
vt 0.53137815 0.889956295 0
vt 0.529046595 0.889956295 0
vt 0.040350236 0.997645557 0
vt 0.0356313512 0.997644424 0
vt 0.0356313363 0.989826679 0
vt 0.040350236 0.989827812 0
vt 0.173660547 0.987352729 0
vt 0.174540937 0.982538164 0
vt 0.176872507 0.982538104 0
vt 0.176872507 0.987352729 0
vt 0.961448789 0.113114819 0
vt 0.963780344 0.113114797 0
vt 0.961448789 0.125420734 0
vt 0.968129814 0.125420734 0
vt 0.170191482 0.994843781 0
vt 0.170191482 0.990592718 0
vt 0.176872507 0.990592718 0
vt 0.176872507 0.994843721 0
vt 0.97430855 0.0656226948 0
vt 0.978470862 0.0656226724 0
vt 0.978470862 0.0734404325 0
vt 0.97430855 0.0734404549 0
vt 0.505940676 0.98166436 0
vt 0.512621701 0.98166436 0
vt 0.512621701 0.984904408 0
vt 0.509409726 0.984904408 0
vt 0.267089218 0.990329802 0
vt 0.267089218 0.982511997 0
vt 0.270558029 0.982512951 0
vt 0.270558029 0.990330696 0
vt 0.949311852 0.0763242021 0
vt 0.949311912 0.0685064271 0
vt 0.955992937 0.0685064346 0
vt 0.955992937 0.0763242021 0
vt 0.529046595 0.897774041 0
vt 0.53137815 0.897774041 0
vt 0.972187877 0.958008111 0
vt 0.976906776 0.958009243 0
vt 0.976906776 0.965826988 0
vt 0.972187877 0.965825856 0
vt 0.184138641 0.987351716 0
vt 0.185019031 0.98253715 0
vt 0.187350601 0.982537091 0
vt 0.187350601 0.987351716 0
vt 0.512621701 0.989719093 0
vt 0.510290086 0.989719093 0
vt 0.512621701 0.977413177 0
vt 0.505940676 0.977413177 0
vt 0.180669576 0.994842768 0
vt 0.180669576 0.990591764 0
vt 0.187350601 0.990591705 0
vt 0.187350601 0.994842708 0
vt 0.978103697 0.00781776104 0
vt 0.973941326 0.00781779084 0
vt 0.973941386 2.72819101e-08 0
vt 0.978103697 0 0
vt 0.00668104598 0.979733586 0
vt 0.0133620743 0.979733527 0
vt 0.0133620743 0.982973635 0
vt 0.0101501076 0.982973635 0
vt 0.0883434117 0.99035114 0
vt 0.0883434117 0.982533395 0
vt 0.0918122381 0.982534289 0
vt 0.0918122381 0.990352094 0
vt 0.608433485 0.992560506 0
vt 0.61511451 0.984742701 0
vt 0.61511451 0.992560506 0
vt 0.102930263 0.89165765 0
vt 0.10526184 0.89165765 0
vt 0.10526184 0.899475396 0
vt 0.102930263 0.899475396 0
vt 0.976801336 0.484697998 0
vt 0.972082436 0.484696895 0
vt 0.972082376 0.47687912 0
vt 0.976801336 0.476880252 0
vt 0.970582843 0.63961786 0
vt 0.969702423 0.644432425 0
vt 0.967370868 0.644432485 0
vt 0.967370868 0.63961786 0
vt 0.0133620789 0.98778832 0
vt 0.0110304933 0.98778832 0
vt 0.0133620789 0.975482345 0
vt 0.00668104598 0.975482404 0
vt 0.974051893 0.632126808 0
vt 0.974051893 0.636377871 0
vt 0.967370868 0.636377931 0
vt 0.967370868 0.632126868 0
vt 0.974268794 0.437802166 0
vt 0.978431106 0.437802106 0
vt 0.978431106 0.445619881 0
vt 0.974268794 0.445619911 0
vt 0.0200431123 0.983537138 0
vt 0.0133620789 0.983537138 0
vt 0.0133620836 0.980297089 0
vt 0.0165740494 0.980297029 0
vt 0.19786863 0.990354717 0
vt 0.19786863 0.982536972 0
vt 0.201337457 0.982537866 0
vt 0.201337457 0.99035567 0
vt 0.955417633 0.0185193084 0
vt 0.955417633 0.0107015427 0
vt 0.962098658 0.0107015427 0
vt 0.962098658 0.0185193103 0
vt 0.716753781 0.913398981 0
vt 0.714422226 0.913398981 0
vt 0.714422226 0.905581236 0
vt 0.716753781 0.905581236 0
vt 0.972069561 0.713326335 0
vt 0.976788521 0.713327467 0
vt 0.976788521 0.721145213 0
vt 0.972069621 0.72114408 0
vt 0.0851314515 0.98734802 0
vt 0.0860118419 0.982533455 0
vt 0.0883434117 0.98734802 0
vt 0.0133620789 0.975482404 0
vt 0.0156936459 0.975482345 0
vt 0.0133620836 0.98778832 0
vt 0.0200431123 0.98778832 0
vt 0.0816623867 0.994839072 0
vt 0.0816623867 0.990588009 0
vt 0.0883434117 0.990588009 0
vt 0.0883434117 0.994839013 0
vt 0.499836653 0.990703523 0
vt 0.503998995 0.990703464 0
vt 0.503998995 0.998521268 0
vt 0.499836624 0.998521268 0
vt 1.78080501e-08 0.979733527 0
vt 0.00668104179 0.979733527 0
vt 0.00668103714 0.982973576 0
vt 0.00346907927 0.982973576 0
vt 0.169863403 0.982527554 0
vt 0.169863403 0.990345299 0
vt 0.166394576 0.990344405 0
vt 0.166394576 0.9825266 0
vt 0.559986651 0.992872655 0
vt 0.553305626 0.992872655 0
vt 0.553305626 0.98505491 0
vt 0.442058116 0.925460935 0
vt 0.439726561 0.925460935 0
vt 0.439726561 0.917643189 0
vt 0.442058116 0.917643189 0
vt 0.976837039 0.141660884 0
vt 0.972118139 0.141659766 0
vt 0.972118139 0.133842006 0
vt 0.976837039 0.133843139 0
vt 0.5348472 0.987340689 0
vt 0.53572762 0.982526064 0
vt 0.538059175 0.982526064 0
vt 0.538059175 0.987340629 0
vt 0.00668104598 0.98778826 0
vt 0.00434948271 0.98778826 0
vt 0.00668103714 0.975482345 0
vt 0.53137815 0.994831741 0
vt 0.53137815 0.990580678 0
vt 0.538059175 0.990580678 0
vt 0.538059175 0.994831681 0
vt 0.974051952 0.632126808 0
vt 0.978214264 0.632126808 0
vt 0.978214264 0.639944553 0
vt 0.974051893 0.639944553 0
vt 0.564977467 0.981299281 0
vt 0.571658492 0.981299281 0
vt 0.571658492 0.98453939 0
vt 0.568446517 0.98453939 0
vt 0.208306551 0.990335107 0
vt 0.208306551 0.982517302 0
vt 0.211775362 0.982518256 0
vt 0.211775377 0.990336001 0
vt 0.955992877 0.0763242021 0
vt 0.955992877 0.0685064346 0
vt 0.962673903 0.0685064271 0
vt 0.962673903 0.0763241947 0
vt 0.716753781 0.86649245 0
vt 0.714422226 0.86649245 0
vt 0.714422226 0.858674705 0
vt 0.976844072 0.221164629 0
vt 0.972125232 0.221163496 0
vt 0.972125173 0.213345736 0
vt 0.976844072 0.213346869 0
vt 0.162925512 0.990017712 0
vt 0.162045106 0.994832277 0
vt 0.159713522 0.994832277 0
vt 0.159713537 0.990017712 0
vt 0.571658492 0.989354074 0
vt 0.569326937 0.989354074 0
vt 0.571658492 0.977048159 0
vt 0.564977467 0.977048159 0
vt 0.166394547 0.9825266 0
vt 0.166394562 0.986777723 0
vt 0.159713537 0.986777723 0
vt 0.159713537 0.98252666 0
vt 0.974528611 0.407556027 0
vt 0.978690922 0.407556027 0
vt 0.978690922 0.415373772 0
vt 0.974528551 0.415373772 0
vt 0.974268794 0.438038915 0
vt 0.967587769 0.438038975 0
vt 0.967587769 0.434798956 0
vt 0.970799744 0.434798926 0
vt 0.232731119 0.982518077 0
vt 0.232731119 0.990335882 0
vt 0.229262292 0.990334928 0
vt 0.229262292 0.982517183 0
vt 0.974528015 0.763228834 0
vt 0.974528015 0.771046579 0
vt 0.96784699 0.771046579 0
vt 0.96784699 0.763228834 0
vt 0.434107572 0.578908026 0
vt 0.431775987 0.578908026 0
vt 0.431775957 0.571090281 0
vt 0.434107572 0.571090281 0
vt 0.383479923 0.997959018 0
vt 0.378761083 0.997958183 0
vt 0.378761053 0.990140378 0
vt 0.383479923 0.990141213 0
vt 0.382230103 0.982649207 0
vt 0.383110523 0.977834523 0
vt 0.385442078 0.977834523 0
vt 0.385442078 0.982649207 0
vt 0.967587769 0.429984391 0
vt 0.969919384 0.429984361 0
vt 0.967587769 0.442290008 0
vt 0.974268794 0.442289948 0
vt 0.378761053 0.985889256 0
vt 0.385442078 0.985889316 0
vt 0.385442078 0.990140438 0
vt 0.974810839 0.113114811 0
vt 0.978973091 0.113114797 0
vt 0.978973091 0.120932564 0
vt 0.974810779 0.120932579 0
vt 0.829609275 0.98707062 0
vt 0.8362903 0.98707056 0
vt 0.8362903 0.99031055 0
vt 0.833078384 0.990310609 0
vt 0.564819157 0.974647999 0
vt 0.564819157 0.982465744 0
vt 0.561349869 0.982466698 0
vt 0.561349869 0.974648893 0
vt 0.63607043 0.984742343 0
vt 0.63607043 0.992560148 0
vt 0.629389405 0.992560148 0
vt 0.503077567 0.838824034 0
vt 0.505409122 0.838824034 0
vt 0.505409122 0.846641779 0
vt 0.503077567 0.846641779 0
vt 0.977331817 0.0265474729 0
vt 0.972612917 0.0265466589 0
vt 0.972612917 0.0187288914 0
vt 0.977331817 0.0187297147 0
vt 0.472029269 0.985472322 0
vt 0.471148878 0.990287006 0
vt 0.468817294 0.990287006 0
vt 0.468817294 0.985472322 0
vt 0.8362903 0.995125115 0
vt 0.833958745 0.995125115 0
vt 0.8362903 0.982819498 0
vt 0.829609275 0.982819557 0
vt 0.475498289 0.977981091 0
vt 0.475498319 0.982232213 0
vt 0.468817294 0.982232213 0
vt 0.468817294 0.977981091 0
vt 0.978704512 0.340027243 0
vt 0.974542201 0.340027273 0
vt 0.978704512 0.332209498 0
vt 0.829110682 0.990846574 0
vt 0.822429657 0.990846634 0
vt 0.822429657 0.987606585 0
vt 0.825641632 0.987606585 0
vt 0.895032287 0.982328296 0
vt 0.895032287 0.990146041 0
vt 0.891562998 0.990146995 0
vt 0.891562998 0.982329249 0
vt 0.00668102363 0.98778832 0
vt 0.00668102363 0.995606124 0
vt 0 0.995606065 0
vt 0 0.98778832 0
vt 0.490773022 0.876106441 0
vt 0.493104577 0.876106441 0
vt 0.493104577 0.883924246 0
vt 0.490773022 0.883924186 0
vt 0.972597301 0.03694297 0
vt 0.977316201 0.0369438045 0
vt 0.977316201 0.0447615646 0
vt 0.972597361 0.0447607338 0
vt 0.966400623 0.302974463 0
vt 0.967280984 0.298159748 0
vt 0.969612598 0.298159778 0
vt 0.969612598 0.302974463 0
vt 0.822429657 0.98279202 0
vt 0.824761212 0.98279202 0
vt 0.822429657 0.995097637 0
vt 0.829110682 0.995097578 0
vt 0.962931573 0.310465634 0
vt 0.962931573 0.306214511 0
vt 0.969612598 0.306214511 0
vt 0.969612598 0.310465634 0
vt 0.978698552 0.57027173 0
vt 0.97453624 0.57027173 0
vt 0.9745363 0.562453985 0
vt 0.978698552 0.562453985 0
vt 0.815748632 0.987043083 0
vt 0.822429657 0.987043083 0
vt 0.822429657 0.990283072 0
vt 0.819217741 0.990283072 0
vt 0.549484909 0.982728422 0
vt 0.549484909 0.974910676 0
vt 0.552954197 0.974909723 0
vt 0.552954197 0.982727528 0
vt 0.518350244 0.995642126 0
vt 0.518350244 0.987824321 0
vt 0.525031269 0.987824321 0
vt 0.525031269 0.995642126 0
vt 0.977322161 0.745895445 0
vt 0.972603321 0.745894611 0
vt 0.977322161 0.7380777 0
vt 0.482764333 0.982795596 0
vt 0.483644724 0.977980852 0
vt 0.485976309 0.977980912 0
vt 0.485976309 0.982795596 0
vt 0.820098102 0.995097637 0
vt 0.815748632 0.982792079 0
vt 0.479295254 0.990286767 0
vt 0.479295254 0.986035645 0
vt 0.485976309 0.986035645 0
vt 0.485976309 0.990286767 0
vt 0.979043841 0.458622634 0
vt 0.97488153 0.458622634 0
vt 0.974881589 0.450804859 0
vt 0.979043841 0.450804859 0
vt 0.97430855 0.0658594817 0
vt 0.967627525 0.0658595338 0
vt 0.967627525 0.0626195371 0
vt 0.9708395 0.0626194775 0
vt 0.479294956 0.985798836 0
vt 0.475825638 0.985799789 0
vt 0.475825638 0.977982044 0
vt 0.974528015 0.778864324 0
vt 0.974528015 0.786682069 0
vt 0.96784699 0.786682069 0
vt 0.96784699 0.778864324 0
vt 0.478255063 0.998105586 0
vt 0.473536193 0.998104751 0
vt 0.473536164 0.990287006 0
vt 0.478255063 0.990287781 0
vt 0.0317190364 0.982890069 0
vt 0.0325994231 0.978075385 0
vt 0.0349310003 0.978075385 0
vt 0.0349309966 0.982890069 0
vt 0.967627525 0.0578049347 0
vt 0.96995908 0.0578049161 0
vt 0.967627525 0.0701105446 0
vt 0.97430855 0.0701104924 0
vt 0.028249966 0.9903813 0
vt 0.028249966 0.986130178 0
vt 0.0349309966 0.986130178 0
vt 0.0349309966 0.9903813 0
vt 0.9745363 0.55463618 0
vt 0.978698552 0.55463618 0
vt 0.978698552 0.562453926 0
vt 0.97453624 0.562453985 0
vt 0.277251482 0.990783453 0
vt 0.270570457 0.990783453 0
vt 0.270570457 0.987543523 0
vt 0.273782432 0.987543464 0
vt 0.962563992 0.424024075 0
vt 0.962563992 0.43184182 0
vt 0.959094703 0.431842744 0
vt 0.959094703 0.424024999 0
vt 0.974528611 0.415373772 0
vt 0.967847586 0.415373772 0
vt 0.967847586 0.407556027 0
vt 0.0704798102 0.901222706 0
vt 0.0681482404 0.901222706 0
vt 0.0704798102 0.893404901 0
vt 0.473536164 0.990287781 0
vt 0.473536164 0.998105586 0
vt 0.468817294 0.998104751 0
vt 0.96678704 0.537960827 0
vt 0.96766746 0.533146203 0
vt 0.969999015 0.533146203 0
vt 0.969999015 0.537960827 0
vt 0.270570457 0.982728899 0
vt 0.272902012 0.982728899 0
vt 0.270570457 0.995034516 0
vt 0.277251482 0.995034456 0
vt 0.96331799 0.545452058 0
vt 0.96331799 0.541200936 0
vt 0.969999015 0.541200936 0
vt 0.969999015 0.545452058 0
vt 0.9745363 0.57027179 0
vt 0.978698552 0.57027179 0
vt 0.978698552 0.578089535 0
vt 0.97453624 0.578089535 0
vt 0.0924522877 0.987083375 0
vt 0.0991333053 0.987083316 0
vt 0.0991333053 0.990323365 0
vt 0.0959213451 0.990323365 0
vt 0.815681696 0.981322587 0
vt 0.815681696 0.989140391 0
vt 0.812212408 0.989141285 0
vt 0.812212408 0.98132354 0
vt 0.62559247 0.984742582 0
vt 0.62559247 0.992560327 0
vt 0.618911445 0.992560327 0
vt 0.716753781 0.897763491 0
vt 0.714422226 0.897763491 0
vt 0.714422226 0.889945745 0
vt 0.716753781 0.889945745 0
vt 0.484014153 0.990286767 0
vt 0.488733023 0.990287602 0
vt 0.488733023 0.998105347 0
vt 0.484014153 0.998104513 0
vt 0.0250379872 0.982890069 0
vt 0.0259183906 0.978075385 0
vt 0.028249966 0.978075385 0
vt 0.028249966 0.982890069 0
vt 0.0991333053 0.99513793 0
vt 0.0968017355 0.99513793 0
vt 0.0991333053 0.982832313 0
vt 0.0924522877 0.982832372 0
vt 0.0215689335 0.9903813 0
vt 0.0215689335 0.986130178 0
vt 0.0282499623 0.986130178 0
vt 0.978977978 0.673949897 0
vt 0.978977978 0.681767642 0
vt 0.974815726 0.681767702 0
vt 0.97198689 0.707644343 0
vt 0.965305865 0.707644343 0
vt 0.965305865 0.704404294 0
vt 0.96851784 0.704404354 0
vt 0.442322552 0.969926775 0
vt 0.442322552 0.97774452 0
vt 0.438853264 0.977745473 0
vt 0.438853234 0.969927669 0
vt 0.945857406 0.994741738 0
vt 0.945857406 0.986923993 0
vt 0.952538431 0.994741738 0
vt 0.102930263 0.915110946 0
vt 0.105261832 0.915110946 0
vt 0.105261832 0.922928691 0
vt 0.10293027 0.922928691 0
vt 0.972666919 0.0766863674 0
vt 0.977383316 0.0766860694 0
vt 0.977383316 0.0845038369 0
vt 0.972666919 0.084504135 0
vt 0.853458047 0.986262083 0
vt 0.854338467 0.981447399 0
vt 0.856670022 0.981447458 0
vt 0.856670022 0.986262083 0
vt 0.965305865 0.69958967 0
vt 0.96763742 0.69958967 0
vt 0.965305865 0.711895406 0
vt 0.97198689 0.711895466 0
vt 0.849988997 0.993753135 0
vt 0.849988997 0.989502013 0
vt 0.856670022 0.989502072 0
vt 0.856670022 0.993753195 0
vt 0.974528551 0.407556027 0
vt 0.974528551 0.399738252 0
vt 0.978690863 0.399738252 0
vt 0.965305865 0.691534936 0
vt 0.97198689 0.691534996 0
vt 0.97198689 0.694774985 0
vt 0.968774915 0.694774985 0
vt 0.442230344 0.939279437 0
vt 0.442230344 0.947097182 0
vt 0.4387604 0.947096944 0
vt 0.4387604 0.939279199 0
vt 0.597955465 0.992560625 0
vt 0.60463655 0.98474288 0
vt 0.60463655 0.992560625 0
vt 0.53137815 0.88213855 0
vt 0.529046595 0.88213855 0
vt 0.529046595 0.874320745 0
vt 0.977377892 0.250448942 0
vt 0.972661495 0.25044927 0
vt 0.972661555 0.242631495 0
vt 0.977377892 0.242631197 0
vt 0.119236812 0.989444494 0
vt 0.118356414 0.994259059 0
vt 0.116024844 0.994259059 0
vt 0.116024844 0.989444494 0
vt 0.969655335 0.69958961 0
vt 0.122705862 0.981953382 0
vt 0.122705877 0.986204445 0
vt 0.116024844 0.986204445 0
vt 0.978668094 0.205526859 0
vt 0.974505782 0.205526859 0
vt 0.974505782 0.197709098 0
vt 0.978668094 0.197709084 0
vt 0.454278082 0.984990418 0
vt 0.460959107 0.984990478 0
vt 0.460959107 0.988230467 0
vt 0.457747161 0.988230467 0
vt 0.442230344 0.947097421 0
vt 0.442230344 0.954915166 0
vt 0.4387604 0.954914927 0
vt 0.4387604 0.947097182 0
vt 0.542803824 0.995033383 0
vt 0.542803824 0.987215638 0
vt 0.549484849 0.987215638 0
vt 0.549484849 0.995033383 0
vt 0.53137815 0.921227276 0
vt 0.977377892 0.266085088 0
vt 0.972661495 0.266085416 0
vt 0.972661495 0.258267641 0
vt 0.977377892 0.258267313 0
vt 0.969401062 0.500590026 0
vt 0.970281482 0.495775372 0
vt 0.972613037 0.500590026 0
vt 0.460959107 0.993045151 0
vt 0.458627552 0.993045151 0
vt 0.460959107 0.980739415 0
vt 0.454278082 0.980739355 0
vt 0.965932012 0.503830016 0
vt 0.972613037 0.503830075 0
vt 0.972613037 0.508081138 0
vt 0.974149704 0.279945701 0
vt 0.978312016 0.279945731 0
vt 0.978312016 0.287763506 0
vt 0.974149704 0.287763476 0
vt 0.972612917 0.0267836209 0
vt 0.965931952 0.0267835669 0
vt 0.965931952 0.0235435478 0
vt 0.969143867 0.0235435851 0
vt 0.468226016 0.927402675 0
vt 0.468226016 0.93522042 0
vt 0.464756042 0.935220182 0
vt 0.650345325 0.992622137 0
vt 0.650345385 0.984804332 0
vt 0.65702641 0.984804332 0
vt 0.65702641 0.992622077 0
vt 0.566793621 0.910644174 0
vt 0.564462066 0.910644174 0
vt 0.972666919 0.084504433 0
vt 0.977383316 0.084504135 0
vt 0.977383316 0.0923219025 0
vt 0.972666919 0.0923222005 0
vt 0.860139012 0.986262083 0
vt 0.861019433 0.981447399 0
vt 0.863350987 0.981447458 0
vt 0.863350987 0.986262083 0
vt 0.965931892 0.0187288914 0
vt 0.968263507 0.01872891 0
vt 0.965931892 0.0310346335 0
vt 0.972612977 0.0310346875 0
vt 0.856669962 0.993753135 0
vt 0.856669962 0.989502072 0
vt 0.863350987 0.989502072 0
vt 0.863350987 0.993753195 0
vt 0.940282226 0.991716921 0
vt 0.944444537 0.991716921 0
vt 0.944444537 0.999534726 0
vt 0.940282226 0.999534667 0
vt 0.972187877 0.9783687 0
vt 0.965506852 0.97836864 0
vt 0.965506852 0.975128591 0
vt 0.968718827 0.975128591 0
vt 0.442230344 0.931461394 0
vt 0.442230344 0.939279139 0
vt 0.4387604 0.939278901 0
vt 0.967824757 0.205526859 0
vt 0.967824757 0.197709084 0
vt 0.489773214 0.924287319 0
vt 0.492104799 0.924287319 0
vt 0.489773214 0.932105064 0
vt 0.0282499846 0.990381598 0
vt 0.0329663567 0.9903813 0
vt 0.0329663567 0.998199046 0
vt 0.028249966 0.998199344 0
vt 0.802319467 0.986137211 0
vt 0.803199828 0.981322587 0
vt 0.805531442 0.981322587 0
vt 0.805531442 0.986137271 0
vt 0.965506852 0.970313907 0
vt 0.967838466 0.970313907 0
vt 0.965506852 0.982619703 0
vt 0.972187877 0.982619762 0
vt 0.798850417 0.993628263 0
vt 0.798850358 0.989377201 0
vt 0.805531442 0.98937726 0
vt 0.805531442 0.993628323 0
vt 0.974149704 0.287763506 0
vt 0.978312016 0.295581251 0
vt 0.974149704 0.295581281 0
vt 0.965506911 0.962259173 0
vt 0.972187877 0.962259233 0
vt 0.972187877 0.965499282 0
vt 0.968975961 0.965499222 0
vt 0.468226016 0.95867461 0
vt 0.468226016 0.966492355 0
vt 0.464756042 0.966492176 0
vt 0.464756042 0.958674371 0
vt 0.969612539 0.305977523 0
vt 0.969612539 0.298159748 0
vt 0.976293564 0.298159748 0
vt 0.976293564 0.305977523 0
vt 0.972666919 0.0923224986 0
vt 0.977383256 0.0923222005 0
vt 0.977383256 0.100139968 0
vt 0.972666919 0.100140266 0
vt 0.778740168 0.986139953 0
vt 0.779620528 0.981325328 0
vt 0.781952143 0.981325388 0
vt 0.781952143 0.986140013 0
vt 0.972187877 0.970313907 0
vt 0.969856322 0.970313907 0
vt 0.972187877 0.95800817 0
vt 0.965506852 0.958008111 0
vt 0.775271118 0.993631065 0
vt 0.775271118 0.989380002 0
vt 0.781952143 0.989380002 0
vt 0.781952143 0.993631124 0
vt 0.940282226 0.999534726 0
vt 0.936119914 0.999534667 0
vt 0.936119914 0.991716921 0
vt 0.96598047 0.24688226 0
vt 0.972661555 0.246882319 0
vt 0.972661555 0.250122339 0
vt 0.96944958 0.250122309 0
vt 0.829469383 0.947414339 0
vt 0.829469383 0.955232084 0
vt 0.825999379 0.955231845 0
vt 0.825999379 0.9474141 0
vt 0.948904634 0.650646091 0
vt 0.948904634 0.642828286 0
vt 0.955585659 0.650646031 0
vt 0.0681482404 0.909040451 0
vt 0.0704798028 0.909040451 0
vt 0.0704798028 0.916858196 0
vt 0.0681482404 0.916858196 0
vt 0.0262853242 0.998199046 0
vt 0.0215689335 0.998199344 0
vt 0.0215689521 0.990381598 0
vt 0.0262853242 0.9903813 0
vt 0.969454944 0.0938065201 0
vt 0.970335364 0.0889918432 0
vt 0.972666919 0.0889918953 0
vt 0.972666919 0.093806535 0
vt 0.972661495 0.242631242 0
vt 0.96598053 0.242631197 0
vt 0.965985894 0.101297587 0
vt 0.965985894 0.0970465168 0
vt 0.972666919 0.0970465392 0
vt 0.972666919 0.101297639 0
vt 0.978690326 0.771046579 0
vt 0.978690326 0.763228834 0
vt 0.489634603 0.841584206 0
vt 0.489634633 0.83376646 0
vt 0.493104577 0.833766699 0
vt 0.493104577 0.841584444 0
vt 0.295814991 0.747092664 0
vt 0.292357177 0.743554473 0
vt 0.299678087 0.736385345 0
vt 0.302821308 0.739601612 0
vt 0.724284589 0.467452794 0
vt 0.570267737 0.467452824 0
vt 0.566809952 0.463914603 0
vt 0.566809952 0.306317091 0
vt 0.570267737 0.3027789 0
vt 0.724284589 0.3027789 0
vt 0.727742434 0.306317091 0
vt 0.727742434 0.463914633 0
vt 0.453289628 0.743554473 0
vt 0.449831814 0.747092664 0
vt 0.442825615 0.739601612 0
vt 0.445968837 0.736385345 0
vt 0.292357147 0.585956991 0
vt 0.295814961 0.58241874 0
vt 0.302821308 0.589909852 0
vt 0.299678087 0.593126118 0
vt 0.449831814 0.58241874 0
vt 0.442825615 0.589909852 0
vt 0.453289628 0.585956931 0
vt 0.445968837 0.593126118 0
vt 0.436879933 0.460090369 0
vt 0.430322349 0.460090399 0
vt 0.430322349 0.302788109 0
vt 0.11287009 0.743559241 0
vt 0.112895094 0.747094154 0
vt 0.106337614 0.747094095 0
vt 0.106312618 0.743559182 0
vt 0.119452767 0.743557274 0
vt 0.11290396 0.747094214 0
vt 0.112895109 0.743557274 0
vt 0.00655758288 0.640792131 0
vt 0 0.798094511 0
vt 1.78080501e-08 0.640792131 0
vt 0.112895109 0.582420349 0
vt 0.112870112 0.585961819 0
vt 0.106312618 0.585961759 0
vt 0.106337599 0.582420349 0
vt 0.119461596 0.582420349 0
vt 0.119452767 0.585959733 0
vt 0.112895109 0.585959733 0
vt 0.11290396 0.582420349 0
vt 0.730648458 0.789226949 0
vt 0.861562729 0.789226949 0
vt 0.85560745 0.795594335 0
vt 0.736603796 0.795594335 0
vt 0.498729587 0.670339942 0
vt 0.498729527 0.804297805 0
vt 0.493155569 0.804297805 0
vt 0.493155628 0.670339942 0
vt 0.0252465438 0.643802404 0
vt 0.0252465792 0.777760148 0
vt 0.0196727309 0.777760148 0
vt 0.0196727663 0.643802345 0
vt 0.498737127 0.807304263 0
vt 0.493163139 0.807304263 0
vt 0.0252678413 0.780764878 0
vt 0.019693993 0.780764818 0
vt 0.535852849 0.868321538 0
vt 0.530278981 0.868321598 0
vt 0.530278981 0.73461467 0
vt 0.738408983 0.298038781 0
vt 0.738408864 0.164331794 0
vt 0.743982792 0.164331749 0
vt 0.743982852 0.298038751 0
vt 0.0252678059 0.640792131 0
vt 0.0196940284 0.640792131 0
vt 0.498737127 0.667331457 0
vt 0.493163139 0.667331457 0
vt 0.861562729 0.929199755 0
vt 0.730648458 0.929199755 0
vt 0.736603796 0.92283237 0
vt 0.85560745 0.92283237 0
vt 0.864501894 0.792234421 0
vt 0.858279228 0.798328161 0
vt 0.727709293 0.926192284 0
vt 0.733932078 0.920098543 0
vt 0.727709293 0.792234421 0
vt 0.733932078 0.798328161 0
vt 0.864501894 0.926192284 0
vt 0.858279228 0.920098543 0
vt 0.879455924 0.279945701 0
vt 0.748541594 0.279945672 0
vt 0.745602489 0.2769382 0
vt 0.745602489 0.142980337 0
vt 0.748541653 0.139972851 0
vt 0.879455984 0.13997291 0
vt 0.882395089 0.142980382 0
vt 0.882395089 0.27693823 0
vt 0.292357177 0.750623465 0
vt 0.295814276 0.747092605 0
vt 0.431478828 0.747092664 0
vt 0.434935868 0.750623524 0
vt 0.434935838 0.890472472 0
vt 0.431478798 0.894003332 0
vt 0.295814276 0.894003332 0
vt 0.292357147 0.890472472 0
vt 0.12827982 0.890476823 0
vt 0.128279835 0.750627875 0
vt 0.131820083 0.754088283 0
vt 0.131820068 0.887016356 0
vt 0.0876470655 0.582420945 0
vt 0.0876385123 0.720979512 0
vt 0.0779737309 0.720978916 0
vt 0.0779822767 0.582420349 0
vt 0.0779737309 0.582422197 0
vt 0.0779493302 0.720980644 0
vt 0.0682847276 0.720978796 0
vt 0.0683091953 0.582420349 0
vt 0.0876470655 0.72450912 0
vt 0.0779823139 0.724508464 0
vt 0.0779737309 0.724508226 0
vt 0.0683091953 0.724506438 0
vt 0.058601778 0.582421601 0
vt 0.0585833304 0.722270489 0
vt 0.0489186868 0.722269177 0
vt 0.0489371009 0.582420349 0
vt 0.0682847276 0.582421601 0
vt 0.0682663843 0.722270489 0
vt 0.058601778 0.722269237 0
vt 0.0586200841 0.582420349 0
vt 0.058601778 0.725805938 0
vt 0.0489371717 0.725804687 0
vt 0.0682846904 0.725804746 0
vt 0.0586200505 0.725803494 0
vt 0.882494986 0.302779049 0
vt 0.882486761 0.434416771 0
vt 0.880032659 0.434416592 0
vt 0.880040944 0.3027789 0
vt 0.270858496 0.750627875 0
vt 0.270858467 0.890476823 0
vt 0.267318159 0.887016356 0
vt 0.267318189 0.754088283 0
vt 0.131736875 0.747097015 0
vt 0.135125041 0.750712812 0
vt 0.267401367 0.894007683 0
vt 0.264013201 0.890391827 0
vt 0.13173686 0.894007623 0
vt 0.135125026 0.890391827 0
vt 0.267401367 0.747097015 0
vt 0.264013231 0.750712812 0
vt 0.8820436 0.589955866 0
vt 0.882066965 0.593328178 0
vt 0.879612923 0.593327701 0
vt 0.879589617 0.589955389 0
vt 0.882494986 0.437791049 0
vt 0.880040944 0.4377909 0
vt 0.0295348819 0.762334168 0
vt 0.0295173228 0.895262182 0
vt 0.0270633027 0.895261884 0
vt 0.0270807557 0.76233381 0
vt 0.108784303 0.747094452 0
vt 0.108766675 0.880022466 0
vt 0.106312618 0.880022168 0
vt 0.106330246 0.747094154 0
vt 0.0295348465 0.898640871 0
vt 0.0270808265 0.898640573 0
vt 0.108784303 0.883402348 0
vt 0.106330208 0.88340199 0
vt 0.882066965 0.458318233 0
vt 0.879612923 0.458317757 0
vt 0.97196275 0.733825743 0
vt 0.965281725 0.733825743 0
vt 0.965281725 0.730585694 0
vt 0.9684937 0.730585694 0
vt 0.688153088 0.984784424 0
vt 0.688153088 0.99260217 0
vt 0.681472063 0.99260217 0
vt 0.10526184 0.907293141 0
vt 0.102930263 0.907293141 0
vt 0.105261832 0.899475396 0
vt 0.972012579 0.591269255 0
vt 0.97673291 0.59126848 0
vt 0.97673291 0.599086285 0
vt 0.972012579 0.599087059 0
vt 0.795638442 0.986137211 0
vt 0.796518862 0.981322646 0
vt 0.798850417 0.981322587 0
vt 0.798850417 0.986137271 0
vt 0.965281725 0.72577107 0
vt 0.96761328 0.72577107 0
vt 0.965281725 0.738076806 0
vt 0.97196275 0.738076866 0
vt 0.792169392 0.993628323 0
vt 0.792169392 0.989377201 0
vt 0.798850417 0.98937726 0
vt 0.798850417 0.993628383 0
vt 0.974542201 0.350597233 0
vt 0.978704512 0.350597262 0
vt 0.978704512 0.358415008 0
vt 0.97454226 0.358414978 0
vt 0.971632302 0.620096087 0
vt 0.964951277 0.620096028 0
vt 0.964951277 0.616856039 0
vt 0.968163252 0.616855979 0
vt 0.691621184 0.984784424 0
vt 0.691621184 0.99260217 0
vt 0.688153028 0.992602408 0
vt 0.688153088 0.984784663 0
vt 0.925641954 0.992838323 0
vt 0.918960929 0.992838323 0
vt 0.918960929 0.985020578 0
vt 0.0681482404 0.924675941 0
vt 0.0704798028 0.924675941 0
vt 0.0704798028 0.932493746 0
vt 0.958534718 0.610613167 0
vt 0.953814328 0.610613942 0
vt 0.953814387 0.602796197 0
vt 0.958534718 0.602795422 0
vt 0.967248201 0.318809927 0
vt 0.968128622 0.313995212 0
vt 0.970460176 0.313995242 0
vt 0.970460176 0.318809837 0
vt 0.967282832 0.612041354 0
vt 0.964951277 0.62434715 0
vt 0.971632302 0.62434715 0
vt 0.963779151 0.326300979 0
vt 0.963779151 0.322049856 0
vt 0.970460176 0.322049916 0
vt 0.970460176 0.326301038 0
vt 0.0748029426 0.992177129 0
vt 0.0789652169 0.992177188 0
vt 0.0789652169 0.999994934 0
vt 0.0748029798 0.999994874 0
vt 0.972661555 0.275297463 0
vt 0.96598053 0.275297433 0
vt 0.96598047 0.272057414 0
vt 0.969192445 0.272057474 0
vt 0.597626746 0.98474288 0
vt 0.597626746 0.992560625 0
vt 0.59415859 0.992560863 0
vt 0.59415859 0.984743118 0
vt 0.974528611 0.399738252 0
vt 0.974528611 0.407555997 0
vt 0.967847586 0.407555997 0
vt 0.503345966 0.925706863 0
vt 0.505677581 0.925706863 0
vt 0.505677581 0.933524609 0
vt 0.571658492 0.988325775 0
vt 0.576378882 0.98832494 0
vt 0.576378882 0.996142685 0
vt 0.571658492 0.99614352 0
vt 0.967142999 0.936248064 0
vt 0.96802336 0.93143338 0
vt 0.970354974 0.93143338 0
vt 0.970354974 0.936248004 0
vt 0.96598047 0.267242789 0
vt 0.968312085 0.267242819 0
vt 0.96598053 0.279548526 0
vt 0.972661555 0.279548556 0
vt 0.963673949 0.943739176 0
vt 0.963673949 0.939487994 0
vt 0.970354974 0.939488053 0
vt 0.970354974 0.943739176 0
vt 0.113871403 1 0
vt 0.113871366 0.992182255 0
vt 0.970344484 0.458859563 0
vt 0.963663459 0.458859503 0
vt 0.963663459 0.455619454 0
vt 0.966875434 0.455619484 0
vt 0.608104646 0.98474288 0
vt 0.608104646 0.992560625 0
vt 0.60463649 0.992560863 0
vt 0.60463649 0.984743118 0
vt 0.973625541 0.545806229 0
vt 0.973625541 0.553624034 0
vt 0.966944456 0.553624034 0
vt 0.966944456 0.545806229 0
vt 0.976718366 0.24143438 0
vt 0.971997976 0.24143517 0
vt 0.971998036 0.23361741 0
vt 0.976718366 0.233616635 0
vt 0.809000432 0.986137271 0
vt 0.809880853 0.981322587 0
vt 0.812212408 0.981322646 0
vt 0.812212408 0.986137271 0
vt 0.965995014 0.450804859 0
vt 0.963663459 0.463110626 0
vt 0.970344484 0.463110685 0
vt 0.805531383 0.993628383 0
vt 0.805531383 0.98937726 0
vt 0.812212408 0.98937726 0
vt 0.812212408 0.993628383 0
vt 0.978831828 0.540963948 0
vt 0.974669635 0.540963948 0
vt 0.978831828 0.533146203 0
vt 0.97027868 0.682004631 0
vt 0.963597655 0.682004571 0
vt 0.963597655 0.678764522 0
vt 0.96680963 0.678764582 0
vt 0.8362903 0.990637541 0
vt 0.8362903 0.982819736 0
vt 0.839758456 0.982819498 0
vt 0.839758456 0.990637302 0
vt 0.646548212 0.98480463 0
vt 0.646548212 0.992622375 0
vt 0.639867187 0.992622375 0
vt 0.639867187 0.98480463 0
vt 0.975180566 0.332208693 0
vt 0.970460176 0.332209438 0
vt 0.970460236 0.324391693 0
vt 0.975180566 0.324390918 0
vt 0.967142999 0.94855386 0
vt 0.968023419 0.943739176 0
vt 0.970354974 0.943739235 0
vt 0.970354974 0.94855386 0
vt 0.963597655 0.673949957 0
vt 0.96592921 0.673949897 0
vt 0.963597655 0.686255693 0
vt 0.97027868 0.686255693 0
vt 0.963673949 0.956044972 0
vt 0.963673949 0.951793849 0
vt 0.970354974 0.951793849 0
vt 0.970354974 0.956044972 0
vt 0.978690326 0.771046638 0
vt 0.978690326 0.778864384 0
vt 0.618582606 0.984742701 0
vt 0.618582606 0.992560446 0
vt 0.61511445 0.992560685 0
vt 0.61511445 0.984742939 0
vt 0.518350244 0.979769528 0
vt 0.525031269 0.979769528 0
vt 0.525031269 0.983009636 0
vt 0.521819234 0.983009636 0
vt 0.969961584 0.152054951 0
vt 0.969961584 0.14423719 0
vt 0.976642609 0.14423719 0
vt 0.976642609 0.152054951 0
vt 0.881921172 0.608963728 0
vt 0.879589617 0.608963728 0
vt 0.972118139 0.126023099 0
vt 0.976837039 0.126024246 0
vt 0.976837039 0.133842006 0
vt 0.972118199 0.133840859 0
vt 0.349622726 0.987610638 0
vt 0.350503176 0.982796073 0
vt 0.352834731 0.982796013 0
vt 0.352834731 0.987610638 0
vt 0.522699714 0.987824261 0
vt 0.518350244 0.975518405 0
vt 0.346153736 0.99510169 0
vt 0.346153736 0.990850627 0
vt 0.352834731 0.990850627 0
vt 0.352834731 0.995101631 0
vt 0.902040958 0.991481662 0
vt 0.90620327 0.991481662 0
vt 0.90620327 0.999299407 0
vt 0.902040899 0.999299407 0
vt 0.96331799 0.52509141 0
vt 0.969999015 0.52509141 0
vt 0.969999015 0.528331518 0
vt 0.966786981 0.528331518 0
vt 0.549484909 0.990546227 0
vt 0.55295366 0.982729375 0
vt 0.55295366 0.990547121 0
vt 0.976293564 0.313795298 0
vt 0.969612539 0.313795298 0
vt 0.566793621 0.918461978 0
vt 0.564462066 0.918461978 0
vt 0.976801336 0.47687912 0
vt 0.972082436 0.476877958 0
vt 0.972082376 0.469060212 0
vt 0.976801336 0.469061345 0
vt 0.968718886 0.990110874 0
vt 0.967838466 0.994925439 0
vt 0.965506911 0.994925439 0
vt 0.965506911 0.990110874 0
vt 0.967667401 0.533146143 0
vt 0.969999015 0.520840228 0
vt 0.972187877 0.986870825 0
vt 0.965506852 0.986870885 0
vt 0.965506852 0.982619822 0
vt 0.978214264 0.647762299 0
vt 0.974051893 0.647762358 0
vt 0.974051952 0.639944553 0
vt 0.969983339 0.607661486 0
vt 0.963302314 0.607661486 0
vt 0.963302314 0.604421496 0
vt 0.966514289 0.604421437 0
vt 0.187350601 0.990354896 0
vt 0.190819383 0.982538044 0
vt 0.190819383 0.99035579 0
vt 0.969983339 0.607424498 0
vt 0.969983339 0.599606752 0
vt 0.976664305 0.599606752 0
vt 0.976664305 0.607424557 0
vt 0.976906776 0.981464863 0
vt 0.972187936 0.98146373 0
vt 0.972187877 0.973645985 0
vt 0.976906776 0.973647118 0
vt 0.970937669 0.284760326 0
vt 0.971818149 0.279945761 0
vt 0.974149704 0.284760237 0
vt 0.963302314 0.599606752 0
vt 0.965633869 0.599606812 0
vt 0.963302314 0.611912668 0
vt 0.969983339 0.611912668 0
vt 0.967468679 0.292251378 0
vt 0.967468679 0.288000315 0
vt 0.974149704 0.288000315 0
vt 0.974149704 0.292251348 0
vt 0.972187936 0.99043864 0
vt 0.976350248 0.990438581 0
vt 0.976350188 0.998256385 0
vt 0.972187877 0.998256385 0
vt 0.485976309 0.982232034 0
vt 0.492657304 0.982232034 0
vt 0.492657334 0.985472083 0
vt 0.489445329 0.985472083 0
vt 0.277251482 0.990546644 0
vt 0.277251482 0.982728899 0
vt 0.280720264 0.982729793 0
vt 0.280720264 0.990547597 0
vt 0.564977467 0.997171879 0
vt 0.564977467 0.989354074 0
vt 0.571658492 0.997171879 0
vt 0.439726561 0.902007699 0
vt 0.442058116 0.902007699 0
vt 0.442058116 0.909825444 0
vt 0.439726561 0.909825444 0
vt 0.972187877 0.965827048 0
vt 0.976906776 0.96582818 0
vt 0.976906776 0.973645926 0
vt 0.972187936 0.973644793 0
vt 0.194616511 0.987351596 0
vt 0.195496947 0.982536972 0
vt 0.197828516 0.982536972 0
vt 0.197828516 0.987351537 0
vt 0.492657334 0.990286827 0
vt 0.490325749 0.990286827 0
vt 0.492657304 0.977980912 0
vt 0.485976309 0.977980852 0
vt 0.191147506 0.994842649 0
vt 0.191147506 0.990591586 0
vt 0.197828516 0.990591586 0
vt 0.197828516 0.994842649 0
vt 0.492895365 0.998104513 0
vt 0.488733023 0.998104572 0
vt 0.488733053 0.990286827 0
vt 0.492895365 0.990286767 0
vt 0.963280559 0.148488358 0
vt 0.969961584 0.148488358 0
vt 0.969961584 0.151728436 0
vt 0.966749609 0.151728436 0
vt 0.84648025 0.990420103 0
vt 0.849949002 0.982603312 0
vt 0.849949002 0.990421057 0
vt 0.969961584 0.159872711 0
vt 0.976642609 0.159872711 0
vt 0.102930263 0.883839905 0
vt 0.10526184 0.883839905 0
vt 0.976906776 0.982620895 0
vt 0.976906776 0.99043864 0
vt 0.972187877 0.990437508 0
vt 0.284548461 0.990309656 0
vt 0.283668041 0.995124221 0
vt 0.281336457 0.995124221 0
vt 0.281336457 0.990309715 0
vt 0.969961584 0.156543106 0
vt 0.967630029 0.156543106 0
vt 0.969961584 0.14423722 0
vt 0.963280618 0.14423719 0
vt 0.288017452 0.987069666 0
vt 0.281336457 0.987069666 0
vt 0.281336457 0.982818604 0
vt 0.973625481 0.545806289 0
vt 0.977787852 0.545806229 0
vt 0.977787852 0.553624034 0
vt 0.973625481 0.553624034 0
vt 0.180341288 0.982539058 0
vt 0.180341288 0.990356803 0
vt 0.176872507 0.990355909 0
vt 0.932323039 0.990549505 0
vt 0.925641954 0.990549505 0
vt 0.925641954 0.987309456 0
vt 0.928853929 0.987309456 0
vt 0.949311852 0.0685064346 0
vt 0.942630768 0.0763242021 0
vt 0.484014153 0.998105347 0
vt 0.479295284 0.998104513 0
vt 0.484014153 0.990287602 0
vt 0.0747617185 0.863029957 0
vt 0.0756421462 0.858215272 0
vt 0.077973716 0.858215272 0
vt 0.0779737234 0.863029957 0
vt 0.925641954 0.98249495 0
vt 0.927973568 0.982494891 0
vt 0.925641894 0.994800508 0
vt 0.932322979 0.994800508 0
vt 0.0712926462 0.870521247 0
vt 0.0712926462 0.866270065 0
vt 0.0779737309 0.866270065 0
vt 0.0779737309 0.870521188 0
vt 0.974542201 0.358415008 0
vt 0.978704512 0.366232753 0
vt 0.974542201 0.366232753 0
vt 0.201625466 0.986768365 0
vt 0.208306551 0.986768365 0
vt 0.208306551 0.990008354 0
vt 0.205094546 0.990008354 0
vt 0.442322552 0.962108076 0
vt 0.442322552 0.969925821 0
vt 0.438853234 0.969926715 0
vt 0.438853264 0.96210897 0
vt 0.942085683 0.321298033 0
vt 0.942085683 0.313480288 0
vt 0.489773244 0.916469574 0
vt 0.492104799 0.916469574 0
vt 0.972612977 0.487957627 0
vt 0.977331877 0.487958431 0
vt 0.977331877 0.495776206 0
vt 0.972612977 0.495775372 0
vt 0.962152183 0.755024016 0
vt 0.963032603 0.750209332 0
vt 0.965364158 0.750209332 0
vt 0.965364218 0.755024016 0
vt 0.208306551 0.994822919 0
vt 0.205974981 0.994822919 0
vt 0.208306536 0.982517302 0
vt 0.201625466 0.982517362 0
vt 0.958683133 0.762515247 0
vt 0.958683133 0.758264124 0
vt 0.965364218 0.758264065 0
vt 0.965364218 0.762515247 0
vt 0.973941386 0.00781780854 0
vt 0.978103697 0.00781779084 0
vt 0.978103697 0.0156355556 0
vt 0.973941326 0.0156355761 0
vt 0.267089218 0.990566552 0
vt 0.260408133 0.990566611 0
vt 0.260408133 0.987326562 0
vt 0.263620138 0.987326562 0
vt 0.955447733 0.321298957 0
vt 0.955447733 0.313481212 0
vt 0.958917081 0.313480288 0
vt 0.958917081 0.321298033 0
vt 0.948736548 0.0185193084 0
vt 0.948736548 0.0107015437 0
vt 0.489773214 0.900834024 0
vt 0.492104799 0.900834024 0
vt 0.492104799 0.908651829 0
vt 0.489773214 0.908651829 0
vt 0.977316201 0.0525801852 0
vt 0.972597301 0.0525793284 0
vt 0.972597301 0.0447615646 0
vt 0.977316201 0.0447624214 0
vt 0.960128546 0.681441128 0
vt 0.959248126 0.686255813 0
vt 0.956916571 0.686255813 0
vt 0.956916571 0.681441128 0
vt 0.260408133 0.982511997 0
vt 0.262739718 0.982511997 0
vt 0.260408133 0.994817615 0
vt 0.267089218 0.994817555 0
vt 0.963597655 0.673949897 0
vt 0.963597655 0.67820102 0
vt 0.956916571 0.678201079 0
vt 0.978784859 0.528658032 0
vt 0.974622548 0.528658032 0
vt 0.978784859 0.520840228 0
vt 0.260408133 0.990566552 0
vt 0.253727049 0.990566611 0
vt 0.253727049 0.987326622 0
vt 0.256939054 0.987326622 0
vt 0.860466897 0.975529015 0
vt 0.860466897 0.96771121 0
vt 0.863936186 0.967710316 0
vt 0.863936186 0.975528061 0
vt 0.949076176 0.160532534 0
vt 0.942395091 0.168350309 0
vt 0.972612917 0.0265474711 0
vt 0.977331758 0.026548285 0
vt 0.977331758 0.0343660526 0
vt 0.972612917 0.0343652368 0
vt 0.961919487 0.720817566 0
vt 0.961039066 0.72563225 0
vt 0.958707511 0.72563225 0
vt 0.958707511 0.720817626 0
vt 0.253727049 0.982512057 0
vt 0.256058633 0.982511997 0
vt 0.253727049 0.994817615 0
vt 0.260408133 0.994817555 0
vt 0.965388536 0.713326335 0
vt 0.965388536 0.717577517 0
vt 0.958707452 0.717577517 0
vt 0.958707452 0.713326395 0
vt 0.978690326 0.786682129 0
vt 0.974528015 0.786682129 0
vt 0.974528015 0.778864384 0
vt 0.978690326 0.778864324 0
vt 0.222581208 0.986768186 0
vt 0.229262292 0.986768186 0
vt 0.229262292 0.990008175 0
vt 0.226050287 0.990008175 0
vt 0.829407871 0.972258747 0
vt 0.829407871 0.980076492 0
vt 0.825938582 0.980077446 0
vt 0.825938582 0.972259641 0
vt 0.942223549 0.650646091 0
vt 0.942223549 0.642828286 0
vt 0.714422226 0.882127941 0
vt 0.716753781 0.882127941 0
vt 0.977034569 0.109116249 0
vt 0.972315729 0.109115414 0
vt 0.972315669 0.101297639 0
vt 0.977034569 0.101298474 0
vt 0.546272933 0.979724467 0
vt 0.547153354 0.974909723 0
vt 0.549484909 0.974909723 0
vt 0.549484909 0.979724467 0
vt 0.229262292 0.994822741 0
vt 0.226930723 0.994822741 0
vt 0.222581208 0.982517183 0
vt 0.542803824 0.982964516 0
vt 0.549484909 0.982964516 0
vt 0.549484909 0.987215638 0
vt 0.978704512 0.342779458 0
vt 0.978704453 0.350597233 0
vt 0.0321620218 0.974637866 0
vt 0.0321620218 0.966820121 0
vt 0.0356313363 0.974636912 0
vt 0.965347886 0.655106723 0
vt 0.972028911 0.655106723 0
vt 0.972028911 0.658346832 0
vt 0.968816936 0.658346772 0
vt 0.968129814 0.120932557 0
vt 0.968129814 0.113114797 0
vt 0.974810839 0.113114797 0
vt 0.974810839 0.120932557 0
vt 0.489773214 0.916469574 0
vt 0.489773244 0.908651829 0
vt 0.977377892 0.258267015 0
vt 0.972661495 0.258267313 0
vt 0.972661555 0.250449568 0
vt 0.977377892 0.25044927 0
vt 0.785757959 0.986139894 0
vt 0.786638379 0.981325328 0
vt 0.788969934 0.981325269 0
vt 0.788969934 0.986139894 0
vt 0.972028911 0.663161457 0
vt 0.969697356 0.663161397 0
vt 0.972028911 0.65085572 0
vt 0.782288909 0.993631005 0
vt 0.782288909 0.989379883 0
vt 0.788969934 0.989379942 0
vt 0.788969934 0.993631065 0
vt 0.974268794 0.429984391 0
vt 0.978431165 0.429984361 0
vt 0.978431165 0.437802106 0
vt 0.974268794 0.437802136 0
vt 0.965985894 0.0809371322 0
vt 0.972666919 0.0809371695 0
vt 0.972666919 0.0841772035 0
vt 0.969455004 0.0841771662 0
vt 0.468226016 0.935220659 0
vt 0.468226016 0.943038464 0
vt 0.464756042 0.943038225 0
vt 0.464756072 0.93522048 0
vt 0.942055523 0.0185193736 0
vt 0.948736548 0.0107015427 0
vt 0.948736548 0.0185193717 0
vt 0.0245817862 0.814457715 0
vt 0.0269133542 0.814457715 0
vt 0.0269133598 0.822275519 0
vt 0.0245817862 0.822275519 0
vt 0.972612977 0.495776504 0
vt 0.977329373 0.495776176 0
vt 0.977329373 0.503593981 0
vt 0.972612977 0.503594339 0
vt 0.898571849 0.989819348 0
vt 0.897691488 0.994633973 0
vt 0.895359874 0.994633973 0
vt 0.895359933 0.989819348 0
vt 0.972666979 0.0889918432 0
vt 0.970335364 0.0889918059 0
vt 0.972666919 0.0766860992 0
vt 0.902040899 0.982328296 0
vt 0.902040899 0.986579359 0
vt 0.895359874 0.986579359 0
vt 0.895359874 0.982328236 0
vt 0.96746099 0.205293283 0
vt 0.963298619 0.205293283 0
vt 0.963298619 0.197475448 0
vt 0.96746099 0.197475448 0
vt 0.499836624 0.989604771 0
vt 0.493155599 0.989604712 0
vt 0.493155569 0.986364722 0
vt 0.496367544 0.986364782 0
vt 0.489634633 0.833766222 0
vt 0.489634603 0.825948417 0
vt 0.493104577 0.825948656 0
vt 0.493104577 0.83376646 0
vt 0.0133620789 0.995606065 0
vt 0.0200431123 0.995606065 0
vt 0.105261832 0.907293141 0
vt 0.977329433 0.519230187 0
vt 0.972612977 0.519230485 0
vt 0.972613037 0.51141274 0
vt 0.977329433 0.511412442 0
vt 0.970729351 0.00481467508 0
vt 0.971609771 3.63758801e-08 0
vt 0.973941326 0 0
vt 0.973941326 0.00481463876 0
vt 0.493155569 0.981550097 0
vt 0.495487154 0.981550097 0
vt 0.493155599 0.993855834 0
vt 0.499836624 0.993855834 0
vt 0.967260361 0.0123057058 0
vt 0.967260301 0.00805463828 0
vt 0.973941326 0.00805463828 0
vt 0.973941326 0.0123057421 0
vt 0.97430855 0.0656226724 0
vt 0.97430855 0.0578049161 0
vt 0.978470862 0.0578049161 0
vt 0.963756561 0.989157081 0
vt 0.957075536 0.989157081 0
vt 0.957075536 0.985917032 0
vt 0.960287511 0.985917091 0
vt 0.863936841 0.959892571 0
vt 0.863936841 0.967710316 0
vt 0.860466897 0.967710078 0
vt 0.716753781 0.921216726 0
vt 0.714422226 0.921216726 0
vt 0.972613037 0.503594637 0
vt 0.977329433 0.503594339 0
vt 0.977329433 0.511412084 0
vt 0.972612977 0.511412382 0
vt 0.246075436 0.98995769 0
vt 0.245195031 0.994772255 0
vt 0.242863461 0.994772255 0
vt 0.242863461 0.989957631 0
vt 0.959407091 0.981102347 0
vt 0.957075536 0.993408144 0
vt 0.963756561 0.993408144 0
vt 0.249544486 0.982466578 0
vt 0.249544486 0.986717701 0
vt 0.242863461 0.986717641 0
vt 0.242863461 0.982466519 0
vt 0.976831913 0.670979202 0
vt 0.972669542 0.670979202 0
vt 0.972669601 0.663161457 0
vt 0.976831913 0.663161457 0
vt 0.891562998 0.990382969 0
vt 0.884881973 0.990382969 0
vt 0.884881973 0.98714292 0
vt 0.888093948 0.98714298 0
vt 0.468226016 0.950856626 0
vt 0.468226016 0.958674371 0
vt 0.464756072 0.958674133 0
vt 0.464756042 0.950856388 0
vt 0.974268794 0.442290008 0
vt 0.974268794 0.450107753 0
vt 0.967587769 0.450107753 0
vt 0.716753781 0.929034531 0
vt 0.977377892 0.275060534 0
vt 0.972661495 0.275060833 0
vt 0.972661555 0.267243057 0
vt 0.977377892 0.267242789 0
vt 0.772059143 0.986139953 0
vt 0.772939563 0.981325328 0
vt 0.775271118 0.981325388 0
vt 0.775271118 0.986140013 0
vt 0.884881973 0.982328296 0
vt 0.887213588 0.982328296 0
vt 0.884881973 0.994634032 0
vt 0.891562998 0.994634032 0
vt 0.768590093 0.993631065 0
vt 0.768590093 0.989380002 0
vt 0.775271118 0.993631124 0
vt 0.249544486 0.990284264 0
vt 0.253706813 0.990284264 0
vt 0.253706872 0.998102069 0
vt 0.249544486 0.998102069 0
vt 0.468226016 0.943038642 0
vt 0.468226016 0.950856388 0
vt 0.464756072 0.950856149 0
vt 0.464756042 0.943038404 0
vt 0.569749057 0.936431348 0
vt 0.566809952 0.933423877 0
vt 0.573032737 0.927330136 0
vt 0.575704455 0.930063963 0
vt 0.879455924 0.139972851 0
vt 0.748541594 0.139972821 0
vt 0.745602489 0.136965334 0
vt 0.745602489 0.00300748507 0
vt 0.748541653 0 0
vt 0.879455984 4.54698501e-08 0
vt 0.882395089 0.00300752139 0
vt 0.882395089 0.136965379 0
vt 0.703602493 0.933423877 0
vt 0.700663388 0.936431348 0
vt 0.694708109 0.930063963 0
vt 0.697379827 0.927330136 0
vt 0.566809952 0.799466014 0
vt 0.569749057 0.796458542 0
vt 0.575704455 0.802825928 0
vt 0.573032737 0.805559754 0
vt 0.700663388 0.796458542 0
vt 0.694708109 0.802825928 0
vt 0.703602493 0.799466014 0
vt 0.697379827 0.805559754 0
vt 0.0779737309 0.724508286 0
vt 0.0779737309 0.858215272 0
vt 0.07239981 0.858215272 0
vt 0.0723998472 0.724508345 0
vt 0.291705221 0.439752758 0
vt 0.29172641 0.442757487 0
vt 0.286152571 0.442757428 0
vt 0.286131293 0.439752728 0
vt 0.1063051 0.784826279 0
vt 0.106312618 0.787832677 0
vt 0.100738592 0.787832677 0
vt 0.100731075 0.784826219 0
vt 0.504311144 0.667331457 0
vt 0.504311144 0.801038444 0
vt 0.29172641 0.302784771 0
vt 0.291705161 0.305795014 0
vt 0.286131263 0.305794984 0
vt 0.286152482 0.302784741 0
vt 0.106312618 0.647859871 0
vt 0.106305137 0.650868416 0
vt 0.100731075 0.650868356 0
vt 0.100738592 0.647859871 0
vt 0.507531285 0.756258607 0
vt 0.504522204 0.756258607 0
vt 0.504524291 0.752247453 0
vt 0.507533431 0.752247512 0
vt 0.489773691 0.892829776 0
vt 0.492782831 0.892829776 0
vt 0.492782354 0.896831751 0
vt 0.489773214 0.896831751 0
vt 0.492782831 0.900834024 0
vt 0.489773691 0.900834024 0
vt 0.102931805 0.875835717 0
vt 0.105940931 0.875835776 0
vt 0.105939388 0.879846811 0
vt 0.102930263 0.879846811 0
vt 0.102931805 0.883839905 0
vt 0.492782354 0.884825468 0
vt 0.492783248 0.888827682 0
vt 0.489774138 0.888827682 0
vt 0.270570457 0.979665756 0
vt 0.270570457 0.975333869 0
vt 0.273569584 0.972270787 0
vt 0.277810991 0.972270787 0
vt 0.280810118 0.975333869 0
vt 0.280810118 0.979665816 0
vt 0.277810961 0.982728779 0
vt 0.273569554 0.982728839 0
vt 0.492782354 0.892829716 0
vt 0.489773214 0.892829716 0
vt 0.507533431 0.760251582 0
vt 0.504524291 0.760251582 0
vt 0.135280609 0.972447693 0
vt 0.138279587 0.975510716 0
vt 0.138279587 0.979842603 0
vt 0.135280505 0.982905746 0
vt 0.131039187 0.982905746 0
vt 0.128040239 0.979842663 0
vt 0.128040239 0.975510836 0
vt 0.131039336 0.972447693 0
vt 0.507531285 0.764262736 0
vt 0.504522204 0.764262676 0
vt 0.507533431 0.760251641 0
vt 0.439049006 0.894003391 0
vt 0.442058116 0.894003391 0
vt 0.442057669 0.898005366 0
vt 0.439048529 0.898005366 0
vt 0.442058116 0.902007639 0
vt 0.439049006 0.902007639 0
vt 0.563785136 0.879000306 0
vt 0.566794276 0.879000306 0
vt 0.566792727 0.883011341 0
vt 0.563783586 0.883011341 0
vt 0.566794276 0.887004495 0
vt 0.563785136 0.887004495 0
vt 0.563783586 0.887004435 0
vt 0.566792727 0.887004435 0
vt 0.566793621 0.891006649 0
vt 0.56378448 0.891006649 0
vt 0.313074768 0.975506544 0
vt 0.313074738 0.979838312 0
vt 0.310075641 0.982901394 0
vt 0.305834234 0.982901394 0
vt 0.302835107 0.979838312 0
vt 0.302835137 0.975506425 0
vt 0.305834264 0.972443402 0
vt 0.31007567 0.972443402 0
vt 0.566792727 0.895008683 0
vt 0.563783586 0.895008683 0
vt 0.507533431 0.76825577 0
vt 0.504524291 0.768255711 0
vt 0.324498028 0.975506365 0
vt 0.327497125 0.972443402 0
vt 0.331738532 0.972443402 0
vt 0.334737599 0.975506485 0
vt 0.334737629 0.979838252 0
vt 0.331738502 0.982901216 0
vt 0.327497095 0.982901216 0
vt 0.324497998 0.979838073 0

# 1073 vertex normals
vn 0 1.62920678e-05 100
vn 0 -1.62920678e-05 -100
vn 100 0 0
vn 0 -100 1.62920678e-05
vn 0 100 -1.62920678e-05
vn -100 0 -0
vn -4.32665656e-05 -100 4.15307659e-06
vn 4.32665656e-05 100 -4.15307659e-06
vn 99.9999924 0 0
vn -1.32779326e-06 1.57004924e-05 100
vn -5.31116211e-06 1.62920678e-05 100
vn 0 -100 4.15308023e-06
vn 0 100 -4.15308023e-06
vn 100 -5.31116984e-06 8.65299369e-13
vn 0 5.69097756e-06 -100
vn 4.32665365e-05 -100 1.62920678e-05
vn 8.6533073e-05 -100 1.62920678e-05
vn -100 2.12446739e-05 -3.46119661e-12
vn -99.9999924 4.24894024e-05 -6.92240232e-12
vn -4.2489326e-05 1.62920678e-05 100
vn 4.24893115e-05 -4.53682005e-05 -100
vn -4.32665911e-05 -100 4.15307932e-06
vn -99.9999924 0 -0
vn 4.24893515e-05 -1.62920678e-05 -100
vn -4.24893515e-05 -5.6121371e-06 100
vn -99.9999924 -8.49788485e-05 1.38448116e-11
vn 5.31116211e-06 -1.62920678e-05 -100
vn -4.24893842e-05 1.6292066e-05 99.9999924
vn 0 -1.6292066e-05 -99.9999924
vn 0 1.6292066e-05 99.9999924
vn 100 6.16831239e-12 3.78608311e-05
vn 4.24893442e-05 -1.62920678e-05 -100
vn 100 3.52449905e-12 2.1633221e-05
vn 0.000173066335 -100 1.62920678e-05
vn 100 -4.24893915e-05 6.92240015e-12
vn 100 6.16829374e-12 3.78607183e-05
vn -4.24893369e-05 1.62920678e-05 100
vn -4.32665838e-05 100 -1.62920678e-05
vn -8.6533073e-05 100 -1.62920678e-05
vn -1.32779098e-06 1.57004924e-05 100
vn 0 2.15687232e-05 -100
vn 0 1.89359016e-05 100
vn -99.9999924 8.49786302e-05 -1.3844776e-11
vn 4.24892569e-05 -1.62920678e-05 -100
vn -4.24892569e-05 3.22487031e-05 100
vn -100 -8.4978783e-05 1.38448012e-11
vn -4.24893515e-05 1.62920678e-05 100
vn 0 -99.9999924 1.6292066e-05
vn 0 99.9999924 -1.6292066e-05
vn 0.000173066306 100 -1.62920678e-05
vn 8.6533073e-05 100 -1.62920678e-05
vn 4.32665911e-05 -100 1.62920678e-05
vn 4.24893115e-05 -1.62920678e-05 -100
vn 100 3.52449602e-12 2.16332028e-05
vn -8.65331094e-05 -100 1.62920678e-05
vn -4.24893187e-05 1.62920678e-05 100
vn -1.16181502e-06 1.57004924e-05 100
vn -99.9999924 4.24894279e-05 -6.92240666e-12
vn 4.24892714e-05 -1.62920678e-05 -100
vn -8.49785429e-05 1.62920678e-05 100
vn 0.000280880282 100 -1.62920678e-05
vn -0.000229969766 -100 1.62920678e-05
vn -1.32779826e-06 2.69404154e-05 100
vn 4.00215649e-05 99.9999924 -1.6292066e-05
vn -100 4.2489286e-05 -6.92238324e-12
vn 8.49790886e-05 -1.62920678e-05 -100
vn 100 4.24889877e-05 -6.9223351e-12
vn 0 5.4152857e-05 100
vn -0.000267802476 -100 1.62920678e-05
vn 0 -2.63826223e-06 100
vn 0 2.15686068e-05 -100
vn 0 -2.63826951e-06 100
vn 0.000346131914 -100 1.62920678e-05
vn -8.49785138e-05 1.62920678e-05 100
vn 6.41202205e-05 100 -1.62920678e-05
vn 7.78220601e-06 -100 1.62920678e-05
vn -0.000173066306 100 -1.62920678e-05
vn 8.49785065e-05 -1.62920678e-05 -100
vn 100 6.34406555e-11 0.00038939598
vn -100 -4.2489155e-05 6.92236242e-12
vn -0.000346133049 100 -1.62920678e-05
vn -0.000199039758 -100 1.62920678e-05
vn 100 4.24892169e-05 0.000389397348
vn 3.74590491e-05 -100 1.62920678e-05
vn 0 -86.6029663 -49.9992638
vn -6.83300386e-05 86.6032639 -49.9987564
vn 0 86.6014938 50.0018082
vn 0 -86.6014786 50.0018387
vn -33.3095551 81.0968018 48.1017761
vn 39.2424965 -78.6003189 -47.7704544
vn -33.3099709 81.098114 -48.0992966
vn 39.2430191 -78.5986557 47.7727509
vn 81.6522217 -38.1580315 43.3229713
vn -83.515213 34.111702 -43.1462402
vn -83.5140076 34.1114311 43.1488113
vn 0 -0.000161104588 -99.9999924
vn 81.6539154 -38.1578064 -43.3199425
vn 14.5288277 -85.7313919 -49.3866653
vn 28.121376 -1.56346032e-05 -95.9645157
vn 14.5284386 85.7317963 -49.3860741
vn -14.7014294 85.7299957 49.3379784
vn -28.8723316 1.55982307e-05 95.7412567
vn -14.701745 -85.7299576 49.3379555
vn -47.9081955 81.0972595 33.5863266
vn 99.9983368 0.000515994732 -0.57605201
vn -99.9983368 3.41662962e-05 0.576784015
vn 47.5462189 -78.5984268 -39.517643
vn 48.2913818 81.0976028 33.0321198
vn -47.9970665 -78.5994034 -38.9668427
vn -43.7907753 -38.161541 -81.4006424
vn -99.9983368 -0.000129731401 0.576222837
vn 43.6271133 34.1115913 83.2650757
vn -42.6674576 34.1108551 83.7611923
vn 99.9983444 4.34629656e-05 -0.575192511
vn 42.8494911 -38.1593056 -81.9010925
vn -49.5113258 -83.444397 24.2004032
vn -90.9885254 6.75892625e-06 41.4859962
vn -49.5104179 83.4449158 24.2005119
vn 48.9324913 83.4716873 -25.2604198
vn 88.6048889 -7.55287101e-06 -46.3591919
vn 48.9368362 -83.4693604 -25.2596874
vn 49.9909554 -86.598465 -1.26896083
vn 99.9677963 -4.13417411e-07 -2.53753781
vn 49.9909592 86.598465 -1.26898909
vn -49.991909 86.5979156 1.26896238
vn -99.967804 4.13429319e-07 2.53761101
vn -49.991909 -86.5979156 1.26899052
vn 0 -86.6029434 49.9993019
vn 0 86.6029587 49.9992714
vn 0 86.6014862 -50.0018349
vn 0 -86.6015015 -50.0018044
vn -33.3094711 81.0968094 -48.1018372
vn 0 4.47035491e-05 -100
vn 39.2422943 -78.6003571 47.7705383
vn -33.3098679 81.0981674 48.0992737
vn 39.2427788 -78.5987854 -47.7727432
vn 81.6526413 -38.1573792 -43.3227463
vn 0 -0.000161103118 -100
vn -83.5153503 34.111496 43.1461449
vn -83.5141525 34.1111984 -43.1487198
vn 0 -5.61134584e-05 100
vn 81.6542587 -38.1572571 43.3198051
vn -6.83300386e-05 -86.6032639 49.9987564
vn 0 86.6029663 49.9992638
vn 0 86.6015091 -50.0017776
vn 0 -86.6015244 -50.0017471
vn 33.3093758 81.0967102 -48.1020546
vn -39.2425041 -78.6008224 47.769619
vn 33.3098259 81.0979538 48.0996628
vn -39.2428474 -78.5990067 -47.7723198
vn -81.6528473 -38.1573563 -43.3223915
vn 83.5150452 34.1113739 43.1468468
vn 83.513855 34.1110344 -43.1494255
vn -81.6538696 -38.1578827 43.3200035
vn 0 -86.6014862 50.0018349
vn 0 86.6015015 50.0018044
vn 0 86.6030045 -49.9992065
vn 0 -86.6030197 -49.999176
vn -33.3098831 81.0981293 -48.0993195
vn 0 -4.47034763e-05 100
vn 39.2428207 -78.5987244 47.7728119
vn -33.3094521 81.0968475 48.1017876
vn 39.2423096 -78.6003571 -47.7705345
vn 81.6542816 -38.1573448 -43.3196869
vn -83.514183 34.1111374 43.1487236
vn -83.5153809 34.1114044 -43.1461678
vn 0 8.86975977e-05 100
vn 81.6526031 -38.1573448 43.3228569
vn -6.83335165e-05 -86.6017838 50.001297
vn 0 86.6029816 -49.9992332
vn 0 -86.6029968 -49.9992027
vn 33.3098335 81.0979691 -48.0996094
vn -39.2418861 -78.5995865 47.7721405
vn 33.3093643 81.0966949 48.102108
vn -39.243515 -78.6001663 -47.7698631
vn -81.6538239 -38.1579971 -43.3199654
vn 0 -0.000161103962 -100
vn 83.5138474 34.1110878 43.1494141
vn 83.5150757 34.1112823 -43.1468658
vn -81.6528015 -38.1574364 43.3223839
vn 5.27528937e-06 100 -1.62920678e-05
vn 2.49641798e-05 -1.62920678e-05 -100
vn -100 5.23551515e-12 3.21353655e-05
vn 2.33619016e-06 100 -1.62920678e-05
vn 1.87115216 -99.9818268 0.367125958
vn -0.854222953 99.8247528 -5.85579062
vn 4.99283306e-05 -1.62920678e-05 -100
vn -3.70264912 -99.0334549 13.3665504
vn -1.74866641 99.9623413 2.11484122
vn 100 6.41895087e-12 3.93992377e-05
vn -100 -4.40806315e-11 -3.94777271e-05
vn 2.49641707e-05 -1.6292066e-05 -99.9999924
vn -100 -6.84549206e-12 -4.2017331e-05
vn -0.108020976 99.9997864 -0.176927805
vn 4.99283778e-05 -1.62920678e-05 -100
vn -2.71814656 -99.8445129 4.86682987
vn -100 6.18946387e-12 3.79906596e-05
vn 1.16523361 99.9724121 2.03929901
vn 4.99283597e-05 -1.62920678e-05 -100
vn 1.25829577 -99.9678345 2.20217133
vn 1.21118104 99.9887238 -0.888128817
vn -100 -2.91429277e-11 -6.06118883e-05
vn 100 5.28116223e-12 3.24155408e-05
vn -100 -4.23471024e-12 -2.59924655e-05
vn 0.912170649 99.9316406 -3.58250046
vn 9.98567339e-05 -1.62920678e-05 -100
vn -2.09151554 -99.9315033 3.05288768
vn -100 -9.54487097e-12 -5.85859998e-05
vn -1.71242023 99.9792786 -1.10097241
vn 1.77098155 -99.9362564 3.09945035
vn 0.198963314 99.9991913 -0.348214239
vn 100 6.26676662e-12 3.84651394e-05
vn -100 -4.31007357e-12 -2.64550436e-05
vn 7.49020037e-05 -0.000107922489 -100
vn 100 6.57457509e-12 4.03544545e-05
vn -100 -6.41770317e-12 -3.93915834e-05
vn -0.0215932894 99.8925171 4.6350565
vn -1.73170662 -99.8777237 4.63045502
vn 100 6.10324334e-12 3.74614428e-05
vn -100 -4.61289123e-12 -2.83137233e-05
vn 3.11517501 99.8662491 -4.12669468
vn 4.99283669e-05 -1.62920678e-05 -100
vn -1.58181429 -99.9539108 -2.59064722
vn 1.14303267 99.9759445 1.87200963
vn 99.9999924 5.27120535e-12 3.23544264e-05
vn -100 -5.15471346e-12 -3.16394035e-05
vn 7.54435605e-05 -0.000110582208 -100
vn 100 5.91808156e-12 3.63249274e-05
vn -100 -6.40268567e-12 -3.92994043e-05
vn -3.21836996 99.9390564 -1.35159218
vn 3.58237147 -99.8921738 -2.95281792
vn 100 4.25286412e-12 2.61038931e-05
vn -100 -4.21497082e-12 -2.5871308e-05
vn -0.47965312 99.7029877 -7.68658066
vn -2.78473234 -99.8785477 4.06474209
vn -1.2858628 99.9354553 -3.35420942
vn 99.9999924 5.35294205e-12 3.28561255e-05
vn -100 -2.18662779e-11 -3.41789928e-05
vn 100 6.17891285e-12 3.79258963e-05
vn -99.9999924 -6.16523195e-12 -3.78419245e-05
vn -2.23984098 99.6702576 -7.79878902
vn 0.125222892 -99.9997101 0.205102786
vn 100 5.07406357e-12 3.114438e-05
vn -100 -6.52192363e-12 -4.0031282e-05
vn -6.97699943e-06 100 -1.62920678e-05
vn 2.0547657 -99.9141922 -3.59605598
vn 100 2.94446099e-11 6.12393269e-05
vn 2.54759525e-05 -1.62920678e-05 -100
vn 100 -6.20343447e-12 -3.80764104e-05
vn -1.16062534 99.9014893 4.28308916
vn -3.20205092 -99.9403915 -1.29046261
vn 100 6.53945518e-12 4.01388897e-05
vn -100 7.03228057e-12 4.31638327e-05
vn -2.16402674 99.7928467 -6.05853415
vn 4.9928356e-05 -1.62920678e-05 -100
vn -1.91796553 -99.9797668 0.605310678
vn -2.07475591 99.9764175 0.641357958
vn -100 1.32050707e-11 8.10521451e-05
vn 7.50061154e-05 -6.27024056e-05 -100
vn -100 -3.63835802e-11 -0.000223320836
vn 0.174235895 99.9997864 -0.112147093
vn 6.45894761e-05 -1.62920678e-05 -100
vn -0.677744269 -99.9976196 -0.137364343
vn 100 6.52186204e-12 4.00309036e-05
vn -100 -1.29003908e-11 -7.91820348e-05
vn 0.52361685 99.9937744 -0.985896587
vn 1.18279052 -99.9715729 2.07005
vn -0.547992349 99.9478607 -3.18184805
vn -3.22947126e-05 1.62920678e-05 100
vn -3.74462725e-05 1.62920678e-05 100
vn -2.4964178e-05 1.62920678e-05 100
vn 0 -0.000119299475 -100
vn -3.76822863e-05 -1.62920678e-05 -100
vn 3.76822827e-05 1.62920678e-05 100
vn 0.379636645 -99.9817581 -1.87113118
vn -6.05486727 99.8128662 0.854110301
vn 13.7662592 -98.9787598 3.70059919
vn 2.17924547 99.9609528 1.74861681
vn -4.36902956e-05 -1.62920678e-05 -100
vn 4.36903065e-05 1.62920678e-05 100
vn -4.36903138e-05 -1.62920678e-05 -100
vn -2.18451314e-05 1.62920678e-05 100
vn -0.189048767 99.9997559 0.108003318
vn -100 -7.44621899e-12 -4.57045644e-05
vn 4.86681557 -99.8445129 2.71815872
vn 2.03929377 99.9724121 -1.16525996
vn 2.13679194 -99.9692459 -1.25829089
vn -0.861733675 99.9889603 -1.21120036
vn -3.13481432e-05 -3.31202318e-06 100
vn -100 7.72530564e-12 4.74175868e-05
vn 2.18451296e-05 -1.6292066e-05 -99.9999924
vn -3.4762435 99.9353943 -0.912224174
vn -100 7.39113805e-12 4.53664834e-05
vn 3.65964699 -99.9111328 2.0911057
vn -4.36902883e-05 -1.62920678e-05 -100
vn -2.18451514e-05 1.62920678e-05 100
vn -1.32001746 99.9766312 1.7123512
vn 3.09943676 -99.9362564 -1.77096617
vn -0.348199964 99.9991837 -0.198970959
vn 2.18451496e-05 -1.62920678e-05 -100
vn 1.38015508e-07 2.14320389e-05 100
vn -1.09225757e-05 1.62920678e-05 100
vn 4.95227861 99.8772964 0.0215752479
vn -100 -7.40399235e-12 -4.54453839e-05
vn 4.63044071 -99.8777237 1.73171973
vn 1.88411541e-05 -1.6292066e-05 -99.9999924
vn -4.12665749 99.8662491 -3.11519313
vn -2.38781261 -99.9589691 1.5819217
vn 1.72538257 99.9785767 -1.14308083
vn 8.19192974e-06 -1.62920678e-05 -100
vn -100 7.68090626e-12 4.71450658e-05
vn 1.09225784e-05 -1.62920678e-05 -100
vn -2.18451369e-05 1.62920678e-05 100
vn -1.35157001 99.9390564 3.21835494
vn -2.95281982 -99.8921738 -3.58236408
vn 4.09596805e-06 -1.62920678e-05 -100
vn -7.68658209 99.7029877 0.479644001
vn 4.87186527 -99.8424606 2.78374314
vn -4.02065802 99.9108734 1.28550994
vn -1.88411468e-05 1.6292066e-05 99.9999924
vn 2.11965562e-05 -1.62920678e-05 -100
vn -8.06317234 99.6492386 2.23934746
vn -100 -7.52882479e-12 -4.62115968e-05
vn 0.212643459 -99.9997025 -0.125206664
vn -2.18451532e-05 1.6292066e-05 99.9999924
vn -3.59605265 -99.9141922 -2.05474138
vn 2.1845146e-05 -1.62920678e-05 -100
vn 4.36902883e-05 1.62920678e-05 100
vn -4.36902737e-05 -1.62920678e-05 -100
vn 4.36903101e-05 1.62920678e-05 100
vn 4.28310728 99.9014893 1.16060328
vn -1.290483 -99.9403915 3.20206928
vn 2.18451405e-05 -1.62920678e-05 -100
vn 4.36902992e-05 1.62920678e-05 100
vn -6.05849791 99.7928467 2.16399217
vn 0.605269969 -99.9797745 1.91798723
vn 0.641381204 99.9764175 2.07472968
vn -4.36903065e-05 -1.62920678e-05 -100
vn 4.36902628e-05 1.62920678e-05 100
vn -100 -7.56120513e-12 -4.64103468e-05
vn -5.5320379e-05 -1.62920678e-05 -100
vn -0.000110640794 1.62920678e-05 100
vn -0.112136908 99.9997864 -0.174253091
vn -0.124994494 -99.9978638 0.640923023
vn -4.3690321e-05 -1.6292066e-05 -99.9999924
vn 4.36902737e-05 1.6292066e-05 99.9999924
vn -0.896935165 99.994751 -0.49516663
vn -100 -7.45311798e-12 -4.57469105e-05
vn 2.07000875 -99.9715729 -1.18278015
vn -3.18182302 99.9478607 0.547997653
vn 100 4.04171922e-12 2.48078941e-05
vn -9.81248741e-05 -1.62920678e-05 -100
vn 99.9999924 7.85426585e-12 4.82091418e-05
vn 4.36903028e-05 1.62920678e-05 100
vn 0.491405457 99.9987183 0.125002712
vn 100 -7.47479075e-12 -4.58799404e-05
vn -0.440164268 -99.9815216 1.87116134
vn -9.81248959e-05 -1.62920678e-05 -100
vn 7.01582003 99.7499313 -0.853608549
vn 100 1.50886248e-11 9.26133216e-05
vn -6.40185261 -99.650177 -5.37194967
vn 3.60770154 99.9345322 -0.271355629
vn 9.81250851e-05 1.62920678e-05 100
vn -9.81248158e-05 -1.62920678e-05 -100
vn 99.9999924 7.85426758e-12 4.82091527e-05
vn 3.71539827e-05 1.6292066e-05 99.9999924
vn 3.11310077 99.9483948 0.791993737
vn -4.14007187 -99.8772583 -2.71901965
vn 9.81249177e-05 1.62920678e-05 100
vn -9.81248522e-05 -1.62920678e-05 -100
vn -1.73430467 99.9781723 1.165295
vn 100 7.17561904e-12 4.40436379e-05
vn -4.61034012 -99.8867874 -1.17291141
vn -8.65265179 99.6217041 -0.805081785
vn 9.81247358e-05 1.62920678e-05 100
vn 100 -7.72530737e-12 -4.74176013e-05
vn -1.12626931e-05 -1.62920678e-05 -100
vn -1.02112806 99.9944534 -0.259805977
vn 100 7.39113805e-12 4.53664834e-05
vn -3.77345896 -99.9068985 -2.09098506
vn 9.8124794e-05 1.62920678e-05 100
vn 1.36111486 99.9760818 -1.71237397
vn 100 -7.2965774e-12 -4.4786073e-05
vn -7.96805334 -99.6614304 -2.02714443
vn 4.62855339 99.8335953 -3.43951535
vn -3.0715853e-06 -1.91021627e-05 -100
vn -1.09225612e-05 1.62920678e-05 100
vn -5.22317982 99.8525543 1.47853899
vn -4.6304388 -99.8777237 -1.73168337
vn -6.13281236e-06 -1.62920678e-05 -100
vn 4.12665462 99.8662491 3.11515641
vn 6.20765924 -99.7946396 -1.57928777
vn -2.03790593 99.9636154 1.76730883
vn -1.10716292e-06 2.03593409e-05 100
vn 2.63755228e-05 -1.62920678e-05 -100
vn -5.4612874e-06 1.62920678e-05 100
vn -0.237338915 99.9718018 -2.36267447
vn 2.95284247 -99.8921738 3.58239627
vn 2.45312694e-05 -1.62920678e-05 -100
vn 7.68655968 99.7029877 -0.479673624
vn -4.63445759 -99.8855972 1.17908537
vn -1.75524759 99.9835968 -0.446545631
vn -3.5979825e-05 1.62920678e-05 100
vn 99.9999924 -7.84877111e-12 -4.81754105e-05
vn -4.36902628e-05 -1.62920678e-05 -100
vn 16.9887772 98.4881973 -3.38467717
vn -0.219138578 -99.9996796 0.125238851
vn -2.45312349e-05 1.62920678e-05 100
vn -0.181959227 -99.9998245 -0.0462762006
vn 9.33865929 99.5346375 -2.37588143
vn 6.49434241e-07 -6.20929131e-06 100
vn -9.81246922e-05 -1.62920678e-05 -100
vn 100 1.50294915e-11 9.22503605e-05
vn 4.36902737e-05 1.62920678e-05 100
vn -4.36903283e-05 -1.62920678e-05 -100
vn -5.4912715 99.8246994 -2.2081337
vn 1.29048371 -99.9403992 -3.2020328
vn 6.05850029 99.7928391 -2.16402602
vn 100 7.69467389e-12 4.72295724e-05
vn 11.4331779 -99.3251038 -1.95087588
vn -4.65638208 99.8840942 -1.2195034
vn 9.81247795e-05 1.62920678e-05 100
vn -0.000146425969 -1.62920678e-05 -100
vn 5.55758234e-05 1.6292066e-05 99.9999924
vn 0.000111151508 -1.62920678e-05 -100
vn -7.97647095 99.6811905 -0.189997867
vn 100 9.27730896e-12 5.69437179e-05
vn 0.125564694 -99.9978104 -0.648809135
vn 9.81249323e-05 1.62920678e-05 100
vn -9.81249541e-05 -1.62920678e-05 -100
vn 0.901075661 99.9946823 0.501252234
vn -8.02215672 -99.6568069 -2.04092479
vn 2.82579803 99.957489 -0.718940675
vn 100 -1.53826171e-11 -9.44178319e-05
vn -100 1.11845186e-11 6.86500862e-05
vn 100 -5.49657672e-12 -3.37377496e-05
vn 4.99283669e-05 1.62920678e-05 100
vn -1.87114739 -99.9817505 -0.38539809
vn 100 -1.60946794e-11 -9.87884414e-05
vn 0.854074001 99.8072586 6.1466608
vn 3.7062223 -99.1290054 -12.6374531
vn 1.74870765 99.9647446 -1.99764383
vn -9.98566829e-05 1.6292066e-05 99.9999924
vn 0.108016349 99.9997635 0.185575247
vn 2.71813941 -99.8445129 -4.86679888
vn -100 6.45424946e-12 3.96159012e-05
vn 100 -6.1894604e-12 -3.79906378e-05
vn -1.16524208 99.9724121 -2.03933144
vn -4.99283597e-05 1.62920678e-05 100
vn -1.25829518 -99.9678268 -2.20213652
vn -1.21118045 99.9887314 0.888094425
vn 100 1.64582193e-12 1.01019832e-05
vn -0.757473946 99.9329376 3.58251429
vn 2.87266636 -99.8917465 -3.65891838
vn -100 6.58487284e-12 4.04176608e-05
vn 2.35254908 99.9636078 1.3198241
vn -1.47068059 -99.9411316 -3.09956741
vn -0.165218726 99.9992523 0.348181069
vn -100 -1.6908804e-12 -1.03785505e-05
vn -7.92203617 -99.6421967 2.94546533
vn 1.06332445 99.698494 7.68621063
vn 2.41152692 99.5338516 9.33791924
vn -0.125220448 -99.9996796 -0.219138414
vn -2.2152164 -99.9107666 3.59596729
vn -100 -3.00793591e-12 -1.84625787e-05
vn 100 -6.14326168e-12 -3.77070719e-05
vn -100 6.20343707e-12 3.8076425e-05
vn 100 -6.81271662e-12 -4.1816158e-05
vn 1.16081727 99.9181671 -3.87450624
vn 3.20205092 -99.9403915 1.29049373
vn -100 3.2048704e-12 1.96713536e-05
vn 100 -6.89279493e-12 -4.23076744e-05
vn 2.16401529 99.7928467 6.05849934
vn 1.91798472 -99.9798508 -0.593273818
vn 2.07474351 99.9765015 -0.628670633
vn -100 9.17848349e-12 5.63371323e-05
vn 100 1.83953217e-11 0.000112909685
vn -0.174237013 99.999794 0.104521327
vn 0.644482613 -99.9978256 0.138934657
vn -100 1.30437241e-11 8.00618072e-05
vn 100 1.29003986e-11 7.91820785e-05
vn -0.497909158 99.9937973 0.996894717
vn -1.18278229 -99.9715729 -2.07001996
vn 0.548002541 99.9478607 3.18181729
vn -2.49641889e-05 -1.62920678e-05 -100
vn -2.49641835e-05 -1.62920678e-05 -100
vn 0 2.16788139e-05 100
vn 0 2.16788121e-05 100
vn 7.18633464e-06 100 -1.62920678e-05
vn -70.7106628 1.15202338e-05 70.7106857
vn 0 -4.71722014e-05 -100
vn 70.7106628 1.15202338e-05 70.7106857
vn -70.7105942 -2.67169798e-05 -70.7107697
vn 70.7105942 -2.67169798e-05 -70.7107697
vn 4.05194587e-05 100 -1.62920678e-05
vn 5.69698459e-05 100 -1.62920678e-05
vn -5.69698459e-05 100 -1.62920678e-05
vn -4.05194587e-05 100 -1.62920678e-05
vn 99.9999924 -9.1901462e-14 -5.64087202e-07
vn 0 -2.37343793e-05 -100
vn -52.6660995 85.0075302 -1.38494843e-05
vn 52.6660995 85.0075302 -1.38494843e-05
vn 0 1.07103324e-05 100
vn 0 6.03489389e-06 -100
vn 0 2.5594969e-05 100
vn -70.7107239 -1.15202247e-05 -70.7106323
vn -70.7107239 1.15202247e-05 70.7106323
vn 0 -1.62920733e-05 -100
vn 0 -1.62567394e-05 -100
vn -70.7107544 1.15202201e-05 70.7106018
vn -70.7107315 -1.15202238e-05 -70.7106323
vn 4.47447928e-06 100 -1.62920678e-05
vn 70.7107239 -1.15202247e-05 -70.7106323
vn 70.7107239 1.15202247e-05 70.7106323
vn -100 -1.33865137e-06 2.46903511e-07
vn 70.7106323 -1.15202374e-05 -70.7107162
vn 0 0.000173742097 99.9999924
vn 0 0.000265077484 100
vn 70.7106781 1.15202311e-05 70.7106781
vn 70.7106781 -1.15202311e-05 -70.7106781
vn -70.7107544 1.15202174e-05 70.7105942
vn -70.7107544 -1.15202174e-05 -70.7105942
vn 70.7106628 1.15202347e-05 70.7106934
vn 70.7106628 -1.15202347e-05 -70.7106934
vn 0 -1.62920642e-05 -99.9999924
vn -70.7106628 7.09853157e-06 70.7106934
vn -70.7106628 -1.79512681e-05 -70.7106934
vn -100 -6.25323446e-06 1.0187812e-12
vn 0 1.62920715e-05 100
vn -70.7107544 -1.15202201e-05 -70.7106018
vn 70.710701 -1.15202265e-05 -70.7106476
vn 70.710701 1.15202265e-05 70.7106476
vn 70.7107086 1.15202274e-05 70.7106552
vn 70.7107086 -1.15202274e-05 -70.7106552
vn -70.7107086 1.15202274e-05 70.7106552
vn -70.7107086 -1.15202274e-05 -70.7106552
vn -70.7104416 -1.15202711e-05 -70.7109222
vn -70.7104416 1.15202711e-05 70.7109222
vn 0 -7.42441262e-06 -100
vn 0 -1.39279728e-05 -100
vn -70.7104111 9.19986724e-06 70.7109528
vn -70.7104645 -6.97244104e-07 -70.710907
vn 0 1.35070786e-05 100
vn -100 4.52500581e-06 -7.37217037e-13
vn 0 1.17399022e-05 100
vn 0 1.21704652e-05 100
vn 0 3.63466352e-05 100
vn 0 1.0833819e-05 100
vn -1.93672895e-05 99.9999924 -1.6292066e-05
vn 70.7104416 -1.15202711e-05 -70.7109222
vn 70.7104416 1.15202711e-05 70.7109222
vn 0 -5.51629091e-06 -100
vn 0 1.13692422e-05 100
vn 70.7103195 9.14382326e-07 70.7110443
vn 70.7103729 -1.1520282e-05 -70.7109833
vn 0 1.08338181e-05 100
vn 100 -4.5250049e-06 7.37216874e-13
vn 0 1.08338299e-05 100
vn 0 9.81870471e-05 100
vn 0 -6.5602595e-05 100
vn 0 1.36188137e-05 100
vn 0 4.30598811e-05 100
vn 0 4.17311421e-05 99.9999924
vn 70.7103577 1.1520282e-05 70.7109833
vn 70.7104645 -1.15202656e-05 -70.7108841
vn 0 2.28470089e-05 100
vn 0 -1.33936273e-05 -100
vn 0 -9.14701013e-06 100
vn -70.7104187 1.15202738e-05 70.7109375
vn -70.7105255 -1.15202574e-05 -70.7108383
vn 0 2.48873621e-05 100
vn 0 7.69673807e-06 100
vn 0 -7.80753635e-06 -100
vn 0 2.63005604e-05 99.9999924
vn 70.7104263 3.16947626e-06 70.7109299
vn 70.7105408 -1.98710331e-05 -70.7108078
vn 100 -7.12571409e-06 1.16092617e-12
vn 0 1.19064289e-05 100
vn 0 -2.17517936e-05 -100
vn -70.710289 1.62170254e-05 70.7110596
vn -70.7104111 -2.8276263e-06 -70.7109451
vn 0 2.05017586e-05 99.9999924
vn -100 7.12571409e-06 -1.16092617e-12
vn 0 2.24603682e-05 99.9999924
vn 0 1.16035226e-05 99.9999924
vn -70.7105255 -1.15202556e-05 -70.7108231
vn -70.7104111 1.15202729e-05 70.7109299
vn 0 -1.3086008e-05 -99.9999924
vn 70.7105255 -1.15202556e-05 -70.7108231
vn 70.7104111 1.15202729e-05 70.7109299
vn 0 7.83242831e-06 100
vn 0 -7.24196798e-06 100
vn 0 3.98261946e-05 99.9999924
vn 70.7104034 1.15202765e-05 70.7109528
vn 70.710495 -1.1520262e-05 -70.7108612
vn 0 2.20551428e-05 100
vn 0 -1.3106699e-05 -100
vn 0 1.90305782e-05 100
vn -70.7104034 1.15202765e-05 70.7109528
vn -70.710495 -1.1520262e-05 -70.7108612
vn 0 1.19849719e-05 100
vn 0 7.74898217e-05 100
vn 100 -3.1775231e-05 5.17684203e-12
vn 0 9.95638111e-05 100
vn 99.9999924 5.67725692e-05 -9.24942588e-12
vn 0 -0.000539816683 100
vn 0 5.26289659e-05 100
vn 0 -0.000405293511 99.9999924
vn -10.6497307 99.4312973 -1.61994139e-05
vn -100 -2.9727722e-05 4.84326034e-12
vn -5.03592491 -99.8731155 1.6271395e-05
vn -5.03592491 99.8731155 -1.6271395e-05
vn -10.6498365 -99.4312973 1.61994139e-05
vn 10.6499071 99.4312668 -1.61994103e-05
vn 10.6499929 -99.4312668 1.61994103e-05
vn 99.9999924 0.000390579575 -6.36334943e-11
vn 10.6495256 99.4313202 -1.61994194e-05
vn 10.648365 -99.4314575 1.61994394e-05
vn 0 0.000224832853 100
vn 0 -0.000400789053 99.9999924
vn 10.6497307 99.4312973 -1.61994139e-05
vn 5.03590202 -99.8731155 1.6271395e-05
vn 5.03590202 99.8731155 -1.6271395e-05
vn 10.649847 -99.431282 1.61994121e-05
vn -10.6499071 99.4312668 -1.61994103e-05
vn -10.6499929 -99.4312668 1.61994103e-05
vn -10.6494427 99.4313354 -1.61994212e-05
vn -10.6482801 -99.4314499 1.61994394e-05
vn 0 0.000572406279 100
vn 0 -0.000539818371 99.9999924
vn -10.6494541 99.4313278 -1.61994194e-05
vn -5.03521776 -99.8731537 1.62714023e-05
vn -100 4.92152467e-05 -8.0181816e-12
vn -5.03612995 99.8731079 -1.6271395e-05
vn -10.6496658 -99.4312973 1.61994139e-05
vn 10.6494055 99.4313354 -1.61994212e-05
vn 10.6500912 -99.4312592 1.61994085e-05
vn 10.6513777 99.4311295 -1.61993867e-05
vn 10.6482801 -99.4314499 1.61994394e-05
vn 0 0.000363863306 100
vn 10.649477 99.4313202 -1.61994194e-05
vn 5.03520632 -99.8731537 1.62714023e-05
vn 5.03611803 99.8731079 -1.6271395e-05
vn 10.6496553 -99.4313126 1.61994176e-05
vn -10.6494055 99.4313354 -1.61994212e-05
vn -10.6500912 -99.4312592 1.61994085e-05
vn -10.6513777 99.4311295 -1.61993867e-05
vn -100 4.81284151e-05 -7.84111404e-12
vn 0 6.1432811e-06 100
vn 100 -9.62568301e-05 1.56822281e-11
vn 100 5.67725219e-05 -9.24941807e-12
vn -100 -3.1775231e-05 5.17684203e-12
vn 0 2.31398626e-05 100
vn 0 4.09128552e-06 100
vn -99.9999924 5.67725692e-05 -9.24942588e-12
vn 0 0.00022483262 99.9999924
vn 0 -0.000331275805 100
vn 0 2.56090789e-05 100
vn 100 2.9727722e-05 -4.84326034e-12
vn 5.03592491 -99.8731155 1.6271395e-05
vn 5.03592491 99.8731155 -1.6271395e-05
vn 10.6498365 -99.4312973 1.61994139e-05
vn -99.9999924 -0.000390579575 6.36334943e-11
vn -10.6495256 99.4313202 -1.61994194e-05
vn -10.648365 -99.4314575 1.61994394e-05
vn -10.649765 99.4312973 -1.61994139e-05
vn -5.03590202 -99.8731155 1.6271395e-05
vn -5.03590202 99.8731155 -1.6271395e-05
vn -10.649847 -99.431282 1.61994121e-05
vn 10.6494427 99.4313354 -1.61994212e-05
vn 0 0.000433377834 99.9999924
vn 0 -0.0004703046 99.9999924
vn 0 1.31578963e-06 100
vn 10.6494541 99.4313278 -1.61994194e-05
vn 5.03521776 -99.8731537 1.62714023e-05
vn 100 -4.92151412e-05 8.01816426e-12
vn 5.03612995 99.8731079 -1.6271395e-05
vn 10.6496658 -99.4312973 1.61994139e-05
vn -10.6529264 99.4309692 -1.61993612e-05
vn -100 5.41129957e-05 -8.81612578e-12
vn -10.6494427 99.4313278 -1.61994194e-05
vn -5.03520632 -99.8731537 1.62714023e-05
vn -5.03611803 99.8731079 -1.6271395e-05
vn -10.6496887 -99.4313049 1.61994158e-05
vn 10.6529264 99.4309692 -1.61993612e-05
vn 100 -4.81284151e-05 7.84111404e-12
vn 0 4.33209152e-06 100
vn -100 5.67725219e-05 -9.24941807e-12
vn -99.2799606 -11.0703049 -4.57583237
vn 0 -1.62920751e-05 -99.9999924
vn -0.527094603 3.00799203 99.9533615
vn 1.72262168 -99.9025497 4.0634737
vn 1.76654863 99.8975296 -4.16705608
vn 4.4485394e-05 -4.45923524e-06 -100
vn -2.13496494 -0.159214467 99.9770813
vn 99.9160385 0.518829584 4.06399202
vn -99.9080811 0.542856574 -4.25219154
vn 99.2799606 -11.0702858 -4.57583046
vn -100 1.84620266e-12 -4.15921556e-13
vn 0.527095199 3.00801396 99.9533615
vn -1.72262168 -99.9025497 4.06347418
vn -1.76657081 99.8975296 -4.167099
vn -4.44853686e-05 -4.45924161e-06 -100
vn 2.13496399 -0.159210682 99.9770737
vn -99.9160385 0.518829584 4.06399202
vn 99.9080811 0.542856574 -4.25219154
vn 0 0.000572406105 100
vn -5.0356741 -99.8731384 1.62713986e-05
vn -10.649559 -99.4313049 1.61994158e-05
vn 10.6495771 99.4313202 -1.61994176e-05
vn 10.6499195 -99.4312744 1.61994103e-05
vn 0 -0.000192250751 100
vn 5.03566265 -99.8731384 1.62713986e-05
vn 10.6495829 -99.4313202 1.61994176e-05
vn -10.6495771 99.4313202 -1.61994176e-05
vn -10.6499195 -99.4312744 1.61994103e-05
vn 100 -4.81285097e-05 7.84112966e-12
vn 100 5.67724564e-05 -9.2494068e-12
vn 0 0.000433377543 100
vn 5.0356741 -99.8731384 1.62713986e-05
vn 10.649559 -99.4313049 1.61994158e-05
vn -5.03566265 -99.8731384 1.62713986e-05
vn -10.6495476 -99.4313126 1.61994176e-05
vn -100 -4.81285097e-05 7.84112966e-12
vn -100 5.67724564e-05 -9.2494068e-12
vn 0 2.64408063e-05 100
vn 0 0.000294348283 100
vn -10.6498432 99.431282 -1.61994121e-05
vn -5.03623915 -99.8731003 1.62713932e-05
vn -100 3.22168817e-05 -5.24879576e-12
vn -5.03441429 99.8731918 -1.62714077e-05
vn -10.6494188 -99.4313202 1.61994194e-05
vn 10.6498213 99.4312897 -1.61994121e-05
vn 10.6498213 -99.4312897 1.61994121e-05
vn 10.6481981 99.4314575 -1.61994412e-05
vn 100 -3.54230069e-05 5.77114051e-12
vn 10.6481981 -99.4314575 1.61994412e-05
vn 0 -0.000122734986 99.9999924
vn 0 0.000190076098 99.9999924
vn 0 0.000224189251 100
vn 10.6498556 99.4312897 -1.61994121e-05
vn 5.03606653 -99.8731003 1.62713932e-05
vn 5.03425884 99.8731995 -1.62714095e-05
vn 10.6494312 -99.4313354 1.61994212e-05
vn -10.6497116 99.4312973 -1.61994139e-05
vn -10.6497488 -99.4312973 1.61994139e-05
vn -10.6481981 99.4314575 -1.61994412e-05
vn -10.6481981 -99.4314575 1.61994412e-05
vn 0 2.9234252e-05 100
vn -100 3.49195361e-05 -5.68911411e-12
vn 100 -3.49195361e-05 5.68911411e-12
vn 0 0.000294351572 99.9999924
vn -10.6494188 99.4313202 -1.61994194e-05
vn -5.03623915 99.8731003 -1.62713932e-05
vn 10.6501646 -99.4312515 1.61994067e-05
vn 10.6512947 99.4311371 -1.61993885e-05
vn 0 -0.000122736892 100
vn 0 0.000259589724 99.9999924
vn 0 1.82377062e-06 99.9999924
vn 10.6494312 99.4313354 -1.61994212e-05
vn 5.03608418 -99.8731079 1.6271395e-05
vn 100 -2.4607516e-05 4.00907302e-12
vn 5.03607225 99.8731079 -1.6271395e-05
vn -10.6497488 99.4312973 -1.61994139e-05
vn -10.650054 -99.4312592 1.61994085e-05
vn -10.6512947 99.4311371 -1.61993885e-05
vn -100 2.70565943e-05 -4.40807894e-12
vn 0 0.000155321017 100
vn 0 8.58056665e-05 100
vn 0 -0.000399502314 100
vn 10.6494188 99.4313202 -1.61994194e-05
vn 5.03607225 -99.8731079 1.6271395e-05
vn 5.03606653 99.8731003 -1.62713932e-05
vn 10.6494188 -99.4313202 1.61994194e-05
vn -10.6497116 -99.4312973 1.61994139e-05
vn -100 2.70564979e-05 -4.40806289e-12
vn 0 0.000155320071 99.9999924
vn 0 -1.84649598e-05 100
vn 0 -2.65020753e-06 100
vn 10.6498432 99.431282 -1.61994121e-05
vn 5.03623915 -99.8731003 1.62713932e-05
vn 100 -3.22168817e-05 5.24879576e-12
vn 5.03441429 99.8731918 -1.62714077e-05
vn -10.6498213 99.4312897 -1.61994121e-05
vn -10.6498213 -99.4312897 1.61994121e-05
vn -100 3.54230069e-05 -5.77114051e-12
vn 0 0.000294346537 99.9999924
vn 0 0.000294346304 100
vn -5.03607225 -99.8731079 1.6271395e-05
vn -5.0342474 99.8731995 -1.62714095e-05
vn 10.6497488 99.4312973 -1.61994139e-05
vn 10.6497116 -99.4312973 1.61994139e-05
vn 0 2.92332843e-05 100
vn 0 0.000155321817 99.9999924
vn 5.03623915 99.8731003 -1.62713932e-05
vn -10.6501646 -99.4312515 1.61994067e-05
vn 0 0.000294346479 100
vn -10.6494312 99.4313354 -1.61994212e-05
vn -100 2.4607516e-05 -4.00907302e-12
vn -5.03607225 99.8731079 -1.6271395e-05
vn 10.6497116 99.4312973 -1.61994139e-05
vn 10.650054 -99.4312592 1.61994085e-05
vn 100 -2.70565943e-05 4.40807894e-12
vn 0 0.000155321759 100
vn 0 -1.84649234e-05 100
vn 0 0.000294349913 100
vn 100 -2.70564979e-05 4.40806289e-12
vn 0 1.52271368e-05 100
vn 0 1.46747661e-05 99.9999924
vn 0 8.00169801e-06 100
vn 0 5.40029687e-05 99.9999924
vn 0 -2.14188076e-05 99.9999924
vn 0 3.76087301e-05 100
vn 0 -1.70383228e-05 100
vn 0 0.00010338876 100
vn -9.88959982e-06 -100 1.62920678e-05
vn 0 0.000103388775 100
vn 0 1.6804137e-05 100
vn 0 -7.08042789e-05 100
vn 0 1.52679295e-05 100
vn 0 1.57799986e-05 100
vn -100 -2.20137531e-06 3.58649552e-13
vn 0 -0.000157900984 100
vn 0 1.68041352e-05 99.9999924
vn 0 0.000103388593 100
vn 0 -7.08043808e-05 99.9999924
vn 0 -0.000157900868 100
vn 0 0.000103388578 100
vn 0 1.73162043e-05 100
vn 0 0.000558467698 100
vn 0 -0.000525888929 99.9999924
vn 0 2.6042786e-05 100
vn 100 2.20137463e-06 -3.58649444e-13
vn -100 4.40274925e-06 -7.17298887e-13
vn -100 -2.20137463e-06 3.58649444e-13
vn 100 -4.40275062e-06 7.17299104e-13
vn 100 2.36926576e-06 -3.86002374e-13
vn 0 -0.000525890326 100
vn 0 3.03562774e-05 100
vn 0 3.57934769e-05 100
vn 0 6.54132964e-06 100
vn 0 6.54132327e-06 100
vn 0 -1.72735836e-05 100
vn 100 2.36926462e-06 -3.86002184e-13
vn 99.9999924 -4.73853243e-06 7.7200491e-13
vn 100 4.7385297e-06 -7.72004476e-13
vn -99.9999924 -2.36926621e-06 3.86002455e-13
vn -100 -2.36926485e-06 3.86002238e-13
vn -1.78113484 99.9841309 -1.6289483e-05
vn 70.6444397 1.15310131e-05 70.7768555
vn -70.6444397 -1.15310131e-05 -70.7768555
vn 70.6444397 -1.15310131e-05 -70.7768555
vn -70.6444397 1.15310131e-05 70.7768555
vn 1.78113484 99.9841309 -1.6289483e-05
vn -0.910427153 99.9916992 0.911869347
vn 0.910427153 99.9916992 -0.911901891
vn 0 99.9840698 -1.78446209
vn 0 99.9840698 1.78442943
vn -0.91034025 99.9916992 -0.911902726
vn 0.91034025 99.9916992 0.911870182
vn -8.81871017e-07 -100 1.62920678e-05
vn 70.7107697 1.15202165e-05 70.7105865
vn -70.7107697 -1.15202165e-05 -70.7105865
vn 70.7107697 -1.15202165e-05 -70.7105865
vn -70.7107697 1.15202165e-05 70.7105865
vn -0.000354883639 100 -1.62920678e-05
vn 0.000709767919 100 -1.62920678e-05
vn -0.00035488396 100 -1.62920678e-05
vn -70.7106781 -1.15202311e-05 -70.7106781
vn -70.7106781 1.15202311e-05 70.7106781
vn 0 -18.3582973 -98.3004227
vn 0 -73.7956467 -67.4848251
vn 0 -18.3582897 -98.3004303
vn 0 -73.7956619 -67.4848022
vn 0 -18.3584194 -98.3004074
vn 100 5.69534632e-06 -8.27762051e-06
vn 0 -18.3582973 -98.3004303
vn 99.9999924 -7.6099977e-13 -4.67098334e-06
vn -99.9999924 7.6099977e-13 4.67098334e-06
vn -100 -2.84767384e-06 4.63944963e-13
vn 0 -73.7956696 -67.4848022
vn 0 -18.358284 -98.3004303
vn 0 -73.7956772 -67.4847946
vn 98.3004303 -18.3581963 2.99092972e-06
vn 0 -6.32364827e-05 100
vn 67.4846802 -73.795784 1.20228588e-05
vn 98.3004456 -18.3581905 2.99092881e-06
vn 0 -2.34722083e-05 100
vn 67.4846725 -73.7957916 1.20228597e-05
vn 98.3004456 -18.3581924 2.99092926e-06
vn 5.01937848e-06 -1.62920678e-05 -100
vn 0 2.12626019e-05 100
vn 2.08239476e-06 -1.62920678e-05 -100
vn 0 4.94026754e-05 100
vn 2.81260304e-06 -1.62920678e-05 -100
vn 98.3004456 -18.3581944 2.99092949e-06
vn 0 3.61742059e-05 100
vn 0 8.25132884e-05 100
vn 0 -3.59007026e-06 100
vn 0 -0.000116150368 100
vn 98.3004456 -18.3581848 2.9909279e-06
vn 0 -9.58206219e-05 -100
vn 0 0.000116150368 -100
vn -98.3004303 -18.3581963 2.99092972e-06
vn 0 4.99291491e-05 -100
vn -67.4846802 -73.795784 1.20228588e-05
vn -98.3004456 -18.3581905 2.99092881e-06
vn 0 9.58206219e-05 100
vn 0 -3.61742059e-05 -100
vn 0 1.68185416e-05 -100
vn -98.3004456 -18.3581944 2.99092949e-06
vn 0 3.59007026e-06 -100
vn 5.62520609e-06 -2.45697192e-05 -100
vn 0 -1.68185416e-05 100
vn -67.4846878 -73.795784 1.20228588e-05
vn -98.3004608 -18.3581123 2.9909163e-06
vn -1.0038757e-05 1.62920678e-05 100
vn 0 -8.83626672e-06 -100
vn 8.32958267e-06 -1.62920678e-05 -100
vn -4.16479133e-06 1.62920678e-05 100
vn -5.62520609e-06 1.62920678e-05 100
vn -67.4846802 -73.7957916 1.20228597e-05
vn 0 -8.25132884e-05 -100
vn -98.3004608 -18.3581161 2.99091676e-06
vn -67.4846649 -73.7957993 1.20228624e-05
vn 0 -5.60563421e-05 -100
vn 0 0.0001487345 100
vn -67.4848938 -73.795578 1.2022826e-05
vn 0 -18.3582668 98.3004227
vn 0 -73.7956314 67.4848557
vn 0 -18.3582592 98.3004303
vn -100 -2.46048694e-05 3.3110482e-05
vn 0 -73.7956619 67.4848251
vn 0 -18.3582611 98.3004227
vn 100 3.74964429e-06 -3.97640906e-05
vn -100 -7.49928859e-06 7.95281812e-05
vn -100 6.08803459e-12 3.73680887e-05
vn 100 -3.0440173e-12 -1.86840443e-05
vn 100 1.2302432e-05 -3.3110482e-05
vn 0 -73.7956467 67.4848328
vn 0 -18.3582668 98.3004303
vn -100 -2.46048639e-05 6.62209641e-05
vn 0 -73.7956543 67.4848328
vn 0 -18.3582706 98.3004303
vn 100 7.49928859e-06 -7.95281812e-05
vn 100 -6.08803459e-12 -3.73680887e-05
vn 100 2.46048639e-05 -6.62209641e-05
vn 0 -73.7956085 67.4848633
vn 0.910032332 99.9916992 -0.912025273
vn -2.4051028e-06 -100 1.62920678e-05
vn 0.910208642 99.9916992 0.911993563
vn -0.910206258 99.9916992 -0.912023664
vn -1.78125501 99.9841309 -1.6289483e-05
vn 0 99.9840698 1.78467286
vn 0 99.9840698 -1.78470552
vn 1.78126156 99.9841309 -1.6289483e-05
vn -70.6443405 -1.15310286e-05 -70.7769547
vn 70.6443405 1.15310286e-05 70.7769547
vn -0.910030782 99.9916992 0.911991119
vn 70.6443405 -1.15310286e-05 -70.7769547
vn -70.6443405 1.15310286e-05 70.7769547
vn -1.78086162 99.9841461 -1.62894848e-05
vn 70.6442337 1.15310459e-05 70.7770538
vn -70.6442337 -1.15310459e-05 -70.7770538
vn 70.6442337 -1.15310459e-05 -70.7770538
vn -70.6442337 1.15310459e-05 70.7770538
vn 1.78086162 99.9841461 -1.62894848e-05
vn -0.909729481 99.9917068 0.91180402
vn 0.909731627 99.9916992 -0.91183871
vn 0 99.9840851 -1.78433561
vn 0 99.9840775 1.78430438
vn -0.90973109 99.9916992 -0.911838174
vn 0.910215616 99.9916992 0.911804378
vn 1.02085114e-05 -100 1.62920678e-05
vn 70.7114258 1.15201092e-05 70.7099228
vn 70.7114258 -1.15201092e-05 -70.7099228
vn -70.7110825 -1.15201647e-05 -70.7102661
vn 70.7104034 1.15202747e-05 70.7109451
vn -70.7103577 1.15202829e-05 70.7109909
vn 70.7111282 -1.15201574e-05 -70.7102203
vn 0 -18.3585358 -98.3003769
vn 100 -7.01677855e-05 1.14317826e-11
vn 0 -73.7956009 -67.4848709
vn 100 -5.69536178e-06 8.27762051e-06
vn -100 7.01677855e-05 -1.14317826e-11
vn 0 -73.7956161 -67.4848709
vn 0 -18.3584499 -98.3003998
vn -100 2.48251581e-06 -4.04453137e-13
vn 99.9999924 1.52199954e-12 9.34196669e-06
vn -99.9999924 3.3424576e-06 -5.44555449e-13
vn 0 -4.70127052e-05 -100
vn -100 2.84768475e-06 -4.13881025e-06
vn 0 -73.7956085 -67.4848709
vn 0 -18.3585281 -98.3003769
vn 0 -73.7956619 -67.4848099
vn 0 8.25132011e-05 100
vn 98.3003082 -18.3589077 2.9910459e-06
vn 0 -2.34718918e-05 100
vn 0 -1.68184979e-05 100
vn 67.4854965 -73.7950439 1.20227387e-05
vn 98.3003082 -18.3589115 2.99104636e-06
vn 3.33184144e-05 -1.62920678e-05 -100
vn -1.12505249e-05 -8.54085738e-06 100
vn 2.25007971e-05 4.99290618e-05 -100
vn 98.3003082 -18.3589077 2.99104568e-06
vn -1.66592072e-05 1.62920678e-05 100
vn 67.4854965 -73.7950363 1.20227378e-05
vn 98.3003082 -18.3589153 2.99104704e-06
vn 0 2.62330577e-05 100
vn 98.3003235 -18.358902 2.99104477e-06
vn 0 3.61740458e-05 100
vn 0 4.99290618e-05 -100
vn 67.4850082 -73.7954941 1.20228115e-05
vn -98.3003082 -18.3589153 2.99104704e-06
vn 0 9.58199889e-05 100
vn 0 -8.25126772e-05 -100
vn 0 8.25126772e-05 100
vn -67.484726 -73.7957382 1.20228524e-05
vn -98.3003082 -18.3589115 2.99104636e-06
vn 0 -5.60560293e-05 -100
vn 1.12503085e-05 -1.62920678e-05 -100
vn 0 -1.6818236e-05 100
vn -67.4847488 -73.7957153 1.20228488e-05
vn -98.3003082 -18.3589096 2.99104613e-06
vn -5.01933846e-06 1.62920678e-05 100
vn 0 -1.38068208e-05 -100
vn 1.66590271e-05 -1.62920678e-05 -100
vn -2.08237839e-06 1.62920678e-05 100
vn 0 -4.94023698e-05 -100
vn -2.81257712e-06 2.04308562e-05 100
vn -67.4847412 -73.795723 1.20228497e-05
vn -98.3003082 -18.3589077 2.9910459e-06
vn 0 3.58991201e-06 -100
vn -98.3003387 -18.3587589 2.99102135e-06
vn -67.4842148 -73.7962189 1.20229297e-05
vn 0 -18.3582878 98.3004227
vn -100 7.01684621e-05 -1.14318928e-11
vn 0 -73.7956314 67.4848404
vn 0 -18.3583336 98.3004074
vn 0 -73.7956009 67.4848938
vn 0 -18.358284 98.300415
vn -100 5.90246236e-06 -9.61633225e-13
vn -99.9999924 6.68491111e-06 -1.08911025e-12
vn 0 0.000146755658 100
vn 100 5.69541044e-06 1.6555412e-05
vn 0 -73.7956467 67.4848404
vn 100 -7.01684621e-05 1.14318928e-11
vn 0.910945773 99.9916916 -0.912130773
vn -8.43311773e-06 -100 1.62920678e-05
vn 0.909972727 99.9916992 0.912096679
vn -0.910459578 99.9916992 -0.912130296
vn -1.78154409 99.9841309 -1.62894812e-05
vn 0 99.9840698 1.78487659
vn 0 99.9840698 -1.78490782
vn 1.78154409 99.9841309 -1.62894812e-05
vn -70.6444168 -1.15310158e-05 -70.7768707
vn 70.6444168 1.15310158e-05 70.7768707
vn -0.910457969 99.9916992 0.912096083
vn 70.6444168 -1.15310158e-05 -70.7768707
vn -70.6444168 1.15310158e-05 70.7768707
vn 92.3877335 -38.2688866 6.23479309e-06
vn 38.2687759 -92.3877792 1.5051879e-05
vn -38.2686043 -92.3878479 1.50518908e-05
vn -92.3875809 -38.2692337 6.23484948e-06
vn -92.38797 38.2683144 -6.23469987e-06
vn -38.2675781 92.3882751 6.63684114e-05
vn 38.2675781 92.3882751 -0.00013718252
vn 92.3881149 38.2679672 -6.23464302e-06
vn -38.2687759 -92.3877792 1.5051879e-05
vn -92.3877335 -38.2688866 6.23479309e-06
vn -92.3881149 38.2679672 -6.23464302e-06
vn -38.2676659 92.388237 -1.50519545e-05
vn 38.2676659 92.388237 -1.50519545e-05

# Mesh 'Cube.012' with 562 faces
g Cube.012
usemtl Bricks
f  1/1/1 2/2/1 3/3/1 4/4/1
f  5/5/2 6/6/2 7/7/2 8/8/2
f  8/9/3 7/10/3 2/11/3 1/12/3
f  4/13/4 5/14/4 8/15/4 1/16/4
f  6/17/5 3/18/5 2/19/5 7/20/5
f  9/21/6 10/22/6 11/23/6 12/24/6
f  12/25/2 11/26/2 13/27/2 14/28/2
f  14/29/3 13/30/3 15/31/3 16/32/3
f  16/33/1 15/34/1 10/35/1 9/36/1
f  12/37/4 14/38/4 16/39/4 9/40/4
f  13/41/5 11/42/5 10/43/5 15/44/5
f  17/45/1 18/46/1 19/47/1 20/48/1
f  21/49/2 22/50/2 23/51/2 24/52/2
f  24/53/3 23/54/3 18/55/3 17/56/3
f  20/57/7 21/58/7 24/59/7 17/60/7
f  22/61/8 19/62/8 18/63/8 23/64/8
f  25/65/1 26/66/1 27/67/1 28/68/1
f  29/69/2 30/70/2 31/71/2 32/72/2
f  32/73/9 31/74/9 26/75/9 25/76/9
f  28/77/4 29/78/4 32/79/4 25/80/4
f  30/81/5 27/82/5 26/83/5 31/84/5
f  33/85/10 34/86/10 35/87/10 36/88/10
f  37/89/5 38/90/5 39/91/5 40/92/5
f  41/93/2 42/94/2 43/95/2 44/96/2
f  44/97/3 43/98/3 34/99/3 33/100/3
f  36/101/4 41/102/4 44/103/4 33/104/4
f  42/105/5 35/106/5 34/107/5 43/108/5
f  45/109/1 46/110/1 47/111/1 48/112/1
f  49/113/4 50/114/4 51/115/4 52/116/4
f  53/117/2 54/118/2 55/119/2 56/120/2
f  56/121/3 55/122/3 46/123/3 45/124/3
f  48/125/4 53/126/4 56/127/4 45/128/4
f  54/129/5 47/130/5 46/131/5 55/132/5
f  57/47/11 58/133/11 59/134/11 60/135/11
f  51/136/9 40/137/9 39/138/9 52/139/9
f  61/140/2 62/141/2 63/142/2 64/143/2
f  64/144/3 63/145/3 58/146/3 57/147/3
f  60/148/12 61/149/12 64/104/12 57/150/12
f  62/151/13 59/152/13 58/153/13 63/154/13
f  50/155/2 37/156/2 40/157/2 51/158/2
f  65/68/1 66/67/1 67/159/1 68/156/1
f  52/160/1 39/161/1 38/162/1 49/163/1
f  69/164/2 70/165/2 71/166/2 72/167/2
f  72/168/3 71/169/3 66/170/3 65/171/3
f  68/172/4 69/173/4 72/174/4 65/175/4
f  70/176/5 67/177/5 66/178/5 71/179/5
f  73/180/14 74/181/14 75/182/14 76/183/14
f  77/184/6 78/185/6 79/186/6 80/187/6
f  80/188/15 79/189/15 74/190/15 73/191/15
f  76/192/4 77/193/4 80/194/4 73/195/4
f  78/196/5 75/197/5 74/198/5 79/199/5
f  81/200/1 82/201/1 83/160/1 84/202/1
f  84/203/6 83/204/6 85/205/6 86/206/6
f  86/207/2 85/208/2 87/209/2 88/210/2
f  88/211/3 87/212/3 82/213/3 81/214/3
f  84/215/4 86/216/4 88/217/4 81/218/4
f  85/219/5 83/220/5 82/221/5 87/177/5
f  89/222/3 90/223/3 91/224/3 92/225/3
f  93/226/6 94/227/6 95/228/6 96/229/6
f  96/230/2 95/231/2 90/232/2 89/233/2
f  92/234/16 93/235/16 96/236/16 89/237/16
f  94/238/5 91/239/5 90/240/5 95/241/5
f  97/242/5 98/243/5 99/244/5 100/245/5
f  101/246/17 102/247/17 103/248/17 104/249/17
f  105/250/4 106/251/4 107/252/4 108/253/4
f  104/254/3 109/255/3 110/256/3 101/257/3
f  103/258/2 111/259/2 109/260/2 104/261/2
f  112/262/5 110/263/5 109/264/5 111/265/5
f  102/266/6 112/267/6 111/268/6 103/269/6
f  113/270/3 114/271/3 115/272/3 116/273/3
f  107/274/2 100/275/2 99/276/2 108/277/2
f  117/278/18 118/279/18 119/280/18 120/281/18
f  120/282/2 119/283/2 114/284/2 113/285/2
f  116/286/4 117/287/4 120/288/4 113/289/4
f  118/290/5 115/291/5 114/292/5 119/293/5
f  106/294/19 97/295/19 100/296/19 107/297/19
f  108/298/9 99/299/9 98/300/9 105/301/9
f  121/302/2 122/303/2 123/304/2 124/305/2
f  125/306/20 126/3/20 127/307/20 128/308/20
f  128/309/6 127/310/6 122/311/6 121/312/6
f  124/313/4 125/314/4 128/102/4 121/101/4
f  126/315/5 123/316/5 122/317/5 127/318/5
f  129/319/21 130/320/21 131/321/21 132/322/21
f  133/323/1 134/324/1 135/325/1 136/326/1
f  136/327/6 135/328/6 130/329/6 129/330/6
f  132/331/22 133/332/22 136/333/22 129/334/22
f  134/335/5 131/336/5 130/337/5 135/338/5
f  137/339/2 138/340/2 139/341/2 140/342/2
f  141/343/1 142/344/1 143/345/1 144/346/1
f  144/347/23 143/348/23 138/349/23 137/350/23
f  140/351/4 141/352/4 144/353/4 137/354/4
f  142/355/5 139/356/5 138/357/5 143/358/5
f  145/359/5 146/360/5 147/361/5 148/234/5
f  149/362/24 150/363/24 151/364/24 152/365/24
f  153/366/4 154/367/4 155/368/4 156/369/4
f  157/370/25 158/371/25 159/372/25 160/373/25
f  160/374/26 159/375/26 150/376/26 149/377/26
f  152/378/4 157/379/4 160/380/4 149/381/4
f  158/382/5 151/383/5 150/384/5 159/385/5
f  161/386/27 162/387/27 163/388/27 164/389/27
f  155/390/23 148/391/23 147/392/23 156/393/23
f  165/394/1 166/395/1 167/396/1 168/397/1
f  168/398/6 167/399/6 162/400/6 161/401/6
f  164/402/4 165/403/4 168/404/4 161/405/4
f  166/318/5 163/406/5 162/407/5 167/198/5
f  154/408/28 145/409/28 148/410/28 155/411/28
f  156/412/2 147/48/2 146/413/2 153/414/2
f  169/415/29 170/416/29 171/417/29 172/418/29
f  173/419/30 174/420/30 175/421/30 176/422/30
f  176/423/23 175/424/23 170/425/23 169/426/23
f  172/427/4 173/428/4 176/429/4 169/430/4
f  174/334/5 171/431/5 170/432/5 175/331/5
f  177/433/6 178/434/6 179/435/6 180/436/6
f  181/437/31 182/438/31 183/439/31 184/440/31
f  184/441/1 183/442/1 178/443/1 177/444/1
f  180/445/4 181/446/4 184/447/4 177/448/4
f  182/449/5 179/450/5 178/451/5 183/452/5
f  185/453/32 186/454/32 187/455/32 188/456/32
f  188/457/33 187/458/33 189/459/33 190/460/33
f  190/461/1 189/462/1 191/463/1 192/464/1
f  192/465/6 191/466/6 186/467/6 185/468/6
f  188/90/34 190/264/34 192/469/34 185/91/34
f  189/470/5 187/471/5 186/287/5 191/248/5
f  193/472/5 194/473/5 195/474/5 196/475/5
f  197/476/4 198/477/4 199/478/4 200/479/4
f  199/480/1 196/481/1 195/34/1 200/482/1
f  201/483/6 202/484/6 203/485/6 204/486/6
f  198/487/35 193/488/35 196/489/35 199/490/35
f  205/491/36 206/492/36 207/493/36 208/494/36
f  208/495/1 207/496/1 202/497/1 201/498/1
f  204/499/4 205/500/4 208/501/4 201/502/4
f  206/503/5 203/504/5 202/505/5 207/506/5
f  200/507/6 195/508/6 194/509/6 197/510/6
f  209/511/2 210/512/2 211/513/2 212/514/2
f  213/515/37 214/516/37 215/396/37 216/395/37
f  216/517/6 215/518/6 210/519/6 209/520/6
f  212/521/4 213/522/4 216/523/4 209/524/4
f  214/525/38 211/526/38 210/527/38 215/528/38
f  217/529/4 218/530/4 219/531/4 220/246/4
f  220/532/3 221/533/3 222/534/3 217/535/3
f  219/536/2 223/537/2 221/538/2 220/539/2
f  224/540/39 222/541/39 221/542/39 223/543/39
f  218/544/6 224/545/6 223/546/6 219/547/6
f  225/548/6 226/549/6 227/550/6 228/551/6
f  228/552/2 227/553/2 229/554/2 230/555/2
f  230/556/3 229/557/3 231/558/3 232/559/3
f  232/560/1 231/561/1 226/562/1 225/563/1
f  228/564/4 230/565/4 232/566/4 225/501/4
f  229/567/5 227/568/5 226/569/5 231/570/5
f  233/571/1 234/572/1 235/573/1 236/574/1
f  237/575/2 238/576/2 239/577/2 240/578/2
f  240/579/9 239/580/9 234/581/9 233/582/9
f  236/583/4 237/584/4 240/585/4 233/586/4
f  238/587/5 235/588/5 234/589/5 239/590/5
f  241/591/40 242/592/40 243/593/40 244/594/40
f  245/595/5 246/596/5 247/597/5 248/598/5
f  249/599/2 250/600/2 251/601/2 252/602/2
f  252/603/3 251/604/3 242/605/3 241/606/3
f  244/607/4 249/608/4 252/609/4 241/107/4
f  250/114/5 243/610/5 242/611/5 251/612/5
f  253/613/1 254/614/1 255/615/1 256/616/1
f  257/617/4 258/618/4 259/619/4 260/620/4
f  261/621/2 262/622/2 263/623/2 264/624/2
f  264/625/3 263/626/3 254/627/3 253/628/3
f  256/629/4 261/630/4 264/631/4 253/632/4
f  262/633/5 255/476/5 254/634/5 263/635/5
f  259/636/9 248/637/9 247/638/9 260/639/9
f  258/640/29 245/641/29 248/142/29 259/642/29
f  260/643/30 247/644/30 246/645/30 257/646/30
f  265/647/5 266/648/5 267/649/5 268/650/5
f  269/651/4 270/63/4 271/652/4 272/653/4
f  273/654/3 274/655/3 275/656/3 276/657/3
f  271/658/2 268/659/2 267/660/2 272/661/2
f  277/662/6 278/663/6 279/664/6 280/665/6
f  280/666/2 279/667/2 274/668/2 273/669/2
f  276/670/4 277/671/4 280/672/4 273/673/4
f  278/674/5 275/675/5 274/676/5 279/677/5
f  270/678/23 265/679/23 268/680/23 271/681/23
f  272/682/9 267/683/9 266/684/9 269/685/9
f  281/577/41 282/686/41 283/687/41 284/688/41
f  285/591/42 286/689/42 287/690/42 288/691/42
f  288/692/43 287/693/43 282/694/43 281/695/43
f  284/696/4 285/697/4 288/698/4 281/699/4
f  286/700/5 283/701/5 282/588/5 287/587/5
f  289/702/5 290/196/5 291/703/5 292/704/5
f  293/705/44 294/706/44 295/707/44 296/708/44
f  297/709/4 298/113/4 299/710/4 300/711/4
f  301/712/45 302/713/45 303/714/45 304/715/45
f  304/716/46 303/717/46 294/718/46 293/719/46
f  296/720/4 301/721/4 304/722/4 293/723/4
f  302/130/5 295/724/5 294/725/5 303/131/5
f  299/726/6 292/727/6 291/728/6 300/729/6
f  298/730/47 289/731/47 292/732/47 299/733/47
f  300/734/2 291/735/2 290/736/2 297/737/2
f  305/738/48 306/739/48 307/740/48 308/741/48
f  308/742/2 309/743/2 310/326/2 305/744/2
f  307/745/23 311/746/23 309/747/23 308/748/23
f  312/749/49 310/750/49 309/751/49 311/752/49
f  306/753/1 312/397/1 311/754/1 307/755/1
f  313/756/6 314/757/6 315/758/6 316/759/6
f  317/760/31 318/761/31 319/762/31 320/763/31
f  320/764/1 319/765/1 314/561/1 313/560/1
f  316/766/4 317/252/4 320/251/4 313/767/4
f  318/768/5 315/769/5 314/770/5 319/771/5
f  321/772/32 322/773/32 323/774/32 324/775/32
f  324/776/33 323/777/33 325/778/33 326/779/33
f  326/341/1 325/111/1 327/110/1 328/780/1
f  328/781/6 327/782/6 322/783/6 321/784/6
f  324/62/4 326/785/4 328/766/4 321/63/4
f  325/241/50 323/786/50 322/787/50 327/238/50
f  329/788/6 330/789/6 331/790/6 332/791/6
f  333/792/36 334/793/36 335/794/36 336/795/36
f  336/796/1 335/797/1 330/563/1 329/562/1
f  332/798/4 333/799/4 336/800/4 329/801/4
f  334/802/5 331/803/5 330/804/5 335/805/5
f  337/806/4 338/807/4 339/808/4 340/766/4
f  340/809/3 341/810/3 342/811/3 337/812/3
f  339/813/2 343/814/2 341/815/2 340/816/2
f  344/635/51 342/262/51 341/265/51 343/633/51
f  338/817/6 344/818/6 343/819/6 339/820/6
f  345/821/6 346/822/6 347/823/6 348/824/6
f  349/825/31 350/826/31 351/827/31 352/828/31
f  352/829/1 351/830/1 346/237/1 345/831/1
f  348/832/52 349/833/52 352/834/52 345/835/52
f  350/836/5 347/837/5 346/838/5 351/839/5
f  353/840/53 354/841/53 355/842/53 356/843/53
f  356/844/54 355/845/54 357/846/54 358/847/54
f  358/134/1 357/848/1 359/849/1 360/135/1
f  360/850/6 359/851/6 354/852/6 353/853/6
f  356/854/4 358/855/4 360/524/4 353/856/4
f  357/857/51 355/60/51 354/858/51 359/859/51
f  361/860/5 362/861/5 363/862/5 364/863/5
f  365/864/55 366/865/55 367/866/55 368/867/55
f  367/868/23 364/869/23 363/870/23 368/871/23
f  366/872/56 361/873/56 364/874/56 367/644/56
f  368/875/2 363/876/2 362/877/2 365/878/2
f  369/879/1 370/880/1 371/881/1 372/580/1
f  373/882/2 374/883/2 375/713/2 376/884/2
f  376/885/3 375/886/3 370/887/3 369/888/3
f  372/889/4 373/890/4 376/891/4 369/892/4
f  374/893/5 371/894/5 370/895/5 375/896/5
f  377/897/23 378/898/23 379/899/23 380/900/23
f  380/901/2 379/902/2 381/903/2 382/904/2
f  382/905/9 381/906/9 383/907/9 384/908/9
f  384/282/1 383/248/1 378/287/1 377/909/1
f  380/910/4 382/384/4 384/911/4 377/912/4
f  381/913/5 379/914/5 378/20/5 383/127/5
f  385/915/1 386/916/1 387/917/1 388/918/1
f  389/919/2 390/920/2 391/921/2 392/922/2
f  392/923/9 391/924/9 386/925/9 385/926/9
f  388/927/4 389/928/4 392/441/4 385/929/4
f  390/930/5 387/931/5 386/932/5 391/933/5
f  393/934/1 394/935/1 395/77/1 396/936/1
f  397/937/2 398/938/2 399/939/2 400/940/2
f  400/941/3 399/942/3 394/943/3 393/944/3
f  396/945/4 397/946/4 400/947/4 393/948/4
f  398/948/5 395/947/5 394/949/5 399/950/5
f  401/951/1 402/952/1 403/953/1 404/954/1
f  405/955/5 406/956/5 407/957/5 408/958/5
f  409/959/2 410/960/2 411/961/2 412/962/2
f  412/963/9 411/964/9 402/965/9 401/870/9
f  404/497/4 409/966/4 412/967/4 401/968/4
f  410/833/5 403/969/5 402/970/5 411/971/5
f  413/972/1 414/973/1 415/974/1 416/975/1
f  417/976/4 418/977/4 419/978/4 420/979/4
f  421/980/2 422/981/2 423/982/2 424/983/2
f  424/984/9 423/985/9 414/986/9 413/987/9
f  416/988/4 421/236/4 424/235/4 413/989/4
f  422/990/5 415/991/5 414/992/5 423/993/5
f  425/994/57 426/995/57 427/996/57 428/573/57
f  419/997/3 408/998/3 407/999/3 420/1000/3
f  429/1001/2 430/1002/2 431/1003/2 432/1004/2
f  432/1005/3 431/1006/3 426/1007/3 425/1008/3
f  428/1009/4 429/1010/4 432/1011/4 425/1012/4
f  430/506/5 427/1013/5 426/1014/5 431/1015/5
f  418/1016/2 405/1017/2 408/1018/2 419/1019/2
f  420/1020/1 407/1021/1 406/1022/1 417/1023/1
f  433/1024/1 434/961/1 435/1025/1 436/1026/1
f  436/1027/6 435/1028/6 437/1029/6 438/1030/6
f  438/1031/2 437/1032/2 439/1033/2 440/1034/2
f  440/1035/3 439/1036/3 434/1037/3 433/1038/3
f  436/1039/4 438/125/4 440/128/4 433/1040/4
f  437/1041/5 435/798/5 434/801/5 439/1042/5
f  441/1043/3 442/1044/3 443/1045/3 444/1046/3
f  445/1047/6 446/1048/6 447/1049/6 448/1050/6
f  446/1051/2 441/1052/2 444/1053/2 447/1054/2
f  442/1055/5 441/1056/5 446/672/5 445/671/5
f  448/1057/4 447/1058/4 444/1059/4 443/1060/4
f  449/193/5 450/192/5 451/1061/5 452/1062/5
f  453/1063/48 454/1064/48 455/1065/48 456/1066/48
f  457/1067/4 458/1068/4 459/1069/4 460/1070/4
f  456/1071/3 461/1072/3 462/1073/3 453/1074/3
f  455/1075/2 463/1076/2 461/1077/2 456/1078/2
f  464/1079/49 462/1080/49 461/1081/49 463/671/49
f  454/1082/6 464/1083/6 463/1084/6 455/1085/6
f  459/1086/2 452/1087/2 451/1080/2 460/1088/2
f  458/1089/23 449/1090/23 452/1091/23 459/1092/23
f  460/1093/9 451/1094/9 450/1095/9 457/1096/9
f  465/1097/2 466/1098/2 467/1099/2 468/1100/2
f  469/1101/1 470/1102/1 471/1103/1 472/1104/1
f  470/1105/58 465/1106/58 468/1107/58 471/719/58
f  466/1108/5 465/1109/5 470/722/5 469/1110/5
f  472/1111/4 471/931/4 468/1112/4 467/1113/4
f  473/1114/2 474/753/2 475/1115/2 476/1116/2
f  477/1117/1 478/1118/1 479/1119/1 480/1120/1
f  478/1121/6 473/1122/6 476/1123/6 479/1124/6
f  474/891/5 473/890/5 478/1125/5 477/1126/5
f  480/1127/4 479/1128/4 476/1129/4 475/1130/4
f  481/1131/2 482/1132/2 483/1133/2 484/1134/2
f  485/1135/1 486/166/1 487/1136/1 488/1137/1
f  486/1138/6 481/1139/6 484/1140/6 487/1141/6
f  482/1142/5 481/1143/5 486/1144/5 485/1145/5
f  488/1146/4 487/1147/4 484/1148/4 483/1149/4
f  489/864/4 490/1150/4 491/1151/4 492/1152/4
f  493/1153/59 494/1154/59 495/1155/59 496/1156/59
f  497/1157/5 498/1158/5 499/860/5 500/1159/5
f  501/738/60 502/741/60 503/1160/60 504/1154/60
f  502/1129/6 493/1161/6 496/1162/6 503/1163/6
f  494/429/61 493/1164/61 502/1165/61 501/430/61
f  504/19/62 503/18/62 496/1166/62 495/128/62
f  505/1167/2 506/200/2 507/1168/2 508/1169/2
f  499/1170/6 498/1171/6 491/1172/6 490/1173/6
f  509/346/63 510/1174/63 511/1175/63 512/1176/63
f  510/1177/23 505/1107/23 508/1178/23 511/1179/23
f  506/1180/64 505/1181/64 510/242/64 509/1182/64
f  512/540/4 511/543/4 508/1183/4 507/1184/4
f  500/1185/1 499/1186/1 490/1187/1 489/1188/1
f  498/1189/2 497/1190/2 492/1191/2 491/1192/2
f  513/1193/2 514/935/2 515/1194/2 516/1195/2
f  517/1196/1 518/574/1 519/1197/1 520/1198/1
f  518/1199/65 513/1200/65 516/1201/65 519/1202/65
f  514/1203/5 513/1204/5 518/1205/5 517/1206/5
f  520/368/4 519/367/4 516/1207/4 515/1208/4
f  521/1209/6 522/1210/6 523/1211/6 524/1212/6
f  525/1213/3 526/1214/3 527/1215/3 528/1216/3
f  526/1217/1 521/313/1 524/149/1 527/148/1
f  522/1218/5 521/1219/5 526/1220/5 525/867/5
f  528/1221/4 527/1222/4 524/1223/4 523/405/4
f  529/1224/66 530/1225/66 531/1226/66 532/1227/66
f  530/1228/67 533/1229/67 534/1230/67 531/1231/67
f  533/1232/68 535/1233/68 536/1234/68 534/1235/68
f  535/1236/6 529/1237/6 532/1238/6 536/1239/6
f  530/1240/5 529/1241/5 535/1242/5 533/1243/5
f  534/1113/69 536/1244/69 532/1238/69 531/1245/69
f  537/1206/4 538/1205/4 539/1246/4 540/1247/4
f  541/174/5 542/1248/5 543/1249/5 544/175/5
f  543/35/1 542/1250/1 539/282/1 538/1251/1
f  545/1252/23 546/1253/23 547/1254/23 548/1255/23
f  544/1256/9 543/1257/9 538/1258/9 537/1259/9
f  549/1260/9 550/1261/9 551/1262/9 552/1263/9
f  552/703/1 551/1264/1 546/1265/1 545/704/1
f  548/1266/4 549/1267/4 552/1268/4 545/1269/4
f  550/379/5 547/1270/5 546/1271/5 551/1272/5
f  542/1273/23 541/1274/23 540/1275/23 539/1276/23
f  553/1277/2 554/1278/2 555/1279/2 556/1280/2
f  557/1281/1 558/1282/1 559/1283/1 560/1284/1
f  558/1285/6 553/649/6 556/1286/6 559/1287/6
f  554/1288/5 553/1289/5 558/1248/5 557/1290/5
f  560/1291/4 559/1292/4 556/1293/4 555/1294/4
f  561/1295/4 562/1266/4 563/963/4 564/1296/4
f  564/1297/3 565/1298/3 566/1299/3 561/1300/3
f  563/1301/2 567/1302/2 565/1303/2 564/1304/2
f  568/1305/5 566/1306/5 565/1307/5 567/670/5
f  562/1308/6 568/1309/6 567/1310/6 563/1311/6
f  569/1312/23 570/1313/23 571/1314/23 572/1315/23
f  572/1316/2 571/1317/2 573/1318/2 574/1319/2
f  574/1320/9 573/1321/9 575/1322/9 576/1323/9
f  576/1324/1 575/1325/1 570/1292/1 569/1291/1
f  572/786/4 574/1056/4 576/1055/4 569/787/4
f  573/1326/5 571/542/5 570/1327/5 575/1328/5
f  577/1329/70 578/1330/70 579/1331/70 580/1332/70
f  581/1333/2 582/1334/2 583/601/2 584/1335/2
f  584/1336/9 583/409/9 578/1337/9 577/1338/9
f  580/1339/48 581/1340/48 584/1148/48 577/1341/48
f  582/950/5 579/949/5 578/586/5 583/1342/5
f  585/1343/1 586/1344/1 587/1345/1 588/1346/1
f  589/1347/5 590/1348/5 591/1349/5 592/1350/5
f  593/1351/2 594/1352/2 595/1353/2 596/1354/2
f  596/1355/9 595/1356/9 586/1357/9 585/1358/9
f  588/1359/4 593/1360/4 596/1361/4 585/236/4
f  594/1362/5 587/1363/5 586/1364/5 595/1365/5
f  597/1366/1 598/1367/1 599/1368/1 600/1369/1
f  601/1370/4 602/1371/4 603/1372/4 604/1373/4
f  605/1374/2 606/1375/2 607/574/2 608/1376/2
f  608/1377/9 607/1378/9 598/1379/9 597/1380/9
f  600/1381/4 605/1382/4 608/1383/4 597/1384/4
f  606/1382/5 599/1381/5 598/1151/5 607/1150/5
f  603/1385/3 592/1054/3 591/1386/3 604/1387/3
f  602/1388/2 589/1389/2 592/1390/2 603/1391/2
f  604/1392/1 591/1393/1 590/1394/1 601/1395/1
f  609/1396/71 610/1397/71 611/1398/71 612/1399/71
f  613/1033/72 614/1400/72 615/1401/72 616/1402/72
f  614/1403/6 609/1404/6 612/1405/6 615/1406/6
f  610/1407/5 609/1142/5 614/1145/5 613/1408/5
f  616/1339/4 615/1409/4 612/1410/4 611/1340/4
f  617/217/73 618/252/73 619/766/73 620/785/73
f  621/1411/44 622/849/44 623/1412/44 624/1413/44
f  625/1414/5 626/1415/5 627/1416/5 628/1417/5
f  629/1418/74 630/877/74 631/589/74 632/1368/74
f  630/1419/23 621/1420/23 624/963/23 631/1177/23
f  622/838/75 621/837/75 630/1421/75 629/1422/75
f  632/1423/76 631/1424/76 624/1064/76 623/596/76
f  627/1425/6 626/1426/6 619/1427/6 618/1428/6
f  628/1186/1 627/1185/1 618/1429/1 617/1430/1
f  626/1431/2 625/1432/2 620/1433/2 619/1434/2
f  633/81/49 634/1407/49 635/1408/49 636/82/49
f  634/1435/2 633/1436/2 637/1437/2 638/1438/2
f  635/551/6 634/1439/6 638/1440/6 639/1441/6
f  640/945/48 639/1146/48 638/1149/48 637/946/48
f  636/1442/1 635/109/1 639/1443/1 640/1444/1
f  641/1445/23 642/1446/23 643/1447/23 644/1448/23
f  645/1449/3 646/1450/3 647/1451/3 648/1452/3
f  646/1453/1 641/1454/1 644/1455/1 647/1456/1
f  642/151/77 641/1457/77 646/1458/77 645/152/77
f  648/1459/4 647/530/4 644/1460/4 643/1461/4
f  649/1462/78 650/1463/78 651/1464/78 652/685/78
f  650/1465/79 653/1466/79 654/238/79 651/1467/79
f  653/1468/1 655/1469/1 656/1470/1 654/1471/1
f  655/1472/80 649/1473/80 652/1474/80 656/1475/80
f  650/478/81 649/477/81 655/1461/81 653/1476/81
f  654/1477/82 656/1478/82 652/1362/82 651/771/82
f  657/1479/23 658/1480/23 659/1481/23 660/1482/23
f  661/1483/9 662/1484/9 663/1485/9 664/1486/9
f  664/797/1 663/1247/1 658/238/1 657/1000/1
f  660/1487/4 661/1488/4 664/1489/4 657/449/4
f  662/1490/5 659/1491/5 658/452/5 663/451/5
f  665/1492/4 666/41/4 667/44/4 668/1493/4
f  668/1494/3 669/1495/3 670/1496/3 665/1497/3
f  667/1498/2 671/1499/2 669/1500/2 668/1501/2
f  672/1080/5 670/1502/5 669/1503/5 671/1081/5
f  666/1504/6 672/1505/6 671/1506/6 667/1507/6
f  673/1508/6 674/1509/6 675/1510/6 676/1511/6
f  677/1512/3 678/1513/3 679/1514/3 680/1515/3
f  678/1516/1 673/1517/1 676/1518/1 679/128/1
f  674/129/5 673/132/5 678/1519/5 677/1520/5
f  680/1521/4 679/1223/4 676/1222/4 675/522/4
f  681/1522/78 682/1523/78 683/1524/78 684/1525/78
f  682/1526/83 685/1527/83 686/1528/83 683/1529/83
f  685/1530/1 687/982/1 688/1531/1 686/1532/1
f  687/1533/80 681/861/80 684/1534/80 688/1535/80
f  682/472/5 681/475/5 687/1536/5 685/1537/5
f  686/1538/84 688/1539/84 684/970/84 683/969/84
f  689/1540/85 690/1541/85 691/1542/85 692/1543/85
f  690/1544/2 693/1545/2 694/1546/2 691/1547/2
f  693/1548/86 695/1549/86 696/1550/86 694/1551/86
f  695/1549/87 697/1552/87 698/1553/87 696/1550/87
f  697/1554/1 699/1555/1 700/1556/1 698/1557/1
f  699/1558/88 689/1540/88 692/1543/88 700/1559/88
f  695/1549/89 701/1560/89 702/1561/89 697/1552/89
f  690/1544/2 703/1562/2 704/1563/2 693/1545/2
f  697/1554/30 702/1564/30 705/1565/30 699/1555/30
f  689/1540/90 706/1566/90 703/1567/90 690/1541/90
f  693/1548/91 704/1568/91 701/1560/91 695/1549/91
f  699/1558/92 705/1569/92 706/1566/92 689/1540/92
f  706/1570/93 705/1571/93 707/1572/93 708/1573/93
f  702/1564/30 709/1574/30 707/1575/30 705/1565/30
f  701/1576/94 704/1577/94 710/1578/94 711/1579/94
f  702/1580/95 701/1576/95 711/1579/95 709/1581/95
f  704/1563/96 703/1562/96 712/1582/96 710/1583/96
f  703/1584/97 706/1570/97 708/1573/97 712/1585/97
f  713/1586/98 692/1543/98 691/1542/98 714/1587/98
f  714/1588/99 691/1547/99 694/1546/99 715/1589/99
f  715/1590/100 694/1551/100 696/1550/100 716/1591/100
f  716/1591/101 696/1550/101 698/1553/101 717/1592/101
f  717/1593/102 698/1557/102 700/1556/102 718/1594/102
f  718/1595/103 700/1559/103 692/1543/103 713/1586/103
f  719/1596/104 720/1597/104 721/1598/104 722/1599/104
f  723/1600/105 724/1601/105 725/1602/105 726/1603/105
f  720/1604/106 727/1605/106 728/1606/106 721/1607/106
f  729/1608/107 723/1609/107 726/1610/107 730/1611/107
f  724/1612/108 719/1596/108 722/1599/108 725/1613/108
f  727/1614/109 729/1608/109 730/1611/109 728/1615/109
f  730/1616/110 731/1617/110 732/1618/110 728/1619/110
f  721/1607/111 728/1606/111 732/1620/111 733/1621/111
f  722/1622/112 734/1623/112 735/1624/112 725/1625/112
f  721/1626/113 733/1627/113 734/1623/113 722/1622/113
f  725/1602/114 735/1628/114 736/1629/114 726/1603/114
f  726/1630/115 736/1571/115 731/1617/115 730/1616/115
f  737/1631/116 718/1595/116 713/1586/116 738/1632/116
f  739/1633/117 717/1634/117 718/1635/117 737/1636/117
f  740/1637/118 716/1591/118 717/1592/118 739/1638/118
f  741/1639/119 715/1590/119 716/1591/119 740/1637/119
f  742/1640/120 714/1641/120 715/1642/120 741/1643/120
f  738/1632/121 713/1586/121 714/1587/121 742/1644/121
f  729/1608/122 738/1632/122 742/1644/122 723/1609/122
f  723/1600/123 742/1640/123 741/1643/123 724/1601/123
f  724/1612/124 741/1639/124 740/1637/124 719/1596/124
f  719/1596/125 740/1637/125 739/1638/125 720/1597/125
f  720/1604/126 739/1633/126 737/1636/126 727/1605/126
f  727/1614/127 737/1631/127 738/1632/127 729/1608/127
f  743/1645/128 744/1646/128 745/1647/128 746/1648/128
f  746/1649/30 745/1650/30 747/1651/30 748/1652/30
f  748/1653/129 747/1654/129 749/1655/129 750/1656/129
f  750/1656/130 749/1655/130 751/1657/130 752/1658/130
f  752/1659/29 751/1660/29 753/1661/29 754/1662/29
f  754/1663/131 753/1664/131 744/1646/131 743/1645/131
f  750/1656/132 752/1658/132 755/1665/132 756/1666/132
f  746/1649/1 748/1652/1 757/1667/1 758/1668/1
f  752/1659/133 754/1662/133 759/1669/133 755/1670/133
f  743/1645/134 746/1648/134 758/1671/134 760/1672/134
f  748/1653/135 750/1656/135 756/1666/135 757/1673/135
f  754/1663/136 743/1645/136 760/1672/136 759/1674/136
f  760/1675/137 761/1676/137 762/1677/137 759/1678/137
f  755/1670/138 759/1669/138 762/1679/138 763/1680/138
f  756/1681/139 764/1682/139 765/1683/139 757/1684/139
f  755/1685/140 763/1686/140 764/1682/140 756/1681/140
f  757/1667/141 765/1687/141 766/1688/141 758/1668/141
f  758/1689/142 766/1690/142 761/1676/142 760/1675/142
f  767/1691/143 768/1692/143 745/1647/143 744/1646/143
f  768/1693/1 769/1694/1 747/1651/1 745/1650/1
f  769/1695/144 770/1696/144 749/1655/144 747/1654/144
f  770/1696/145 771/1697/145 751/1657/145 749/1655/145
f  771/1698/2 772/1699/2 753/1661/2 751/1660/2
f  772/1700/146 767/1691/146 744/1646/146 753/1664/146
f  770/1696/147 773/1701/147 774/1702/147 771/1697/147
f  768/1693/1 775/1703/1 776/1704/1 769/1694/1
f  771/1698/2 774/1705/2 777/1706/2 772/1699/2
f  767/1691/148 778/1707/148 775/1708/148 768/1692/148
f  769/1695/149 776/1709/149 773/1701/149 770/1696/149
f  772/1700/150 777/1710/150 778/1707/150 767/1691/150
f  778/1711/151 777/1712/151 779/1713/151 780/1714/151
f  774/1705/2 781/1715/2 779/1716/2 777/1706/2
f  773/1717/152 776/1718/152 782/1719/152 783/1720/152
f  774/1721/153 773/1717/153 783/1720/153 781/1722/153
f  776/1704/1 775/1703/1 784/1723/1 782/1724/1
f  775/1725/154 778/1711/154 780/1714/154 784/1726/154
f  785/1727/155 786/1728/155 787/1729/155 788/1730/155
f  788/1731/30 787/1732/30 789/1733/30 790/1734/30
f  790/1735/156 789/1736/156 791/1737/156 792/1738/156
f  792/1738/157 791/1737/157 793/1739/157 794/1740/157
f  794/1741/29 793/1742/29 795/1743/29 796/1744/29
f  796/1745/158 795/1746/158 786/1728/158 785/1727/158
f  792/1738/159 794/1740/159 797/1747/159 798/1748/159
f  788/1731/160 790/1734/160 799/1749/160 800/1750/160
f  794/1741/2 796/1744/2 801/1751/2 797/1752/2
f  785/1727/161 788/1730/161 800/1753/161 802/1754/161
f  790/1735/162 792/1738/162 798/1748/162 799/1755/162
f  796/1745/163 785/1727/163 802/1754/163 801/1756/163
f  802/1757/164 803/1758/164 804/1759/164 801/1760/164
f  797/1752/138 801/1751/138 804/1761/138 805/1762/138
f  798/1763/165 806/1764/165 807/1765/165 799/1766/165
f  797/1767/166 805/1768/166 806/1764/166 798/1763/166
f  799/1749/167 807/1769/167 808/1770/167 800/1750/167
f  800/1771/168 808/1772/168 803/1758/168 802/1757/168
f  809/1773/169 810/1774/169 787/1729/169 786/1728/169
f  810/1775/1 811/1776/1 789/1733/1 787/1732/1
f  811/1777/87 812/1778/87 791/1737/87 789/1736/87
f  812/1778/170 813/1779/170 793/1739/170 791/1737/170
f  813/1780/2 814/1781/2 795/1743/2 793/1742/2
f  814/1782/171 809/1773/171 786/1728/171 795/1746/171
f  812/1778/172 815/1783/172 816/1784/172 813/1779/172
f  810/1775/1 817/1785/1 818/1786/1 811/1776/1
f  813/1780/2 816/1787/2 819/1788/2 814/1781/2
f  809/1773/173 820/1789/173 817/1790/173 810/1774/173
f  811/1777/174 818/1791/174 815/1783/174 812/1778/174
f  814/1782/175 819/1792/175 820/1789/175 809/1773/175
f  820/1793/176 819/1794/176 821/1795/176 822/1796/176
f  816/1787/177 823/1797/177 821/1798/177 819/1788/177
f  815/1799/178 818/1800/178 824/1801/178 825/1802/178
f  816/1803/179 815/1799/179 825/1802/179 823/1804/179
f  818/1786/1 817/1785/1 826/1805/1 824/1806/1
f  817/1807/180 820/1793/180 822/1796/180 826/1808/180

# Mesh 'Cube.012' with 441 faces
g Cube.012
usemtl Dark
f  827/1809/181 828/1810/181 829/1811/181 830/1812/181 831/1813/181 832/1814/181 833/1815/181 834/1816/181
f  835/1817/3 836/1818/3 837/1819/3 838/1820/3
f  839/1821/23 840/1822/23 841/1823/23 842/1824/23
f  842/1825/182 841/1826/182 836/1827/182 835/1828/182
f  843/1829/3 844/1830/3 845/1831/3 846/1832/3
f  847/1833/183 848/1101/183 849/1834/183 850/1835/183
f  840/1836/184 837/1837/184 836/1838/184 841/1839/184
f  850/1840/2 849/1841/2 844/1842/2 843/1843/2
f  846/1844/185 847/1845/185 850/1846/185 843/1847/185
f  851/1848/3 852/1849/3 853/1850/3 854/1851/3
f  855/1852/23 856/1853/23 857/1854/23 858/1855/23
f  848/1856/186 845/1857/186 844/1858/186 849/1859/186
f  858/1860/187 857/1861/187 852/1862/187 851/1863/187
f  854/1864/188 855/1865/188 858/1866/188 851/1867/188
f  856/1868/189 853/1869/189 852/1870/189 857/1871/189
f  859/1872/190 860/1873/190 861/1874/190 862/1875/190
f  863/1876/191 864/1877/191 865/1878/191 866/1879/191
f  866/1880/192 865/1881/192 860/1882/192 859/1883/192
f  867/1884/3 868/1885/3 869/1886/3 870/1887/3
f  871/1888/193 872/1889/193 873/1890/193 874/810/193
f  864/1891/194 861/1892/194 860/1384/194 865/1893/194
f  874/1038/195 873/1894/195 868/1895/195 867/1896/195
f  870/1897/196 871/1898/196 874/1899/196 867/1900/196
f  875/1901/3 876/1902/3 877/1903/3 878/1904/3
f  879/1905/197 880/1906/197 881/1907/197 882/1908/197
f  872/1909/198 869/1910/198 868/1911/198 873/1912/198
f  882/1913/199 881/1914/199 876/1349/199 875/1915/199
f  878/1916/200 879/1917/200 882/1918/200 875/1919/200
f  880/1920/201 877/1921/201 876/1922/201 881/1923/201
f  883/1924/3 884/1925/3 885/1926/3 886/1927/3
f  887/1928/202 888/1929/202 889/1930/202 890/1931/202
f  890/1932/2 889/1933/2 884/1934/2 883/1935/2
f  891/1936/203 892/1937/203 893/1938/203 894/1939/203
f  895/1940/204 896/1941/204 897/1942/204 898/1943/204
f  888/1944/205 885/1945/205 884/1946/205 889/1947/205
f  898/1948/206 897/1949/206 892/377/206 891/1950/206
f  894/1951/207 895/1952/207 898/1953/207 891/1954/207
f  899/1955/3 900/1956/3 901/1957/3 902/1958/3
f  903/1959/208 904/1960/208 905/1961/208 906/1083/208
f  896/1962/209 893/1963/209 892/1964/209 897/1965/209
f  906/1966/2 905/1967/2 900/957/2 899/1968/2
f  902/1969/210 903/1970/210 906/1971/210 899/1972/210
f  904/1973/211 901/1974/211 900/1975/211 905/1976/211
f  907/1977/212 908/1978/212 909/1979/212 910/1980/212
f  911/1981/213 912/1982/213 913/1983/213 914/1984/213
f  914/1985/214 913/1986/214 908/1987/214 907/1988/214
f  915/1989/215 916/1990/215 917/1991/215 918/1992/215
f  919/1993/216 920/1994/216 921/1995/216 922/1996/216
f  912/1997/217 909/1998/217 908/1999/217 913/2000/217
f  922/2001/2 921/2002/2 916/2003/2 915/2004/2
f  918/2005/218 919/1243/218 922/2006/218 915/2007/218
f  923/2008/219 924/2009/219 925/2010/219 926/2011/219
f  927/2012/220 928/2013/220 929/2014/220 930/2015/220
f  920/2016/221 917/2017/221 916/2018/221 921/2019/221
f  930/2020/222 929/2021/222 924/2022/222 923/2023/222
f  926/2024/223 927/2025/223 930/2026/223 923/2027/223
f  928/2028/224 925/1012/224 924/2029/224 929/2030/224
f  931/2031/225 932/2032/225 933/2033/225 934/2034/225
f  935/2035/226 936/2036/226 937/2037/226 938/2038/226
f  938/2039/227 937/2040/227 932/2041/227 931/2042/227
f  939/2043/228 940/2044/228 941/2045/228 942/2046/228
f  943/2047/229 944/2048/229 945/2049/229 946/2050/229
f  936/2051/230 933/1528/230 932/2052/230 937/2053/230
f  946/2054/199 945/2055/199 940/2056/199 939/2057/199
f  942/2058/231 943/2059/231 946/2060/231 939/2061/231
f  947/2062/232 948/2063/232 949/2064/232 950/2065/232
f  951/2066/233 952/2067/233 953/2068/233 954/2069/233
f  944/2070/234 941/2071/234 940/2072/234 945/2073/234
f  954/2074/2 953/2075/2 948/1086/2 947/2076/2
f  950/2077/235 951/2078/235 954/2079/235 947/2080/235
f  952/2081/236 949/2082/236 948/2083/236 953/2084/236
f  955/2085/237 956/2086/237 957/2087/237 958/2088/237
f  959/2089/238 960/2090/238 961/2091/238 962/2092/238
f  962/2093/2 961/2094/2 956/2095/2 955/2096/2
f  963/2097/239 964/2010/239 965/2098/239 966/2099/239
f  967/2100/240 968/2101/240 969/2102/240 970/2103/240
f  960/2104/241 957/2105/241 956/2106/241 961/2107/241
f  970/2108/195 969/2109/195 964/2110/195 963/2111/195
f  966/2112/242 967/2113/242 970/2114/242 963/2115/242
f  971/2116/243 972/2117/243 973/2118/243 974/183/243
f  975/2119/244 976/2120/244 977/2121/244 978/2122/244
f  968/2123/245 965/2124/245 964/565/245 969/2125/245
f  978/2126/2 977/2127/2 972/2128/2 971/2129/2
f  974/2130/246 975/2131/246 978/2132/246 971/2133/246
f  976/2134/5 973/2135/5 972/2136/5 977/2137/5
f  979/2138/247 980/2139/247 981/2140/247 982/2141/247
f  983/2142/6 984/2143/6 985/2144/6 986/2145/6
f  986/2146/248 985/2147/248 980/2148/248 979/2149/248
f  987/2150/249 988/2151/249 989/2152/249 990/2153/249
f  991/2154/6 992/2155/6 993/2156/6 994/2157/6
f  984/1404/250 981/2158/250 980/2159/250 985/1894/250
f  994/2160/2 993/2161/2 988/2162/2 987/2163/2
f  990/2164/251 991/2165/251 994/2166/251 987/782/251
f  995/2167/252 996/2168/252 997/2169/252 998/2170/252
f  999/2171/253 1000/2172/253 1001/2173/253 1002/2174/253
f  992/2175/254 989/2163/254 988/2176/254 993/2177/254
f  1002/2178/255 1001/2179/255 996/2180/255 995/2181/255
f  998/2182/256 999/2183/256 1002/2184/256 995/2185/256
f  1000/2186/257 997/2187/257 996/2188/257 1001/2189/257
f  1003/2190/3 1004/2191/3 1005/2192/3 1006/2193/3
f  1007/2194/258 1008/2195/258 1009/2196/258 1010/2197/258
f  1010/2198/259 1009/2199/259 1004/2200/259 1003/2201/259
f  1011/2202/3 1012/2203/3 1013/2204/3 1014/2205/3
f  1015/2206/260 1016/2207/260 1017/2208/260 1018/2209/260
f  1008/2210/261 1005/2211/261 1004/2212/261 1009/2213/261
f  1018/2214/262 1017/2215/262 1012/2216/262 1011/2217/262
f  1014/2218/263 1015/2219/263 1018/2220/263 1011/2221/263
f  1019/2222/264 1020/2223/264 1021/881/264 1022/2224/264
f  1023/2225/265 1024/2226/265 1025/2227/265 1026/2228/265
f  1016/2221/266 1013/2229/266 1012/2230/266 1017/2231/266
f  1026/2232/199 1025/2233/199 1020/2234/199 1019/2235/199
f  1022/2236/267 1023/2237/267 1026/2238/267 1019/2239/267
f  1024/2240/268 1021/2241/268 1020/2242/268 1025/2243/268
f  1014/2244/269 1013/2245/269 1016/2246/269 1015/2247/269
f  838/2248/270 837/2249/270 840/2250/270 839/2251/270
f  854/2252/271 853/2253/271 856/2254/271 855/2255/271
f  1027/2256/272 1028/2257/272 1029/2258/272 1030/2259/272
f  1031/2260/1 1032/2261/1 1033/2262/1 1034/2263/1
f  1034/2264/23 1033/2265/23 1028/2266/23 1027/2267/23
f  1035/2268/273 1036/2269/273 1037/2067/273 1038/2270/273
f  1039/2271/274 1040/1831/274 1041/2272/274 1042/2273/274
f  1032/2274/5 1029/2275/5 1028/2276/5 1033/2277/5
f  1042/2278/6 1041/2279/6 1036/260/6 1035/2280/6
f  1038/2281/275 1039/2282/275 1042/2283/275 1035/2284/275
f  1043/2285/2 1044/2286/2 1045/2287/2 1046/2288/2
f  1047/2289/1 1048/2290/1 1049/2291/1 1050/2292/1
f  1040/2293/276 1037/2294/276 1036/2295/276 1041/2296/276
f  1050/2297/6 1049/2298/6 1044/958/6 1043/2299/6
f  1046/2300/277 1047/2301/277 1050/2302/277 1043/2303/277
f  1048/2304/278 1045/2305/278 1044/2306/278 1049/2307/278
f  1051/2308/279 1052/2309/279 1053/2310/279 1054/2311/279
f  1055/2312/280 1056/2313/280 1057/1322/280 1058/2314/280
f  1058/2315/23 1057/2316/23 1052/1973/23 1051/2317/23
f  1059/2318/281 1060/2319/281 1061/2320/281 1062/2321/281
f  1063/2322/282 1064/2323/282 1065/2324/282 1066/2325/282
f  1056/2326/283 1053/2327/283 1052/2328/283 1057/2329/283
f  1066/2330/284 1065/2331/284 1060/2332/284 1059/2333/284
f  1062/2334/285 1063/2335/285 1066/2336/285 1059/2337/285
f  1067/2338/29 1068/2339/29 1069/2340/29 1070/2341/29
f  1071/2342/1 1072/2343/1 1073/2344/1 1074/2345/1
f  1064/2346/286 1061/2347/286 1060/2348/286 1065/2349/286
f  1074/2350/6 1073/2351/6 1068/2352/6 1067/2353/6
f  1070/2354/287 1071/1290/287 1074/2355/287 1067/2356/287
f  1072/2357/288 1069/2358/288 1068/2359/288 1073/2360/288
f  1075/2361/2 1076/2362/2 1077/2363/2 1078/2364/2
f  1079/2365/289 1080/2366/289 1081/2367/289 1082/2368/289
f  1082/2369/290 1081/2370/290 1076/2371/290 1075/2372/290
f  1083/2373/291 1084/2374/291 1085/2375/291 1086/2376/291
f  1087/2377/1 1088/492/1 1089/2378/1 1090/2379/1
f  1080/752/292 1077/2380/292 1076/2381/292 1081/2382/292
f  1090/2383/293 1089/2384/293 1084/139/293 1083/2385/293
f  1086/2386/294 1087/2387/294 1090/2388/294 1083/2389/294
f  1091/2390/295 1092/2391/295 1093/2392/295 1094/2393/295
f  1095/2394/296 1096/2395/296 1097/2396/296 1098/2397/296
f  1088/2398/297 1085/2399/297 1084/2400/297 1089/2401/297
f  1098/2402/6 1097/2403/6 1092/895/6 1091/2404/6
f  1094/2405/298 1095/2406/298 1098/2012/298 1091/2407/298
f  1096/2408/299 1093/2409/299 1092/2410/299 1097/2411/299
f  1099/2412/300 1100/2413/300 1101/2414/300 1102/2415/300
f  1103/2416/301 1104/2417/301 1105/2418/301 1106/2419/301
f  1106/2420/6 1105/2421/6 1100/2422/6 1099/2423/6
f  1107/2424/29 1108/2425/29 1109/2426/29 1110/2427/29
f  1111/2428/302 1112/2429/302 1113/2430/302 1114/2431/302
f  1104/2432/303 1101/2433/303 1100/2434/303 1105/2238/303
f  1114/2435/304 1113/2436/304 1108/2437/304 1107/2041/304
f  1110/2438/305 1111/2439/305 1114/2440/305 1107/2441/305
f  1115/2442/306 1116/2443/306 1117/2444/306 1118/2445/306
f  1119/1941/1 1120/2446/1 1121/2447/1 1122/2448/1
f  1112/2449/307 1109/2299/307 1108/2250/307 1113/2450/307
f  1122/2451/6 1121/2371/6 1116/2452/6 1115/2453/6
f  1118/2454/308 1119/2455/308 1122/2456/308 1115/2457/308
f  1120/2458/309 1117/2459/309 1116/2460/309 1121/2461/309
f  1123/2462/310 1124/2463/310 1125/2464/310 1126/2465/310
f  1127/2466/1 1128/2467/1 1129/1313/1 1130/2468/1
f  1130/2469/311 1129/2470/311 1124/2471/311 1123/2472/311
f  1131/2473/312 1132/2474/312 1133/2475/312 1134/2476/312
f  1135/2477/313 1136/2478/313 1137/2479/313 1138/2480/313
f  1128/1908/314 1125/2481/314 1124/2482/314 1129/2483/314
f  1138/2484/6 1137/2485/6 1132/2486/6 1131/2487/6
f  1134/1994/315 1135/2488/315 1138/2489/315 1131/2490/315
f  1139/2491/316 1140/2492/316 1141/2493/316 1142/2494/316
f  1143/2495/1 1144/2496/1 1145/2497/1 1146/2498/1
f  1136/2499/317 1133/2500/317 1132/1880/317 1137/1883/317
f  1146/2501/6 1145/2502/6 1140/1172/6 1139/2503/6
f  1142/2504/318 1143/2505/318 1146/2506/318 1139/2507/318
f  1144/2508/319 1141/2509/319 1140/2064/319 1145/2510/319
f  1147/2511/2 1148/2512/2 1149/2513/2 1150/2514/2
f  1151/2515/320 1152/2516/320 1153/2517/320 1154/2518/320
f  1154/2519/23 1153/2520/23 1148/2521/23 1147/2522/23
f  1155/421/321 1156/2523/321 1157/2524/321 1158/2525/321
f  1159/372/1 1160/2526/1 1161/2527/1 1162/2528/1
f  1152/2529/322 1149/2530/322 1148/40/322 1153/2531/322
f  1162/2532/323 1161/2533/323 1156/2534/323 1155/2535/323
f  1158/2536/324 1159/2537/324 1162/2538/324 1155/2539/324
f  1163/2540/2 1164/822/2 1165/2541/2 1166/2542/2
f  1167/1297/325 1168/2543/325 1169/2544/325 1170/2545/325
f  1160/2546/5 1157/2547/5 1156/2548/5 1161/2538/5
f  1170/2549/6 1169/2550/6 1164/2551/6 1163/2552/6
f  1166/2553/326 1167/2554/326 1170/2555/326 1163/2556/326
f  1168/2557/5 1165/2558/5 1164/2559/5 1169/2560/5
f  1171/2561/327 1172/2562/327 1173/2563/327 1174/2564/327
f  1175/2565/328 1176/2566/328 1177/2567/328 1178/1878/328
f  1178/2568/6 1177/2569/6 1172/357/6 1171/2148/6
f  1179/2570/329 1180/2571/329 1181/2572/329 1182/2573/329
f  1183/2574/330 1184/2575/330 1185/2576/330 1186/2577/330
f  1176/2578/331 1173/2579/331 1172/2580/331 1177/2581/331
f  1186/2582/6 1185/2583/6 1180/2584/6 1179/2585/6
f  1182/2586/332 1183/2587/332 1186/2588/332 1179/2182/332
f  1187/2589/333 1188/2590/333 1189/2591/333 1190/2592/333
f  1191/2593/334 1192/2594/334 1193/2595/334 1194/2596/334
f  1184/2597/335 1181/2598/335 1180/2599/335 1185/2600/335
f  1194/2601/6 1193/2602/6 1188/2603/6 1187/2604/6
f  1190/2605/336 1191/2606/336 1194/2607/336 1187/2348/336
f  1192/2608/337 1189/2609/337 1188/2610/337 1193/924/337
f  1195/2611/338 1196/2190/338 1197/2612/338 1198/2613/338
f  1199/2614/339 1200/2615/339 1201/2616/339 1202/2617/339
f  1202/2618/340 1201/2619/340 1196/2503/340 1195/2620/340
f  1203/2621/341 1204/2622/341 1205/2623/341 1206/2624/341
f  1207/2625/342 1208/2626/342 1209/2627/342 1210/2628/342
f  1200/2629/343 1197/2630/343 1196/2631/343 1201/2632/343
f  1210/2633/6 1209/2634/6 1204/2635/6 1203/2636/6
f  1206/2637/344 1207/2638/344 1210/24/344 1203/2639/344
f  1211/2640/345 1212/2641/345 1213/2642/345 1214/2643/345
f  1215/2644/346 1216/2645/346 1217/2646/346 1218/2647/346
f  1208/2648/347 1205/2649/347 1204/2650/347 1209/2651/347
f  1218/2652/348 1217/2653/348 1212/2654/348 1211/2655/348
f  1214/2656/349 1215/204/349 1218/2657/349 1211/2658/349
f  1216/2087/350 1213/2659/350 1212/2660/350 1217/2661/350
f  1206/2662/3 1205/2663/3 1208/2664/3 1207/2665/3
f  1030/2666/9 1029/2667/9 1032/2668/9 1031/2669/9
f  1046/2670/351 1045/2671/351 1048/2672/351 1047/2673/351
f  1219/2674/1 1220/2274/1 1221/2675/1 1222/2676/1
f  1223/2677/352 1224/2678/352 1225/2679/352 1226/2680/352
f  1226/2681/353 1225/2682/353 1220/2683/353 1219/2684/353
f  1227/2685/354 1228/2686/354 1229/2687/354 1230/2688/354
f  1231/2689/329 1232/2690/329 1233/2691/329 1234/2692/329
f  1224/2693/355 1221/2694/355 1220/2695/355 1225/2696/355
f  1234/2697/356 1233/2698/356 1228/536/356 1227/2699/356
f  1230/2700/357 1231/2701/357 1234/2702/357 1227/2703/357
f  1235/2704/1 1236/2705/1 1237/2706/1 1238/2707/1
f  1239/2708/358 1240/2709/358 1241/2710/358 1242/2711/358
f  1232/2712/359 1229/2713/359 1228/2714/359 1233/2715/359
f  1242/2716/360 1241/2717/360 1236/2718/360 1235/2719/360
f  1238/2720/361 1239/2721/361 1242/2722/361 1235/2723/361
f  1240/2724/362 1237/2725/362 1236/2726/362 1241/2727/362
f  1243/2728/363 1244/2304/363 1245/2729/363 1246/2730/363
f  1247/2731/364 1248/2732/364 1249/2733/364 1250/2734/364
f  1250/2735/365 1249/2736/365 1244/2737/365 1243/2738/365
f  1251/2739/366 1252/2740/366 1253/2741/366 1254/2742/366
f  1255/2743/2 1256/2744/2 1257/2745/2 1258/1298/2
f  1248/2746/367 1245/2747/367 1244/2748/367 1249/2749/367
f  1258/2750/3 1257/2751/3 1252/2752/3 1251/2753/3
f  1254/2754/368 1255/2755/368 1258/2756/368 1251/2757/368
f  1259/2758/369 1260/2759/369 1261/2760/369 1262/2761/369
f  1263/2762/370 1264/2763/370 1265/2764/370 1266/2765/370
f  1256/2766/371 1253/2767/371 1252/2768/371 1257/2769/371
f  1266/2770/372 1265/2771/372 1260/2772/372 1259/2773/372
f  1262/2774/373 1263/2775/373 1266/1867/373 1259/2776/373
f  1264/2777/374 1261/2778/374 1260/2779/374 1265/2780/374
f  1267/2781/375 1268/2782/375 1269/2783/375 1270/2784/375
f  1271/2785/2 1272/2786/2 1273/2787/2 1274/2788/2
f  1274/2789/376 1273/2790/376 1268/2021/376 1267/2791/376
f  1275/2792/1 1276/2793/1 1277/2794/1 1278/2419/1
f  1279/2795/377 1280/2796/377 1281/2797/377 1282/2798/377
f  1272/2799/378 1269/2800/378 1268/2801/378 1273/2802/378
f  1282/2803/379 1281/2804/379 1276/2805/379 1275/2806/379
f  1278/2807/380 1279/2808/380 1282/2809/380 1275/2810/380
f  1283/2811/381 1284/2812/381 1285/2813/381 1286/2814/381
f  1287/2815/29 1288/2816/29 1289/2817/29 1290/2818/29
f  1280/2819/382 1277/2820/382 1276/2821/382 1281/2822/382
f  1290/2823/383 1289/2824/383 1284/2825/383 1283/1976/383
f  1286/2826/384 1287/2827/384 1290/2828/384 1283/2829/384
f  1288/2830/385 1285/2831/385 1284/2832/385 1289/2833/385
f  1291/2834/1 1292/2835/1 1293/2836/1 1294/2837/1
f  1295/2838/386 1296/2839/386 1297/2840/386 1298/2841/386
f  1298/2842/3 1297/2843/3 1292/2844/3 1291/2845/3
f  1299/2846/387 1300/2847/387 1301/2848/387 1302/2849/387
f  1303/2850/2 1304/2851/2 1305/2852/2 1306/2853/2
f  1296/2854/388 1293/2855/388 1292/1871/388 1297/2856/388
f  1306/2857/3 1305/2858/3 1300/2859/3 1299/2471/3
f  1302/2860/389 1303/2861/389 1306/2862/389 1299/2863/389
f  1307/2864/1 1308/2865/1 1309/2866/1 1310/2867/1
f  1311/2868/390 1312/2869/390 1313/2870/390 1314/2871/390
f  1304/2872/391 1301/2873/391 1300/2874/391 1305/2875/391
f  1314/2876/3 1313/2877/3 1308/2878/3 1307/2879/3
f  1310/2880/392 1311/2881/392 1314/2882/392 1307/2883/392
f  1312/2884/393 1309/2885/393 1308/2886/393 1313/2887/393
f  1315/2888/394 1316/2889/394 1317/2890/394 1318/2891/394
f  1319/2892/395 1320/2893/395 1321/2894/395 1322/2895/395
f  1322/2896/3 1321/2897/3 1316/2877/3 1315/2898/3
f  1323/2899/396 1324/2900/396 1325/2901/396 1326/2902/396
f  1327/2903/2 1328/2904/2 1329/2905/2 1330/2906/2
f  1320/2907/397 1317/2908/397 1316/2909/397 1321/2910/397
f  1330/2911/3 1329/2912/3 1324/2913/3 1323/2914/3
f  1326/2915/398 1327/2916/398 1330/2917/398 1323/2918/398
f  1331/2919/1 1332/2920/1 1333/2921/1 1334/2922/1
f  1335/2923/399 1336/2924/399 1337/2925/399 1338/2926/399
f  1328/2927/400 1325/2928/400 1324/2929/400 1329/2930/400
f  1338/2931/3 1337/2932/3 1332/2933/3 1331/2934/3
f  1334/2935/401 1335/2936/401 1338/2937/401 1331/2938/401
f  1336/2939/402 1333/2940/402 1332/2941/402 1337/2942/402
f  1339/2943/403 1340/2944/403 1341/2945/403 1342/2946/403
f  1343/2947/2 1344/2948/2 1345/2949/2 1346/2950/2
f  1346/2951/404 1345/2952/404 1340/2953/404 1339/2954/404
f  1347/2955/296 1348/2956/296 1349/2957/296 1350/2958/296
f  1351/2959/405 1352/2960/405 1353/2961/405 1354/2962/405
f  1344/2963/406 1341/2964/406 1340/2965/406 1345/2966/406
f  1354/2967/3 1353/2968/3 1348/2969/3 1347/2970/3
f  1350/2971/407 1351/2860/407 1354/2972/407 1347/2973/407
f  1355/2974/408 1356/2975/408 1357/2976/408 1358/2977/408
f  1359/2978/2 1360/2979/2 1361/2980/2 1362/2981/2
f  1352/2982/5 1349/2983/5 1348/2984/5 1353/2132/5
f  1362/2985/3 1361/2986/3 1356/2987/3 1355/2988/3
f  1358/2989/409 1359/2990/409 1362/2833/409 1355/2991/409
f  1360/2992/410 1357/2993/410 1356/2994/410 1361/2995/410
f  1363/2996/411 1364/2997/411 1365/2998/411 1366/2999/411
f  1367/3000/412 1368/3001/412 1369/3002/412 1370/3003/412
f  1370/3004/413 1369/3005/413 1364/3006/413 1363/3007/413
f  1371/3008/414 1372/3009/414 1373/3010/414 1374/3011/414
f  1375/3012/415 1376/3013/415 1377/3014/415 1378/3015/415
f  1368/3016/416 1365/3017/416 1364/3018/416 1369/3019/416
f  1378/3020/3 1377/3021/3 1372/3022/3 1371/3023/3
f  1374/3024/417 1375/1994/417 1378/3025/417 1371/3026/417
f  1379/3027/1 1380/3028/1 1381/3029/1 1382/3030/1
f  1383/3031/2 1384/3032/2 1385/3033/2 1386/3034/2
f  1376/3035/418 1373/3036/418 1372/3037/418 1377/3038/418
f  1386/3039/419 1385/3040/419 1380/3041/419 1379/3042/419
f  1382/3043/420 1383/3044/420 1386/3045/420 1379/3046/420
f  1384/3047/421 1381/3048/421 1380/3049/421 1385/3050/421
f  1387/3051/422 1388/3052/422 1389/3053/422 1390/3054/422
f  1391/3055/423 1392/3056/423 1393/3057/423 1394/3058/423
f  1394/3059/3 1393/3060/3 1388/2934/3 1387/3061/3
f  1395/3062/424 1396/3063/424 1397/3064/424 1398/3065/424
f  1399/3066/425 1400/3067/425 1401/3068/425 1402/3069/425
f  1392/3070/426 1389/3071/426 1388/2782/426 1393/3072/426
f  1402/3073/427 1401/3074/427 1396/3075/427 1395/3076/427
f  1398/3077/428 1399/3078/428 1402/1509/428 1395/3079/428
f  1403/3080/429 1404/3081/429 1405/3082/429 1406/3083/429
f  1407/3084/430 1408/3085/430 1409/3086/430 1410/2980/430
f  1400/3087/431 1397/3088/431 1396/3089/431 1401/355/431
f  1410/3090/3 1409/3091/3 1404/3092/3 1403/3093/3
f  1406/3094/432 1407/3095/432 1410/3096/432 1403/3097/432
f  1408/3098/433 1405/3013/433 1404/3099/433 1409/3100/433
f  1238/619/6 1237/3101/6 1240/3102/6 1239/3103/6
f  1222/3104/6 1221/3105/6 1224/3106/6 1223/3107/6
f  1398/3108/6 1397/3109/6 1400/3110/6 1399/3111/6
f  1411/3112/6 1412/3113/6 1413/3114/6 1414/3115/6
f  1415/3116/434 1416/3117/434 1417/3118/434 1418/3119/434
f  1418/357/1 1417/3120/1 1412/3121/1 1411/3122/1
f  1419/3123/435 1420/3124/435 1421/3125/435 1422/3126/435
f  1423/3127/436 1424/3128/436 1425/3129/436 1426/3130/436
f  1416/3131/49 1413/3132/49 1412/3133/49 1417/3134/49
f  1426/3135/437 1425/3136/437 1420/3137/437 1419/3138/437
f  1422/3139/438 1423/3140/438 1426/3141/438 1419/3142/438
f  1427/3143/6 1428/3144/6 1429/3145/6 1430/3146/6
f  1431/3147/439 1432/3148/439 1433/3149/439 1434/3150/439
f  1424/3151/440 1421/3152/440 1420/220/440 1425/3153/440
f  1434/3154/1 1433/3155/1 1428/3156/1 1427/3157/1
f  1430/3158/441 1431/3159/441 1434/2966/441 1427/3160/441
f  1432/3161/442 1429/3162/442 1428/3163/442 1433/3164/442
f  1435/3165/6 1436/3166/6 1437/757/6 1438/3167/6
f  1439/3168/3 1440/3169/3 1441/3170/3 1442/3171/3
f  1442/3172/443 1441/3173/443 1436/3174/443 1435/3175/443
f  1443/3176/6 1444/3177/6 1445/3178/6 1446/3179/6
f  1447/3180/3 1448/3181/3 1449/3182/3 1450/1072/3
f  1440/2126/444 1437/3183/444 1436/3184/444 1441/3185/444
f  1450/1326/1 1449/3186/1 1444/3187/1 1443/3188/1
f  1446/3189/445 1447/3190/445 1450/3191/445 1443/3192/445
f  1451/3193/446 1452/3194/446 1453/3195/446 1454/3196/446
f  1455/3197/447 1456/3198/447 1457/3199/447 1458/3200/447
f  1448/2713/448 1445/1440/448 1444/3201/448 1449/3202/448
f  1458/3203/449 1457/3204/449 1452/832/449 1451/3205/449
f  1454/3206/450 1455/1427/450 1458/3207/450 1451/3208/450
f  1456/3209/451 1453/3210/451 1452/745/451 1457/3211/451
f  1459/3212/6 1460/3213/6 1461/3214/6 1462/3215/6
f  1463/3216/452 1464/3217/452 1465/3218/452 1466/3219/452
f  1466/3220/1 1465/3221/1 1460/3222/1 1459/3223/1
f  1467/3224/6 1468/3225/6 1469/3226/6 1470/953/6
f  1471/3227/3 1472/3228/3 1473/3229/3 1474/793/3
f  1464/3230/453 1461/3231/453 1460/3232/453 1465/3233/453
f  1474/3234/1 1473/3235/1 1468/3236/1 1467/3237/1
f  1470/3238/454 1471/3239/454 1474/3240/454 1467/3241/454
f  1475/3242/455 1476/3243/455 1477/3244/455 1478/3245/455
f  1479/3246/3 1480/3247/3 1481/3248/3 1482/974/3
f  1472/3249/456 1469/3250/456 1468/3251/456 1473/3252/456
f  1482/3253/1 1481/3254/1 1476/3255/1 1475/3256/1
f  1478/3257/457 1479/3258/457 1482/3259/457 1475/3260/457
f  1480/3261/458 1477/3262/458 1476/3263/458 1481/3264/458
f  1483/3265/459 1484/3266/459 1485/3267/459 1486/3268/459
f  1487/3269/3 1488/3270/3 1489/3271/3 1490/3272/3
f  1490/3273/1 1489/3274/1 1484/3275/1 1483/3276/1
f  1486/3277/460 1487/3278/460 1490/3279/460 1483/3280/460
f  1488/3281/461 1485/3282/461 1484/3283/461 1489/3284/461
f  1491/3285/6 1492/3286/6 1493/490/6 1494/2653/6
f  1495/3287/3 1496/3288/3 1497/3289/3 1498/818/3
f  1498/3290/1 1497/3291/1 1492/3292/1 1491/3293/1
f  1499/3294/6 1500/3295/6 1501/3296/6 1502/3297/6
f  1503/3298/3 1504/3299/3 1505/3300/3 1506/3301/3
f  1496/3302/462 1493/3303/462 1492/1410/462 1497/3304/462
f  1506/3305/1 1505/3306/1 1500/3307/1 1499/3308/1
f  1502/3309/463 1503/3310/463 1506/3311/463 1499/3312/463
f  1507/3313/6 1508/3314/6 1509/3315/6 1510/3316/6
f  1511/3317/3 1512/3318/3 1513/3319/3 1514/3320/3
f  1504/2983/5 1501/2982/5 1500/3321/5 1505/56/5
f  1514/3322/1 1513/3323/1 1508/3324/1 1507/3325/1
f  1510/3326/464 1511/3327/464 1514/3328/464 1507/3329/464
f  1512/3330/49 1509/930/49 1508/3331/49 1513/3332/49
f  1515/3333/465 1516/3334/465 1517/3335/465 1518/3336/465
f  1519/3337/466 1520/3338/466 1521/3339/466 1522/3340/466
f  1522/3341/1 1521/3342/1 1516/3343/1 1515/3344/1
f  1523/3345/467 1524/3346/467 1525/3347/467 1526/3348/467
f  1527/3349/468 1528/3350/468 1529/3351/468 1530/3352/468
f  1520/3353/469 1517/3354/469 1516/3355/469 1521/3356/469
f  1530/3357/1 1529/3358/1 1524/3359/1 1523/3360/1
f  1526/3361/470 1527/3362/470 1530/3236/470 1523/3363/470
f  1531/3364/471 1532/3365/471 1533/3366/471 1534/3367/471
f  1535/3368/472 1536/3369/472 1537/3370/472 1538/3371/472
f  1528/3372/473 1525/3373/473 1524/3374/473 1529/3375/473
f  1538/3376/1 1537/3377/1 1532/3378/1 1531/3379/1
f  1534/3380/474 1535/3381/474 1538/3382/474 1531/3383/474
f  1536/3384/475 1533/3385/475 1532/3386/475 1537/3387/475
f  1539/3388/6 1540/681/6 1541/3389/6 1542/3390/6
f  1543/3391/3 1544/1275/3 1545/3392/3 1546/3393/3
f  1546/3394/1 1545/3395/1 1540/3396/1 1539/3397/1
f  1547/3398/476 1548/3399/476 1549/3400/476 1550/3401/476
f  1551/3402/477 1552/3403/477 1553/3404/477 1554/3405/477
f  1544/3406/478 1541/3407/478 1540/3408/478 1545/3409/478
f  1554/3410/1 1553/3411/1 1548/3412/1 1547/3413/1
f  1550/3414/479 1551/3415/479 1554/3416/479 1547/3417/479
f  1555/2846/480 1556/3418/480 1557/3419/480 1558/3420/480
f  1559/3421/481 1560/3422/481 1561/3423/481 1562/657/481
f  1552/3424/482 1549/3425/482 1548/3426/482 1553/3427/482
f  1562/3428/1 1561/3348/1 1556/212/1 1555/3429/1
f  1558/3430/483 1559/3207/483 1562/3431/483 1555/3432/483
f  1560/3433/484 1557/3434/484 1556/3435/484 1561/3436/484
f  1550/3437/29 1549/3438/29 1552/3439/29 1551/3440/29
f  1414/3441/485 1413/3442/485 1416/3443/485 1415/3444/485
f  1430/3445/486 1429/3446/486 1432/3447/486 1431/3448/486
f  1563/3449/487 1564/3450/487 1565/3451/487 1566/3452/487
f  1563/3449/488 1567/3453/488 1568/3454/488 1564/3450/488
f  1569/3455/489 1570/3456/489 1571/3457/489 1572/3458/489 1573/3459/489 1574/3460/489 1575/3461/489 1576/3462/489

# Mesh 'Cube.012' with 36 faces
g Cube.012
usemtl White
f  1577/3463/490 1578/3464/490 1579/3465/490 1580/3466/490
f  1581/3467/1 1582/3468/1 1583/3469/1 1584/3470/1
f  1585/3471/491 1586/3472/491 1587/3473/491 1588/3474/491
f  1589/3475/492 1584/3470/492 1583/3469/492 1590/3476/492
f  1591/3477/493 1588/3474/493 1587/3473/493 1592/3478/493
f  1589/3479/3 1590/3480/3 1593/3481/3 1594/3482/3
f  1591/3483/6 1592/3484/6 1579/3465/6 1578/3464/6
f  1585/3485/494 1594/3482/494 1593/3481/494 1586/3486/494
f  1578/3487/495 1577/3488/495 1595/3489/495 1596/3490/495
f  1581/3491/5 1584/3492/5 1597/3493/5 1598/3494/5
f  1585/3495/49 1588/3496/49 1599/3497/49 1600/3498/49
f  1584/3492/5 1589/3499/5 1601/3500/5 1597/3493/5
f  1588/3496/5 1591/3501/5 1602/3502/5 1599/3497/5
f  1589/3499/496 1594/3503/496 1603/3504/496 1601/3500/496
f  1591/3501/497 1578/3487/497 1596/3490/497 1602/3502/497
f  1594/3503/498 1585/3495/498 1600/3498/498 1603/3504/498
f  1577/3488/5 1604/3505/5 1605/3506/5 1595/3489/5
f  1577/3507/1 1580/3508/1 1606/3509/1 1604/3510/1
f  1581/3511/23 1598/3512/23 1607/3061/23 1582/3513/23
f  1605/3514/499 1604/3515/499 1606/3516/499 1608/3517/499
f  1609/3518/5 1610/3519/5 1611/3520/5 1612/3521/5
f  1613/3522/3 1614/3523/3 1615/3524/3 1616/3525/3
f  1617/3526/5 1618/3527/5 1619/3528/5 1620/3529/5
f  1621/2246/6 1622/3530/6 1623/3531/6 1624/3532/6
f  1624/3354/4 1613/3533/4 1616/3534/4 1621/3535/4
f  1624/3536/500 1623/3537/500 1610/3538/500 1609/3539/500 1614/3540/500 1613/3541/500
f  1611/3520/501 1610/3519/501 1623/3542/501 1622/3543/501
f  1609/3518/502 1612/3521/502 1615/3544/502 1614/3140/502
f  1616/3545/503 1615/3546/503 1612/3547/503 1611/3548/503 1622/3549/503 1621/3550/503
f  1625/3551/3 1626/1346/3 1627/3552/3 1628/3074/3
f  1629/3553/6 1630/3554/6 1631/3532/6 1632/3555/6
f  1632/3231/4 1625/3556/4 1628/3557/4 1629/3558/4
f  1632/3559/504 1631/3560/504 1618/3561/504 1617/3562/504 1626/3563/504 1625/3564/504
f  1619/3528/501 1618/3527/501 1631/3354/501 1630/3565/501
f  1617/3526/502 1620/3529/502 1627/3566/502 1626/3567/502
f  1628/3568/505 1627/3569/505 1620/3570/505 1619/3547/505 1630/3571/505 1629/3572/505

# Mesh 'Cube.012' with 213 faces
g Cube.012
usemtl Main
f  1633/3573/5 1634/3574/5 1635/3575/5 1636/3576/5 1637/3577/5 1638/3578/5 1639/3579/5 1640/3580/5 1641/3581/5
f  1642/3582/6 1634/3583/6 1633/3584/6 1643/3585/6
f  1644/3586/1 1636/3587/1 1635/3588/1 1645/3589/1
f  1643/3590/506 1633/3591/506 1641/3592/506 1646/3593/506
f  1645/3594/507 1635/3595/507 1634/3583/507 1642/3582/507
f  1647/3596/1 1639/3597/1 1638/3598/1 1648/3599/1
f  1646/3593/508 1641/3592/508 1640/3600/508 1649/3601/508
f  1650/3602/509 1651/3603/509 1652/3604/509 1653/3605/509
f  1654/3606/3 1655/3607/3 1566/3454/3 1565/3608/3
f  1656/3609/510 1657/3610/510 1658/3611/510 1659/3612/510
f  1660/3613/511 1661/3614/511 1651/3603/511 1650/3602/511
f  1662/3615/1 1663/3616/1 1657/3617/1 1656/3618/1
f  1659/3612/6 1658/3611/6 1661/3619/6 1660/3620/6
f  1664/3621/48 1654/3622/48 1565/3623/48 1564/3624/48
f  1655/3625/1 1654/3626/1 1665/3627/1 1666/3628/1
f  1648/3599/1 1638/3598/1 1637/3629/1 1667/3630/1
f  1667/3630/1 1637/3629/1 1636/3587/1 1644/3586/1
f  1665/3627/1 1663/3616/1 1662/3615/1 1666/3628/1
f  1668/3631/512 1669/3632/512 1640/3580/512 1639/3579/512 1670/3633/512 1671/3634/512 1672/3635/512 1673/3636/512 1674/3637/512
f  1675/3638/3 1676/3639/3 1668/3640/3 1674/3641/3
f  1677/3642/1 1678/3643/1 1673/3644/1 1672/3645/1
f  1676/3639/513 1679/3646/513 1669/3647/513 1668/3640/513
f  1678/3643/514 1675/3648/514 1674/3649/514 1673/3644/514
f  1647/3596/1 1680/3650/1 1670/3651/1 1639/3597/1
f  1679/3652/2 1649/3601/2 1640/3600/2 1669/3653/2
f  1681/3654/2 1653/3605/2 1652/3604/2 1682/3655/2
f  1683/3656/515 1568/3657/515 1567/3658/515 1684/3659/515
f  1685/3660/492 1686/3661/492 1687/3662/492 1688/3663/492
f  1689/3664/516 1681/3665/516 1682/3666/516 1690/3667/516
f  1691/3668/1 1685/3660/1 1688/3663/1 1692/3669/1
f  1686/3670/3 1689/3664/3 1690/3667/3 1687/3671/3
f  1664/3621/48 1564/3624/48 1568/3510/48 1683/3672/48
f  1684/3673/1 1693/3674/1 1694/3675/1 1683/3676/1
f  1680/3650/1 1695/3677/1 1671/3678/1 1670/3651/1
f  1695/3677/1 1677/3642/1 1672/3645/1 1671/3678/1
f  1694/3675/1 1693/3674/1 1691/3668/1 1692/3669/1
f  1696/3679/30 1697/3680/30 1698/3681/30 1699/3682/30
f  1700/3683/5 1699/3684/5 1698/3685/5 1701/3686/5
f  1702/3687/29 1703/3688/29 1704/3689/29 1705/3690/29
f  1706/3691/3 1701/3692/3 1698/3693/3 1697/3694/3
f  1707/3695/517 1708/3696/517 1709/3697/517 1710/3686/517
f  1703/3698/5 1710/3699/5 1709/3700/5 1704/3701/5
f  1711/3702/2 1712/3703/2 1713/3704/2 1714/3705/2
f  1705/3706/3 1704/3707/3 1709/3708/3 1708/3709/3
f  1715/3704/518 1716/3710/518 1717/1183/518 1718/3711/518
f  1712/3699/5 1718/3712/5 1717/3713/5 1713/3700/5
f  1714/3714/3 1713/3715/3 1717/3716/3 1716/3717/3
f  1719/3718/6 1696/3719/6 1699/3720/6 1700/3721/6
f  1702/3722/6 1707/3723/6 1710/3724/6 1703/3725/6
f  1711/3726/6 1715/3727/6 1718/3728/6 1712/3729/6
f  1719/3730/29 1700/3731/29 1701/3732/29 1706/3733/29
f  1720/3734/1 1721/3735/1 1722/3736/1 1723/3737/1
f  1724/3738/1 1720/3734/1 1723/3737/1 1725/3739/1
f  1726/3740/2 1727/3741/2 1728/3742/2 1729/3743/2
f  1730/3744/1 1724/3738/1 1725/3739/1 1731/3745/1
f  1732/3746/519 1733/3747/519 1734/3748/519 1735/3749/519
f  1736/3750/520 1726/3751/520 1729/3752/520 1737/3753/520
f  1721/3735/1 1732/3746/1 1735/3749/1 1722/3736/1
f  1733/3754/3 1736/3750/3 1737/3753/3 1734/3755/3
f  1738/3756/1 1739/3757/1 1740/3758/1 1741/3759/1
f  1742/3760/1 1743/3761/1 1739/3757/1 1738/3756/1
f  1744/3762/2 1745/3763/2 1728/3742/2 1727/3741/2
f  1730/3744/1 1731/3745/1 1743/3761/1 1742/3760/1
f  1746/3764/521 1747/3765/521 1748/3766/521 1749/3767/521
f  1750/3768/522 1751/3769/522 1745/3763/522 1744/3762/522
f  1741/3759/1 1740/3758/1 1747/3770/1 1746/3771/1
f  1749/3767/6 1748/3766/6 1751/3772/6 1750/3773/6
f  1723/3737/30 1722/3736/30 1677/3642/30 1695/3677/30
f  1725/3739/1 1723/3737/1 1695/3677/1 1680/3650/1
f  1729/3743/29 1728/3742/29 1649/3601/29 1679/3652/29
f  1752/3774/1 1730/3744/1 1742/3760/1 1753/3775/1
f  1735/3749/523 1734/3748/523 1675/3648/523 1678/3643/523
f  1737/3753/524 1729/3752/524 1679/3646/524 1676/3639/524
f  1722/3736/30 1735/3749/30 1678/3643/30 1677/3642/30
f  1734/3755/3 1737/3753/3 1676/3639/3 1675/3638/3
f  1739/3757/1 1667/3630/1 1644/3586/1 1740/3758/1
f  1743/3761/1 1648/3599/1 1667/3630/1 1739/3757/1
f  1745/3763/525 1646/3593/525 1649/3601/525 1728/3742/525
f  1747/3765/526 1645/3594/526 1642/3582/526 1748/3766/526
f  1751/3769/527 1643/3590/527 1646/3593/527 1745/3763/527
f  1740/3758/30 1644/3586/30 1645/3589/30 1747/3770/30
f  1748/3766/528 1642/3582/528 1643/3585/528 1751/3772/528
f  1647/3596/1 1731/3745/1 1725/3739/1 1680/3650/1
f  1648/3599/529 1743/3761/529 1731/3745/529 1647/3596/529
f  1754/3776/23 1749/3767/23 1750/3773/23 1755/3777/23
f  1756/3778/1 1741/3759/1 1746/3771/1 1757/3779/1
f  1755/3780/530 1750/3768/530 1744/3762/530 1758/3781/530
f  1757/3782/510 1746/3764/510 1749/3767/510 1754/3776/510
f  1758/3781/29 1744/3762/29 1727/3741/29 1759/3783/29
f  1753/3775/1 1742/3760/1 1738/3756/1 1760/3784/1
f  1760/3784/1 1738/3756/1 1741/3759/1 1756/3778/1
f  1761/3785/9 1762/3786/9 1736/3750/9 1733/3754/9
f  1763/3787/1 1764/3788/1 1732/3746/1 1721/3735/1
f  1762/3786/531 1765/3789/531 1726/3751/531 1736/3750/531
f  1764/3788/532 1761/3790/532 1733/3747/532 1732/3746/532
f  1765/3791/29 1759/3783/29 1727/3741/29 1726/3740/29
f  1766/3792/30 1767/3793/30 1720/3734/30 1724/3738/30
f  1767/3793/1 1763/3787/1 1721/3735/1 1720/3734/1
f  1694/3675/1 1692/3669/1 1763/3787/1 1767/3793/1
f  1683/3676/30 1694/3675/30 1767/3793/30 1766/3792/30
f  1682/3655/2 1652/3604/2 1759/3783/2 1765/3791/2
f  1664/3794/30 1683/3676/30 1766/3792/30 1752/3774/30
f  1688/3663/533 1687/3662/533 1761/3790/533 1764/3788/533
f  1690/3667/534 1682/3666/534 1765/3789/534 1762/3786/534
f  1692/3669/1 1688/3663/1 1764/3788/1 1763/3787/1
f  1687/3671/3 1690/3667/3 1762/3786/3 1761/3785/3
f  1665/3627/1 1760/3784/1 1756/3778/1 1663/3616/1
f  1654/3626/30 1753/3775/30 1760/3784/30 1665/3627/30
f  1651/3603/29 1758/3781/29 1759/3783/29 1652/3604/29
f  1664/3794/30 1752/3774/30 1753/3775/30 1654/3626/30
f  1657/3610/535 1757/3782/535 1754/3776/535 1658/3611/535
f  1661/3614/536 1755/3780/536 1758/3781/536 1651/3603/536
f  1663/3616/30 1756/3778/30 1757/3779/30 1657/3617/30
f  1658/3611/6 1754/3776/6 1755/3777/6 1661/3619/6
f  1766/3792/1 1724/3738/1 1730/3744/1 1752/3774/1
f  1768/3795/49 1769/3796/49 1770/3797/49 1771/3798/49 1772/3799/49 1773/3800/49 1774/3801/49 1775/3802/49 1776/3803/49
f  1777/3804/6 1769/3805/6 1768/3806/6 1778/3807/6
f  1779/3808/1 1771/3809/1 1770/3810/1 1780/3811/1
f  1778/3812/537 1768/3813/537 1776/3814/537 1781/3815/537
f  1780/3816/538 1770/3817/538 1769/3805/538 1777/3804/538
f  1782/3818/1 1774/3819/1 1773/3820/1 1783/3821/1
f  1781/3815/539 1776/3814/539 1775/3822/539 1784/3823/539
f  1785/3824/540 1786/3825/540 1787/3826/540 1788/3827/540
f  1789/3476/541 1790/3828/541 1791/3829/541 1792/3830/541
f  1793/3478/542 1794/3831/542 1786/3825/542 1785/3824/542
f  1795/3832/543 1796/3833/543 1790/3834/543 1789/3835/543
f  1792/3830/544 1791/3829/544 1794/3836/544 1793/3837/544
f  1797/3838/545 1798/3839/545 1799/3840/545 1800/3841/545
f  1800/3841/546 1799/3840/546 1801/3842/546 1802/3843/546
f  1783/3821/547 1773/3820/547 1772/3844/547 1803/3845/547
f  1803/3845/1 1772/3844/1 1771/3809/1 1779/3808/1
f  1801/3842/548 1796/3833/548 1795/3832/548 1802/3843/548
f  1804/3846/549 1805/3847/549 1775/3802/549 1774/3801/549 1806/3848/549 1807/3849/549 1808/3850/549 1809/3851/549 1810/3852/549
f  1811/3853/3 1812/3854/3 1804/3855/3 1810/3856/3
f  1813/3857/1 1814/3858/1 1809/3859/1 1808/3860/1
f  1812/3854/550 1815/3861/550 1805/3862/550 1804/3855/550
f  1814/3858/551 1811/3863/551 1810/3864/551 1809/3859/551
f  1782/3818/30 1816/3865/30 1806/3866/30 1774/3819/30
f  1815/3867/2 1784/3823/2 1775/3822/2 1805/3868/2
f  1817/3869/552 1788/3827/552 1787/3826/552 1818/3870/552
f  1819/3871/553 1820/3872/553 1798/3839/553 1797/3838/553
f  1821/3873/554 1822/3874/554 1823/3875/554 1824/3876/554
f  1825/3877/555 1817/3878/555 1818/3879/555 1826/3880/555
f  1827/3881/556 1821/3873/556 1824/3876/556 1828/3882/556
f  1822/3883/557 1825/3877/557 1826/3880/557 1823/3884/557
f  1819/3871/558 1829/3885/558 1830/3886/558 1820/3872/558
f  1816/3865/559 1831/3887/559 1807/3888/559 1806/3866/559
f  1831/3887/560 1813/3857/560 1808/3860/560 1807/3888/560
f  1830/3886/561 1829/3885/561 1827/3881/561 1828/3882/561
f  1832/3889/1 1833/3890/1 1834/3891/1 1835/3892/1
f  1836/3893/562 1832/3889/562 1835/3892/562 1837/3894/562
f  1838/3895/2 1839/3896/2 1840/3897/2 1841/3898/2
f  1842/3899/563 1836/3893/563 1837/3894/563 1843/3900/563
f  1844/3901/564 1845/3902/564 1846/3903/564 1847/3904/564
f  1848/3905/565 1838/3906/565 1841/3907/565 1849/3908/565
f  1833/3890/1 1844/3901/1 1847/3904/1 1834/3891/1
f  1845/3909/3 1848/3905/3 1849/3908/3 1846/3910/3
f  1850/3911/562 1851/3912/562 1852/3913/562 1853/3914/562
f  1854/3915/566 1855/3916/566 1851/3912/566 1850/3911/566
f  1856/3917/567 1857/3918/567 1840/3897/567 1839/3896/567
f  1842/3899/568 1843/3900/568 1855/3916/568 1854/3915/568
f  1858/3919/569 1859/3920/569 1860/3921/569 1861/3922/569
f  1862/3923/570 1863/3924/570 1857/3918/570 1856/3917/570
f  1853/3914/1 1852/3913/1 1859/3925/1 1858/3926/1
f  1861/3922/6 1860/3921/6 1863/3927/6 1862/3928/6
f  1835/3892/571 1834/3891/571 1813/3857/571 1831/3887/571
f  1837/3894/572 1835/3892/572 1831/3887/572 1816/3865/572
f  1841/3898/573 1840/3897/573 1784/3823/573 1815/3867/573
f  1864/3929/574 1842/3899/574 1854/3915/574 1865/3930/574
f  1847/3904/575 1846/3903/575 1811/3863/575 1814/3858/575
f  1849/3908/576 1841/3907/576 1815/3861/576 1812/3854/576
f  1834/3891/30 1847/3904/30 1814/3858/30 1813/3857/30
f  1846/3910/577 1849/3908/577 1812/3854/577 1811/3853/577
f  1851/3912/578 1803/3845/578 1779/3808/578 1852/3913/578
f  1855/3916/30 1783/3821/30 1803/3845/30 1851/3912/30
f  1857/3918/579 1781/3815/579 1784/3823/579 1840/3897/579
f  1859/3920/580 1780/3816/580 1777/3804/580 1860/3921/580
f  1863/3924/581 1778/3812/581 1781/3815/581 1857/3918/581
f  1852/3913/582 1779/3808/582 1780/3811/582 1859/3925/582
f  1860/3921/583 1777/3804/583 1778/3807/583 1863/3927/583
f  1782/3818/584 1843/3900/584 1837/3894/584 1816/3865/584
f  1783/3821/585 1855/3916/585 1843/3900/585 1782/3818/585
f  1866/3931/23 1861/3922/23 1862/3928/23 1867/3932/23
f  1868/3933/1 1853/3914/1 1858/3926/1 1869/3934/1
f  1867/3935/586 1862/3923/586 1856/3917/586 1870/3936/586
f  1869/3937/587 1858/3919/587 1861/3922/587 1866/3931/587
f  1870/3936/588 1856/3917/588 1839/3896/588 1871/3938/588
f  1865/3930/1 1854/3915/1 1850/3911/1 1872/3939/1
f  1872/3939/1 1850/3911/1 1853/3914/1 1868/3933/1
f  1873/3940/9 1874/3941/9 1848/3905/9 1845/3909/9
f  1875/3942/1 1876/3943/1 1844/3901/1 1833/3890/1
f  1874/3941/589 1877/3944/589 1838/3906/589 1848/3905/589
f  1876/3943/590 1873/3945/590 1845/3902/590 1844/3901/590
f  1877/3946/29 1871/3938/29 1839/3896/29 1838/3895/29
f  1878/3947/591 1879/3948/591 1832/3889/591 1836/3893/591
f  1879/3948/1 1875/3942/1 1833/3890/1 1832/3889/1
f  1830/3886/592 1828/3882/592 1875/3942/592 1879/3948/592
f  1820/3872/593 1830/3886/593 1879/3948/593 1878/3947/593
f  1818/3870/2 1787/3826/2 1871/3938/2 1877/3946/2
f  1798/3839/1 1820/3872/1 1878/3947/1 1864/3929/1
f  1824/3876/594 1823/3875/594 1873/3945/594 1876/3943/594
f  1826/3880/595 1818/3879/595 1877/3944/595 1874/3941/595
f  1828/3882/1 1824/3876/1 1876/3943/1 1875/3942/1
f  1823/3884/3 1826/3880/3 1874/3941/3 1873/3940/3
f  1801/3842/1 1872/3939/1 1868/3933/1 1796/3833/1
f  1799/3840/596 1865/3930/596 1872/3939/596 1801/3842/596
f  1786/3825/597 1870/3936/597 1871/3938/597 1787/3826/597
f  1798/3839/598 1864/3929/598 1865/3930/598 1799/3840/598
f  1790/3828/599 1869/3937/599 1866/3931/599 1791/3829/599
f  1794/3831/600 1867/3935/600 1870/3936/600 1786/3825/600
f  1796/3833/1 1868/3933/1 1869/3934/1 1790/3834/1
f  1791/3829/6 1866/3931/6 1867/3932/6 1794/3836/6
f  1878/3947/601 1836/3893/601 1842/3899/601 1864/3929/601

# Mesh 'Cube.012' with 959 faces
g Cube.012
usemtl Wood
f  1880/3949/602 1881/3950/602 1882/3951/602 1883/3952/602
f  1882/3953/5 1881/3954/5 1884/3955/5 1885/3956/5
f  1886/3957/1 1887/3958/1 1888/3959/1 1881/3950/1
f  1880/3960/4 1883/3961/4 1889/3962/4 1890/3963/4
f  1891/3964/603 1892/3965/603 1893/3966/603 1894/3967/603
f  1895/3968/604 1886/3957/604 1881/3950/604 1880/3949/604
f  1896/3969/6 1880/3970/6 1890/3971/6 1897/3972/6
f  1898/3973/1 1895/3968/1 1880/3949/1 1896/3974/1
f  1881/3975/23 1888/3976/23 1899/3977/23 1884/3978/23
f  1893/3979/1 1900/3980/1 1901/3981/1 1902/3982/1
f  1898/3973/1 1894/3983/1 1893/3979/1 1895/3968/1
f  1901/3984/5 1903/3985/5 1904/3986/5 1902/3987/5
f  1886/3957/1 1902/3982/1 1905/3988/1 1887/3958/1
f  1893/3989/4 1892/3990/4 1906/3991/4 1900/3992/4
f  1895/3968/1 1893/3979/1 1902/3982/1 1886/3957/1
f  1902/3993/605 1904/3994/605 1907/3995/605 1905/3996/605
f  1908/3997/1 1909/3998/1 1910/3999/1 1911/4000/1
f  1912/4001/30 1913/4002/30 1914/4003/30 1915/4004/30
f  1908/3997/606 1916/4005/606 1917/4006/606 1909/3998/606
f  1918/4007/607 1919/4008/607 1914/4003/607 1913/4002/607
f  1911/4000/608 1910/3999/608 1919/4008/608 1918/4007/608
f  1920/4009/1 1912/4001/1 1915/4004/1 1921/4010/1
f  1916/4005/1 1922/4011/1 1923/4012/1 1917/4006/1
f  1909/4013/609 1917/4014/609 1924/4015/609 1925/4016/609
f  1919/4017/610 1926/4018/610 1927/4019/610 1914/4020/610
f  1910/4021/23 1928/4022/23 1926/4018/23 1919/4017/23
f  1921/4023/611 1915/4024/611 1929/4025/611 1930/4026/611
f  1917/4014/612 1923/4027/612 1931/4028/612 1924/4015/612
f  1909/4029/6 1925/4030/6 1928/4022/6 1910/4021/6
f  1915/4024/613 1914/4031/613 1927/4032/613 1929/4025/613
f  1908/4033/3 1911/4034/3 1932/4035/3 1933/4036/3
f  1913/4037/614 1912/4038/614 1934/4039/614 1935/4040/614
f  1916/4041/615 1908/4042/615 1933/4043/615 1936/4044/615
f  1918/4045/3 1913/4046/3 1935/4047/3 1937/4048/3
f  1911/4034/616 1918/4045/616 1937/4048/616 1932/4035/616
f  1912/4038/617 1920/4049/617 1938/4050/617 1934/4039/617
f  1922/4051/618 1916/4041/618 1936/4044/618 1939/4052/618
f  1940/4053/1 1941/4054/1 1942/4055/1 1943/4056/1
f  1944/4057/619 1945/4058/619 1946/4059/619 1947/4060/619
f  1940/4053/620 1943/4056/620 1948/4061/620 1949/4062/620
f  1950/4063/30 1947/4060/30 1946/4059/30 1951/4064/30
f  1941/4054/1 1950/4063/1 1951/4064/1 1942/4055/1
f  1920/4009/1 1921/4010/1 1945/4058/1 1944/4057/1
f  1949/4062/1 1948/4061/1 1923/4012/1 1922/4011/1
f  1943/4065/621 1952/2942/621 1953/4066/621 1948/4067/621
f  1951/4068/3 1946/4069/3 1954/4070/3 1955/4071/3
f  1942/4072/9 1951/4068/9 1955/4071/9 1956/4073/9
f  1921/4023/622 1930/4026/622 1957/4074/622 1945/4075/622
f  1948/4067/623 1953/4066/623 1931/4028/623 1923/4027/623
f  1943/4076/3 1942/4072/3 1956/4073/3 1952/4077/3
f  1945/4075/624 1957/4074/624 1954/4078/624 1946/4079/624
f  1940/4080/6 1958/4081/6 1959/4082/6 1941/4083/6
f  1947/4084/625 1960/4085/625 1961/4086/625 1944/4087/625
f  1949/4088/626 1962/4089/626 1958/4090/626 1940/4091/626
f  1950/4092/6 1963/4093/6 1960/4094/6 1947/4095/6
f  1941/4083/23 1959/4082/23 1963/4093/23 1950/4092/23
f  1944/4087/627 1961/4086/627 1938/4050/627 1920/4049/627
f  1922/4051/628 1939/4052/628 1962/4089/628 1949/4088/628
f  1964/4096/1 1965/4097/1 1966/4098/1 1967/4099/1
f  1968/4100/629 1969/4101/629 1970/4102/629 1971/4103/629
f  1964/4096/630 1972/4104/630 1973/4105/630 1965/4097/630
f  1974/4106/1 1975/4107/1 1976/4108/1 1977/4109/1
f  1967/4099/1 1966/4098/1 1978/4110/1 1979/4111/1
f  1980/4112/1 1968/4100/1 1971/4103/1 1981/4113/1
f  1977/4109/30 1976/4108/30 1970/4102/30 1969/4101/30
f  1979/4111/1 1978/4110/1 1975/4107/1 1974/4106/1
f  1972/4104/1 1982/4114/1 1983/4115/1 1973/4105/1
f  1965/4116/631 1973/4117/631 1984/4118/631 1985/4119/631
f  1975/4120/6 1986/4121/6 1987/4122/6 1976/4123/6
f  1966/4124/6 1988/4125/6 1989/4126/6 1978/4127/6
f  1981/4128/632 1971/4129/632 1990/4130/632 1991/4131/632
f  1976/4123/633 1987/4122/633 1992/4132/633 1970/4133/633
f  1978/4127/6 1989/4126/6 1986/4121/6 1975/4120/6
f  1973/4117/634 1983/4134/634 1993/4135/634 1984/4118/634
f  1965/4136/6 1985/4137/6 1988/4125/6 1966/4124/6
f  1971/4129/635 1970/4138/635 1992/4139/635 1990/4130/635
f  1964/4140/9 1967/4141/9 1994/4142/9 1995/4143/9
f  1969/4144/636 1968/4145/636 1996/4146/636 1997/4147/636
f  1972/4148/637 1964/4149/637 1995/4150/637 1998/4151/637
f  1974/4152/3 1977/4153/3 1999/4154/3 2000/4155/3
f  1967/4141/3 1979/4156/3 2001/4157/3 1994/4142/3
f  1968/4145/638 1980/4158/638 2002/4159/638 1996/4146/638
f  1977/4153/3 1969/4160/3 1997/4161/3 1999/4154/3
f  1979/4156/3 1974/4152/3 2000/4155/3 2001/4157/3
f  1982/4162/639 1972/4148/639 1998/4151/639 2003/4163/639
f  2004/4164/1 2005/4165/1 2006/4166/1 2007/4167/1
f  2008/4168/640 2009/4169/640 2010/4170/640 2011/4171/640
f  2004/4164/1 2007/4167/1 2012/4172/1 2013/4173/1
f  2014/4174/1 2015/4175/1 2016/4176/1 2017/4177/1
f  2005/4165/1 2018/4178/1 2019/4179/1 2006/4166/1
f  1980/4112/1 1981/4113/1 2009/4169/1 2008/4168/1
f  2015/4175/30 2011/4171/30 2010/4170/30 2016/4176/30
f  2018/4178/30 2014/4174/30 2017/4177/30 2019/4179/30
f  2013/4173/1 2012/4172/1 1983/4115/1 1982/4114/1
f  2007/4180/641 2020/4181/641 2021/4182/641 2012/4183/641
f  2017/4184/3 2016/4185/3 2022/4186/3 2023/4187/3
f  2006/4188/3 2019/4189/3 2024/4190/3 2025/4191/3
f  1981/4128/642 1991/4131/642 2026/4192/642 2009/4193/642
f  2016/4185/3 2010/4194/3 2027/4195/3 2022/4186/3
f  2019/4189/3 2017/4184/3 2023/4187/3 2024/4190/3
f  2012/4183/643 2021/4182/643 1993/4135/643 1983/4134/643
f  2007/4196/3 2006/4188/3 2025/4191/3 2020/4197/3
f  2009/4193/644 2026/4192/644 2027/4198/644 2010/4199/644
f  2004/4200/23 2028/4201/23 2029/4202/23 2005/4203/23
f  2011/4204/645 2030/4205/645 2031/4206/645 2008/4207/645
f  2013/4208/646 2032/4209/646 2028/4210/646 2004/4211/646
f  2014/4212/6 2033/4213/6 2034/4214/6 2015/4215/6
f  2005/4203/6 2029/4202/6 2035/4216/6 2018/4217/6
f  2008/4207/647 2031/4206/647 2002/4159/647 1980/4158/647
f  2015/4215/6 2034/4214/6 2030/4218/6 2011/4219/6
f  2018/4217/6 2035/4216/6 2033/4213/6 2014/4212/6
f  1982/4162/628 2003/4163/628 2032/4209/628 2013/4208/628
f  2036/4220/1 2037/4221/1 2038/4222/1 2039/4223/1
f  2040/4224/648 2041/4225/648 2042/4226/648 2043/4227/648
f  2038/4228/5 2037/4229/5 2044/4230/5 2045/4231/5
f  2046/4232/1 2047/4233/1 2048/4234/1 2037/4221/1
f  2036/4235/4 2039/4236/4 2049/4237/4 2050/4238/4
f  2041/4239/4 2051/4240/4 2052/4241/4 2042/4242/4
f  2053/4243/1 2054/4244/1 2036/4220/1 2055/4245/1
f  2056/4246/5 2055/4247/5 2057/4248/5 2058/4249/5
f  2054/4244/1 2046/4232/1 2037/4221/1 2036/4220/1
f  2059/4250/1 2053/4243/1 2055/4245/1 2041/4251/1
f  2041/4251/1 2055/4245/1 2056/4252/1 2051/4253/1
f  2055/4254/6 2036/4255/6 2050/4256/6 2057/4257/6
f  2037/4258/6 2048/4259/6 2060/4260/6 2044/4261/6
f  2061/4262/649 2059/4250/649 2041/4251/649 2040/4263/649
f  2062/4264/1 2063/4265/1 2064/4266/1 2065/4267/1
f  2066/4268/650 2067/4269/650 2068/4270/650 2069/4271/650
f  2064/4272/5 2070/4273/5 2071/4274/5 2065/4275/5
f  2046/4232/1 2065/4267/1 2072/4276/1 2047/4233/1
f  2062/4277/4 2073/4278/4 2074/4279/4 2063/4280/4
f  2069/4281/4 2068/4282/4 2075/4283/4 2076/4284/4
f  2053/4243/1 2077/4285/1 2062/4264/1 2054/4244/1
f  2078/4286/5 2079/4287/5 2080/4288/5 2077/4289/5
f  2054/4244/1 2062/4264/1 2065/4267/1 2046/4232/1
f  2059/4250/1 2069/4290/1 2077/4285/1 2053/4243/1
f  2069/4290/1 2076/4291/1 2078/4292/1 2077/4285/1
f  2077/4293/3 2080/4294/3 2073/4295/3 2062/4296/3
f  2065/4297/651 2071/4298/651 2081/4299/651 2072/4300/651
f  2061/4262/1 2066/4301/1 2069/4290/1 2059/4250/1
f  2082/4302/1 2083/4303/1 2084/4304/1 2085/4305/1
f  2084/4306/5 2086/4307/5 2087/4308/5 2085/4309/5
f  2088/4310/30 2085/4305/30 2089/4311/30 2090/4312/30
f  2082/4313/4 2091/4314/4 2092/4315/4 2083/4316/4
f  2093/4317/652 2094/4318/652 2095/4319/652 2096/4320/652
f  2097/4321/1 2082/4302/1 2085/4305/1 2088/4310/1
f  2098/4322/3 2099/4323/3 2091/4324/3 2082/4325/3
f  2100/4326/1 2098/4327/1 2082/4302/1 2097/4321/1
f  2085/4328/9 2087/3978/9 2101/3977/9 2089/4329/9
f  2095/4330/1 2102/4331/1 2103/4332/1 2104/4333/1
f  2100/4326/653 2097/4321/653 2095/4330/653 2094/4334/653
f  2103/4335/5 2102/4336/5 2105/4337/5 2106/4338/5
f  2088/4310/654 2090/4312/654 2107/4339/654 2102/4331/654
f  2095/4340/4 2104/4341/4 2108/4342/4 2096/4343/4
f  2097/4321/604 2088/4310/604 2102/4331/604 2095/4330/604
f  2102/4344/655 2107/4345/655 2109/4346/655 2105/4347/655
f  2110/4348/1 2111/4349/1 2112/4350/1 2113/4351/1
f  2114/4352/656 2115/4353/656 2116/4354/656 2117/4355/656
f  2110/4348/657 2113/4351/657 2118/4356/657 2119/4357/657
f  2120/4358/658 2117/4355/658 2116/4354/658 2121/4359/658
f  2111/4349/1 2120/4358/1 2121/4359/1 2112/4350/1
f  2122/4360/1 2123/4361/1 2115/4353/1 2114/4352/1
f  2119/4357/1 2118/4356/1 2124/4362/1 2125/4363/1
f  2113/4364/621 2126/4365/621 2127/4366/621 2118/4367/621
f  2121/4368/659 2116/897/659 2128/4369/659 2129/4370/659
f  2112/4371/9 2121/4368/9 2129/4370/9 2130/4372/9
f  2123/4373/660 2131/4374/660 2132/4375/660 2115/4376/660
f  2118/4367/661 2127/4366/661 2133/4377/661 2124/4378/661
f  2113/4379/3 2112/4371/3 2130/4372/3 2126/4380/3
f  2115/4376/662 2132/4375/662 2128/4381/662 2116/4382/662
f  2110/4383/6 2134/4384/6 2135/4385/6 2111/4386/6
f  2117/4387/625 2136/4388/625 2137/4389/625 2114/4390/625
f  2119/4391/626 2138/4392/626 2134/4393/626 2110/4394/626
f  2120/4395/6 2139/4396/6 2136/4397/6 2117/4398/6
f  2111/4386/663 2135/4385/663 2139/4396/663 2120/4395/663
f  2114/4390/664 2137/4389/664 2140/4399/664 2122/4400/664
f  2125/4401/665 2141/4402/665 2138/4392/665 2119/4391/665
f  2142/4403/1 2143/4404/1 2144/4405/1 2145/4406/1
f  2146/4407/1 2147/4408/1 2148/4409/1 2149/4410/1
f  2142/4403/1 2150/4411/1 2151/4412/1 2143/4404/1
f  2152/4413/1 2153/4414/1 2148/4409/1 2147/4408/1
f  2145/4406/1 2144/4405/1 2153/4414/1 2152/4413/1
f  2122/4360/1 2146/4407/1 2149/4410/1 2123/4361/1
f  2150/4411/1 2125/4363/1 2124/4362/1 2151/4412/1
f  2143/4415/666 2151/4416/666 2154/4417/666 2155/4418/666
f  2153/4419/6 2156/4420/6 2157/4421/6 2148/4422/6
f  2144/4423/23 2158/4424/23 2156/4420/23 2153/4419/23
f  2123/4373/667 2149/4425/667 2159/4426/667 2131/4374/667
f  2151/4416/668 2124/4378/668 2133/4377/668 2154/4417/668
f  2143/840/6 2155/4427/6 2158/4424/6 2144/4423/6
f  2149/4425/669 2148/4428/669 2157/4429/669 2159/4426/669
f  2142/4430/3 2145/4431/3 2160/4432/3 2161/4433/3
f  2147/4434/614 2146/4435/614 2162/4436/614 2163/4437/614
f  2150/4438/615 2142/4439/615 2161/4440/615 2164/4441/615
f  2152/4442/3 2147/4443/3 2163/4444/3 2165/4445/3
f  2145/4431/9 2152/4442/9 2165/4445/9 2160/4432/9
f  2146/4435/670 2122/4400/670 2140/4399/670 2162/4436/670
f  2125/4401/639 2150/4438/639 2164/4441/639 2141/4402/639
f  2166/4446/1 2167/4447/1 2168/4448/1 2169/4449/1
f  2170/4450/671 2171/4451/671 2172/4452/671 2173/4453/671
f  2166/4446/672 2169/4449/672 2174/4454/672 2175/4455/672
f  2176/4456/1 2177/4457/1 2178/4458/1 2179/4459/1
f  2167/4447/1 2180/4460/1 2181/4461/1 2168/4448/1
f  2182/4462/1 2183/4463/1 2171/4451/1 2170/4450/1
f  2177/4457/673 2173/4453/673 2172/4452/673 2178/4458/673
f  2180/4460/1 2176/4456/1 2179/4459/1 2181/4461/1
f  2175/4455/1 2174/4454/1 2184/4464/1 2185/4465/1
f  2169/4466/674 2186/4467/674 2187/4468/674 2174/4469/674
f  2179/4470/3 2178/4471/3 2188/4472/3 2189/4473/3
f  2168/4474/3 2181/4475/3 2190/4476/3 2191/4477/3
f  2183/4478/675 2192/4479/675 2193/4480/675 2171/4481/675
f  2178/4471/676 2172/4482/676 2194/4483/676 2188/4472/676
f  2181/4475/3 2179/4470/3 2189/4473/3 2190/4476/3
f  2174/4469/677 2187/4468/677 2195/4484/677 2184/4485/677
f  2169/4486/3 2168/4474/3 2191/4477/3 2186/4487/3
f  2171/4481/678 2193/4480/678 2194/4488/678 2172/4489/678
f  2166/4490/23 2196/4491/23 2197/4492/23 2167/4493/23
f  2173/4494/645 2198/4495/645 2199/4496/645 2170/4497/645
f  2175/4498/646 2200/4499/646 2196/4500/646 2166/4501/646
f  2176/4502/6 2201/4503/6 2202/4504/6 2177/4505/6
f  2167/4493/6 2197/4492/6 2203/4506/6 2180/4507/6
f  2170/4497/679 2199/4496/679 2204/4508/679 2182/4509/679
f  2177/4505/680 2202/4504/680 2198/4510/680 2173/4511/680
f  2180/4507/6 2203/4506/6 2201/4503/6 2176/4502/6
f  2185/4512/628 2205/4513/628 2200/4499/628 2175/4498/628
f  2206/4514/1 2207/4515/1 2208/4516/1 2209/4517/1
f  2210/4518/1 2211/4519/1 2212/4520/1 2213/4521/1
f  2206/4514/630 2214/4522/630 2215/4523/630 2207/4515/630
f  2216/4524/30 2217/4525/30 2218/4526/30 2219/4527/30
f  2209/4517/1 2208/4516/1 2220/4528/1 2221/4529/1
f  2182/4462/1 2210/4518/1 2213/4521/1 2183/4463/1
f  2219/4527/30 2218/4526/30 2212/4520/30 2211/4519/30
f  2221/4529/1 2220/4528/1 2217/4525/1 2216/4524/1
f  2214/4522/1 2185/4465/1 2184/4464/1 2215/4523/1
f  2207/4530/681 2215/4531/681 2222/4532/681 2223/4533/681
f  2217/4534/6 2224/4535/6 2225/4536/6 2218/4537/6
f  2208/4538/6 2226/4539/6 2227/4540/6 2220/4541/6
f  2183/4478/682 2213/4542/682 2228/4543/682 2192/4479/682
f  2218/4537/6 2225/4536/6 2229/4544/6 2212/4545/6
f  2220/4541/6 2227/4540/6 2224/4535/6 2217/4534/6
f  2215/4531/683 2184/4485/683 2195/4484/683 2222/4532/683
f  2207/4546/6 2223/4547/6 2226/4539/6 2208/4538/6
f  2213/4542/684 2212/4548/684 2229/4549/684 2228/4543/684
f  2206/4550/9 2209/4551/9 2230/4552/9 2231/4384/9
f  2211/4553/636 2210/4554/636 2232/4555/636 2233/4556/636
f  2214/4557/637 2206/4558/637 2231/4559/637 2234/4560/637
f  2216/4561/3 2219/4562/3 2235/4563/3 2236/4564/3
f  2209/4551/3 2221/4565/3 2237/4566/3 2230/4552/3
f  2210/4554/685 2182/4509/685 2204/4508/685 2232/4555/685
f  2219/4562/3 2211/1687/3 2233/4324/3 2235/4563/3
f  2221/4565/3 2216/4561/3 2236/4564/3 2237/4566/3
f  2185/4512/639 2214/4557/639 2234/4560/639 2205/4513/639
f  2238/4567/1 2239/4568/1 2240/4569/1 2241/4570/1
f  2242/4571/686 2243/4572/686 2244/4573/686 2245/4574/686
f  2240/4575/5 2246/4576/5 2247/4577/5 2241/4578/5
f  2248/4579/1 2241/4570/1 2249/4580/1 2250/4581/1
f  2238/4582/4 2251/4583/4 2252/4584/4 2239/4585/4
f  2245/4586/4 2244/4587/4 2253/4588/4 2254/4589/4
f  2255/4590/1 2256/4591/1 2238/4567/1 2257/4592/1
f  2258/4593/5 2259/4594/5 2260/4595/5 2256/4238/5
f  2257/4592/1 2238/4567/1 2241/4570/1 2248/4579/1
f  2261/4596/1 2245/4597/1 2256/4591/1 2255/4590/1
f  2245/4597/1 2254/4598/1 2258/4599/1 2256/4591/1
f  2256/4600/3 2260/4601/3 2251/4602/3 2238/4603/3
f  2241/4604/3 2247/4605/3 2262/4606/3 2249/4607/3
f  2263/4608/1 2242/4609/1 2245/4597/1 2261/4596/1
f  2264/4610/30 2265/4611/30 2266/4612/30 2267/4613/30
f  2268/4614/6 2269/4615/6 2270/4616/6 2271/4617/6
f  2266/4618/5 2265/4619/5 2272/4620/5 2273/4621/5
f  2248/4579/687 2250/4581/687 2274/4622/687 2265/4611/687
f  2264/4623/4 2267/4624/4 2275/4625/4 2276/4626/4
f  2269/4627/4 2277/4628/4 2278/4629/4 2270/4630/4
f  2255/4590/1 2257/4592/1 2264/4610/1 2279/4631/1
f  2280/4632/5 2279/4633/5 2281/4634/5 2282/4635/5
f  2257/4592/1 2248/4579/1 2265/4611/1 2264/4610/1
f  2261/4596/1 2255/4590/1 2279/4631/1 2269/4636/1
f  2269/4636/1 2279/4631/1 2280/4637/1 2277/4638/1
f  2279/4639/6 2264/4640/6 2276/4641/6 2281/4642/6
f  2265/4643/688 2274/4644/688 2283/4645/688 2272/4646/688
f  2263/4608/1 2261/4596/1 2269/4636/1 2268/4647/1
f  2284/4648/689 2285/4649/689 2286/4650/689 2287/4651/689
f  2287/4652/690 2286/4653/690 2288/4654/690 2289/4655/690
f  2290/4656/691 2291/4657/691 2285/4658/691 2284/4659/691
f  2287/4660/692 2289/4661/692 2290/4662/692 2284/4663/692
f  2288/4664/693 2286/4665/693 2285/4666/693 2291/4667/693
f  2292/4668/4 2293/4669/4 2294/4670/4 2295/4671/4
f  2295/4672/694 2294/4673/694 2296/4674/694 2297/4675/694
f  2297/4676/49 2296/4677/49 2298/4678/49 2299/4679/49
f  2299/4680/695 2298/4681/695 2293/4682/695 2292/4683/695
f  2295/4684/696 2297/4685/696 2299/4686/696 2292/4687/696
f  2296/4688/697 2294/4689/697 2293/4690/697 2298/4691/697
f  2300/4692/698 2301/4693/698 2302/4694/698 2303/4695/698
f  2301/4696/2 2289/4655/2 2288/4654/2 2302/4697/2
f  2289/4698/699 2290/4699/699 2291/4700/699 2288/4701/699
f  2290/4656/700 2300/4702/700 2303/4703/700 2291/4657/700
f  2301/4704/701 2300/4705/701 2290/4662/701 2289/4661/701
f  2288/4664/702 2291/4667/702 2303/4706/702 2302/4707/702
f  2304/4708/4 2305/4709/4 2306/4710/4 2307/4711/4
f  2305/4712/703 2308/4713/703 2309/4714/703 2306/4715/703
f  2308/4716/49 2310/4717/49 2311/4718/49 2309/4719/49
f  2310/4720/704 2304/4721/704 2307/4722/704 2311/4723/704
f  2305/4724/705 2304/4725/705 2310/4726/705 2308/4727/705
f  2309/4728/706 2311/4729/706 2307/4730/706 2306/4731/706
f  2312/4732/1 2313/4733/1 2314/4734/1 2315/4735/1
f  2316/4736/707 2317/4737/707 2318/4738/707 2319/4739/707
f  2312/4732/630 2320/4740/630 2321/4741/630 2313/4733/630
f  2322/4742/1 2323/4743/1 2324/4744/1 2325/4745/1
f  2315/4735/1 2314/4734/1 2326/4746/1 2327/4747/1
f  2328/4748/1 2316/4736/1 2319/4739/1 2329/4464/1
f  2325/4745/30 2324/4744/30 2318/4738/30 2317/4737/30
f  2327/4747/1 2326/4746/1 2323/4743/1 2322/4742/1
f  2320/4740/1 2330/4749/1 2331/4362/1 2321/4741/1
f  2313/4750/631 2321/4751/631 2332/4752/631 2333/4753/631
f  2323/4754/6 2334/4755/6 2335/4756/6 2324/4757/6
f  2314/4758/6 2336/4759/6 2337/4760/6 2326/4761/6
f  2329/4762/708 2319/4763/708 2338/4764/708 2339/4765/708
f  2324/4757/6 2335/4756/6 2340/4766/6 2318/4767/6
f  2326/4761/6 2337/4760/6 2334/4755/6 2323/4754/6
f  2321/4751/634 2331/4768/634 2341/4769/634 2332/4752/634
f  2313/4770/23 2333/4771/23 2336/4759/23 2314/4758/23
f  2319/4763/709 2318/4772/709 2340/4773/709 2338/4764/709
f  2312/4774/3 2315/4775/3 2342/4776/3 2343/4777/3
f  2317/4204/710 2316/4778/710 2344/4779/710 2345/4780/710
f  2320/4781/711 2312/4782/711 2343/4210/711 2346/4783/711
f  2322/4784/3 2325/4785/3 2347/4786/3 2348/4787/3
f  2315/4775/9 2327/4788/9 2349/4789/9 2342/4776/9
f  2316/4778/638 2328/4790/638 2350/4791/638 2344/4779/638
f  2325/4785/3 2317/4792/3 2345/4793/3 2347/4786/3
f  2327/4788/3 2322/4784/3 2348/4787/3 2349/4789/3
f  2330/4794/639 2320/4781/639 2346/4783/639 2351/4795/639
f  2352/4796/1 2353/4797/1 2354/4798/1 2355/4799/1
f  2356/4800/712 2357/4801/712 2358/4802/712 2359/4803/712
f  2352/4796/1 2355/4799/1 2360/4804/1 2361/4805/1
f  2362/4806/1 2363/4807/1 2364/4808/1 2365/4809/1
f  2353/4797/1 2366/4810/1 2367/4811/1 2354/4798/1
f  2328/4748/1 2329/4464/1 2357/4801/1 2356/4800/1
f  2363/4807/30 2359/4803/30 2358/4802/30 2364/4808/30
f  2366/4810/30 2362/4806/30 2365/4809/30 2367/4811/30
f  2361/4805/1 2360/4804/1 2331/4362/1 2330/4749/1
f  2355/4812/641 2368/4813/641 2369/4814/641 2360/4815/641
f  2365/4816/3 2364/4817/3 2370/4818/3 2371/4819/3
f  2354/4820/3 2367/4821/3 2372/4822/3 2373/4823/3
f  2329/4762/713 2339/4765/713 2374/4824/713 2357/4825/713
f  2364/4817/3 2358/2954/3 2375/4826/3 2370/4818/3
f  2367/4821/3 2365/4816/3 2371/4819/3 2372/4822/3
f  2360/4815/643 2369/4814/643 2341/4769/643 2331/4768/643
f  2355/4827/9 2354/4820/9 2373/4823/9 2368/4828/9
f  2357/4825/714 2374/4824/714 2375/4829/714 2358/4830/714
f  2352/4831/6 2376/4832/6 2377/4833/6 2353/4834/6
f  2359/4144/715 2378/4835/715 2379/4836/715 2356/4837/715
f  2361/4838/716 2380/4839/716 2376/4840/716 2352/4841/716
f  2362/4842/6 2381/4843/6 2382/4844/6 2363/4845/6
f  2353/4834/23 2377/4833/23 2383/4846/23 2366/4847/23
f  2356/4837/647 2379/4836/647 2350/4791/647 2328/4790/647
f  2363/4845/6 2382/4844/6 2378/4848/6 2359/4849/6
f  2366/4847/6 2383/4846/6 2381/4843/6 2362/4842/6
f  2330/4794/628 2351/4795/628 2380/4839/628 2361/4838/628
f  2384/4850/1 2385/4851/1 2386/4852/1 2387/4853/1
f  2388/4642/6 2389/4854/6 2390/4855/6 2391/4639/6
f  2386/4856/5 2385/4282/5 2392/4281/5 2393/4857/5
f  2394/4858/1 2395/4859/1 2396/4860/1 2385/4851/1
f  2384/4861/4 2387/4862/4 2397/4863/4 2398/499/4
f  2389/4864/4 2399/4865/4 2400/4866/4 2390/4867/4
f  2401/4868/1 2402/4869/1 2384/4850/1 2403/4870/1
f  2404/4624/5 2403/4871/5 2405/4872/5 2406/4625/5
f  2402/4869/1 2394/4858/1 2385/4851/1 2384/4850/1
f  2407/4873/1 2401/4868/1 2403/4870/1 2389/4874/1
f  2389/4874/1 2403/4870/1 2404/4875/1 2399/4876/1
f  2403/4617/6 2384/4877/6 2398/4878/6 2405/4614/6
f  2385/4287/6 2396/4879/6 2408/4646/6 2392/4880/6
f  2409/4881/1 2407/4873/1 2389/4874/1 2388/4882/1
f  2410/4883/1 2411/4884/1 2412/4885/1 2413/4886/1
f  2414/4887/717 2415/4888/717 2416/4889/717 2417/4890/717
f  2412/4891/5 2418/4892/5 2419/4893/5 2413/4894/5
f  2394/4858/1 2413/4886/1 2420/4895/1 2395/4859/1
f  2410/4896/4 2421/4897/4 2422/4583/4 2411/4582/4
f  2417/4898/4 2416/4899/4 2423/4900/4 2424/4901/4
f  2401/4868/1 2425/4902/1 2410/4883/1 2402/4869/1
f  2426/4903/5 2427/4904/5 2428/4905/5 2425/4906/5
f  2402/4869/1 2410/4883/1 2413/4886/1 2394/4858/1
f  2407/4873/1 2417/4907/1 2425/4902/1 2401/4868/1
f  2417/4907/1 2424/4908/1 2426/4909/1 2425/4902/1
f  2425/4910/3 2428/4911/3 2421/4912/3 2410/4913/3
f  2413/4914/718 2419/4915/718 2429/4916/718 2420/4917/718
f  2409/4881/1 2414/4918/1 2417/4907/1 2407/4873/1
f  2430/4919/1 2431/4920/1 2432/4921/1 2433/4922/1
f  2434/4923/719 2435/4924/719 2436/4925/719 2437/4926/719
f  2430/4919/672 2433/4922/672 2438/4927/672 2439/4928/672
f  2440/4929/1 2441/4930/1 2442/4931/1 2443/4932/1
f  2431/4920/1 2444/4933/1 2445/4934/1 2432/4921/1
f  2446/4935/1 2447/4936/1 2435/4924/1 2434/4923/1
f  2441/4930/30 2437/4926/30 2436/4925/30 2442/4931/30
f  2444/4933/30 2440/4929/30 2443/4932/30 2445/4934/30
f  2439/4928/1 2438/4927/1 2448/4463/1 2449/4937/1
f  2433/4938/674 2450/4939/674 2451/4940/674 2438/4941/674
f  2443/4942/3 2442/4943/3 2452/4944/3 2453/4945/3
f  2432/4946/3 2445/4947/3 2454/4948/3 2455/4949/3
f  2447/4950/720 2456/4951/720 2457/4952/720 2435/4953/720
f  2442/4943/3 2436/4954/3 2458/4955/3 2452/4944/3
f  2445/4947/3 2443/4942/3 2453/4945/3 2454/4948/3
f  2438/4941/677 2451/4940/677 2459/4956/677 2448/4957/677
f  2433/4958/9 2432/4946/9 2455/4949/9 2450/3397/9
f  2435/4953/721 2457/4952/721 2458/4959/721 2436/4960/721
f  2430/4961/6 2460/4962/6 2461/4963/6 2431/4964/6
f  2437/4965/715 2462/4966/715 2463/4967/715 2434/4968/715
f  2439/4969/716 2464/4970/716 2460/4037/716 2430/4040/716
f  2440/4971/6 2465/4972/6 2466/4973/6 2441/4974/6
f  2431/4964/23 2461/4963/23 2467/4975/23 2444/4976/23
f  2434/4968/647 2463/4967/647 2468/4977/647 2446/4978/647
f  2441/4974/6 2466/4973/6 2462/4979/6 2437/4980/6
f  2444/4976/6 2467/4975/6 2465/4972/6 2440/4971/6
f  2449/4981/628 2469/4982/628 2464/4970/628 2439/4969/628
f  2470/4983/1 2471/4984/1 2472/4985/1 2473/4986/1
f  2474/4987/707 2475/4988/707 2476/4989/707 2477/4990/707
f  2470/4983/630 2478/4991/630 2479/4992/630 2471/4984/630
f  2480/4993/30 2481/4994/30 2482/4995/30 2483/4996/30
f  2473/4986/1 2472/4985/1 2484/4997/1 2485/4998/1
f  2446/4935/1 2474/4987/1 2477/4990/1 2447/4936/1
f  2483/4996/30 2482/4995/30 2476/4989/30 2475/4988/30
f  2485/4998/1 2484/4997/1 2481/4994/1 2480/4993/1
f  2478/4991/1 2449/4937/1 2448/4463/1 2479/4992/1
f  2471/4999/681 2479/5000/681 2486/5001/681 2487/5002/681
f  2481/5003/6 2488/5004/6 2489/5005/6 2482/5006/6
f  2472/5007/6 2490/5008/6 2491/5009/6 2484/5010/6
f  2447/4950/722 2477/5011/722 2492/5012/722 2456/4951/722
f  2482/5006/6 2489/5005/6 2493/5013/6 2476/5014/6
f  2484/5010/6 2491/5009/6 2488/5004/6 2481/5003/6
f  2479/5000/683 2448/4957/683 2459/4956/683 2486/5001/683
f  2471/5015/23 2487/5016/23 2490/5008/23 2472/5007/23
f  2477/5011/723 2476/5017/723 2493/5018/723 2492/5012/723
f  2470/4792/3 2473/5019/3 2494/5020/3 2495/5021/3
f  2475/5022/710 2474/5023/710 2496/5024/710 2497/5025/710
f  2478/5026/711 2470/5027/711 2495/5028/711 2498/5029/711
f  2480/5030/3 2483/5031/3 2499/5032/3 2500/5033/3
f  2473/5019/9 2485/5034/9 2501/5035/9 2494/5020/9
f  2474/5023/638 2446/4978/638 2468/4977/638 2496/5024/638
f  2483/5031/3 2475/5036/3 2497/5037/3 2499/5032/3
f  2485/5034/3 2480/5030/3 2500/5033/3 2501/5035/3
f  2449/4981/639 2478/5026/639 2498/5029/639 2469/4982/639
f  2502/5038/1 2503/5039/1 2504/5040/1 2505/5041/1
f  2506/5042/3 2507/4277/3 2508/4855/3 2509/5043/3
f  2504/5044/5 2510/5045/5 2511/5046/5 2505/5047/5
f  2512/5048/1 2505/5041/1 2513/5049/1 2514/5050/1
f  2502/5051/4 2515/5052/4 2516/4863/4 2503/4862/4
f  2509/5053/4 2508/5054/4 2517/5055/4 2518/5056/4
f  2519/5057/1 2520/5058/1 2502/5038/1 2521/5059/1
f  2522/4340/5 2523/5060/5 2524/5061/5 2520/5062/5
f  2521/5059/1 2502/5038/1 2505/5041/1 2512/5048/1
f  2525/5063/1 2509/5064/1 2520/5058/1 2519/5057/1
f  2509/5064/1 2518/5065/1 2522/5066/1 2520/5058/1
f  2520/5067/3 2524/5068/3 2515/5069/3 2502/5070/3
f  2505/4298/3 2511/5071/3 2526/5072/3 2513/4299/3
f  2527/5073/1 2506/5074/1 2509/5064/1 2525/5063/1
f  2528/5075/30 2529/5076/30 2530/5077/30 2531/5078/30
f  2532/5079/724 2533/5080/724 2534/5081/724 2535/5082/724
f  2530/4247/5 2529/4246/5 2536/5083/5 2537/5084/5
f  2512/5048/687 2514/5050/687 2538/5085/687 2529/5076/687
f  2528/5086/4 2531/3992/4 2539/3991/4 2540/5087/4
f  2533/5088/4 2541/5089/4 2542/5090/4 2534/5091/4
f  2519/5057/1 2521/5059/1 2528/5075/1 2543/5092/1
f  2544/5093/5 2543/5094/5 2545/5095/5 2546/5096/5
f  2521/5059/1 2512/5048/1 2529/5076/1 2528/5075/1
f  2525/5063/1 2519/5057/1 2543/5092/1 2533/5097/1
f  2533/5097/1 2543/5092/1 2544/5098/1 2541/5099/1
f  2543/5100/6 2528/5101/6 2540/5102/6 2545/5103/6
f  2529/4272/725 2538/5104/725 2547/5105/725 2536/4273/725
f  2527/5073/726 2525/5063/726 2533/5097/726 2532/5106/726
f  2548/5107/1 2549/5108/1 2550/5109/1 2551/5110/1
f  2552/5111/727 2553/5112/727 2554/5113/727 2555/5114/727
f  2548/5107/30 2556/5115/30 2557/5116/30 2549/5108/30
f  2558/5117/30 2559/5118/30 2560/5119/30 2561/5120/30
f  2551/5110/1 2550/5109/1 2562/5121/1 2563/5122/1
f  2564/5123/30 2552/5111/30 2555/5114/30 2565/5124/30
f  2561/5120/30 2560/5119/30 2554/5113/30 2553/5112/30
f  2563/5122/1 2562/5121/1 2559/5118/1 2558/5117/1
f  2556/5115/1 2566/5125/1 2567/5126/1 2557/5116/1
f  2549/4180/728 2557/5127/728 2568/5128/728 2569/4181/728
f  2559/5129/6 2570/5130/6 2571/5131/6 2560/5132/6
f  2550/5133/6 2572/5134/6 2573/5135/6 2562/5136/6
f  2565/5137/729 2555/5138/729 2574/5139/729 2575/5140/729
f  2560/5132/6 2571/5131/6 2576/2472/6 2554/5141/6
f  2562/5136/730 2573/5135/730 2570/5130/730 2559/5129/730
f  2557/5127/731 2567/5142/731 2577/5143/731 2568/5128/731
f  2549/5144/6 2569/5145/6 2572/5134/6 2550/5133/6
f  2555/5138/732 2554/5146/732 2576/5147/732 2574/5139/732
f  2548/5148/9 2551/5149/9 2578/5150/9 2579/5151/9
f  2553/5152/733 2552/5153/733 2580/5154/733 2581/5155/733
f  2556/5156/734 2548/5157/734 2579/5158/734 2582/5159/734
f  2558/5160/3 2561/5161/3 2583/5162/3 2584/5163/3
f  2551/5149/3 2563/5164/3 2585/5165/3 2578/5150/3
f  2552/5153/735 2564/5166/735 2586/5167/735 2580/5154/735
f  2561/5161/3 2553/5168/3 2581/5169/3 2583/5162/3
f  2563/5164/736 2558/5160/736 2584/5163/736 2585/5165/736
f  2566/5170/737 2556/5156/737 2582/5159/737 2587/5171/737
f  2588/5172/1 2589/5173/1 2590/5174/1 2591/5175/1
f  2592/5176/738 2593/5177/738 2594/5178/738 2595/5179/738
f  2588/5172/739 2591/5175/739 2596/5180/739 2597/5181/739
f  2598/5182/1 2599/5183/1 2600/5184/1 2601/5185/1
f  2589/5173/1 2602/5186/1 2603/5187/1 2590/5174/1
f  2564/5123/740 2565/5124/740 2593/5177/740 2592/5176/740
f  2599/5183/30 2595/5179/30 2594/5178/30 2600/5184/30
f  2602/5186/1 2598/5182/1 2601/5185/1 2603/5187/1
f  2597/5181/1 2596/5180/1 2567/5126/1 2566/5125/1
f  2591/5188/741 2604/5189/741 2605/5190/741 2596/5191/741
f  2601/5192/3 2600/5193/3 2606/5194/3 2607/5195/3
f  2590/5196/3 2603/5197/3 2608/5198/3 2609/5199/3
f  2565/5137/742 2575/5140/742 2610/5200/742 2593/5201/742
f  2600/5193/3 2594/5202/3 2611/5203/3 2606/5194/3
f  2603/5197/3 2601/5192/3 2607/5195/3 2608/5198/3
f  2596/5191/743 2605/5190/743 2577/5143/743 2567/5142/743
f  2591/5204/3 2590/5196/3 2609/5199/3 2604/5205/3
f  2593/5201/744 2610/5200/744 2611/5206/744 2594/5207/744
f  2588/5208/23 2612/5209/23 2613/5210/23 2589/5211/23
f  2595/5212/745 2614/4437/745 2615/5213/745 2592/5214/745
f  2597/5215/746 2616/5216/746 2612/5217/746 2588/5218/746
f  2598/5219/6 2617/5220/6 2618/5221/6 2599/5222/6
f  2589/5211/6 2613/5210/6 2619/5223/6 2602/5224/6
f  2592/5214/747 2615/5213/747 2586/5167/747 2564/5166/747
f  2599/5222/6 2618/5221/6 2614/5225/6 2595/5226/6
f  2602/5224/6 2619/5223/6 2617/5220/6 2598/5219/6
f  2566/5170/748 2587/5171/748 2616/5216/748 2597/5215/748
f  2620/5227/1 2621/5228/1 2622/5229/1 2623/5230/1
f  2624/5231/6 2625/5232/6 2626/5233/6 2627/5234/6
f  2622/5235/5 2621/5088/5 2628/5091/5 2629/5236/5
f  2630/5237/30 2631/5238/30 2632/5239/30 2621/5228/30
f  2620/5240/4 2623/5241/4 2633/5242/4 2634/5243/4
f  2625/5232/4 2635/4237/4 2636/5244/4 2626/5245/4
f  2637/5246/749 2638/5247/749 2620/5227/749 2639/5248/749
f  2640/5249/5 2639/4228/5 2641/4231/5 2642/5250/5
f  2638/5247/1 2630/5237/1 2621/5228/1 2620/5227/1
f  2643/5251/1 2637/5246/1 2639/5248/1 2625/5252/1
f  2625/5252/1 2639/5248/1 2640/5253/1 2635/5254/1
f  2639/5255/750 2620/5256/750 2634/5257/750 2641/5258/750
f  2621/5259/6 2632/5260/6 2644/5261/6 2628/5262/6
f  2645/5263/1 2643/5251/1 2625/5252/1 2624/5264/1
f  2646/5265/1 2647/5266/1 2648/5267/1 2649/5268/1
f  2650/5269/3 2651/5270/3 2652/5271/3 2653/5234/3
f  2648/5272/5 2654/4299/5 2655/5273/5 2649/5274/5
f  2630/5237/1 2649/5268/1 2656/5275/1 2631/5238/1
f  2646/5276/4 2657/5277/4 2658/5278/4 2647/5279/4
f  2653/5280/4 2652/5281/4 2659/5282/4 2660/5283/4
f  2637/5246/1 2661/5284/1 2646/5265/1 2638/5247/1
f  2662/5285/5 2663/5286/5 2664/5287/5 2661/5288/5
f  2638/5247/1 2646/5265/1 2649/5268/1 2630/5237/1
f  2643/5251/30 2653/5289/30 2661/5284/30 2637/5246/30
f  2653/5289/1 2660/5290/1 2662/5291/1 2661/5284/1
f  2661/5270/751 2664/5292/751 2657/5293/751 2646/5294/751
f  2649/5295/3 2655/5296/3 2665/5297/3 2656/4273/3
f  2645/5263/1 2650/5298/1 2653/5289/1 2643/5251/1
f  2666/5299/1 2667/5300/1 2668/5301/1 2669/5302/1
f  2670/5303/752 2671/5304/752 2672/5305/752 2673/5306/752
f  2666/5299/1 2674/5307/1 2675/5308/1 2667/5300/1
f  2676/5309/1 2677/5310/1 2678/5311/1 2679/5312/1
f  2669/5302/1 2668/5301/1 2680/5313/1 2681/5314/1
f  2682/5315/30 2670/5303/30 2673/5306/30 2683/5316/30
f  2679/5312/30 2678/5311/30 2672/5305/30 2671/5304/30
f  2681/5314/1 2680/5313/1 2677/5310/1 2676/5309/1
f  2674/5307/30 2684/5317/30 2685/5318/30 2675/5308/30
f  2667/5319/753 2675/5320/753 2686/5321/753 2687/5322/753
f  2677/5323/23 2688/5324/23 2689/5325/23 2678/5326/23
f  2668/5327/6 2690/5328/6 2691/5329/6 2680/5330/6
f  2683/5331/729 2673/5332/729 2692/5333/729 2693/5334/729
f  2678/5326/6 2689/5325/6 2694/5335/6 2672/5336/6
f  2680/5330/6 2691/5329/6 2688/5324/6 2677/5323/6
f  2675/5320/754 2685/5337/754 2695/5338/754 2686/5321/754
f  2667/5339/6 2687/5340/6 2690/5328/6 2668/5327/6
f  2673/5332/732 2672/5341/732 2694/5342/732 2692/5333/732
f  2666/5343/9 2669/5344/9 2696/5345/9 2697/5169/9
f  2671/5346/733 2670/5347/733 2698/5348/733 2699/5349/733
f  2674/5350/755 2666/5351/755 2697/5352/755 2700/5353/755
f  2676/5354/3 2679/5355/3 2701/5356/3 2702/5357/3
f  2669/5344/3 2681/5358/3 2703/5359/3 2696/5345/3
f  2670/5347/756 2682/5360/756 2704/5361/756 2698/5348/756
f  2679/5355/3 2671/5362/3 2699/5363/3 2701/5356/3
f  2681/5358/3 2676/5354/3 2702/5357/3 2703/5359/3
f  2684/5364/737 2674/5350/737 2700/5353/737 2705/5365/737
f  2706/5366/30 2707/5367/30 2708/5368/30 2709/5369/30
f  2710/5370/757 2711/5371/757 2712/5372/757 2713/5373/757
f  2706/5366/758 2709/5369/758 2714/5374/758 2715/5375/758
f  2716/5376/1 2717/5377/1 2718/5378/1 2719/5379/1
f  2707/5367/1 2720/5380/1 2721/5381/1 2708/5368/1
f  2682/5315/1 2683/5316/1 2711/5371/1 2710/5370/1
f  2717/5377/759 2713/5373/759 2712/5372/759 2718/5378/759
f  2720/5380/1 2716/5376/1 2719/5379/1 2721/5381/1
f  2715/5375/1 2714/5374/1 2685/5318/1 2684/5317/1
f  2709/5382/760 2722/5383/760 2723/5384/760 2714/5385/760
f  2719/5386/9 2718/5387/9 2724/5388/9 2725/5389/9
f  2708/5390/3 2721/5391/3 2726/5392/3 2727/5393/3
f  2683/5331/761 2693/5334/761 2728/5394/761 2711/5395/761
f  2718/5387/762 2712/315/762 2729/5087/762 2724/5388/762
f  2721/5391/3 2719/5386/3 2725/5389/3 2726/5392/3
f  2714/5385/763 2723/5384/763 2695/5338/763 2685/5337/763
f  2709/5396/3 2708/5390/3 2727/5393/3 2722/5397/3
f  2711/5395/744 2728/5394/744 2729/4139/744 2712/4138/744
f  2706/5398/23 2730/5399/23 2731/5400/23 2707/5401/23
f  2713/5402/764 2732/5403/764 2733/5404/764 2710/5405/764
f  2715/5406/765 2734/5407/765 2730/5408/765 2706/5409/765
f  2716/5410/6 2735/5411/6 2736/5412/6 2717/5413/6
f  2707/5401/6 2731/5400/6 2737/5414/6 2720/5415/6
f  2710/5405/766 2733/5404/766 2704/5361/766 2682/5360/766
f  2717/5413/767 2736/5412/767 2732/5416/767 2713/5417/767
f  2720/5415/6 2737/5414/6 2735/5411/6 2716/5410/6
f  2684/5364/748 2705/5365/748 2734/5407/748 2715/5406/748
f  2738/5418/1 2739/5419/1 2740/5420/1 2741/5421/1
f  2742/4308/6 2743/221/6 2744/5422/6 2745/5423/6
f  2740/5424/5 2739/5425/5 2746/5426/5 2747/5427/5
f  2748/5428/30 2749/5429/30 2750/5430/30 2739/5419/30
f  2738/5431/4 2741/5432/4 2751/5433/4 2752/5434/4
f  2743/4887/4 2753/4335/4 2754/4338/4 2744/4888/4
f  2755/5435/1 2756/5436/1 2738/5418/1 2757/5437/1
f  2758/5438/5 2757/5439/5 2759/5440/5 2760/4342/5
f  2756/5436/1 2748/5428/1 2739/5419/1 2738/5418/1
f  2761/5441/1 2755/5435/1 2757/5437/1 2743/5442/1
f  2743/5442/1 2757/5437/1 2758/5443/1 2753/5444/1
f  2757/5445/6 2738/4254/6 2752/5446/6 2759/5447/6
f  2739/5448/6 2750/5449/6 2762/5450/6 2746/5451/6
f  2763/5452/1 2761/5441/1 2743/5442/1 2742/5453/1
f  2764/5454/1 2765/5455/1 2766/5456/1 2767/5457/1
f  2768/4271/3 2769/4270/3 2770/5458/3 2771/5459/3
f  2766/4605/5 2772/4344/5 2773/5283/5 2767/5282/5
f  2748/5428/1 2767/5457/1 2774/5460/1 2749/5429/1
f  2764/5461/4 2775/5462/4 2776/4894/4 2765/4893/4
f  2771/5463/4 2770/4274/4 2777/4273/4 2778/5297/4
f  2755/5435/1 2779/5464/1 2764/5454/1 2756/5436/1
f  2780/4629/5 2781/4628/5 2782/5259/5 2779/5262/5
f  2756/5436/1 2764/5454/1 2767/5457/1 2748/5428/1
f  2761/5441/30 2771/5465/30 2779/5464/30 2755/5435/30
f  2771/5465/1 2778/5466/1 2780/5467/1 2779/5464/1
f  2779/4574/3 2782/4573/3 2775/5070/3 2764/5069/3
f  2767/5468/3 2773/5469/3 2783/5470/3 2774/5105/3
f  2763/5452/1 2768/5264/1 2771/5465/1 2761/5441/1
f  2784/5471/1 2785/5472/1 2786/5473/1 2787/5474/1
f  2788/5475/752 2789/5476/752 2790/5477/752 2791/5478/752
f  2784/5471/1 2792/5479/1 2793/5480/1 2785/5472/1
f  2794/5481/1 2795/5482/1 2796/5483/1 2797/5484/1
f  2787/5474/1 2786/5473/1 2798/5485/1 2799/5486/1
f  2800/5487/30 2788/5475/30 2791/5478/30 2801/5488/30
f  2797/5484/30 2796/5483/30 2790/5477/30 2789/5476/30
f  2799/5486/1 2798/5485/1 2795/5482/1 2794/5481/1
f  2792/5479/30 2802/5489/30 2803/5490/30 2793/5480/30
f  2785/5491/753 2793/5492/753 2804/5493/753 2805/3364/753
f  2795/5494/6 2806/5495/6 2807/5496/6 2796/5497/6
f  2786/5498/6 2808/5499/6 2809/5500/6 2798/5501/6
f  2801/5502/729 2791/5503/729 2810/5504/729 2811/5505/729
f  2796/5497/6 2807/5496/6 2812/5506/6 2790/5507/6
f  2798/5501/6 2809/5500/6 2806/5495/6 2795/5494/6
f  2793/5492/754 2803/5508/754 2813/5509/754 2804/5493/754
f  2785/5510/6 2805/5511/6 2808/5499/6 2786/5498/6
f  2791/5503/732 2790/4369/732 2812/5512/732 2810/5504/732
f  2784/4443/3 2787/5513/3 2814/5514/3 2815/4444/3
f  2789/5515/733 2788/5516/733 2816/5517/733 2817/5518/733
f  2792/5519/734 2784/5520/734 2815/5521/734 2818/5522/734
f  2794/5523/9 2797/5524/9 2819/5525/9 2820/5526/9
f  2787/5513/3 2799/5527/3 2821/5528/3 2814/5514/3
f  2788/5516/756 2800/5529/756 2822/5530/756 2816/5517/756
f  2797/5524/3 2789/5531/3 2817/5532/3 2819/5525/3
f  2799/5527/3 2794/5523/3 2820/5526/3 2821/5528/3
f  2802/5533/737 2792/5519/737 2818/5522/737 2823/5534/737
f  2824/5535/30 2825/5536/30 2826/5537/30 2827/5538/30
f  2828/5539/768 2829/5540/768 2830/5541/768 2831/5542/768
f  2824/5535/769 2827/5538/769 2832/5543/769 2833/5544/769
f  2834/5545/1 2835/5546/1 2836/5547/1 2837/5548/1
f  2825/5536/1 2838/5549/1 2839/5550/1 2826/5537/1
f  2800/5487/1 2801/5488/1 2829/5540/1 2828/5539/1
f  2835/5546/759 2831/5542/759 2830/5541/759 2836/5547/759
f  2838/5549/1 2834/5545/1 2837/5548/1 2839/5550/1
f  2833/5544/770 2832/5543/770 2803/5490/770 2802/5489/770
f  2827/5551/771 2840/5552/771 2841/5553/771 2832/5554/771
f  2837/5555/3 2836/5556/3 2842/5557/3 2843/5558/3
f  2826/5559/3 2839/5560/3 2844/5561/3 2845/5562/3
f  2801/5502/772 2811/5505/772 2846/5563/772 2829/5564/772
f  2836/5556/762 2830/5565/762 2847/5566/762 2842/5557/762
f  2839/5560/3 2837/5555/3 2843/5558/3 2844/5561/3
f  2832/5554/773 2841/5553/773 2813/5509/773 2803/5508/773
f  2827/2261/3 2826/5559/3 2845/5562/3 2840/5567/3
f  2829/5564/774 2846/5563/774 2847/5568/774 2830/5569/774
f  2824/4849/6 2848/4848/6 2849/5570/6 2825/5571/6
f  2831/5572/764 2850/5573/764 2851/5574/764 2828/5575/764
f  2833/5576/775 2852/5577/775 2848/5578/775 2824/5579/775
f  2834/5580/23 2853/5581/23 2854/5582/23 2835/5583/23
f  2825/5571/6 2849/5570/6 2855/5584/6 2838/5585/6
f  2828/5575/766 2851/5574/766 2822/5530/766 2800/5529/766
f  2835/5583/776 2854/5582/776 2850/5586/776 2831/5587/776
f  2838/5585/6 2855/5584/6 2853/5581/6 2834/5580/6
f  2802/5533/748 2823/5534/748 2852/5577/748 2833/5576/748
f  2856/5588/1 2857/5589/1 2858/5590/1 2859/5591/1
f  2860/5592/6 2861/5593/6 2862/5594/6 2863/5595/6
f  2858/5596/5 2857/5597/5 2864/5598/5 2865/5599/5
f  2866/5600/30 2867/5601/30 2868/5602/30 2857/5589/30
f  2856/5603/4 2859/5604/4 2869/5605/4 2870/5606/4
f  2861/5607/4 2871/5608/4 2872/5609/4 2862/5610/4
f  2873/5611/1 2874/5612/1 2856/5588/1 2875/5613/1
f  2876/5439/5 2875/4632/5 2877/4635/5 2878/5440/5
f  2874/5612/1 2866/5600/1 2857/5589/1 2856/5588/1
f  2879/5614/1 2873/5611/1 2875/5613/1 2861/5615/1
f  2861/5615/1 2875/5613/1 2876/5616/1 2871/5617/1
f  2875/5618/6 2856/5619/6 2870/5620/6 2877/5621/6
f  2857/5622/6 2868/5623/6 2880/5624/6 2864/5625/6
f  2881/5626/1 2879/5614/1 2861/5615/1 2860/5627/1
f  2882/5628/1 2883/5629/1 2884/5630/1 2885/5631/1
f  2886/5632/3 2887/5633/3 2888/5634/3 2889/5635/3
f  2884/5636/5 2890/5637/5 2891/4864/5 2885/4867/5
f  2866/5600/1 2885/5631/1 2892/5638/1 2867/5601/1
f  2882/5240/4 2893/5639/4 2894/4275/4 2883/4274/4
f  2889/5640/4 2888/3993/4 2895/5641/4 2896/5642/4
f  2873/5611/1 2897/5643/1 2882/5628/1 2874/5612/1
f  2898/4917/5 2899/4916/5 2900/4246/5 2897/4249/5
f  2874/5612/1 2882/5628/1 2885/5631/1 2866/5600/1
f  2879/5614/30 2889/5644/30 2897/5643/30 2873/5611/30
f  2889/5644/1 2896/5645/1 2898/5646/1 2897/5643/1
f  2897/5647/3 2900/5648/3 2893/2768/3 2882/5649/3
f  2885/5637/3 2891/5636/3 2901/5650/3 2892/5651/3
f  2881/5626/1 2886/5652/1 2889/5644/1 2879/5614/1
f  2902/5653/1 2903/5654/1 2904/5655/1 2905/5656/1
f  2906/5657/777 2907/5658/777 2908/5659/777 2909/5660/777
f  2902/5653/778 2905/5656/778 2910/5661/778 2911/5662/778
f  2912/5663/30 2913/5664/30 2914/5665/30 2915/5666/30
f  2903/5654/1 2916/5667/1 2917/5668/1 2904/5655/1
f  2918/5669/1 2919/5670/1 2907/5658/1 2906/5657/1
f  2913/5664/30 2909/5660/30 2908/5659/30 2914/5665/30
f  2916/5667/779 2912/5663/779 2915/5666/779 2917/5668/779
f  2911/5662/1 2910/5661/1 2920/5671/1 2921/5672/1
f  2905/5673/780 2922/5674/780 2923/5675/780 2910/5676/780
f  2915/5677/3 2914/5678/3 2924/5679/3 2925/5680/3
f  2904/5681/3 2917/5682/3 2926/5683/3 2927/5684/3
f  2919/5685/781 2928/5686/781 2929/5687/781 2907/5688/781
f  2914/5678/3 2908/5689/3 2930/5690/3 2924/5679/3
f  2917/5682/782 2915/5677/782 2925/5680/782 2926/5683/782
f  2910/5676/783 2923/5675/783 2931/5691/783 2920/5692/783
f  2905/202/3 2904/5681/3 2927/5684/3 2922/5693/3
f  2907/5688/774 2929/5687/774 2930/5694/774 2908/2747/774
f  2902/4095/23 2932/4094/23 2933/5695/23 2903/5696/23
f  2909/5697/784 2934/5698/784 2935/5699/784 2906/5700/784
f  2911/5701/785 2936/5702/785 2932/5703/785 2902/5704/785
f  2912/5705/6 2937/5706/6 2938/5707/6 2913/5708/6
f  2903/5696/6 2933/5695/6 2939/5709/6 2916/5710/6
f  2906/5700/747 2935/5699/747 2940/5711/747 2918/5712/747
f  2913/5708/6 2938/5707/6 2934/5713/6 2909/5714/6
f  2916/5710/786 2939/5709/786 2937/5706/786 2912/5705/786
f  2921/5715/748 2941/5716/748 2936/5702/748 2911/5701/748
f  2942/5717/1 2943/5718/1 2944/5719/1 2945/5720/1
f  2946/5721/787 2947/5722/787 2948/5723/787 2949/5724/787
f  2942/5717/788 2950/5725/788 2951/5726/788 2943/5718/788
f  2952/5727/1 2953/5728/1 2954/5729/1 2955/5730/1
f  2945/5720/1 2944/5719/1 2956/5731/1 2957/5732/1
f  2918/5669/1 2946/5721/1 2949/5724/1 2919/5670/1
f  2955/5730/30 2954/5729/30 2948/5723/30 2947/5722/30
f  2957/5732/1 2956/5731/1 2953/5728/1 2952/5727/1
f  2950/5725/1 2921/5672/1 2920/5671/1 2951/5726/1
f  2943/5733/728 2951/5734/728 2958/5735/728 2959/1134/728
f  2953/5736/6 2960/5737/6 2961/5738/6 2954/5739/6
f  2944/5740/6 2962/5741/6 2963/5742/6 2956/5743/6
f  2919/5685/789 2949/5744/789 2964/5745/789 2928/5686/789
f  2954/5739/6 2961/5738/6 2965/5746/6 2948/5747/6
f  2956/5743/6 2963/5742/6 2960/5737/6 2953/5736/6
f  2951/5734/790 2920/5692/790 2931/5691/790 2958/5735/790
f  2943/5748/6 2959/5749/6 2962/5741/6 2944/5740/6
f  2949/5744/732 2948/5750/732 2965/5751/732 2964/5745/732
f  2942/5752/9 2945/5753/9 2966/5754/9 2967/5755/9
f  2947/5756/791 2946/5757/791 2968/5758/791 2969/5759/791
f  2950/5760/792 2942/5761/792 2967/5762/792 2970/5763/792
f  2952/5764/3 2955/5765/3 2971/5766/3 2972/5767/3
f  2945/5753/3 2957/5768/3 2973/5769/3 2966/5754/3
f  2946/5757/735 2918/5712/735 2940/5711/735 2968/5758/735
f  2955/5765/3 2947/5770/3 2969/5771/3 2971/5766/3
f  2957/5768/3 2952/5764/3 2972/5767/3 2973/5769/3
f  2921/5715/737 2950/5760/737 2970/5763/737 2941/5716/737
f  2974/5772/1 2975/5773/1 2976/5774/1 2977/5775/1
f  2978/5776/3 2979/5606/3 2980/1009/3 2981/5777/3
f  2976/5249/5 2982/5250/5 2983/5778/5 2977/5779/5
f  2984/5780/1 2977/5775/1 2985/5781/1 2986/5782/1
f  2974/5783/4 2987/5784/4 2988/2660/4 2975/5785/4
f  2981/5786/4 2980/4577/4 2989/5787/4 2990/5788/4
f  2991/5789/1 2992/5790/1 2974/5772/1 2993/5791/1
f  2994/5431/5 2995/5434/5 2996/5792/5 2992/5793/5
f  2993/5791/30 2974/5772/30 2977/5775/30 2984/5780/30
f  2997/5794/1 2981/5795/1 2992/5790/1 2991/5789/1
f  2981/5795/30 2990/5796/30 2994/5797/30 2992/5790/30
f  2992/5798/751 2996/5799/751 2987/5800/751 2974/5801/751
f  2977/5802/3 2983/5803/3 2998/5286/3 2985/5285/3
f  2999/5804/1 2978/5805/1 2981/5795/1 2997/5794/1
f  3000/5806/1 3001/5807/1 3002/5808/1 3003/5809/1
f  3004/5810/6 3005/5811/6 3006/5812/6 3007/5813/6
f  3002/5814/5 3001/5815/5 3008/5816/5 3009/5817/5
f  2984/5780/1 2986/5782/1 3010/5818/1 3001/5807/1
f  3000/5072/4 3003/5819/4 3011/5273/4 3012/4299/4
f  3005/5820/4 3013/4634/4 3014/4633/4 3006/5821/4
f  2991/5789/793 2993/5791/793 3000/5806/793 3015/5822/793
f  3016/5823/5 3015/5784/5 3017/5783/5 3018/5824/5
f  2993/5791/1 2984/5780/1 3001/5807/1 3000/5806/1
f  2997/5794/1 2991/5789/1 3015/5822/1 3005/5825/1
f  3005/5825/1 3015/5822/1 3016/5826/1 3013/5827/1
f  3015/5572/750 3000/5828/750 3012/5829/750 3017/5830/750
f  3001/3304/6 3010/5831/6 3019/5832/6 3008/5833/6
f  2999/5804/1 2997/5794/1 3005/5825/1 3004/5834/1
f  3020/5835/1 3021/5836/1 3022/5837/1 3023/5838/1
f  3024/5839/794 3025/5840/794 3026/5841/794 3027/5842/794
f  3020/5835/778 3023/5838/778 3028/5843/778 3029/5844/778
f  3030/5845/1 3031/5846/1 3032/5847/1 3033/5848/1
f  3021/5836/1 3034/5849/1 3035/5850/1 3022/5837/1
f  3036/5851/1 3037/5852/1 3025/5840/1 3024/5839/1
f  3031/5846/30 3027/5842/30 3026/5841/30 3032/5847/30
f  3034/5849/1 3030/5845/1 3033/5848/1 3035/5850/1
f  3029/5844/1 3028/5843/1 3038/5853/1 3039/5854/1
f  3023/5855/771 3040/5856/771 3041/5857/771 3028/5858/771
f  3033/5859/9 3032/5860/9 3042/5861/9 3043/5862/9
f  3022/5863/3 3035/5864/3 3044/5865/3 3045/5866/3
f  3037/5867/781 3046/5868/781 3047/5869/781 3025/5870/781
f  3032/5860/3 3026/5871/3 3048/5872/3 3042/5861/3
f  3035/5864/3 3033/5859/3 3043/5862/3 3044/5865/3
f  3028/5858/795 3041/5857/795 3049/5873/795 3038/5874/795
f  3023/5875/3 3022/5863/3 3045/5866/3 3040/5876/3
f  3025/5870/774 3047/5869/774 3048/5877/774 3026/3415/774
f  3020/5878/23 3050/5879/23 3051/5880/23 3021/5881/23
f  3027/5882/784 3052/5883/784 3053/5884/784 3024/5885/784
f  3029/5886/796 3054/5887/796 3050/5888/796 3020/5889/796
f  3030/5890/6 3055/5891/6 3056/5892/6 3031/5893/6
f  3021/5881/6 3051/5880/6 3057/5894/6 3034/5895/6
f  3024/5885/766 3053/5884/766 3058/5896/766 3036/5897/766
f  3031/5893/6 3056/5892/6 3052/5209/6 3027/5898/6
f  3034/5895/6 3057/5894/6 3055/5891/6 3030/5890/6
f  3039/5899/748 3059/5900/748 3054/5887/748 3029/5886/748
f  3060/5901/1 3061/5902/1 3062/5903/1 3063/5904/1
f  3064/5905/1 3065/5906/1 3066/5907/1 3067/5908/1
f  3060/5901/797 3068/5909/797 3069/5910/797 3061/5902/797
f  3070/5911/1 3071/5912/1 3072/5913/1 3073/5914/1
f  3063/5904/1 3062/5903/1 3074/5915/1 3075/5916/1
f  3036/5851/1 3064/5905/1 3067/5908/1 3037/5852/1
f  3073/5914/30 3072/5913/30 3066/5907/30 3065/5906/30
f  3075/5916/1 3074/5915/1 3071/5912/1 3070/5911/1
f  3068/5909/1 3039/5854/1 3038/5853/1 3069/5910/1
f  3061/5917/798 3069/5918/798 3076/5919/798 3077/5920/798
f  3071/5921/23 3078/5922/23 3079/5923/23 3072/5924/23
f  3062/5925/6 3080/5926/6 3081/5927/6 3074/5928/6
f  3037/5867/789 3067/5929/789 3082/5930/789 3046/5868/789
f  3072/5924/799 3079/5923/799 3083/5931/799 3066/5932/799
f  3074/5928/6 3081/5927/6 3078/5922/6 3071/5921/6
f  3069/5918/800 3038/5874/800 3049/5873/800 3076/5919/800
f  3061/5933/6 3077/5934/6 3080/5926/6 3062/5925/6
f  3067/5929/732 3066/5935/732 3083/5936/732 3082/5930/732
f  3060/5937/9 3063/5938/9 3084/5939/9 3085/5940/9
f  3065/5697/801 3064/5941/801 3086/5942/801 3087/5698/801
f  3068/5943/802 3060/5944/802 3085/5945/802 3088/5946/802
f  3070/5947/3 3073/5948/3 3089/5949/3 3090/5950/3
f  3063/5938/3 3075/5951/3 3091/5952/3 3084/5939/3
f  3064/5941/756 3036/5897/756 3058/5896/756 3086/5942/756
f  3073/5948/803 3065/5953/803 3087/5954/803 3089/5949/803
f  3075/5951/3 3070/5947/3 3090/5950/3 3091/5952/3
f  3039/5899/737 3068/5943/737 3088/5946/737 3059/5900/737
f  3092/5955/1 3093/5956/1 3094/5957/1 3095/5958/1
f  3096/5959/3 3097/5960/3 3098/5961/3 3099/5962/3
f  3094/5816/5 3100/5815/5 3101/5963/5 3095/5964/5
f  3102/5965/1 3095/5958/1 3103/5966/1 3104/5967/1
f  3092/5968/4 3105/4626/4 3106/5969/4 3093/5970/4
f  3099/4284/4 3098/4283/4 3107/5971/4 3108/5972/4
f  3109/5973/1 3110/5974/1 3092/5955/1 3111/5975/1
f  3112/5280/5 3113/5976/5 3114/5977/5 3110/5978/5
f  3111/5975/30 3092/5955/30 3095/5958/30 3102/5965/30
f  3115/5979/1 3099/5980/1 3110/5974/1 3109/5973/1
f  3099/5980/30 3108/5981/30 3112/5982/30 3110/5974/30
f  3110/5983/3 3114/5984/3 3105/5445/3 3092/5985/3
f  3095/5986/3 3101/5987/3 3116/5450/3 3103/5988/3
f  3117/5989/1 3096/5106/1 3099/5980/1 3115/5979/1
f  3118/5990/1 3119/5991/1 3120/5992/1 3121/5993/1
f  3122/3956/6 3123/5994/6 3124/5995/6 3125/5996/6
f  3120/5432/5 3119/5277/5 3126/5276/5 3127/5433/5
f  3102/5965/1 3104/5967/1 3128/5997/1 3119/5991/1
f  3118/5998/4 3121/5999/4 3129/6000/4 3130/6001/4
f  3123/4905/4 3131/6002/4 3132/6003/4 3124/4288/4
f  3109/5973/1 3111/5975/1 3118/5990/1 3133/6004/1
f  3134/6005/5 3133/5976/5 3135/5280/5 3136/5283/5
f  3111/5975/1 3102/5965/1 3119/5991/1 3118/5990/1
f  3115/5979/1 3109/5973/1 3133/6004/1 3123/6006/1
f  3123/6006/30 3133/6004/30 3134/6007/30 3131/6008/30
f  3133/6009/6 3118/6010/6 3130/6011/6 3135/6012/6
f  3119/6013/6 3128/6014/6 3137/6015/6 3126/6016/6
f  3117/5989/1 3115/5979/1 3123/6006/1 3122/6017/1
f  3138/6018/1 3139/6019/1 3140/6020/1 3141/6021/1
f  3142/6022/804 3143/6023/804 3144/6024/804 3145/6025/804
f  3138/6018/805 3141/6021/805 3146/6026/805 3147/6027/805
f  3148/6028/1 3149/6029/1 3150/6030/1 3151/6031/1
f  3139/6019/1 3152/6032/1 3153/6033/1 3140/6020/1
f  3154/6034/1 3155/6035/1 3143/6023/1 3142/6022/1
f  3149/6029/30 3145/6025/30 3144/6024/30 3150/6030/30
f  3152/6032/1 3148/6028/1 3151/6031/1 3153/6033/1
f  3147/6027/1 3146/6026/1 3156/5852/1 3157/6036/1
f  3141/6037/771 3158/6038/771 3159/6039/771 3146/6040/771
f  3151/6041/3 3150/6042/3 3160/6043/3 3161/6044/3
f  3140/6045/3 3153/6046/3 3162/6047/3 3163/6048/3
f  3155/6049/781 3164/6050/781 3165/6051/781 3143/6052/781
f  3150/6042/3 3144/6053/3 3166/6054/3 3160/6043/3
f  3153/6046/3 3151/6041/3 3161/6044/3 3162/6047/3
f  3146/6040/795 3159/6039/795 3167/6055/795 3156/6056/795
f  3141/6057/3 3140/6045/3 3163/6048/3 3158/6058/3
f  3143/6052/774 3165/6051/774 3166/6059/774 3144/6060/774
f  3138/6061/6 3168/6062/6 3169/6063/6 3139/6064/6
f  3145/6065/784 3170/6066/784 3171/6067/784 3142/6068/784
f  3147/6069/785 3172/6070/785 3168/5346/785 3138/5349/785
f  3148/6071/23 3173/6072/23 3174/6073/23 3149/6074/23
f  3139/6064/6 3169/6063/6 3175/6075/6 3152/6076/6
f  3142/6068/766 3171/6067/766 3176/6077/766 3154/6078/766
f  3149/6074/6 3174/6073/6 3170/5148/6 3145/6079/6
f  3152/6076/6 3175/6075/6 3173/6072/6 3148/6071/6
f  3157/6080/748 3177/6081/748 3172/6070/748 3147/6069/748
f  3178/6082/30 3179/6083/30 3180/6084/30 3181/6085/30
f  3182/6086/806 3183/6087/806 3184/6088/806 3185/6089/806
f  3178/6082/1 3186/6090/1 3187/6091/1 3179/6083/1
f  3188/6092/1 3189/6093/1 3190/6094/1 3191/6095/1
f  3181/6085/1 3180/6084/1 3192/6096/1 3193/6097/1
f  3154/6034/30 3182/6086/30 3185/6089/30 3155/6035/30
f  3191/6095/30 3190/6094/30 3184/6088/30 3183/6087/30
f  3193/6097/1 3192/6096/1 3189/6093/1 3188/6092/1
f  3186/6090/30 3157/6036/30 3156/5852/30 3187/6091/30
f  3179/6098/798 3187/6099/798 3194/6100/798 3195/6101/798
f  3189/6102/6 3196/6103/6 3197/6104/6 3190/6105/6
f  3180/6106/6 3198/6107/6 3199/6108/6 3192/6109/6
f  3155/6049/789 3185/6110/789 3200/6111/789 3164/6050/789
f  3190/6105/799 3197/6104/799 3201/6112/799 3184/995/799
f  3192/6109/6 3199/6108/6 3196/6103/6 3189/6102/6
f  3187/6099/800 3156/6056/800 3167/6055/800 3194/6100/800
f  3179/6113/6 3195/6114/6 3198/6107/6 3180/6106/6
f  3185/6110/732 3184/6115/732 3201/6116/732 3200/6111/732
f  3178/6117/3 3181/6118/3 3202/6119/3 3203/6120/3
f  3183/5402/791 3182/6121/791 3204/6122/791 3205/5403/791
f  3186/6123/792 3178/6124/792 3203/6125/792 3206/6126/792
f  3188/6127/9 3191/6128/9 3207/6129/9 3208/6130/9
f  3181/6118/3 3193/6131/3 3209/6132/3 3202/6119/3
f  3182/6121/756 3154/6078/756 3176/6077/756 3204/6122/756
f  3191/6128/807 3183/6062/807 3205/6133/807 3207/6129/807
f  3193/6131/3 3188/6127/3 3208/6130/3 3209/6132/3
f  3157/6080/737 3186/6123/737 3206/6126/737 3177/6081/737
f  3210/6134/1 3211/6135/1 3212/6136/1 3213/6137/1
f  3214/6138/3 3215/6139/3 3216/6140/3 3217/6141/3
f  3212/6142/5 3218/6143/5 3219/6144/5 3213/6145/5
f  3220/6146/1 3213/6137/1 3221/6147/1 3222/6148/1
f  3210/6149/4 3223/6150/4 3224/6151/4 3211/4593/4
f  3217/5793/4 3216/5792/4 3225/6152/4 3226/6153/4
f  3227/6154/1 3228/6155/1 3210/6134/1 3229/6156/1
f  3230/5281/5 3231/5280/5 3232/5978/5 3228/6157/5
f  3229/6156/30 3210/6134/30 3213/6137/30 3220/6146/30
f  3233/6158/1 3217/6159/1 3228/6155/1 3227/6154/1
f  3217/6159/30 3226/6160/30 3230/6161/30 3228/6155/30
f  3228/6162/3 3232/4255/3 3223/6163/3 3210/6164/3
f  3213/6015/3 3219/6165/3 3234/6166/3 3221/6016/3
f  3235/6167/1 3214/6168/1 3217/6159/1 3233/6158/1
f  3236/6169/30 3237/6170/30 3238/6171/30 3239/6172/30
f  3240/6173/6 3241/6174/6 3242/6175/6 3243/6176/6
f  3238/4347/5 3237/6005/5 3244/5283/5 3245/4344/5
f  3220/6146/1 3222/6148/1 3246/6177/1 3237/6170/1
f  3236/6142/4 3239/5273/4 3247/5819/4 3248/6143/4
f  3241/5273/4 3249/6142/4 3250/6178/4 3242/5274/4
f  3227/6154/1 3229/6156/1 3236/6169/1 3251/6179/1
f  3252/5625/5 3251/5090/5 3253/5089/5 3254/6180/5
f  3229/6156/1 3220/6146/1 3237/6170/1 3236/6169/1
f  3233/6158/30 3227/6154/30 3251/6179/30 3241/6181/30
f  3241/6181/1 3251/6179/1 3252/6182/1 3249/6183/1
f  3251/6184/6 3236/4913/6 3248/4912/6 3253/6185/6
f  3237/6186/6 3246/6187/6 3255/5278/6 3244/6188/6
f  3235/6167/1 3233/6158/1 3241/6181/1 3240/6189/1

# Mesh 'Cube.012' with 68 faces
g Cube.012
usemtl Glass
f  3256/6190/808 1906/6191/808 1892/6192/808 1891/6193/808
f  1884/6194/1 1899/6195/1 3257/6196/1 1885/6197/1
f  1890/2845/1 1889/6198/1 3258/6199/1 1897/6200/1
f  1904/6201/1 1903/6202/1 3259/6203/1 1907/2575/1
f  2043/6204/809 2042/6205/809 2052/6206/809 3260/6207/809
f  2044/6208/1 2060/6209/1 3261/6210/1 2045/6211/1
f  2057/463/1 2050/6212/1 2049/6213/1 2058/6214/1
f  2067/6215/1 3262/6216/1 2075/6217/1 2068/6218/1
f  2071/6219/1 2070/6220/1 3263/6221/1 2081/6222/1
f  2080/6223/1 2079/6224/1 2074/5747/1 2073/6225/1
f  3264/6226/1 2093/6227/1 2096/6228/1 2108/6229/1
f  2087/6230/1 2086/6231/1 3265/6232/1 2101/2145/1
f  2091/6233/1 2099/6234/1 3266/6235/1 2092/6236/1
f  2105/6237/1 2109/6238/1 3267/6239/1 2106/6240/1
f  2243/2848/1 3268/6241/1 2253/6242/1 2244/6243/1
f  2247/6244/1 2246/1887/1 3269/6245/1 2262/6246/1
f  2260/6247/1 2259/6248/1 2252/6249/1 2251/6250/1
f  2271/6251/1 2270/6252/1 2278/6253/1 3270/6254/1
f  2272/6255/1 2283/6256/1 3271/6257/1 2273/6258/1
f  2281/6259/1 2276/6260/1 2275/6261/1 2282/6262/1
f  2391/6263/30 2390/6264/30 2400/6265/30 3272/6266/30
f  2392/6267/1 2408/6268/1 3273/6269/1 2393/6270/1
f  2405/6271/1 2398/6272/1 2397/6273/1 2406/6274/1
f  2415/6275/1 3274/6276/1 2423/2118/1 2416/6277/1
f  2419/6278/1 2418/6279/1 3275/6280/1 2429/6281/1
f  2428/6282/1 2427/6283/1 2422/6284/1 2421/6285/1
f  2507/6286/30 3276/6287/30 2517/2545/30 2508/6288/30
f  2511/6289/1 2510/6290/1 3277/6291/1 2526/2426/1
f  2524/5507/1 2523/6292/1 2516/6271/1 2515/6293/1
f  2535/6294/1 2534/6295/1 2542/6296/1 3278/6297/1
f  2536/6298/1 2547/6299/1 3279/6300/1 2537/6301/1
f  2545/6302/1 2540/6303/1 2539/6304/1 2546/6283/1
f  2627/1820/1 2626/6305/1 2636/6306/1 3280/6307/1
f  2628/6308/30 2644/6309/30 3281/6310/30 2629/6311/30
f  2641/455/810 2634/6312/810 2633/1025/810 2642/6313/810
f  2651/6314/30 3282/6315/30 2659/6316/30 2652/6317/30
f  2655/6318/1 2654/45/1 3283/6319/1 2665/6320/1
f  2664/6321/811 2663/6322/811 2658/6323/811 2657/6324/811
f  2745/6325/1 2744/6326/1 2754/6327/1 3284/6328/1
f  2746/6329/1 2762/6308/1 3285/6330/1 2747/6331/1
f  2759/6332/1 2752/4545/1 2751/900/1 2760/6333/1
f  2769/6334/1 3286/6335/1 2777/6336/1 2770/6337/1
f  2773/6338/30 2772/2191/30 3287/6339/30 2783/6211/30
f  2782/6340/30 2781/6341/30 2776/6259/30 2775/6262/30
f  2863/6342/1 2862/6343/1 2872/6344/1 3288/6345/1
f  2864/6346/1 2880/6347/1 3289/6348/1 2865/6349/1
f  2877/6350/1 2870/6351/1 2869/6352/1 2878/1393/1
f  2887/6353/1 3290/6354/1 2895/6355/1 2888/6356/1
f  2891/6357/30 2890/6358/30 3291/6359/30 2901/3179/30
f  2900/4826/30 2899/1397/30 2894/6360/30 2893/6361/30
f  2979/6362/1 3292/6363/1 2989/6364/1 2980/6365/1
f  2983/6366/1 2982/1085/1 3293/6367/1 2998/6368/1
f  2996/1479/1 2995/6369/1 2988/6370/1 2987/6371/1
f  3007/6372/1 3006/6373/1 3014/6374/1 3294/6375/1
f  3008/6376/1 3019/6377/1 3295/6378/1 3009/6379/1
f  3017/6380/812 3012/6381/812 3011/6212/812 3018/6382/812
f  3097/4316/1 3296/6383/1 3107/6384/1 3098/6385/1
f  3101/6386/1 3100/6387/1 3297/6388/1 3116/6389/1
f  3114/6390/1 3113/1470/1 3106/6350/1 3105/1393/1
f  3125/6391/813 3124/6392/813 3132/6393/813 3298/6394/813
f  3126/6395/1 3137/6396/1 3299/6397/1 3127/6398/1
f  3135/6399/30 3130/6400/30 3129/6336/30 3136/6401/30
f  3215/6402/1 3300/6403/1 3225/6404/1 3216/6405/1
f  3219/6406/1 3218/6407/1 3301/6408/1 3234/6409/1
f  3232/6410/1 3231/6333/1 3224/6411/1 3223/1135/1
f  3243/6412/814 3242/6413/814 3250/6414/814 3302/6415/814
f  3244/6416/1 3255/6417/1 3303/6418/1 3245/6419/1
f  3253/207/30 3248/6420/30 3247/6249/30 3254/6421/30

# Mesh 'Cube.012' with 76 faces
g Cube.012
usemtl DarkWood
f  3304/6422/9 3305/6423/9 3306/6424/9 3307/6425/9
f  3308/6426/5 3309/6427/5 3310/6428/5 3311/6429/5
f  3312/6430/4 3313/6431/4 3314/6432/4 3315/6433/4
f  3313/6434/6 3316/6435/6 3317/6436/6 3314/6437/6
f  3318/6438/815 3309/6439/815 3319/6440/815 3320/6441/815
f  3316/6442/1 3313/6443/1 3321/6444/1 3322/6445/1
f  3318/6446/5 3323/6447/5 3310/6428/5 3309/6427/5
f  3312/6430/816 3315/6433/816 3307/6448/816 3306/6449/816
f  3309/6439/817 3308/6450/817 3324/6451/817 3325/6452/817
f  3316/6435/6 3308/6453/6 3311/6454/6 3317/6436/6
f  3326/6455/818 3312/6456/818 3327/6457/818 3328/6458/818
f  3323/6459/3 3318/803/3 3305/6423/3 3304/6422/3
f  3322/6460/3 3321/6461/3 3329/6462/3 3330/6463/3
f  3316/6442/819 3326/6455/819 3331/6464/819 3332/6465/819
f  3308/6450/820 3316/6442/820 3332/6465/820 3324/6451/820
f  3326/6455/821 3309/6439/821 3325/6452/821 3331/6464/821
f  3331/6466/822 3325/6467/822 3333/6468/822 3334/4911/822
f  3305/6469/1 3318/6438/1 3320/6441/1 3335/6470/1
f  3326/6455/823 3305/6469/823 3335/6470/823 3336/6471/823
f  3309/6439/824 3326/6455/824 3336/6471/824 3319/6440/824
f  3327/6472/5 3337/6473/5 3338/6474/5 3339/6475/5
f  3326/6455/825 3316/6442/825 3322/6445/825 3340/6476/825
f  3312/6456/821 3326/6455/821 3340/6476/821 3341/6477/821
f  3313/6443/826 3312/6456/826 3341/6477/826 3321/6444/826
f  3320/6478/4 3319/6479/4 3342/6480/4 3343/6481/4
f  3312/6456/827 3306/3509/827 3337/6482/827 3327/6457/827
f  3305/6469/828 3326/6455/828 3328/6458/828 3344/6483/828
f  3306/3509/829 3305/6469/829 3344/6483/829 3337/6482/829
f  3345/6484/1 3346/6485/1 3347/6486/1 3348/6487/1
f  3333/6488/830 3349/6489/830 3350/6490/830 3351/6491/830
f  3352/6492/831 3353/6493/831 3354/6494/831 3355/6495/831
f  3346/6485/832 3339/6496/832 3356/6497/832 3347/6486/832
f  3319/6498/833 3336/6499/833 3352/6500/833 3342/6501/833
f  3337/6501/834 3344/6468/834 3345/6467/834 3338/6498/834
f  3332/6502/5 3331/6503/5 3334/6504/5 3357/6505/5
f  3341/6506/835 3340/6507/835 3358/6508/835 3359/6509/835
f  3336/6510/5 3335/6511/5 3353/6512/5 3352/6513/5
f  3328/6514/833 3327/6508/833 3339/6515/833 3346/6516/833
f  3340/6517/4 3322/6518/4 3330/6519/4 3358/6520/4
f  3344/6521/4 3328/6522/4 3346/6523/4 3345/6524/4
f  3325/6525/4 3324/6454/4 3349/6526/4 3333/6527/4
f  3335/6463/6 3320/6528/6 3343/6529/6 3353/6530/6
f  3324/6531/836 3332/6532/836 3357/6533/836 3349/6534/836
f  3321/6535/5 3341/6536/5 3359/6537/5 3329/6538/5
f  3360/6539/837 3355/6540/837 3361/6541/837 3362/6542/837
f  3363/6543/6 3348/6544/6 3364/6545/6 3365/6546/6
f  3366/6547/4 3360/6548/4 3362/6549/4 3367/6550/4
f  3356/6551/49 3363/6552/49 3365/6553/49 3368/6521/49
f  3329/6554/838 3359/1429/838 3369/6555/838 3370/6556/838
f  3349/6489/839 3357/6557/839 3371/6558/839 3350/6490/839
f  3330/6559/840 3329/6554/840 3370/6556/840 3372/6560/840
f  3334/6561/841 3333/6488/841 3351/6491/841 3373/6562/841
f  3359/1429/842 3358/6563/842 3374/6564/842 3369/6555/842
f  3357/6557/30 3334/6561/30 3373/6562/30 3371/6558/30
f  3358/6563/30 3330/6559/30 3372/6560/30 3374/6564/30
f  3353/6493/1 3343/6565/1 3366/6566/1 3354/6494/1
f  3339/6496/838 3338/6567/838 3363/6568/838 3356/6497/838
f  3343/6565/1 3342/6569/1 3360/6570/1 3366/6566/1
f  3338/6567/843 3345/6484/843 3348/6487/843 3363/6568/843
f  3342/6569/832 3352/6492/832 3355/6495/832 3360/6570/832
f  3375/6571/1 3376/6572/1 3377/6573/1 3378/6574/1
f  3361/6575/1 3379/6576/1 3367/6577/1 3362/6578/1
f  3380/6579/1 3381/4143/1 3382/6580/1 3383/6581/1
f  3368/6582/1 3365/6583/1 3364/6584/1 3384/6585/1
f  3347/6586/844 3356/6587/844 3368/6588/844 3384/6589/844
f  3355/6590/49 3354/6591/49 3379/6592/49 3361/6593/49
f  3351/6594/48 3350/6549/48 3376/6595/48 3375/6596/48
f  3348/6597/4 3347/6598/4 3384/6599/4 3364/6553/4
f  3370/6600/49 3369/6590/49 3383/6593/49 3382/6601/49
f  3350/6602/845 3371/6586/845 3377/6589/845 3376/6539/845
f  3372/6587/846 3370/6603/846 3382/6604/846 3381/6588/846
f  3373/6605/847 3351/6606/847 3375/6607/847 3378/6608/847
f  3369/6540/848 3374/6547/848 3380/6550/848 3383/6541/848
f  3371/6596/5 3373/6600/5 3378/6601/5 3377/6594/5
f  3374/6609/4 3372/6610/4 3381/6611/4 3380/6612/4
f  3354/6544/6 3366/6613/6 3367/6614/6 3379/6615/6

# Mesh 'Cube.012' with 646 faces
g Cube.012
usemtl Light
f  3385/6616/849 3386/6617/849 3387/6618/849 3388/6619/849
f  3389/6620/1 3390/6621/1 3391/6622/1 3392/6623/1
f  3393/6624/2 3394/6625/2 3395/6626/2 3396/6627/2
f  3390/6621/850 3397/6628/850 3385/6629/850 3391/6622/850
f  3394/6625/851 3398/6630/851 3399/6631/851 3395/6626/851
f  3397/6632/3 3400/6633/3 3386/6634/3 3385/6635/3
f  3398/6636/6 3401/6637/6 3402/6638/6 3399/6632/6
f  3400/6639/852 3393/6624/852 3396/6627/852 3386/6640/852
f  3401/6641/853 3389/6620/853 3392/6623/853 3402/6642/853
f  3399/6643/854 3402/6644/854 3403/6645/854 3404/6646/854
f  3386/6617/855 3396/6647/855 3405/6648/855 3387/6618/855
f  3402/6644/856 3392/6649/856 3406/6650/856 3403/6645/856
f  3392/6649/857 3391/6651/857 3407/6652/857 3406/6650/857
f  3396/6647/858 3395/6653/858 3408/6654/858 3405/6648/858
f  3391/6651/859 3385/6616/859 3388/6619/859 3407/6652/859
f  3395/6653/860 3399/6643/860 3404/6646/860 3408/6654/860
f  3401/6655/861 3398/6656/861 3394/6657/861 3393/6658/861 3400/6659/861 3397/6660/861 3390/6661/861 3389/6662/861
f  3409/6663/4 3410/6664/4 3411/6665/4 3412/6666/4 3413/6667/4 3414/6668/4 3415/6669/4 3416/6670/4
f  3417/6671/5 3418/6672/5 3419/6673/5 3420/6674/5
f  3415/6675/1 3414/6676/1 3421/6677/1 3422/6678/1
f  3411/6679/2 3410/6680/2 3423/6681/2 3424/6682/2
f  3414/6676/862 3413/6683/862 3417/6684/862 3421/6677/862
f  3410/6680/863 3409/6685/863 3425/6686/863 3423/6681/863
f  3413/6687/3 3412/6688/3 3418/6689/3 3417/6690/3
f  3409/6691/6 3416/6692/6 3426/6693/6 3425/6694/6
f  3412/6688/864 3411/6695/864 3424/6696/864 3418/6689/864
f  3416/6692/865 3415/6697/865 3422/6698/865 3426/6693/865
f  3427/6699/1 3428/6700/1 834/6701/1 833/6702/1
f  3425/6703/5 3426/6704/5 3429/6705/5 3430/6706/5
f  3418/6672/866 3424/6707/866 3427/6708/866 3419/6673/866
f  3426/6704/867 3422/6709/867 3431/6710/867 3429/6705/867
f  3422/6709/5 3421/6711/5 3432/6712/5 3431/6710/5
f  3424/6707/5 3423/6713/5 3428/6714/5 3427/6708/5
f  3421/6711/868 3417/6671/868 3420/6674/868 3432/6712/868
f  3423/6713/5 3425/6703/5 3430/6706/5 3428/6714/5
f  3432/6715/869 3420/6716/869 831/6717/869 830/6718/869
f  3428/6700/519 3430/6719/519 827/6720/519 834/6701/519
f  3420/6721/6 3419/6722/6 832/6723/6 831/6724/6
f  3430/6725/3 3429/6726/3 828/6727/3 827/6728/3
f  3419/6722/870 3427/6729/870 833/6730/870 832/6723/870
f  3429/6726/520 3431/6731/520 829/6732/520 828/6727/520
f  3431/6733/2 3432/6715/2 830/6718/2 829/6734/2
f  3433/6735/5 3434/6736/5 3435/6737/5 3436/6738/5
f  3437/6739/4 3438/6740/4 3439/6741/4 3440/6742/4
f  3441/6743/871 3439/6744/871 3438/6745/871 3442/6746/871
f  3442/6747/6 3438/6748/6 3437/6749/6 3443/6750/6
f  3444/6751/3 3440/6752/3 3439/6753/3 3441/6754/3
f  3434/6755/9 3445/6756/9 3446/6757/9 3435/6758/9
f  3436/6759/23 3447/6760/23 3448/6761/23 3433/6762/23
f  3435/6763/2 3446/6764/2 3447/6765/2 3436/6766/2
f  3449/6767/3 3450/6768/3 3451/6769/3 3452/6770/3
f  3448/6761/6 3447/6760/6 3442/6747/6 3443/6750/6
f  3447/6771/872 3446/6772/872 3441/6773/872 3442/6774/872
f  3453/6775/5 3454/6776/5 3455/6777/5 3456/6778/5
f  3457/6779/4 3458/6780/4 3459/6781/4 3460/6782/4
f  3452/6783/873 3459/6784/873 3458/6785/873 3461/6786/873
f  3461/6787/6 3458/6788/6 3457/6789/6 3462/6790/6
f  3451/6769/3 3460/6791/3 3459/6792/3 3452/6770/3
f  3454/6793/9 3450/6768/9 3449/6767/9 3455/6794/9
f  3456/6795/23 3463/6796/23 3464/6797/23 3453/6798/23
f  3455/6799/29 3449/6800/29 3463/6801/29 3456/6802/29
f  3465/6803/3 3466/6804/3 3467/6805/3 3468/6806/3
f  3464/6797/6 3463/6796/6 3461/6787/6 3462/6790/6
f  3463/6807/874 3449/6808/874 3452/6809/874 3461/6810/874
f  3469/6811/5 3470/6812/5 3471/6813/5 3472/6814/5
f  3473/6815/4 3474/6816/4 3475/6817/4 3476/6818/4
f  3468/6819/875 3475/6820/875 3474/6821/875 3477/6822/875
f  3477/6823/6 3474/6824/6 3473/6825/6 3478/6826/6
f  3467/6805/3 3476/6827/3 3475/6828/3 3468/6806/3
f  3470/6829/9 3466/6804/9 3465/6803/9 3471/4199/9
f  3472/6830/23 3479/6831/23 3480/6832/23 3469/6833/23
f  3471/6834/2 3465/6835/2 3479/3086/2 3472/6836/2
f  3481/6837/876 3482/6838/876 3483/6839/876 3484/6840/876
f  3480/6832/6 3479/6831/6 3477/6823/6 3478/6826/6
f  3479/6841/872 3465/6842/872 3468/6843/872 3477/6844/872
f  3485/6845/5 3486/6846/5 3487/6847/5 3488/6848/5
f  3489/6849/4 3490/6850/4 3491/6851/4 3492/6852/4
f  3484/6853/877 3491/6854/877 3490/6855/877 3493/6856/877
f  3493/6857/6 3490/6858/6 3489/6859/6 3494/6860/6
f  3483/6839/3 3492/6861/3 3491/6862/3 3484/6840/3
f  3486/6863/878 3482/6838/878 3481/6837/878 3487/6864/878
f  3488/6865/879 3495/6866/879 3496/6867/879 3485/6868/879
f  3487/2980/2 3481/6869/2 3495/6764/2 3488/6870/2
f  3497/6871/3 3498/6872/3 3499/6873/3 3500/6874/3
f  3496/6867/880 3495/6866/880 3493/6857/880 3494/6860/880
f  3495/6875/881 3481/6876/881 3484/6877/881 3493/6878/881
f  3501/6879/5 3502/6880/5 3503/6881/5 3504/6882/5
f  3505/6883/4 3506/6884/4 3507/6885/4 3508/6886/4
f  3500/6887/882 3507/6888/882 3506/6889/882 3509/6890/882
f  3509/6891/6 3506/6892/6 3505/6893/6 3510/6894/6
f  3499/6873/3 3508/6893/3 3507/6892/3 3500/6874/3
f  3502/6895/9 3498/6872/9 3497/6871/9 3503/6896/9
f  3504/6897/23 3511/6898/23 3512/6899/23 3501/6900/23
f  3503/6901/2 3497/6902/2 3511/6903/2 3504/6904/2
f  3513/6905/3 3514/6906/3 3515/6907/3 3516/6908/3
f  3512/6899/6 3511/6898/6 3509/6891/6 3510/6894/6
f  3511/6909/872 3497/6910/872 3500/6911/872 3509/6912/872
f  3517/6913/5 3518/6914/5 3519/6915/5 3520/3062/5
f  3521/6916/4 3522/6917/4 3523/6918/4 3524/6919/4
f  3516/6920/873 3523/6921/873 3522/6922/873 3525/6923/873
f  3525/6924/6 3522/6925/6 3521/6926/6 3526/6927/6
f  3515/6907/3 3524/6928/3 3523/6929/3 3516/6908/3
f  3518/6930/9 3514/6906/9 3513/6905/9 3519/6931/9
f  3520/6932/23 3527/6933/23 3528/6934/23 3517/6935/23
f  3519/6802/29 3513/6936/29 3527/6937/29 3520/6799/29
f  3529/6938/3 3530/6939/3 3531/6940/3 3532/6941/3
f  3528/6934/6 3527/6933/6 3525/6924/6 3526/6927/6
f  3527/6942/883 3513/6943/883 3516/6944/883 3525/6945/883
f  3533/6946/5 3534/6947/5 3535/6948/5 3536/6949/5
f  3537/6950/4 3538/6951/4 3539/6952/4 3540/6002/4
f  3532/6953/871 3539/6954/871 3538/6955/871 3541/6956/871
f  3541/6957/6 3538/6958/6 3537/6959/6 3542/6960/6
f  3531/6940/3 3540/6961/3 3539/6962/3 3532/6941/3
f  3534/6963/9 3530/6939/9 3529/6938/9 3535/6964/9
f  3536/6965/23 3543/6966/23 3544/6967/23 3533/6968/23
f  3535/6969/2 3529/6970/2 3543/6971/2 3536/6972/2
f  3545/6973/1 3546/6974/1 3547/6975/1 3548/6976/1
f  3544/6967/6 3543/6966/6 3541/6957/6 3542/6960/6
f  3543/6977/872 3529/6978/872 3532/6979/872 3541/6980/872
f  3549/6981/5 3550/6982/5 3551/6928/5 3552/6983/5
f  3553/6984/4 3554/6779/4 3555/6985/4 3556/6986/4
f  3548/1838/884 3555/6987/884 3554/6988/884 3557/6989/884
f  3557/6990/2 3554/6991/2 3553/6992/2 3558/6993/2
f  3547/6975/885 3556/6994/885 3555/6995/885 3548/6976/885
f  3550/3028/1 3546/6974/1 3545/6973/1 3551/6996/1
f  3552/6997/2 3559/6998/2 3560/6999/2 3549/7000/2
f  3551/7001/3 3545/7002/3 3559/7003/3 3552/7004/3
f  3561/7005/1 3562/7006/1 3563/7007/1 3564/7008/1
f  3560/6999/2 3559/6998/2 3557/6990/2 3558/6993/2
f  3559/7009/886 3545/7010/886 3548/7011/886 3557/7012/886
f  3565/7013/5 3566/7014/5 3567/7015/5 3568/7016/5
f  3569/7017/4 3570/7018/4 3571/7019/4 3572/7020/4
f  3564/7021/887 3571/7022/887 3570/7023/887 3573/7024/887
f  3573/7025/2 3570/7026/2 3569/7027/2 3574/7028/2
f  3563/7007/888 3572/7029/888 3571/7030/888 3564/7008/888
f  3566/7031/1 3562/7006/1 3561/7005/1 3567/7032/1
f  3568/7033/2 3575/7034/2 3576/7035/2 3565/7036/2
f  3567/7037/3 3561/7038/3 3575/7039/3 3568/7040/3
f  3577/7041/1 3578/7042/1 3579/7043/1 3580/7044/1
f  3576/7035/2 3575/7034/2 3573/7025/2 3574/7028/2
f  3575/7045/886 3561/7046/886 3564/7047/886 3573/7048/886
f  3581/7049/5 3582/7050/5 3583/7051/5 3584/7052/5
f  3585/6986/4 3586/6985/4 3587/7053/4 3588/7054/4
f  3580/7055/887 3587/7056/887 3586/7057/887 3589/7058/887
f  3589/7059/2 3586/7060/2 3585/7061/2 3590/7062/2
f  3579/7043/1 3588/7063/1 3587/7064/1 3580/7044/1
f  3582/7065/1 3578/7042/1 3577/7041/1 3583/7066/1
f  3584/7067/2 3591/7068/2 3592/7069/2 3581/7070/2
f  3583/7071/3 3577/7072/3 3591/7073/3 3584/7074/3
f  3593/7075/1 3594/7076/1 3595/7077/1 3596/7078/1
f  3592/7069/2 3591/7068/2 3589/7059/2 3590/7062/2
f  3591/7079/889 3577/7080/889 3580/7081/889 3589/7082/889
f  3597/7083/5 3598/2036/5 3599/7084/5 3600/7085/5
f  3601/7086/4 3602/7087/4 3603/7088/4 3604/7089/4
f  3596/7090/890 3603/7091/890 3602/7092/890 3605/7093/890
f  3605/7094/891 3602/7095/891 3601/7096/891 3606/7097/891
f  3595/7077/892 3604/7098/892 3603/7099/892 3596/7078/892
f  3598/7100/1 3594/7076/1 3593/7075/1 3599/7101/1
f  3600/7102/893 3607/7103/893 3608/7104/893 3597/7105/893
f  3599/7106/3 3593/7107/3 3607/7108/3 3600/7109/3
f  3609/7110/894 3610/7111/894 3611/7112/894 3612/7113/894
f  3608/7104/895 3607/7103/895 3605/7094/895 3606/7097/895
f  3607/7114/886 3593/7115/886 3596/7116/886 3605/7117/886
f  3613/7118/5 3614/7119/5 3615/7120/5 3616/7121/5
f  3617/7122/48 3618/7123/48 3619/7124/48 3620/7125/48
f  3612/7126/896 3619/7127/896 3618/7128/896 3621/7129/896
f  3621/7130/2 3618/7131/2 3617/7080/2 3622/7132/2
f  3611/7112/897 3620/7133/897 3619/7134/897 3612/7113/897
f  3614/7135/1 3610/7111/1 3609/7110/1 3615/7136/1
f  3616/7137/2 3623/7138/2 3624/7139/2 3613/7140/2
f  3615/7141/3 3609/7142/3 3623/7143/3 3616/7144/3
f  3625/7145/898 3626/7146/898 3627/7147/898 3628/7148/898
f  3624/7139/2 3623/7138/2 3621/7130/2 3622/7132/2
f  3623/7149/886 3609/7150/886 3612/7151/886 3621/7152/886
f  3629/2841/5 3630/7153/5 3631/7154/5 3632/7155/5
f  3633/7156/4 3634/7157/4 3635/7158/4 3636/7159/4
f  3628/7160/887 3635/7161/887 3634/7162/887 3637/7163/887
f  3637/7164/2 3634/7165/2 3633/7166/2 3638/7167/2
f  3627/7147/899 3636/7168/899 3635/7169/899 3628/7148/899
f  3630/7170/1 3626/7146/1 3625/7145/1 3631/297/1
f  3632/7171/2 3639/7172/2 3640/7173/2 3629/7174/2
f  3631/7175/3 3625/7176/3 3639/7177/3 3632/7178/3
f  3641/7179/900 3642/7180/900 3643/7181/900 3644/7182/900
f  3640/7173/2 3639/7172/2 3637/7164/2 3638/7167/2
f  3639/7183/886 3625/7184/886 3628/7185/886 3637/7186/886
f  3645/7187/5 3646/7188/5 3647/7189/5 3648/7190/5
f  3649/7191/4 3650/7192/4 3651/7193/4 3652/799/4
f  3644/7194/901 3651/7195/901 3650/7196/901 3653/7197/901
f  3653/7198/902 3650/7199/902 3649/7200/902 3654/7201/902
f  3643/7181/1 3652/7202/1 3651/7203/1 3644/7182/1
f  3646/7204/1 3642/7180/1 3641/7179/1 3647/7205/1
f  3648/7206/2 3655/7207/2 3656/7208/2 3645/7209/2
f  3647/7210/3 3641/7211/3 3655/7212/3 3648/7213/3
f  3657/7214/2 3658/7215/2 3659/7216/2 3660/7217/2
f  3656/7208/903 3655/7207/903 3653/7198/903 3654/7201/903
f  3655/7218/886 3641/7219/886 3644/7220/886 3653/7221/886
f  3661/7222/5 3662/7223/5 3663/7224/5 3664/7225/5
f  3665/7226/4 3666/7227/4 3667/7228/4 3668/7229/4
f  3660/7230/904 3667/7231/904 3666/7232/904 3669/7233/904
f  3669/7234/1 3666/7235/1 3665/7236/1 3670/7237/1
f  3659/7216/902 3668/7238/902 3667/7239/902 3660/7217/902
f  3662/7240/2 3658/7215/2 3657/7214/2 3663/7241/2
f  3664/7232/1 3671/7242/1 3672/7243/1 3661/7244/1
f  3663/7245/6 3657/7246/6 3671/7247/6 3664/7248/6
f  3673/7249/905 3674/7250/905 3675/7251/905 3676/7252/905
f  3672/7243/1 3671/7242/1 3669/7234/1 3670/7237/1
f  3671/7253/906 3657/7254/906 3660/7255/906 3669/7256/906
f  3677/7257/5 3678/7258/5 3679/7259/5 3680/2467/5
f  3681/7260/4 3682/7261/4 3683/7262/4 3684/7263/4
f  3676/7264/907 3683/7265/907 3682/7266/907 3685/7267/907
f  3685/7268/908 3682/7269/908 3681/7270/908 3686/7271/908
f  3675/7251/909 3684/7272/909 3683/7273/909 3676/7252/909
f  3678/7274/2 3674/7250/2 3673/7249/2 3679/7275/2
f  3680/7276/1 3687/7277/1 3688/7278/1 3677/7279/1
f  3679/7280/6 3673/7281/6 3687/2919/6 3680/7282/6
f  3689/7283/910 3690/7284/910 3691/7285/910 3692/7286/910
f  3688/7278/1 3687/7277/1 3685/7268/1 3686/7271/1
f  3687/7287/906 3673/7288/906 3676/7289/906 3685/7290/906
f  3693/7291/5 3694/7292/5 3695/7293/5 3696/7294/5
f  3697/7295/4 3698/7296/4 3699/7297/4 3700/7298/4
f  3692/7299/911 3699/7300/911 3698/7301/911 3701/7302/911
f  3701/7303/1 3698/7304/1 3697/7305/1 3702/7306/1
f  3691/7285/912 3700/7307/912 3699/7308/912 3692/7286/912
f  3694/7309/2 3690/7284/2 3689/7283/2 3695/7310/2
f  3696/7311/1 3703/7312/1 3704/7313/1 3693/7314/1
f  3695/7315/6 3689/7316/6 3703/7317/6 3696/7318/6
f  3705/7319/913 3706/7320/913 3707/7321/913 3708/7322/913
f  3704/7313/914 3703/7312/914 3701/7303/914 3702/7306/914
f  3703/7323/915 3689/7324/915 3692/7325/915 3701/7326/915
f  3709/7327/5 3710/7328/5 3711/7329/5 3712/7330/5
f  3713/7192/48 3714/7191/48 3715/6917/48 3716/6916/48
f  3708/7331/916 3715/7332/916 3714/2206/916 3717/7333/916
f  3717/7334/917 3714/7335/917 3713/7336/917 3718/7337/917
f  3707/7321/918 3716/7309/918 3715/7338/918 3708/7322/918
f  3710/7307/919 3706/7320/919 3705/7319/919 3711/7339/919
f  3712/7340/920 3719/7341/920 3720/7342/920 3709/7343/920
f  3711/7344/6 3705/7345/6 3719/7346/6 3712/7347/6
f  3721/7348/2 3722/7349/2 3723/7350/2 3724/7351/2
f  3720/7342/921 3719/7341/921 3717/7334/921 3718/7337/921
f  3719/875/922 3705/7352/922 3708/7353/922 3717/7354/922
f  3725/7355/5 3726/7356/5 3727/7357/5 3728/7358/5
f  3729/7020/48 3730/7019/48 3731/7054/48 3732/7053/48
f  3724/7359/911 3731/7360/911 3730/7361/911 3733/7362/911
f  3733/7363/1 3730/7364/1 3729/7365/1 3734/7366/1
f  3723/7350/2 3732/7367/2 3731/7368/2 3724/7351/2
f  3726/7369/2 3722/7349/2 3721/7348/2 3727/7370/2
f  3728/7371/1 3735/7372/1 3736/7373/1 3725/7374/1
f  3727/7375/6 3721/7376/6 3735/7377/6 3728/7378/6
f  3737/7379/923 3738/7380/923 3739/7381/923 3740/7382/923
f  3736/7373/914 3735/7372/914 3733/7363/914 3734/7366/914
f  3735/7383/906 3721/7384/906 3724/7385/906 3733/7386/906
f  3741/7210/5 3742/7387/5 3743/7388/5 3744/7389/5
f  3745/7390/4 3746/7391/4 3747/57/4 3748/7392/4
f  3740/7270/924 3747/7393/924 3746/7394/924 3749/7395/924
f  3749/7396/1 3746/7397/1 3745/7398/1 3750/7399/1
f  3739/7381/2 3748/7400/2 3747/7401/2 3740/7382/2
f  3742/7402/2 3738/7380/2 3737/7379/2 3743/7403/2
f  3744/7404/1 3751/7405/1 3752/7406/1 3741/7407/1
f  3743/7408/6 3737/7409/6 3751/7410/6 3744/7411/6
f  3753/7412/903 3754/7413/903 3755/7414/903 3756/7415/903
f  3752/7406/1 3751/7405/1 3749/7396/1 3750/7399/1
f  3751/7416/925 3737/7417/925 3740/7418/925 3749/7419/925
f  3757/7420/5 3758/7421/5 3759/7422/5 3760/2623/5
f  3761/7423/4 3762/7424/4 3763/7425/4 3764/7426/4
f  3756/7427/904 3763/7428/904 3762/7429/904 3765/7430/904
f  3765/7431/885 3762/7432/885 3761/7433/885 3766/7434/885
f  3755/7414/926 3764/7435/926 3763/7436/926 3756/7415/926
f  3758/7437/2 3754/7413/2 3753/7412/2 3759/7438/2
f  3760/7439/1 3767/7440/1 3768/7441/1 3757/7371/1
f  3759/2864/6 3753/7442/6 3767/7443/6 3760/7444/6
f  3769/7445/6 3770/7446/6 3771/7447/6 3772/7448/6
f  3768/7441/927 3767/7440/927 3765/7431/927 3766/7434/927
f  3767/7449/928 3753/7450/928 3756/7451/928 3765/7452/928
f  3773/7453/5 3774/7454/5 3775/2782/5 3776/7455/5
f  3777/7456/4 3778/7457/4 3779/7458/4 3780/7459/4
f  3772/7460/929 3779/7461/929 3778/7462/929 3781/7463/929
f  3781/7464/3 3778/7465/3 3777/7466/3 3782/7467/3
f  3771/7447/6 3780/7468/6 3779/7469/6 3772/7448/6
f  3774/7470/6 3770/7446/6 3769/7445/6 3775/7471/6
f  3776/7472/3 3783/7473/3 3784/7474/3 3773/7475/3
f  3775/7211/1 3769/7476/1 3783/7477/1 3776/7478/1
f  3785/7479/6 3786/7480/6 3787/7481/6 3788/7482/6
f  3784/7474/3 3783/7473/3 3781/7464/3 3782/7467/3
f  3783/7483/930 3769/7484/930 3772/7485/930 3781/7486/930
f  3789/7487/5 3790/2172/5 3791/7488/5 3792/7489/5
f  3793/7490/4 3794/7491/4 3795/7492/4 3796/966/4
f  3788/7493/931 3795/7494/931 3794/7495/931 3797/7496/931
f  3797/7497/3 3794/7498/3 3793/7499/3 3798/7500/3
f  3787/7481/6 3796/3115/6 3795/7501/6 3788/7482/6
f  3790/2950/6 3786/7480/6 3785/7479/6 3791/4079/6
f  3792/7502/3 3799/7503/3 3800/7504/3 3789/2498/3
f  3791/7505/1 3785/7506/1 3799/7507/1 3792/7508/1
f  3801/7509/932 3802/7510/932 3803/7511/932 3804/7512/932
f  3800/7504/3 3799/7503/3 3797/7497/3 3798/7500/3
f  3799/7513/933 3785/7514/933 3788/7515/933 3797/7516/933
f  3805/7517/5 3806/7518/5 3807/7519/5 3808/7520/5
f  3809/5424/4 3810/6144/4 3811/6782/4 3812/7521/4
f  3804/7522/934 3811/7523/934 3810/7524/934 3813/7525/934
f  3813/7526/935 3810/7527/935 3809/6736/935 3814/7528/935
f  3803/7511/936 3812/7529/936 3811/7530/936 3804/7512/936
f  3806/7531/937 3802/7510/937 3801/7509/937 3807/7532/937
f  3808/6964/938 3815/7533/938 3816/7534/938 3805/7535/938
f  3807/7536/1 3801/7537/1 3815/7538/1 3808/7539/1
f  3817/7540/6 3818/7541/6 3819/7542/6 3820/7543/6
f  3816/7534/939 3815/7533/939 3813/7526/939 3814/7528/939
f  3815/7544/940 3801/7545/940 3804/7546/940 3813/4698/940
f  3821/7547/5 3822/7548/5 3823/7549/5 3824/7550/5
f  3825/7551/4 3826/7552/4 3827/6816/4 3828/6815/4
f  3820/7553/941 3827/7554/941 3826/7555/941 3829/7556/941
f  3829/7557/3 3826/7558/3 3825/7559/3 3830/7560/3
f  3819/7542/6 3828/7561/6 3827/7562/6 3820/7543/6
f  3822/7563/6 3818/7541/6 3817/7540/6 3823/7564/6
f  3824/7565/3 3831/7566/3 3832/7567/3 3821/7568/3
f  3823/7569/1 3817/7570/1 3831/7571/1 3824/7572/1
f  3833/7573/942 3834/7574/942 3835/7575/942 3836/7576/942
f  3832/7567/3 3831/7566/3 3829/7557/3 3830/7560/3
f  3831/7577/943 3817/7578/943 3820/7579/943 3829/2136/943
f  3837/7507/5 3838/7506/5 3839/7580/5 3840/7581/5
f  3841/7582/4 3842/7583/4 3843/5639/4 3844/7584/4
f  3836/7585/944 3843/7586/944 3842/7587/944 3845/7588/944
f  3845/7589/945 3842/7590/945 3841/7591/945 3846/7592/945
f  3835/7575/936 3844/7593/936 3843/7594/936 3836/7576/936
f  3838/7595/937 3834/7574/937 3833/7573/937 3839/7596/937
f  3840/7597/946 3847/7598/946 3848/7599/946 3837/7600/946
f  3839/7601/30 3833/7538/30 3847/7602/30 3840/7603/30
f  3849/7604/6 3850/7605/6 3851/7606/6 3852/7607/6
f  3848/7599/947 3847/7598/947 3845/7589/947 3846/7592/947
f  3847/7608/948 3833/7609/948 3836/7610/948 3845/7611/948
f  3853/7612/5 3854/7613/5 3855/7614/5 3856/7615/5
f  3857/6884/4 3858/6883/4 3859/7296/4 3860/7295/4
f  3852/7616/931 3859/7617/931 3858/7618/931 3861/7619/931
f  3861/7620/3 3858/7621/3 3857/7622/3 3862/7623/3
f  3851/7606/6 3860/7624/6 3859/7625/6 3852/7607/6
f  3854/7626/6 3850/7605/6 3849/7604/6 3855/7627/6
f  3856/7628/3 3863/7629/3 3864/7630/3 3853/7631/3
f  3855/7632/1 3849/7633/1 3863/7634/1 3856/7569/1
f  3865/7635/6 3866/7636/6 3867/7637/6 3868/7638/6
f  3864/7630/3 3863/7629/3 3861/7620/3 3862/7623/3
f  3863/7639/940 3849/7640/940 3852/7641/940 3861/7642/940
f  3869/7643/5 3870/7644/5 3871/6882/5 3872/7645/5
f  3873/7646/4 3874/7647/4 3875/7648/4 3876/7649/4
f  3868/7650/929 3875/7651/929 3874/7652/929 3877/7653/929
f  3877/7654/3 3874/7655/3 3873/7656/3 3878/7657/3
f  3867/7637/6 3876/6859/6 3875/6858/6 3868/7638/6
f  3870/7658/6 3866/7636/6 3865/7635/6 3871/7659/6
f  3872/7660/3 3879/7661/3 3880/7662/3 3869/7663/3
f  3871/7664/30 3865/7223/30 3879/7222/30 3872/7665/30
f  3880/7662/3 3879/7661/3 3877/7654/3 3878/7657/3
f  3879/7666/930 3865/7667/930 3868/7668/930 3877/7669/930
f  3881/7670/949 3882/7671/949 3883/7672/949 3884/7673/949
f  3885/7674/950 3886/7675/950 3887/7676/950 3888/7677/950 3889/7678/950 3890/7679/950 3891/7680/950 3892/7681/950
f  3893/7682/951 3894/7683/951 3895/7684/951 3896/7685/951
f  3897/7686/952 3898/7687/952 3899/7688/952 3900/7689/952
f  3898/7687/953 3901/7690/953 3902/7691/953 3899/7688/953
f  3903/7692/954 3893/7682/954 3896/7685/954 3904/7693/954
f  3882/7671/955 3897/7686/955 3900/7689/955 3883/7672/955
f  3894/7683/956 3881/7670/956 3884/7673/956 3895/7684/956
f  3890/4510/9 3889/7694/9 3901/7695/9 3898/7696/9
f  3887/7697/957 3886/7698/957 3894/7699/957 3893/7700/957
f  3891/7701/958 3890/4731/958 3898/7702/958 3897/7703/958
f  3886/7704/23 3885/6634/23 3881/7705/23 3894/7706/23
f  3901/7690/959 3903/7692/959 3904/7693/959 3902/7691/959
f  3889/7707/960 3888/7708/960 3903/7709/960 3901/7710/960
f  3885/7711/961 3892/7712/961 3882/7713/961 3881/7714/961
f  3446/6757/3 3445/6756/3 3444/6751/3 3441/6754/3
f  3888/7708/2 3887/7697/2 3893/7700/2 3903/7709/2
f  3892/7712/1 3891/7701/1 3897/7703/1 3882/7713/1
f  3905/7715/962 3906/7716/962 3907/7717/962 3908/7718/962
f  3909/7719/1 3910/7720/1 3911/7721/1 3912/7722/1
f  3913/7723/2 3914/7724/2 3915/7725/2 3916/7726/2
f  3910/7720/963 3917/7727/963 3905/7728/963 3911/7721/963
f  3914/7724/964 3918/7729/964 3919/7730/964 3915/7725/964
f  3917/6499/3 3920/7731/3 3906/7732/3 3905/7733/3
f  3918/7734/6 3921/7735/6 3922/7736/6 3919/7737/6
f  3920/7738/965 3913/7723/965 3916/7726/965 3906/7739/965
f  3921/7740/966 3909/7719/966 3912/7722/966 3922/7741/966
f  3919/7742/967 3922/7743/967 3923/7744/967 3924/7745/967
f  3906/7716/968 3916/7746/968 3925/7747/968 3907/7717/968
f  3922/7743/969 3912/7748/969 3926/7749/969 3923/7744/969
f  3912/7748/970 3911/7750/970 3927/7751/970 3926/7749/970
f  3916/7746/971 3915/7752/971 3928/7753/971 3925/7747/971
f  3911/7750/972 3905/7715/972 3908/7718/972 3927/7751/972
f  3915/7752/973 3919/7742/973 3924/7745/973 3928/7753/973
f  3921/7754/974 3918/7755/974 3914/7756/974 3913/7757/974 3920/7758/974 3917/7759/974 3910/7760/974 3909/7761/974
f  3929/7762/4 3930/7763/4 3931/7764/4 3932/7765/4 3933/7766/4 3934/7767/4 3935/7768/4 3936/7769/4
f  3937/7770/5 3938/7771/5 3939/7772/5 3940/7773/5
f  3935/7774/1 3934/7775/1 3941/7776/1 3942/7777/1
f  3931/7778/2 3930/7779/2 3943/7780/2 3944/7781/2
f  3934/7775/975 3933/7782/975 3937/7783/975 3941/7776/975
f  3930/7779/869 3929/7784/869 3945/7785/869 3943/7780/869
f  3933/7786/3 3932/7787/3 3938/7788/3 3937/7789/3
f  3929/7790/6 3936/7791/6 3946/7792/6 3945/7793/6
f  3932/7787/976 3931/7794/976 3944/7795/976 3938/7788/976
f  3936/7791/870 3935/7796/870 3942/7797/870 3946/7792/870
f  3947/7798/30 3948/7799/30 1576/7800/30 1575/7801/30
f  3945/7802/5 3946/7803/5 3949/7804/5 3950/7805/5
f  3938/7771/5 3944/7806/5 3947/7807/5 3939/7772/5
f  3946/7803/5 3942/7808/5 3951/7809/5 3949/7804/5
f  3942/7808/5 3941/7810/5 3952/7811/5 3951/7809/5
f  3944/7806/49 3943/7812/49 3948/7813/49 3947/7807/49
f  3941/7810/5 3937/7770/5 3940/7773/5 3952/7811/5
f  3943/7812/5 3945/7802/5 3950/7805/5 3948/7813/5
f  3952/7814/977 3940/7815/977 1573/7816/977 1572/7817/977
f  3948/7799/978 3950/7818/978 1569/7819/978 1576/7800/978
f  3940/7820/6 3939/7821/6 1574/7822/6 1573/7823/6
f  3950/7824/3 3949/7825/3 1570/7826/3 1569/7827/3
f  3939/7821/979 3947/7828/979 1575/7829/979 1574/7822/979
f  3949/7825/980 3951/7830/980 1571/7831/980 1570/7826/980
f  3951/7832/29 3952/7814/29 1572/7817/29 1571/7833/29
f  3953/7834/3 3954/7835/3 3955/7836/3 3956/7837/3
f  3957/7838/5 3958/7839/5 3959/7840/5 3960/3278/5
f  3961/7841/4 3962/7842/4 3963/7089/4 3964/7843/4
f  3956/7844/981 3963/7845/981 3962/7846/981 3965/7847/981
f  3965/7848/6 3962/7849/6 3961/7850/6 3966/7851/6
f  3955/7836/3 3964/7852/3 3963/7853/3 3956/7837/3
f  3958/7854/9 3954/7835/9 3953/7834/9 3959/7855/9
f  3960/7856/23 3967/7857/23 3968/7858/23 3957/7859/23
f  3959/7860/29 3953/7861/29 3967/7862/29 3960/7863/29
f  3969/7864/982 3970/7865/982 3971/7866/982 3972/7867/982
f  3968/7858/6 3967/7857/6 3965/7848/6 3966/7851/6
f  3967/7868/983 3953/7869/983 3956/7870/983 3965/7871/983
f  3973/5935/5 3974/7872/5 3975/7873/5 3976/7874/5
f  3977/7875/4 3978/7876/4 3979/7877/4 3980/5096/4
f  3972/7878/981 3979/7879/981 3978/7880/981 3981/7881/981
f  3981/7882/6 3978/7883/6 3977/7884/6 3982/7885/6
f  3971/7866/3 3980/3133/3 3979/7886/3 3972/7867/3
f  3974/7887/9 3970/7865/9 3969/7864/9 3975/7888/9
f  3976/7889/23 3983/7890/23 3984/7891/23 3973/7892/23
f  3975/7893/2 3969/7894/2 3983/7895/2 3976/7896/2
f  3985/7897/984 3986/7898/984 3987/7899/984 3988/7900/984
f  3984/7891/985 3983/7890/985 3981/7882/985 3982/7885/985
f  3983/7901/986 3969/7902/986 3972/7903/986 3981/7904/986
f  3989/7905/5 3990/7906/5 3991/7907/5 3992/2748/5
f  3993/7908/4 3994/7909/4 3995/7910/4 3996/5084/4
f  3988/7911/987 3995/7912/987 3994/7913/987 3997/7914/987
f  3997/7915/988 3994/7916/988 3993/7917/988 3998/7918/988
f  3987/7899/3 3996/7919/3 3995/7920/3 3988/7900/3
f  3990/7921/989 3986/7898/989 3985/7897/989 3991/7922/989
f  3992/7923/990 3999/7924/990 4000/7925/990 3989/7926/990
f  3991/7927/991 3985/6901/991 3999/6904/991 3992/7928/991
f  4001/7929/3 4002/7930/3 4003/7931/3 4004/7932/3
f  4000/7925/992 3999/7924/992 3997/7915/992 3998/7918/992
f  3999/7933/993 3985/7934/993 3988/7935/993 3997/7936/993
f  4005/7937/5 4006/7938/5 4007/7939/5 4008/7940/5
f  4009/7876/4 4010/7875/4 4011/7649/4 4012/7648/4
f  4004/7941/994 4011/7942/994 4010/7943/994 4013/7944/994
f  4013/7945/6 4010/7946/6 4009/7947/6 4014/7948/6
f  4003/7931/3 4012/3161/3 4011/7949/3 4004/7932/3
f  4006/7950/9 4002/7930/9 4001/7929/9 4007/7951/9
f  4008/7952/23 4015/7953/23 4016/7954/23 4005/7955/23
f  4007/7956/2 4001/7957/2 4015/3031/2 4008/7958/2
f  4017/7959/982 4018/7960/982 4019/7961/982 4020/7962/982
f  4016/7954/985 4015/7953/985 4013/7945/985 4014/7948/985
f  4015/7963/995 4001/7964/995 4004/7965/995 4013/7966/995
f  4021/7967/5 4022/7968/5 4023/7969/5 4024/7970/5
f  4025/4866/4 4026/4630/4 4027/6852/4 4028/6851/4
f  4020/7971/981 4027/7972/981 4026/7973/981 4029/7974/981
f  4029/7975/6 4026/7976/6 4025/7977/6 4030/7978/6
f  4019/7961/3 4028/7979/3 4027/7980/3 4020/7962/3
f  4022/7981/9 4018/7960/9 4017/7959/9 4023/7982/9
f  4024/7983/23 4031/7984/23 4032/7985/23 4021/7986/23
f  4023/7223/29 4017/7987/29 4031/7988/29 4024/7355/29
f  4032/7985/6 4031/7984/6 4029/7975/6 4030/7978/6
f  4031/7989/983 4017/7990/983 4020/7991/983 4029/7992/983
f  4033/7993/996 4034/7994/996 4035/7995/996 4036/7996/996
f  4037/7997/5 4038/7998/5 4039/7999/5 4040/8000/5
f  4041/6740/4 4042/6739/4 4043/8001/4 4044/8002/4
f  4036/8003/997 4043/8004/997 4042/8005/997 4045/8006/997
f  4045/8007/2 4042/8008/2 4041/8009/2 4046/8010/2
f  4035/7995/998 4044/7329/998 4043/8011/998 4036/7996/998
f  4038/3729/1 4034/7994/1 4033/7993/1 4039/8012/1
f  4040/8013/2 4047/8014/2 4048/8015/2 4037/8016/2
f  4039/8017/3 4033/8018/3 4047/8019/3 4040/8020/3
f  4049/8021/999 4050/8022/999 4051/8023/999 4052/8024/999
f  4048/8015/2 4047/8014/2 4045/8007/2 4046/8010/2
f  4047/8025/1000 4033/7323/1000 4036/8026/1000 4045/8027/1000
f  4053/7615/5 4054/8028/5 4055/8029/5 4056/7612/5
f  4057/7552/4 4058/7551/4 4059/8030/4 4060/8031/4
f  4052/8032/1001 4059/8033/1001 4058/8034/1001 4061/8035/1001
f  4061/8036/2 4058/8037/2 4057/8038/2 4062/8039/2
f  4051/8023/1 4060/7398/1 4059/8040/1 4052/8024/1
f  4054/8041/1 4050/8022/1 4049/8021/1 4055/5207/1
f  4056/7596/1002 4063/8042/1002 4064/8043/1002 4053/8044/1002
f  4055/8045/3 4049/8046/3 4063/8047/3 4056/7177/3
f  4065/8048/1003 4066/8049/1003 4067/8050/1003 4068/8051/1003
f  4064/8043/1004 4063/8042/1004 4061/8036/1004 4062/8039/1004
f  4063/8052/1000 4049/7061/1000 4052/8053/1000 4061/8054/1000
f  4069/8055/5 4070/8056/5 4071/8057/5 4072/8058/5
f  4073/7424/48 4074/7423/48 4075/7125/48 4076/7124/48
f  4068/8059/1005 4075/8060/1005 4074/8061/1005 4077/8062/1005
f  4077/8063/2 4074/8064/2 4073/7536/2 4078/8065/2
f  4067/8050/1 4076/8066/1 4075/8067/1 4068/8051/1
f  4070/8068/1006 4066/8049/1006 4065/8048/1006 4071/8069/1006
f  4072/8070/2 4079/8071/2 4080/8072/2 4069/8073/2
f  4071/8074/3 4065/8075/3 4079/8076/3 4072/8077/3
f  4081/8078/1 4082/8079/1 4083/8080/1 4084/8081/1
f  4080/8072/2 4079/8071/2 4077/8063/2 4078/8065/2
f  4079/8082/1007 4065/8083/1007 4068/8084/1007 4077/8085/1007
f  4085/8086/5 4086/8087/5 4087/7202/5 4088/8088/5
f  4089/8089/4 4090/8090/4 4091/8091/4 4092/8092/4
f  4084/8093/1008 4091/8094/1008 4090/8095/1008 4093/8096/1008
f  4093/8097/2 4090/8098/2 4089/8099/2 4094/8100/2
f  4083/8080/1009 4092/8101/1009 4091/8102/1009 4084/8081/1009
f  4086/8103/1 4082/8079/1 4081/8078/1 4087/8104/1
f  4088/8105/2 4095/8106/2 4096/8107/2 4085/8108/2
f  4087/8109/3 4081/8110/3 4095/8111/3 4088/8112/3
f  4097/8113/996 4098/8114/996 4099/8115/996 4100/8116/996
f  4096/8107/2 4095/8106/2 4093/8097/2 4094/8100/2
f  4095/8117/1000 4081/6992/1000 4084/8118/1000 4093/8119/1000
f  4101/8120/5 4102/7997/5 4103/8000/5 4104/8121/5
f  4105/8122/4 4106/8123/4 4107/7087/4 4108/7086/4
f  4100/7596/1010 4107/8124/1010 4106/8125/1010 4109/8126/1010
f  4109/8127/2 4106/8128/2 4105/8129/2 4110/8130/2
f  4099/8115/1011 4108/8131/1011 4107/8132/1011 4100/8116/1011
f  4102/8133/1 4098/8114/1 4097/8113/1 4103/8134/1
f  4104/1822/2 4111/8135/2 4112/8136/2 4101/8137/2
f  4103/8138/3 4097/8139/3 4111/8140/3 4104/8141/3
f  4112/8136/1012 4111/8135/1012 4109/8127/1012 4110/8130/1012
f  4111/8142/1013 4097/8143/1013 4100/8144/1013 4109/7027/1013
f  4113/8145/2 4114/8146/2 4115/8147/2 4116/8148/2
f  4117/8149/5 4118/7049/5 4119/8150/5 4120/434/5
f  4121/8092/4 4122/8091/4 4123/7159/4 4124/7158/4
f  4116/8151/1014 4123/8152/1014 4122/7340/1014 4125/8153/1014
f  4125/8154/1015 4122/8155/1015 4121/8156/1015 4126/8157/1015
f  4115/8147/2 4124/8158/2 4123/8159/2 4116/8148/2
f  4118/8160/2 4114/8146/2 4113/8145/2 4119/8161/2
f  4120/8162/1 4127/8163/1 4128/8164/1 4117/8165/1
f  4119/8166/23 4113/7862/23 4127/8167/23 4120/8168/23
f  4129/8169/1016 4130/8170/1016 4131/8171/1016 4132/8172/1016
f  4128/8164/1017 4127/8163/1017 4125/8154/1017 4126/8157/1017
f  4127/8173/1018 4113/8174/1018 4116/8175/1018 4125/8176/1018
f  4133/7014/5 4134/7013/5 4135/8177/5 4136/8178/5
f  4137/8179/4 4138/8180/4 4139/7583/4 4140/7582/4
f  4132/8181/1019 4139/8182/1019 4138/8183/1019 4141/8184/1019
f  4141/8185/1 4138/8186/1 4137/8187/1 4142/8188/1
f  4131/8171/1020 4140/8189/1020 4139/8190/1020 4132/8172/1020
f  4134/8191/2 4130/8170/2 4129/8169/2 4135/8192/2
f  4136/8193/1 4143/8194/1 4144/8195/1 4133/8196/1
f  4135/8197/23 4129/8198/23 4143/8199/23 4136/8200/23
f  4145/8201/1021 4146/8202/1021 4147/8203/1021 4148/8204/1021
f  4144/8195/1022 4143/8194/1022 4141/8185/1022 4142/8188/1022
f  4143/8205/1023 4129/8206/1023 4132/8207/1023 4141/8208/1023
f  4149/8209/5 4150/8210/5 4151/7119/5 4152/7118/5
f  4153/8211/4 4154/8212/4 4155/8213/4 4156/8214/4
f  4148/8215/1024 4155/8216/1024 4154/8217/1024 4157/8218/1024
f  4157/8219/1025 4154/8220/1025 4153/8221/1025 4158/8222/1025
f  4147/8203/1026 4156/8223/1026 4155/8224/1026 4148/8204/1026
f  4150/8225/1027 4146/8202/1027 4145/8201/1027 4151/8226/1027
f  4152/8227/1028 4159/8228/1028 4160/8229/1028 4149/5674/1028
f  4151/8230/23 4145/8231/23 4159/4651/23 4152/8232/23
f  4161/8233/1029 4162/8234/1029 4163/8235/1029 4164/8236/1029
f  4160/8229/1030 4159/8228/1030 4157/8219/1030 4158/8222/1030
f  4159/8237/1031 4145/8238/1031 4148/8239/1031 4157/8240/1031
f  4165/8241/5 4166/6948/5 4167/8242/5 4168/826/5
f  4169/7391/48 4170/7390/48 4171/7647/48 4172/7646/48
f  4164/8243/1032 4171/8244/1032 4170/8245/1032 4173/8246/1032
f  4173/8247/1 4170/8248/1 4169/8249/1 4174/8250/1
f  4163/8235/1033 4172/8251/1033 4171/8252/1033 4164/8236/1033
f  4166/8253/2 4162/8234/2 4161/8233/2 4167/8254/2
f  4168/8255/1 4175/8256/1 4176/8257/1 4165/8258/1
f  4167/8259/23 4161/8260/23 4175/8261/23 4168/8262/23
f  4177/8263/1016 4178/8264/1016 4179/8265/1016 4180/8266/1016
f  4176/8257/1 4175/8256/1 4173/8247/1 4174/8250/1
f  4175/8267/1031 4161/8268/1031 4164/8269/1031 4173/8270/1031
f  4181/7644/5 4182/7643/5 4183/8271/5 4184/8272/5
f  4185/7426/4 4186/7425/4 4187/8273/4 4188/8274/4
f  4180/8275/1034 4187/8276/1034 4186/8277/1034 4189/8278/1034
f  4189/8279/1 4186/8280/1 4185/8281/1 4190/8282/1
f  4179/8265/2 4188/8283/2 4187/8284/2 4180/8266/2
f  4182/7221/2 4178/8264/2 4177/8263/2 4183/8285/2
f  4184/7518/1 4191/8286/1 4192/8287/1 4181/8288/1
f  4183/2920/6 4177/8289/6 4191/8290/6 4184/7860/6
f  4192/8287/1017 4191/8286/1017 4189/8279/1017 4190/8282/1017
f  4191/8291/1035 4177/8292/1035 4180/939/1035 4189/8293/1035
f  4193/8294/6 4194/8295/6 4195/8296/6 4196/8297/6
f  4197/8298/5 4198/8299/5 4199/8300/5 4200/8301/5
f  4201/8180/4 4202/8302/4 4203/8303/4 4204/8213/4
f  4196/8304/1036 4203/8305/1036 4202/8306/1036 4205/8307/1036
f  4205/8308/3 4202/8309/3 4201/8310/3 4206/8311/3
f  4195/8296/6 4204/8312/6 4203/8313/6 4196/8297/6
f  4198/8314/23 4194/8295/23 4193/8294/23 4199/4382/23
f  4200/8315/9 4207/8316/9 4208/8317/9 4197/8318/9
f  4199/8319/1 4193/8320/1 4207/8321/1 4200/8322/1
f  4209/8323/1037 4210/8324/1037 4211/8325/1037 4212/8326/1037
f  4208/8317/3 4207/8316/3 4205/8308/3 4206/8311/3
f  4207/8327/1038 4193/8328/1038 4196/8329/1038 4205/8330/1038
f  4213/8331/5 4214/665/5 4215/8332/5 4216/8333/5
f  4217/8334/48 4218/8335/48 4219/8336/48 4220/8337/48
f  4212/8338/1039 4219/8339/1039 4218/8340/1039 4221/8341/1039
f  4221/8342/3 4218/8343/3 4217/8344/3 4222/8345/3
f  4211/8325/6 4220/8346/6 4219/8347/6 4212/8326/6
f  4214/8348/23 4210/8324/23 4209/8323/23 4215/3018/23
f  4216/8349/9 4223/8350/9 4224/8351/9 4213/8352/9
f  4215/8353/1 4209/8354/1 4223/8355/1 4216/8356/1
f  4225/8357/6 4226/8358/6 4227/8359/6 4228/8360/6
f  4224/8351/3 4223/8350/3 4221/8342/3 4222/8345/3
f  4223/8361/1040 4209/8362/1040 4212/8363/1040 4221/8364/1040
f  4229/8365/5 4230/7098/5 4231/7136/5 4232/8366/5
f  4233/7842/4 4234/8367/4 4235/7457/4 4236/7456/4
f  4228/8368/1041 4235/8369/1041 4234/8370/1041 4237/8371/1041
f  4237/8372/3 4234/8373/3 4233/8374/3 4238/8375/3
f  4227/8359/1042 4236/8376/1042 4235/8377/1042 4228/8360/1042
f  4230/8378/1043 4226/8358/1043 4225/8357/1043 4231/8379/1043
f  4232/8380/989 4239/8381/989 4240/8382/989 4229/8383/989
f  4231/7038/1044 4225/8384/1044 4239/8385/1044 4232/8386/1044
f  4241/8387/1037 4242/8388/1037 4243/8389/1037 4244/8390/1037
f  4240/8382/1045 4239/8381/1045 4237/8372/1045 4238/8375/1045
f  4239/8391/1046 4225/8392/1046 4228/8393/1046 4237/1102/1046
f  4245/7358/5 4246/7224/5 4247/7223/5 4248/7355/5
f  4249/8394/4 4250/8395/4 4251/7123/4 4252/7122/4
f  4244/8396/1036 4251/8397/1036 4250/8398/1036 4253/8399/1036
f  4253/8400/3 4250/8401/3 4249/8402/3 4254/8403/3
f  4243/8389/6 4252/5383/6 4251/8404/6 4244/8390/6
f  4246/8405/23 4242/8388/23 4241/8387/23 4247/8406/23
f  4248/8407/9 4255/8408/9 4256/8409/9 4245/8410/9
f  4247/8411/1 4241/8412/1 4255/8413/1 4248/8414/1
f  4257/8415/6 4258/8416/6 4259/8417/6 4260/8418/6
f  4256/8409/1047 4255/8408/1047 4253/8400/1047 4254/8403/1047
f  4255/8419/1046 4241/8420/1046 4244/8421/1046 4253/8422/1046
f  4261/8423/5 4262/8424/5 4263/8425/5 4264/7240/5
f  4265/8395/4 4266/8394/4 4267/8426/4 4268/5977/4
f  4260/8427/1036 4267/8428/1036 4266/8429/1036 4269/8430/1036
f  4269/8431/3 4266/8432/3 4265/8433/3 4270/8434/3
f  4259/8417/6 4268/8435/6 4267/8436/6 4260/8418/6
f  4262/8437/23 4258/8416/23 4257/8415/23 4263/8438/23
f  4264/8439/9 4271/8440/9 4272/7629/9 4261/8441/9
f  4263/8442/1 4257/8443/1 4271/8444/1 4264/8445/1
f  4272/7629/3 4271/8440/3 4269/8431/3 4270/8434/3
f  4271/8446/1038 4257/8447/1038 4260/8448/1038 4269/8449/1038
f  4273/8450/1048 4274/8451/1048 4275/8452/1048 4276/8453/1048
f  4277/8454/1049 4278/8455/1049 4279/8456/1049 4280/8457/1049 4281/8458/1049 4282/8459/1049 4283/8460/1049 4284/8461/1049
f  4285/8462/1050 4286/8463/1050 4287/8464/1050 4288/8465/1050
f  4289/8466/1051 4290/8467/1051 4291/8468/1051 4292/8469/1051
f  4290/8467/1052 4293/8470/1052 4294/8471/1052 4291/8468/1052
f  4295/8472/1053 4285/8462/1053 4288/8465/1053 4296/8473/1053
f  4274/8451/1054 4289/8466/1054 4292/8469/1054 4275/8452/1054
f  4286/8463/1055 4273/8450/1055 4276/8453/1055 4287/8464/1055
f  4282/8474/3 4281/8475/3 4293/8476/3 4290/8477/3
f  4279/8478/1056 4278/8479/1056 4286/8480/1056 4285/8481/1056
f  4283/8482/1057 4282/8483/1057 4290/8484/1057 4289/8485/1057
f  4278/1801/6 4277/7740/6 4273/8486/6 4286/8487/6
f  4293/8470/1058 4295/8472/1058 4296/8473/1058 4294/8471/1058
f  4281/8488/1059 4280/8489/1059 4295/8490/1059 4293/8491/1059
f  4277/8492/1060 4284/8493/1060 4274/8494/1060 4273/8495/1060
f  4280/8489/2 4279/8478/2 4285/8481/2 4295/8490/2
f  4284/8493/1 4283/8482/1 4289/8485/1 4274/8494/1

# Mesh 'Cube.012' with 20 faces
g Cube.012
usemtl Black
f  4297/8496/1061 4298/8497/1061 4299/8498/1061 4300/8499/1061
f  4300/8500/1062 4299/8501/1062 4301/8502/1062 4302/8503/1062
f  4302/8503/1063 4301/8502/1063 4303/8504/1063 4304/8505/1063
f  4304/8506/1064 4303/8507/1064 4305/8508/1064 4306/8509/1064
f  4306/8509/1065 4305/8508/1065 4307/1768/1065 4308/8510/1065
f  4308/1359/1066 4307/8511/1066 4309/8512/1066 4310/8513/1066
f  4299/8514/1 4298/8515/1 4311/8516/1 4309/8517/1 4307/8518/1 4305/8519/1 4303/8520/1 4301/8521/1
f  4310/8513/1067 4309/8512/1067 4311/8522/1067 4312/8523/1067
f  4312/8524/1068 4311/8525/1068 4298/8497/1068 4297/8496/1068
f  4297/8526/2 4300/8527/2 4302/8528/2 4304/8529/2 4306/8530/2 4308/8531/2 4310/8532/2 4312/8533/2
f  4313/8534/1061 4314/8535/1061 4315/8525/1061 4316/8536/1061
f  4316/8537/1062 4315/8538/1062 4317/8539/1062 4318/8540/1062
f  4318/8540/1069 4317/8539/1069 4319/8541/1069 4320/8542/1069
f  4320/8543/1070 4319/8544/1070 4321/8545/1070 4322/8546/1070
f  4322/8546/1071 4321/8545/1071 4323/8547/1071 4324/8548/1071
f  4324/8549/1072 4323/8550/1072 4325/8551/1072 4326/8552/1072
f  4315/8553/1 4314/8554/1 4327/8555/1 4325/8556/1 4323/8557/1 4321/8558/1 4319/8559/1 4317/8560/1
f  4326/8552/1073 4325/8551/1073 4327/8561/1073 4328/8562/1073
f  4328/8563/1068 4327/8564/1068 4314/8535/1068 4313/8534/1068
f  4313/8565/2 4316/8566/2 4318/8567/2 4320/8568/2 4322/8569/2 4324/8570/2 4326/8571/2 4328/8572/2

